CodigoEstacion,NombreEstacion,Variable,Parametro,Fecha,Unidad,Valor,NivelAprobacion
21206990,TIBAITATA - AUT [21206990],HUM RELATIVA,Humedad relativa del aire a 2 metros media diaria,2005-02-02 00:00,%,89.53125,Preliminar
21206990,TIBAITATA - AUT [21206990],HUM RELATIVA,Humedad relativa del aire a 2 metros media diaria,2005-02-03 00:00,%,83.9583333333333,Preliminar
21206990,TIBAITATA - AUT [21206990],HUM RELATIVA,Humedad relativa del aire a 2 metros media diaria,2005-02-04 00:00,%,89.2368421052632,Preliminar
21206990,TIBAITATA - AUT [21206990],HUM RELATIVA,Humedad relativa del aire a 2 metros media diaria,2005-02-05 00:00,%,80.5625,Preliminar
21206990,TIBAITATA - AUT [21206990],HUM RELATIVA,Humedad relativa del aire a 2 metros media diaria,2005-02-06 00:00,%,89.5,Preliminar
21206990,TIBAITATA - AUT [21206990],HUM RELATIVA,Humedad relativa del aire a 2 metros media diaria,2005-02-07 00:00,%,85.0789473684211,Preliminar
21206990,TIBAITATA - AUT [21206990],HUM RELATIVA,Humedad relativa del aire a 2 metros media diaria,2005-02-08 00:00,%,87.5227272727273,Preliminar
21206990,TIBAITATA - AUT [21206990],HUM RELATIVA,Humedad relativa del aire a 2 metros media diaria,2005-02-09 00:00,%,86.0416666666667,Preliminar
21206990,TIBAITATA - AUT [21206990],HUM RELATIVA,Humedad relativa del aire a 2 metros media diaria,2005-02-10 00:00,%,95.9772727272727,Preliminar
21206990,TIBAITATA - AUT [21206990],HUM RELATIVA,Humedad relativa del aire a 2 metros media diaria,2005-02-11 00:00,%,92.4545454545454,Preliminar
21206990,TIBAITATA - AUT [21206990],HUM RELATIVA,Humedad relativa del aire a 2 metros media diaria,2005-02-12 00:00,%,97.2954545454546,Preliminar
21206990,TIBAITATA - AUT [21206990],HUM RELATIVA,Humedad relativa del aire a 2 metros media diaria,2005-02-13 00:00,%,91.25,Preliminar
21206990,TIBAITATA - AUT [21206990],HUM RELATIVA,Humedad relativa del aire a 2 metros media diaria,2005-02-14 00:00,%,79.7045454545454,Preliminar
21206990,TIBAITATA - AUT [21206990],HUM RELATIVA,Humedad relativa del aire a 2 metros media diaria,2005-02-15 00:00,%,80.8181818181818,Preliminar
21206990,TIBAITATA - AUT [21206990],HUM RELATIVA,Humedad relativa del aire a 2 metros media diaria,2005-02-16 00:00,%,84.8958333333333,Preliminar
21206990,TIBAITATA - AUT [21206990],HUM RELATIVA,Humedad relativa del aire a 2 metros media diaria,2005-02-17 00:00,%,86.7631578947368,Preliminar
21206990,TIBAITATA - AUT [21206990],HUM RELATIVA,Humedad relativa del aire a 2 metros media diaria,2005-02-18 00:00,%,80.1666666666667,Preliminar
21206990,TIBAITATA - AUT [21206990],HUM RELATIVA,Humedad relativa del aire a 2 metros media diaria,2005-02-19 00:00,%,83.2083333333333,Preliminar
21206990,TIBAITATA - AUT [21206990],HUM RELATIVA,Humedad relativa del aire a 2 metros media diaria,2005-02-20 00:00,%,87.6136363636364,Preliminar
21206990,TIBAITATA - AUT [21206990],HUM RELATIVA,Humedad relativa del aire a 2 metros media diaria,2005-02-21 00:00,%,84,Preliminar
21206990,TIBAITATA - AUT [21206990],HUM RELATIVA,Humedad relativa del aire a 2 metros media diaria,2005-02-22 00:00,%,82.2727272727273,Preliminar
21206990,TIBAITATA - AUT [21206990],HUM RELATIVA,Humedad relativa del aire a 2 metros media diaria,2005-02-23 00:00,%,82.7708333333333,Preliminar
21206990,TIBAITATA - AUT [21206990],HUM RELATIVA,Humedad relativa del aire a 2 metros media diaria,2005-02-24 00:00,%,80.9375,Preliminar
21206990,TIBAITATA - AUT [21206990],HUM RELATIVA,Humedad relativa del aire a 2 metros media diaria,2005-02-25 00:00,%,71.0681818181818,Preliminar
21206990,TIBAITATA - AUT [21206990],HUM RELATIVA,Humedad relativa del aire a 2 metros media diaria,2005-02-26 00:00,%,82.025,Preliminar
21206990,TIBAITATA - AUT [21206990],HUM RELATIVA,Humedad relativa del aire a 2 metros media diaria,2005-02-27 00:00,%,83.4583333333333,Preliminar
21206990,TIBAITATA - AUT [21206990],HUM RELATIVA,Humedad relativa del aire a 2 metros media diaria,2005-02-28 00:00,%,86.1590909090909,Preliminar
21206990,TIBAITATA - AUT [21206990],HUM RELATIVA,Humedad relativa del aire a 2 metros media diaria,2005-03-01 00:00,%,87.375,Preliminar
21206990,TIBAITATA - AUT [21206990],HUM RELATIVA,Humedad relativa del aire a 2 metros media diaria,2005-03-02 00:00,%,83.1666666666667,Preliminar
21206990,TIBAITATA - AUT [21206990],HUM RELATIVA,Humedad relativa del aire a 2 metros media diaria,2005-03-03 00:00,%,89.5833333333333,Preliminar
21206990,TIBAITATA - AUT [21206990],HUM RELATIVA,Humedad relativa del aire a 2 metros media diaria,2005-03-04 00:00,%,88.9545454545454,Preliminar
21206990,TIBAITATA - AUT [21206990],HUM RELATIVA,Humedad relativa del aire a 2 metros media diaria,2005-03-05 00:00,%,83.0833333333333,Preliminar
21206990,TIBAITATA - AUT [21206990],HUM RELATIVA,Humedad relativa del aire a 2 metros media diaria,2005-03-06 00:00,%,84.5,Preliminar
21206990,TIBAITATA - AUT [21206990],HUM RELATIVA,Humedad relativa del aire a 2 metros media diaria,2005-03-07 00:00,%,94.3409090909091,Preliminar
21206990,TIBAITATA - AUT [21206990],HUM RELATIVA,Humedad relativa del aire a 2 metros media diaria,2005-03-08 00:00,%,86.4583333333333,Preliminar
21206990,TIBAITATA - AUT [21206990],HUM RELATIVA,Humedad relativa del aire a 2 metros media diaria,2005-03-11 00:00,%,80.0208333333333,Preliminar
21206990,TIBAITATA - AUT [21206990],HUM RELATIVA,Humedad relativa del aire a 2 metros media diaria,2005-03-12 00:00,%,77.3409090909091,Preliminar
21206990,TIBAITATA - AUT [21206990],HUM RELATIVA,Humedad relativa del aire a 2 metros media diaria,2005-03-13 00:00,%,81.2708333333333,Preliminar
21206990,TIBAITATA - AUT [21206990],HUM RELATIVA,Humedad relativa del aire a 2 metros media diaria,2005-03-14 00:00,%,83.5227272727273,Preliminar
21206990,TIBAITATA - AUT [21206990],HUM RELATIVA,Humedad relativa del aire a 2 metros media diaria,2005-03-15 00:00,%,88.7,Preliminar
21206990,TIBAITATA - AUT [21206990],HUM RELATIVA,Humedad relativa del aire a 2 metros media diaria,2005-03-16 00:00,%,85.625,Preliminar
21206990,TIBAITATA - AUT [21206990],HUM RELATIVA,Humedad relativa del aire a 2 metros media diaria,2005-03-17 00:00,%,85.3181818181818,Preliminar
21206990,TIBAITATA - AUT [21206990],HUM RELATIVA,Humedad relativa del aire a 2 metros media diaria,2005-03-18 00:00,%,90.4,Preliminar
21206990,TIBAITATA - AUT [21206990],HUM RELATIVA,Humedad relativa del aire a 2 metros media diaria,2005-03-19 00:00,%,87.25,Preliminar
21206990,TIBAITATA - AUT [21206990],HUM RELATIVA,Humedad relativa del aire a 2 metros media diaria,2005-03-20 00:00,%,80.25,Preliminar
21206990,TIBAITATA - AUT [21206990],HUM RELATIVA,Humedad relativa del aire a 2 metros media diaria,2005-03-21 00:00,%,79.2916666666667,Preliminar
21206990,TIBAITATA - AUT [21206990],HUM RELATIVA,Humedad relativa del aire a 2 metros media diaria,2005-03-22 00:00,%,69.8958333333333,Preliminar
21206990,TIBAITATA - AUT [21206990],HUM RELATIVA,Humedad relativa del aire a 2 metros media diaria,2005-03-23 00:00,%,76.8333333333333,Preliminar
21206990,TIBAITATA - AUT [21206990],HUM RELATIVA,Humedad relativa del aire a 2 metros media diaria,2005-03-24 00:00,%,87.9791666666667,Preliminar
21206990,TIBAITATA - AUT [21206990],HUM RELATIVA,Humedad relativa del aire a 2 metros media diaria,2005-03-25 00:00,%,79.625,Preliminar
21206990,TIBAITATA - AUT [21206990],HUM RELATIVA,Humedad relativa del aire a 2 metros media diaria,2005-03-28 00:00,%,84.7916666666667,Preliminar
21206990,TIBAITATA - AUT [21206990],HUM RELATIVA,Humedad relativa del aire a 2 metros media diaria,2005-03-29 00:00,%,79.6666666666667,Preliminar
21206990,TIBAITATA - AUT [21206990],HUM RELATIVA,Humedad relativa del aire a 2 metros media diaria,2005-03-30 00:00,%,78.9583333333333,Preliminar
21206990,TIBAITATA - AUT [21206990],HUM RELATIVA,Humedad relativa del aire a 2 metros media diaria,2005-03-31 00:00,%,85.625,Preliminar
21206990,TIBAITATA - AUT [21206990],HUM RELATIVA,Humedad relativa del aire a 2 metros media diaria,2005-04-01 00:00,%,81.5555555555556,Preliminar
21206990,TIBAITATA - AUT [21206990],HUM RELATIVA,Humedad relativa del aire a 2 metros media diaria,2005-04-02 00:00,%,78.6041666666667,Preliminar
21206990,TIBAITATA - AUT [21206990],HUM RELATIVA,Humedad relativa del aire a 2 metros media diaria,2005-04-04 00:00,%,69.5882352941176,Preliminar
21206990,TIBAITATA - AUT [21206990],HUM RELATIVA,Humedad relativa del aire a 2 metros media diaria,2005-04-05 00:00,%,83.8055555555556,Preliminar
21206990,TIBAITATA - AUT [21206990],HUM RELATIVA,Humedad relativa del aire a 2 metros media diaria,2005-04-06 00:00,%,89.0555555555556,Preliminar
21206990,TIBAITATA - AUT [21206990],HUM RELATIVA,Humedad relativa del aire a 2 metros media diaria,2005-04-07 00:00,%,84.3409090909091,Preliminar
21206990,TIBAITATA - AUT [21206990],HUM RELATIVA,Humedad relativa del aire a 2 metros media diaria,2005-04-08 00:00,%,76.75,Preliminar
21206990,TIBAITATA - AUT [21206990],HUM RELATIVA,Humedad relativa del aire a 2 metros media diaria,2005-04-09 00:00,%,86.1041666666667,Preliminar
21206990,TIBAITATA - AUT [21206990],HUM RELATIVA,Humedad relativa del aire a 2 metros media diaria,2005-04-10 00:00,%,86.7916666666667,Preliminar
21206990,TIBAITATA - AUT [21206990],HUM RELATIVA,Humedad relativa del aire a 2 metros media diaria,2005-04-11 00:00,%,88.1666666666667,Preliminar
21206990,TIBAITATA - AUT [21206990],HUM RELATIVA,Humedad relativa del aire a 2 metros media diaria,2005-04-12 00:00,%,88.1458333333333,Preliminar
21206990,TIBAITATA - AUT [21206990],HUM RELATIVA,Humedad relativa del aire a 2 metros media diaria,2005-04-13 00:00,%,79.4791666666667,Preliminar
21206990,TIBAITATA - AUT [21206990],HUM RELATIVA,Humedad relativa del aire a 2 metros media diaria,2005-04-14 00:00,%,76.8125,Preliminar
21206990,TIBAITATA - AUT [21206990],HUM RELATIVA,Humedad relativa del aire a 2 metros media diaria,2005-04-15 00:00,%,83.5416666666667,Preliminar
21206990,TIBAITATA - AUT [21206990],HUM RELATIVA,Humedad relativa del aire a 2 metros media diaria,2005-04-16 00:00,%,81.625,Preliminar
21206990,TIBAITATA - AUT [21206990],HUM RELATIVA,Humedad relativa del aire a 2 metros media diaria,2005-04-17 00:00,%,89.2291666666667,Preliminar
21206990,TIBAITATA - AUT [21206990],HUM RELATIVA,Humedad relativa del aire a 2 metros media diaria,2005-04-18 00:00,%,86.375,Preliminar
21206990,TIBAITATA - AUT [21206990],HUM RELATIVA,Humedad relativa del aire a 2 metros media diaria,2005-04-19 00:00,%,81.8125,Preliminar
21206990,TIBAITATA - AUT [21206990],HUM RELATIVA,Humedad relativa del aire a 2 metros media diaria,2005-04-20 00:00,%,84.6458333333333,Preliminar
21206990,TIBAITATA - AUT [21206990],HUM RELATIVA,Humedad relativa del aire a 2 metros media diaria,2005-04-21 00:00,%,89.9375,Preliminar
21206990,TIBAITATA - AUT [21206990],HUM RELATIVA,Humedad relativa del aire a 2 metros media diaria,2005-04-22 00:00,%,86.5625,Preliminar
21206990,TIBAITATA - AUT [21206990],HUM RELATIVA,Humedad relativa del aire a 2 metros media diaria,2005-04-23 00:00,%,91.3333333333333,Preliminar
21206990,TIBAITATA - AUT [21206990],HUM RELATIVA,Humedad relativa del aire a 2 metros media diaria,2005-04-24 00:00,%,88.1666666666667,Preliminar
21206990,TIBAITATA - AUT [21206990],HUM RELATIVA,Humedad relativa del aire a 2 metros media diaria,2005-04-25 00:00,%,91.9166666666667,Preliminar
21206990,TIBAITATA - AUT [21206990],HUM RELATIVA,Humedad relativa del aire a 2 metros media diaria,2005-04-26 00:00,%,89.625,Preliminar
21206990,TIBAITATA - AUT [21206990],HUM RELATIVA,Humedad relativa del aire a 2 metros media diaria,2005-04-27 00:00,%,86.4166666666667,Preliminar
21206990,TIBAITATA - AUT [21206990],HUM RELATIVA,Humedad relativa del aire a 2 metros media diaria,2005-04-28 00:00,%,87.9318181818182,Preliminar
21206990,TIBAITATA - AUT [21206990],HUM RELATIVA,Humedad relativa del aire a 2 metros media diaria,2005-04-29 00:00,%,87.475,Preliminar
21206990,TIBAITATA - AUT [21206990],HUM RELATIVA,Humedad relativa del aire a 2 metros media diaria,2005-04-30 00:00,%,83.45,Preliminar
21206990,TIBAITATA - AUT [21206990],HUM RELATIVA,Humedad relativa del aire a 2 metros media diaria,2005-05-01 00:00,%,83.7083333333333,Preliminar
21206990,TIBAITATA - AUT [21206990],HUM RELATIVA,Humedad relativa del aire a 2 metros media diaria,2005-05-02 00:00,%,88.6875,Preliminar
21206990,TIBAITATA - AUT [21206990],HUM RELATIVA,Humedad relativa del aire a 2 metros media diaria,2005-05-03 00:00,%,85.3333333333333,Preliminar
21206990,TIBAITATA - AUT [21206990],HUM RELATIVA,Humedad relativa del aire a 2 metros media diaria,2005-05-04 00:00,%,88.75,Preliminar
21206990,TIBAITATA - AUT [21206990],HUM RELATIVA,Humedad relativa del aire a 2 metros media diaria,2005-05-05 00:00,%,86.1041666666667,Preliminar
21206990,TIBAITATA - AUT [21206990],HUM RELATIVA,Humedad relativa del aire a 2 metros media diaria,2005-05-06 00:00,%,83.9583333333333,Preliminar
21206990,TIBAITATA - AUT [21206990],HUM RELATIVA,Humedad relativa del aire a 2 metros media diaria,2005-05-07 00:00,%,82.25,Preliminar
21206990,TIBAITATA - AUT [21206990],HUM RELATIVA,Humedad relativa del aire a 2 metros media diaria,2005-05-08 00:00,%,82.9791666666667,Preliminar
21206990,TIBAITATA - AUT [21206990],HUM RELATIVA,Humedad relativa del aire a 2 metros media diaria,2005-05-09 00:00,%,82.1136363636364,Preliminar
21206990,TIBAITATA - AUT [21206990],HUM RELATIVA,Humedad relativa del aire a 2 metros media diaria,2005-05-10 00:00,%,79.7916666666667,Preliminar
21206990,TIBAITATA - AUT [21206990],HUM RELATIVA,Humedad relativa del aire a 2 metros media diaria,2005-05-11 00:00,%,84.1818181818182,Preliminar
21206990,TIBAITATA - AUT [21206990],HUM RELATIVA,Humedad relativa del aire a 2 metros media diaria,2005-05-12 00:00,%,78.8541666666667,Preliminar
21206990,TIBAITATA - AUT [21206990],HUM RELATIVA,Humedad relativa del aire a 2 metros media diaria,2005-05-13 00:00,%,81.8181818181818,Preliminar
21206990,TIBAITATA - AUT [21206990],HUM RELATIVA,Humedad relativa del aire a 2 metros media diaria,2005-05-14 00:00,%,87.4791666666667,Preliminar
21206990,TIBAITATA - AUT [21206990],HUM RELATIVA,Humedad relativa del aire a 2 metros media diaria,2005-05-15 00:00,%,90.625,Preliminar
21206990,TIBAITATA - AUT [21206990],HUM RELATIVA,Humedad relativa del aire a 2 metros media diaria,2005-05-16 00:00,%,92.375,Preliminar
21206990,TIBAITATA - AUT [21206990],HUM RELATIVA,Humedad relativa del aire a 2 metros media diaria,2005-05-17 00:00,%,96.6363636363636,Preliminar
21206990,TIBAITATA - AUT [21206990],HUM RELATIVA,Humedad relativa del aire a 2 metros media diaria,2005-05-18 00:00,%,84.2368421052632,Preliminar
21206990,TIBAITATA - AUT [21206990],HUM RELATIVA,Humedad relativa del aire a 2 metros media diaria,2005-05-19 00:00,%,79.9444444444444,Preliminar
21206990,TIBAITATA - AUT [21206990],HUM RELATIVA,Humedad relativa del aire a 2 metros media diaria,2005-05-20 00:00,%,74.6875,Preliminar
21206990,TIBAITATA - AUT [21206990],HUM RELATIVA,Humedad relativa del aire a 2 metros media diaria,2005-05-21 00:00,%,85.2291666666667,Preliminar
21206990,TIBAITATA - AUT [21206990],HUM RELATIVA,Humedad relativa del aire a 2 metros media diaria,2005-05-22 00:00,%,82.5,Preliminar
21206990,TIBAITATA - AUT [21206990],HUM RELATIVA,Humedad relativa del aire a 2 metros media diaria,2005-05-23 00:00,%,90.6071428571429,Preliminar
21206990,TIBAITATA - AUT [21206990],HUM RELATIVA,Humedad relativa del aire a 2 metros media diaria,2005-05-24 00:00,%,82.7666666666667,Preliminar
21206990,TIBAITATA - AUT [21206990],HUM RELATIVA,Humedad relativa del aire a 2 metros media diaria,2005-05-25 00:00,%,82.7727272727273,Preliminar
21206990,TIBAITATA - AUT [21206990],HUM RELATIVA,Humedad relativa del aire a 2 metros media diaria,2005-05-26 00:00,%,78.1041666666667,Preliminar
21206990,TIBAITATA - AUT [21206990],HUM RELATIVA,Humedad relativa del aire a 2 metros media diaria,2005-05-27 00:00,%,84.5625,Preliminar
21206990,TIBAITATA - AUT [21206990],HUM RELATIVA,Humedad relativa del aire a 2 metros media diaria,2005-05-28 00:00,%,78.9772727272727,Preliminar
21206990,TIBAITATA - AUT [21206990],HUM RELATIVA,Humedad relativa del aire a 2 metros media diaria,2005-05-29 00:00,%,78.2916666666667,Preliminar
21206990,TIBAITATA - AUT [21206990],HUM RELATIVA,Humedad relativa del aire a 2 metros media diaria,2005-05-30 00:00,%,78.675,Preliminar
21206990,TIBAITATA - AUT [21206990],HUM RELATIVA,Humedad relativa del aire a 2 metros media diaria,2005-05-31 00:00,%,76.1111111111111,Preliminar
21206990,TIBAITATA - AUT [21206990],HUM RELATIVA,Humedad relativa del aire a 2 metros media diaria,2005-06-01 00:00,%,79.8611111111111,Preliminar
21206990,TIBAITATA - AUT [21206990],HUM RELATIVA,Humedad relativa del aire a 2 metros media diaria,2005-06-02 00:00,%,88.2727272727273,Preliminar
21206990,TIBAITATA - AUT [21206990],HUM RELATIVA,Humedad relativa del aire a 2 metros media diaria,2005-06-03 00:00,%,80.0625,Preliminar
21206990,TIBAITATA - AUT [21206990],HUM RELATIVA,Humedad relativa del aire a 2 metros media diaria,2005-06-04 00:00,%,78.0625,Preliminar
21206990,TIBAITATA - AUT [21206990],HUM RELATIVA,Humedad relativa del aire a 2 metros media diaria,2005-06-05 00:00,%,83.7083333333333,Preliminar
21206990,TIBAITATA - AUT [21206990],HUM RELATIVA,Humedad relativa del aire a 2 metros media diaria,2005-06-06 00:00,%,85.0833333333333,Preliminar
21206990,TIBAITATA - AUT [21206990],HUM RELATIVA,Humedad relativa del aire a 2 metros media diaria,2005-06-07 00:00,%,89.5869565217391,Preliminar
21206990,TIBAITATA - AUT [21206990],HUM RELATIVA,Humedad relativa del aire a 2 metros media diaria,2005-06-08 00:00,%,89.5952380952381,Preliminar
21206990,TIBAITATA - AUT [21206990],HUM RELATIVA,Humedad relativa del aire a 2 metros media diaria,2005-06-09 00:00,%,86.7708333333333,Preliminar
21206990,TIBAITATA - AUT [21206990],HUM RELATIVA,Humedad relativa del aire a 2 metros media diaria,2005-06-10 00:00,%,83.9791666666667,Preliminar
21206990,TIBAITATA - AUT [21206990],HUM RELATIVA,Humedad relativa del aire a 2 metros media diaria,2005-06-11 00:00,%,87.9583333333333,Preliminar
21206990,TIBAITATA - AUT [21206990],HUM RELATIVA,Humedad relativa del aire a 2 metros media diaria,2005-06-12 00:00,%,83.8541666666667,Preliminar
21206990,TIBAITATA - AUT [21206990],HUM RELATIVA,Humedad relativa del aire a 2 metros media diaria,2005-06-13 00:00,%,76.3333333333333,Preliminar
21206990,TIBAITATA - AUT [21206990],HUM RELATIVA,Humedad relativa del aire a 2 metros media diaria,2005-06-14 00:00,%,79.7083333333333,Preliminar
21206990,TIBAITATA - AUT [21206990],HUM RELATIVA,Humedad relativa del aire a 2 metros media diaria,2005-06-15 00:00,%,81,Preliminar
21206990,TIBAITATA - AUT [21206990],HUM RELATIVA,Humedad relativa del aire a 2 metros media diaria,2005-06-16 00:00,%,75.9583333333333,Preliminar
21206990,TIBAITATA - AUT [21206990],HUM RELATIVA,Humedad relativa del aire a 2 metros media diaria,2005-06-17 00:00,%,78.7291666666667,Preliminar
21206990,TIBAITATA - AUT [21206990],HUM RELATIVA,Humedad relativa del aire a 2 metros media diaria,2005-06-18 00:00,%,79.5,Preliminar
21206990,TIBAITATA - AUT [21206990],HUM RELATIVA,Humedad relativa del aire a 2 metros media diaria,2005-06-19 00:00,%,84.6041666666667,Preliminar
21206990,TIBAITATA - AUT [21206990],HUM RELATIVA,Humedad relativa del aire a 2 metros media diaria,2005-06-20 00:00,%,87.4166666666667,Preliminar
21206990,TIBAITATA - AUT [21206990],HUM RELATIVA,Humedad relativa del aire a 2 metros media diaria,2005-06-21 00:00,%,82.4166666666667,Preliminar
21206990,TIBAITATA - AUT [21206990],HUM RELATIVA,Humedad relativa del aire a 2 metros media diaria,2005-06-22 00:00,%,82.0208333333333,Preliminar
21206990,TIBAITATA - AUT [21206990],HUM RELATIVA,Humedad relativa del aire a 2 metros media diaria,2005-06-23 00:00,%,78.1458333333333,Preliminar
21206990,TIBAITATA - AUT [21206990],HUM RELATIVA,Humedad relativa del aire a 2 metros media diaria,2005-06-26 00:00,%,88.9791666666667,Preliminar
21206990,TIBAITATA - AUT [21206990],HUM RELATIVA,Humedad relativa del aire a 2 metros media diaria,2005-06-27 00:00,%,78.875,Preliminar
21206990,TIBAITATA - AUT [21206990],HUM RELATIVA,Humedad relativa del aire a 2 metros media diaria,2005-06-28 00:00,%,77.5625,Preliminar
21206990,TIBAITATA - AUT [21206990],HUM RELATIVA,Humedad relativa del aire a 2 metros media diaria,2005-06-29 00:00,%,79.1875,Preliminar
21206990,TIBAITATA - AUT [21206990],HUM RELATIVA,Humedad relativa del aire a 2 metros media diaria,2005-07-04 00:00,%,83.625,Preliminar
21206990,TIBAITATA - AUT [21206990],HUM RELATIVA,Humedad relativa del aire a 2 metros media diaria,2005-07-05 00:00,%,86.0833333333333,Preliminar
21206990,TIBAITATA - AUT [21206990],HUM RELATIVA,Humedad relativa del aire a 2 metros media diaria,2005-07-06 00:00,%,81.9444444444444,Preliminar
21206990,TIBAITATA - AUT [21206990],HUM RELATIVA,Humedad relativa del aire a 2 metros media diaria,2005-07-07 00:00,%,77.6666666666667,Preliminar
21206990,TIBAITATA - AUT [21206990],HUM RELATIVA,Humedad relativa del aire a 2 metros media diaria,2005-07-08 00:00,%,84.3333333333333,Preliminar
21206990,TIBAITATA - AUT [21206990],HUM RELATIVA,Humedad relativa del aire a 2 metros media diaria,2005-07-09 00:00,%,77.25,Preliminar
21206990,TIBAITATA - AUT [21206990],HUM RELATIVA,Humedad relativa del aire a 2 metros media diaria,2005-07-10 00:00,%,77.2083333333333,Preliminar
21206990,TIBAITATA - AUT [21206990],HUM RELATIVA,Humedad relativa del aire a 2 metros media diaria,2005-07-11 00:00,%,79.0833333333333,Preliminar
21206990,TIBAITATA - AUT [21206990],HUM RELATIVA,Humedad relativa del aire a 2 metros media diaria,2005-07-12 00:00,%,82.9375,Preliminar
21206990,TIBAITATA - AUT [21206990],HUM RELATIVA,Humedad relativa del aire a 2 metros media diaria,2005-07-13 00:00,%,83.7083333333333,Preliminar
21206990,TIBAITATA - AUT [21206990],HUM RELATIVA,Humedad relativa del aire a 2 metros media diaria,2005-07-14 00:00,%,89.2708333333333,Preliminar
21206990,TIBAITATA - AUT [21206990],HUM RELATIVA,Humedad relativa del aire a 2 metros media diaria,2005-07-15 00:00,%,87.125,Preliminar
21206990,TIBAITATA - AUT [21206990],HUM RELATIVA,Humedad relativa del aire a 2 metros media diaria,2005-07-16 00:00,%,81.875,Preliminar
21206990,TIBAITATA - AUT [21206990],HUM RELATIVA,Humedad relativa del aire a 2 metros media diaria,2005-07-17 00:00,%,78.7894736842105,Preliminar
21206990,TIBAITATA - AUT [21206990],HUM RELATIVA,Humedad relativa del aire a 2 metros media diaria,2005-07-18 00:00,%,77.4583333333333,Preliminar
21206990,TIBAITATA - AUT [21206990],HUM RELATIVA,Humedad relativa del aire a 2 metros media diaria,2005-07-19 00:00,%,87.1041666666667,Preliminar
21206990,TIBAITATA - AUT [21206990],HUM RELATIVA,Humedad relativa del aire a 2 metros media diaria,2005-07-20 00:00,%,84.6666666666667,Preliminar
21206990,TIBAITATA - AUT [21206990],HUM RELATIVA,Humedad relativa del aire a 2 metros media diaria,2005-07-21 00:00,%,84.1666666666667,Preliminar
21206990,TIBAITATA - AUT [21206990],HUM RELATIVA,Humedad relativa del aire a 2 metros media diaria,2005-07-22 00:00,%,82.5909090909091,Preliminar
21206990,TIBAITATA - AUT [21206990],HUM RELATIVA,Humedad relativa del aire a 2 metros media diaria,2005-07-23 00:00,%,79.1818181818182,Preliminar
21206990,TIBAITATA - AUT [21206990],HUM RELATIVA,Humedad relativa del aire a 2 metros media diaria,2005-07-24 00:00,%,79.6041666666667,Preliminar
21206990,TIBAITATA - AUT [21206990],HUM RELATIVA,Humedad relativa del aire a 2 metros media diaria,2005-07-25 00:00,%,79.0625,Preliminar
21206990,TIBAITATA - AUT [21206990],HUM RELATIVA,Humedad relativa del aire a 2 metros media diaria,2005-07-26 00:00,%,78.1041666666667,Preliminar
21206990,TIBAITATA - AUT [21206990],HUM RELATIVA,Humedad relativa del aire a 2 metros media diaria,2005-07-27 00:00,%,77.8125,Preliminar
21206990,TIBAITATA - AUT [21206990],HUM RELATIVA,Humedad relativa del aire a 2 metros media diaria,2005-07-28 00:00,%,77.0625,Preliminar
21206990,TIBAITATA - AUT [21206990],HUM RELATIVA,Humedad relativa del aire a 2 metros media diaria,2005-07-29 00:00,%,76.1875,Preliminar
21206990,TIBAITATA - AUT [21206990],HUM RELATIVA,Humedad relativa del aire a 2 metros media diaria,2005-07-30 00:00,%,76.0227272727273,Preliminar
21206990,TIBAITATA - AUT [21206990],HUM RELATIVA,Humedad relativa del aire a 2 metros media diaria,2005-07-31 00:00,%,73.3529411764706,Preliminar
21206990,TIBAITATA - AUT [21206990],HUM RELATIVA,Humedad relativa del aire a 2 metros media diaria,2005-08-02 00:00,%,78.7083333333333,Preliminar
21206990,TIBAITATA - AUT [21206990],HUM RELATIVA,Humedad relativa del aire a 2 metros media diaria,2005-08-03 00:00,%,79.7916666666667,Preliminar
21206990,TIBAITATA - AUT [21206990],HUM RELATIVA,Humedad relativa del aire a 2 metros media diaria,2005-08-04 00:00,%,80.3125,Preliminar
21206990,TIBAITATA - AUT [21206990],HUM RELATIVA,Humedad relativa del aire a 2 metros media diaria,2005-08-05 00:00,%,79.7083333333333,Preliminar
21206990,TIBAITATA - AUT [21206990],HUM RELATIVA,Humedad relativa del aire a 2 metros media diaria,2005-08-08 00:00,%,79.0208333333333,Preliminar
21206990,TIBAITATA - AUT [21206990],HUM RELATIVA,Humedad relativa del aire a 2 metros media diaria,2005-08-09 00:00,%,76.4090909090909,Preliminar
21206990,TIBAITATA - AUT [21206990],HUM RELATIVA,Humedad relativa del aire a 2 metros media diaria,2005-08-10 00:00,%,80.0277777777778,Preliminar
21206990,TIBAITATA - AUT [21206990],HUM RELATIVA,Humedad relativa del aire a 2 metros media diaria,2005-08-11 00:00,%,78.5,Preliminar
21206990,TIBAITATA - AUT [21206990],HUM RELATIVA,Humedad relativa del aire a 2 metros media diaria,2005-08-12 00:00,%,77.4375,Preliminar
21206990,TIBAITATA - AUT [21206990],HUM RELATIVA,Humedad relativa del aire a 2 metros media diaria,2005-08-13 00:00,%,82.25,Preliminar
21206990,TIBAITATA - AUT [21206990],HUM RELATIVA,Humedad relativa del aire a 2 metros media diaria,2005-08-14 00:00,%,88.6875,Preliminar
21206990,TIBAITATA - AUT [21206990],HUM RELATIVA,Humedad relativa del aire a 2 metros media diaria,2005-08-15 00:00,%,82.0416666666667,Preliminar
21206990,TIBAITATA - AUT [21206990],HUM RELATIVA,Humedad relativa del aire a 2 metros media diaria,2005-08-16 00:00,%,81.7083333333333,Preliminar
21206990,TIBAITATA - AUT [21206990],HUM RELATIVA,Humedad relativa del aire a 2 metros media diaria,2005-08-17 00:00,%,75.375,Preliminar
21206990,TIBAITATA - AUT [21206990],HUM RELATIVA,Humedad relativa del aire a 2 metros media diaria,2005-08-19 00:00,%,83,Preliminar
21206990,TIBAITATA - AUT [21206990],HUM RELATIVA,Humedad relativa del aire a 2 metros media diaria,2005-08-20 00:00,%,73.7708333333333,Preliminar
21206990,TIBAITATA - AUT [21206990],HUM RELATIVA,Humedad relativa del aire a 2 metros media diaria,2005-08-21 00:00,%,78.6666666666667,Preliminar
21206990,TIBAITATA - AUT [21206990],HUM RELATIVA,Humedad relativa del aire a 2 metros media diaria,2005-08-22 00:00,%,90.0909090909091,Preliminar
21206990,TIBAITATA - AUT [21206990],HUM RELATIVA,Humedad relativa del aire a 2 metros media diaria,2005-08-23 00:00,%,87.4772727272727,Preliminar
21206990,TIBAITATA - AUT [21206990],HUM RELATIVA,Humedad relativa del aire a 2 metros media diaria,2005-08-24 00:00,%,83.3125,Preliminar
21206990,TIBAITATA - AUT [21206990],HUM RELATIVA,Humedad relativa del aire a 2 metros media diaria,2005-08-25 00:00,%,81.7291666666667,Preliminar
21206990,TIBAITATA - AUT [21206990],HUM RELATIVA,Humedad relativa del aire a 2 metros media diaria,2005-08-26 00:00,%,84.3333333333333,Preliminar
21206990,TIBAITATA - AUT [21206990],HUM RELATIVA,Humedad relativa del aire a 2 metros media diaria,2005-08-27 00:00,%,88.5,Preliminar
21206990,TIBAITATA - AUT [21206990],HUM RELATIVA,Humedad relativa del aire a 2 metros media diaria,2005-08-28 00:00,%,78.6875,Preliminar
21206990,TIBAITATA - AUT [21206990],HUM RELATIVA,Humedad relativa del aire a 2 metros media diaria,2005-08-29 00:00,%,83.5208333333333,Preliminar
21206990,TIBAITATA - AUT [21206990],HUM RELATIVA,Humedad relativa del aire a 2 metros media diaria,2005-08-30 00:00,%,84.4545454545454,Preliminar
21206990,TIBAITATA - AUT [21206990],HUM RELATIVA,Humedad relativa del aire a 2 metros media diaria,2005-08-31 00:00,%,80.875,Preliminar
21206990,TIBAITATA - AUT [21206990],HUM RELATIVA,Humedad relativa del aire a 2 metros media diaria,2005-09-01 00:00,%,80.1818181818182,Preliminar
21206990,TIBAITATA - AUT [21206990],HUM RELATIVA,Humedad relativa del aire a 2 metros media diaria,2005-09-02 00:00,%,75.6875,Preliminar
21206990,TIBAITATA - AUT [21206990],HUM RELATIVA,Humedad relativa del aire a 2 metros media diaria,2005-09-03 00:00,%,83.9166666666667,Preliminar
21206990,TIBAITATA - AUT [21206990],HUM RELATIVA,Humedad relativa del aire a 2 metros media diaria,2005-09-04 00:00,%,80.0208333333333,Preliminar
21206990,TIBAITATA - AUT [21206990],HUM RELATIVA,Humedad relativa del aire a 2 metros media diaria,2005-09-05 00:00,%,78.8,Preliminar
21206990,TIBAITATA - AUT [21206990],HUM RELATIVA,Humedad relativa del aire a 2 metros media diaria,2005-09-06 00:00,%,79.1388888888889,Preliminar
21206990,TIBAITATA - AUT [21206990],HUM RELATIVA,Humedad relativa del aire a 2 metros media diaria,2005-09-07 00:00,%,76.8333333333333,Preliminar
21206990,TIBAITATA - AUT [21206990],HUM RELATIVA,Humedad relativa del aire a 2 metros media diaria,2005-09-08 00:00,%,75.3958333333333,Preliminar
21206990,TIBAITATA - AUT [21206990],HUM RELATIVA,Humedad relativa del aire a 2 metros media diaria,2005-09-09 00:00,%,81.3181818181818,Preliminar
21206990,TIBAITATA - AUT [21206990],HUM RELATIVA,Humedad relativa del aire a 2 metros media diaria,2005-09-10 00:00,%,73.4583333333333,Preliminar
21206990,TIBAITATA - AUT [21206990],HUM RELATIVA,Humedad relativa del aire a 2 metros media diaria,2005-09-11 00:00,%,79,Preliminar
21206990,TIBAITATA - AUT [21206990],HUM RELATIVA,Humedad relativa del aire a 2 metros media diaria,2005-09-12 00:00,%,78.5208333333333,Preliminar
21206990,TIBAITATA - AUT [21206990],HUM RELATIVA,Humedad relativa del aire a 2 metros media diaria,2005-09-13 00:00,%,84.6842105263158,Preliminar
21206990,TIBAITATA - AUT [21206990],HUM RELATIVA,Humedad relativa del aire a 2 metros media diaria,2005-09-14 00:00,%,80.3863636363636,Preliminar
21206990,TIBAITATA - AUT [21206990],HUM RELATIVA,Humedad relativa del aire a 2 metros media diaria,2005-09-15 00:00,%,85,Preliminar
21206990,TIBAITATA - AUT [21206990],HUM RELATIVA,Humedad relativa del aire a 2 metros media diaria,2005-09-16 00:00,%,77.5714285714286,Preliminar
21206990,TIBAITATA - AUT [21206990],HUM RELATIVA,Humedad relativa del aire a 2 metros media diaria,2005-09-17 00:00,%,83.6842105263158,Preliminar
21206990,TIBAITATA - AUT [21206990],HUM RELATIVA,Humedad relativa del aire a 2 metros media diaria,2005-09-18 00:00,%,75.025,Preliminar
21206990,TIBAITATA - AUT [21206990],HUM RELATIVA,Humedad relativa del aire a 2 metros media diaria,2005-09-19 00:00,%,82.0416666666667,Preliminar
21206990,TIBAITATA - AUT [21206990],HUM RELATIVA,Humedad relativa del aire a 2 metros media diaria,2005-09-20 00:00,%,80.6363636363636,Preliminar
21206990,TIBAITATA - AUT [21206990],HUM RELATIVA,Humedad relativa del aire a 2 metros media diaria,2005-09-21 00:00,%,86.4545454545454,Preliminar
21206990,TIBAITATA - AUT [21206990],HUM RELATIVA,Humedad relativa del aire a 2 metros media diaria,2005-09-22 00:00,%,85.625,Preliminar
21206990,TIBAITATA - AUT [21206990],HUM RELATIVA,Humedad relativa del aire a 2 metros media diaria,2005-09-23 00:00,%,87.9583333333333,Preliminar
21206990,TIBAITATA - AUT [21206990],HUM RELATIVA,Humedad relativa del aire a 2 metros media diaria,2005-09-24 00:00,%,89.1818181818182,Preliminar
21206990,TIBAITATA - AUT [21206990],HUM RELATIVA,Humedad relativa del aire a 2 metros media diaria,2005-09-25 00:00,%,91.4166666666667,Preliminar
21206990,TIBAITATA - AUT [21206990],HUM RELATIVA,Humedad relativa del aire a 2 metros media diaria,2005-09-26 00:00,%,89.4117647058824,Preliminar
21206990,TIBAITATA - AUT [21206990],HUM RELATIVA,Humedad relativa del aire a 2 metros media diaria,2005-09-27 00:00,%,91.475,Preliminar
21206990,TIBAITATA - AUT [21206990],HUM RELATIVA,Humedad relativa del aire a 2 metros media diaria,2005-09-28 00:00,%,90.85,Preliminar
21206990,TIBAITATA - AUT [21206990],HUM RELATIVA,Humedad relativa del aire a 2 metros media diaria,2005-09-29 00:00,%,91.4166666666667,Preliminar
21206990,TIBAITATA - AUT [21206990],HUM RELATIVA,Humedad relativa del aire a 2 metros media diaria,2005-09-30 00:00,%,79.5769230769231,Preliminar
21206990,TIBAITATA - AUT [21206990],HUM RELATIVA,Humedad relativa del aire a 2 metros media diaria,2005-10-01 00:00,%,89.1875,Preliminar
21206990,TIBAITATA - AUT [21206990],HUM RELATIVA,Humedad relativa del aire a 2 metros media diaria,2005-10-02 00:00,%,83.1111111111111,Preliminar
21206990,TIBAITATA - AUT [21206990],HUM RELATIVA,Humedad relativa del aire a 2 metros media diaria,2005-10-03 00:00,%,84.9722222222222,Preliminar
21206990,TIBAITATA - AUT [21206990],HUM RELATIVA,Humedad relativa del aire a 2 metros media diaria,2005-10-04 00:00,%,87.625,Preliminar
21206990,TIBAITATA - AUT [21206990],HUM RELATIVA,Humedad relativa del aire a 2 metros media diaria,2005-10-05 00:00,%,87.6458333333333,Preliminar
21206990,TIBAITATA - AUT [21206990],HUM RELATIVA,Humedad relativa del aire a 2 metros media diaria,2005-10-06 00:00,%,85.6190476190476,Preliminar
21206990,TIBAITATA - AUT [21206990],HUM RELATIVA,Humedad relativa del aire a 2 metros media diaria,2005-10-07 00:00,%,82.9117647058824,Preliminar
21206990,TIBAITATA - AUT [21206990],HUM RELATIVA,Humedad relativa del aire a 2 metros media diaria,2005-10-08 00:00,%,83.5416666666667,Preliminar
21206990,TIBAITATA - AUT [21206990],HUM RELATIVA,Humedad relativa del aire a 2 metros media diaria,2005-10-09 00:00,%,89.5833333333333,Preliminar
21206990,TIBAITATA - AUT [21206990],HUM RELATIVA,Humedad relativa del aire a 2 metros media diaria,2005-10-10 00:00,%,88.0416666666667,Preliminar
21206990,TIBAITATA - AUT [21206990],HUM RELATIVA,Humedad relativa del aire a 2 metros media diaria,2005-10-11 00:00,%,84.5833333333333,Preliminar
21206990,TIBAITATA - AUT [21206990],HUM RELATIVA,Humedad relativa del aire a 2 metros media diaria,2005-10-12 00:00,%,84.0454545454546,Preliminar
21206990,TIBAITATA - AUT [21206990],HUM RELATIVA,Humedad relativa del aire a 2 metros media diaria,2005-10-13 00:00,%,85.0833333333333,Preliminar
21206990,TIBAITATA - AUT [21206990],HUM RELATIVA,Humedad relativa del aire a 2 metros media diaria,2005-10-14 00:00,%,86.75,Preliminar
21206990,TIBAITATA - AUT [21206990],HUM RELATIVA,Humedad relativa del aire a 2 metros media diaria,2005-10-15 00:00,%,90.2083333333333,Preliminar
21206990,TIBAITATA - AUT [21206990],HUM RELATIVA,Humedad relativa del aire a 2 metros media diaria,2005-10-16 00:00,%,91.6666666666667,Preliminar
21206990,TIBAITATA - AUT [21206990],HUM RELATIVA,Humedad relativa del aire a 2 metros media diaria,2005-10-17 00:00,%,84.5833333333333,Preliminar
21206990,TIBAITATA - AUT [21206990],HUM RELATIVA,Humedad relativa del aire a 2 metros media diaria,2005-10-18 00:00,%,80.5625,Preliminar
21206990,TIBAITATA - AUT [21206990],HUM RELATIVA,Humedad relativa del aire a 2 metros media diaria,2005-10-20 00:00,%,77.125,Preliminar
21206990,TIBAITATA - AUT [21206990],HUM RELATIVA,Humedad relativa del aire a 2 metros media diaria,2005-10-21 00:00,%,85.3,Preliminar
21206990,TIBAITATA - AUT [21206990],HUM RELATIVA,Humedad relativa del aire a 2 metros media diaria,2005-10-22 00:00,%,90.8636363636364,Preliminar
21206990,TIBAITATA - AUT [21206990],HUM RELATIVA,Humedad relativa del aire a 2 metros media diaria,2005-10-23 00:00,%,88.025,Preliminar
21206990,TIBAITATA - AUT [21206990],HUM RELATIVA,Humedad relativa del aire a 2 metros media diaria,2005-10-24 00:00,%,89.9285714285714,Preliminar
21206990,TIBAITATA - AUT [21206990],HUM RELATIVA,Humedad relativa del aire a 2 metros media diaria,2005-10-25 00:00,%,91.7380952380952,Preliminar
21206990,TIBAITATA - AUT [21206990],HUM RELATIVA,Humedad relativa del aire a 2 metros media diaria,2005-10-26 00:00,%,88.5208333333333,Preliminar
21206990,TIBAITATA - AUT [21206990],HUM RELATIVA,Humedad relativa del aire a 2 metros media diaria,2005-10-27 00:00,%,85.5,Preliminar
21206990,TIBAITATA - AUT [21206990],HUM RELATIVA,Humedad relativa del aire a 2 metros media diaria,2005-10-28 00:00,%,88.0625,Preliminar
21206990,TIBAITATA - AUT [21206990],HUM RELATIVA,Humedad relativa del aire a 2 metros media diaria,2005-10-29 00:00,%,89.4375,Preliminar
21206990,TIBAITATA - AUT [21206990],HUM RELATIVA,Humedad relativa del aire a 2 metros media diaria,2005-10-30 00:00,%,90.0416666666667,Preliminar
21206990,TIBAITATA - AUT [21206990],HUM RELATIVA,Humedad relativa del aire a 2 metros media diaria,2005-10-31 00:00,%,84.0454545454546,Preliminar
21206990,TIBAITATA - AUT [21206990],HUM RELATIVA,Humedad relativa del aire a 2 metros media diaria,2005-11-01 00:00,%,83.3611111111111,Preliminar
21206990,TIBAITATA - AUT [21206990],HUM RELATIVA,Humedad relativa del aire a 2 metros media diaria,2005-11-03 00:00,%,85.5227272727273,Preliminar
21206990,TIBAITATA - AUT [21206990],HUM RELATIVA,Humedad relativa del aire a 2 metros media diaria,2005-11-04 00:00,%,84.875,Preliminar
21206990,TIBAITATA - AUT [21206990],HUM RELATIVA,Humedad relativa del aire a 2 metros media diaria,2005-11-05 00:00,%,87.5208333333333,Preliminar
21206990,TIBAITATA - AUT [21206990],HUM RELATIVA,Humedad relativa del aire a 2 metros media diaria,2005-11-06 00:00,%,86.3333333333333,Preliminar
21206990,TIBAITATA - AUT [21206990],HUM RELATIVA,Humedad relativa del aire a 2 metros media diaria,2005-11-07 00:00,%,86.0833333333333,Preliminar
21206990,TIBAITATA - AUT [21206990],HUM RELATIVA,Humedad relativa del aire a 2 metros media diaria,2005-11-08 00:00,%,89.125,Preliminar
21206990,TIBAITATA - AUT [21206990],HUM RELATIVA,Humedad relativa del aire a 2 metros media diaria,2005-11-09 00:00,%,90.1666666666667,Preliminar
21206990,TIBAITATA - AUT [21206990],HUM RELATIVA,Humedad relativa del aire a 2 metros media diaria,2005-11-10 00:00,%,89.25,Preliminar
21206990,TIBAITATA - AUT [21206990],HUM RELATIVA,Humedad relativa del aire a 2 metros media diaria,2005-11-11 00:00,%,91.8333333333333,Preliminar
21206990,TIBAITATA - AUT [21206990],HUM RELATIVA,Humedad relativa del aire a 2 metros media diaria,2005-11-12 00:00,%,89.5625,Preliminar
21206990,TIBAITATA - AUT [21206990],HUM RELATIVA,Humedad relativa del aire a 2 metros media diaria,2005-11-13 00:00,%,90.3958333333333,Preliminar
21206990,TIBAITATA - AUT [21206990],HUM RELATIVA,Humedad relativa del aire a 2 metros media diaria,2005-11-14 00:00,%,88,Preliminar
21206990,TIBAITATA - AUT [21206990],HUM RELATIVA,Humedad relativa del aire a 2 metros media diaria,2005-11-15 00:00,%,91.2916666666667,Preliminar
21206990,TIBAITATA - AUT [21206990],HUM RELATIVA,Humedad relativa del aire a 2 metros media diaria,2005-11-16 00:00,%,88.2083333333333,Preliminar
21206990,TIBAITATA - AUT [21206990],HUM RELATIVA,Humedad relativa del aire a 2 metros media diaria,2005-11-17 00:00,%,86.8333333333333,Preliminar
21206990,TIBAITATA - AUT [21206990],HUM RELATIVA,Humedad relativa del aire a 2 metros media diaria,2005-11-18 00:00,%,81.8333333333333,Preliminar
21206990,TIBAITATA - AUT [21206990],HUM RELATIVA,Humedad relativa del aire a 2 metros media diaria,2005-11-19 00:00,%,85.875,Preliminar
21206990,TIBAITATA - AUT [21206990],HUM RELATIVA,Humedad relativa del aire a 2 metros media diaria,2005-11-20 00:00,%,89.4583333333333,Preliminar
21206990,TIBAITATA - AUT [21206990],HUM RELATIVA,Humedad relativa del aire a 2 metros media diaria,2005-11-21 00:00,%,90.1666666666667,Preliminar
21206990,TIBAITATA - AUT [21206990],HUM RELATIVA,Humedad relativa del aire a 2 metros media diaria,2005-11-22 00:00,%,88.7916666666667,Preliminar
21206990,TIBAITATA - AUT [21206990],HUM RELATIVA,Humedad relativa del aire a 2 metros media diaria,2005-11-23 00:00,%,91.3636363636364,Preliminar
21206990,TIBAITATA - AUT [21206990],HUM RELATIVA,Humedad relativa del aire a 2 metros media diaria,2005-11-24 00:00,%,88,Preliminar
21206990,TIBAITATA - AUT [21206990],HUM RELATIVA,Humedad relativa del aire a 2 metros media diaria,2005-11-25 00:00,%,87.1666666666667,Preliminar
21206990,TIBAITATA - AUT [21206990],HUM RELATIVA,Humedad relativa del aire a 2 metros media diaria,2005-11-26 00:00,%,88.5833333333333,Preliminar
21206990,TIBAITATA - AUT [21206990],HUM RELATIVA,Humedad relativa del aire a 2 metros media diaria,2005-11-27 00:00,%,85.3636363636364,Preliminar
21206990,TIBAITATA - AUT [21206990],HUM RELATIVA,Humedad relativa del aire a 2 metros media diaria,2005-11-28 00:00,%,84.6666666666667,Preliminar
21206990,TIBAITATA - AUT [21206990],HUM RELATIVA,Humedad relativa del aire a 2 metros media diaria,2005-11-29 00:00,%,82.125,Preliminar
21206990,TIBAITATA - AUT [21206990],HUM RELATIVA,Humedad relativa del aire a 2 metros media diaria,2005-11-30 00:00,%,84.1666666666667,Preliminar
21206990,TIBAITATA - AUT [21206990],HUM RELATIVA,Humedad relativa del aire a 2 metros media diaria,2005-12-01 00:00,%,86.2083333333333,Preliminar
21206990,TIBAITATA - AUT [21206990],HUM RELATIVA,Humedad relativa del aire a 2 metros media diaria,2005-12-02 00:00,%,89.0416666666667,Preliminar
21206990,TIBAITATA - AUT [21206990],HUM RELATIVA,Humedad relativa del aire a 2 metros media diaria,2005-12-03 00:00,%,87.875,Preliminar
21206990,TIBAITATA - AUT [21206990],HUM RELATIVA,Humedad relativa del aire a 2 metros media diaria,2005-12-04 00:00,%,85.2631578947368,Preliminar
21206990,TIBAITATA - AUT [21206990],HUM RELATIVA,Humedad relativa del aire a 2 metros media diaria,2005-12-05 00:00,%,90.9444444444444,Preliminar
21206990,TIBAITATA - AUT [21206990],HUM RELATIVA,Humedad relativa del aire a 2 metros media diaria,2005-12-06 00:00,%,87.5,Preliminar
21206990,TIBAITATA - AUT [21206990],HUM RELATIVA,Humedad relativa del aire a 2 metros media diaria,2005-12-07 00:00,%,88.6666666666667,Preliminar
21206990,TIBAITATA - AUT [21206990],HUM RELATIVA,Humedad relativa del aire a 2 metros media diaria,2005-12-08 00:00,%,85.1666666666667,Preliminar
21206990,TIBAITATA - AUT [21206990],HUM RELATIVA,Humedad relativa del aire a 2 metros media diaria,2005-12-09 00:00,%,78.75,Preliminar
21206990,TIBAITATA - AUT [21206990],HUM RELATIVA,Humedad relativa del aire a 2 metros media diaria,2005-12-10 00:00,%,80.7631578947368,Preliminar
21206990,TIBAITATA - AUT [21206990],HUM RELATIVA,Humedad relativa del aire a 2 metros media diaria,2005-12-11 00:00,%,82.4583333333333,Preliminar
21206990,TIBAITATA - AUT [21206990],HUM RELATIVA,Humedad relativa del aire a 2 metros media diaria,2005-12-12 00:00,%,89.4318181818182,Preliminar
21206990,TIBAITATA - AUT [21206990],HUM RELATIVA,Humedad relativa del aire a 2 metros media diaria,2005-12-13 00:00,%,89.8409090909091,Preliminar
21206990,TIBAITATA - AUT [21206990],HUM RELATIVA,Humedad relativa del aire a 2 metros media diaria,2005-12-14 00:00,%,87.25,Preliminar
21206990,TIBAITATA - AUT [21206990],HUM RELATIVA,Humedad relativa del aire a 2 metros media diaria,2005-12-15 00:00,%,87.7916666666667,Preliminar
21206990,TIBAITATA - AUT [21206990],HUM RELATIVA,Humedad relativa del aire a 2 metros media diaria,2005-12-16 00:00,%,87.7105263157895,Preliminar
21206990,TIBAITATA - AUT [21206990],HUM RELATIVA,Humedad relativa del aire a 2 metros media diaria,2005-12-17 00:00,%,88.125,Preliminar
21206990,TIBAITATA - AUT [21206990],HUM RELATIVA,Humedad relativa del aire a 2 metros media diaria,2005-12-18 00:00,%,88.5833333333333,Preliminar
21206990,TIBAITATA - AUT [21206990],HUM RELATIVA,Humedad relativa del aire a 2 metros media diaria,2005-12-19 00:00,%,87.75,Preliminar
21206990,TIBAITATA - AUT [21206990],HUM RELATIVA,Humedad relativa del aire a 2 metros media diaria,2005-12-20 00:00,%,83.3157894736842,Preliminar
21206990,TIBAITATA - AUT [21206990],HUM RELATIVA,Humedad relativa del aire a 2 metros media diaria,2005-12-21 00:00,%,81.1666666666667,Preliminar
21206990,TIBAITATA - AUT [21206990],HUM RELATIVA,Humedad relativa del aire a 2 metros media diaria,2005-12-22 00:00,%,91.5416666666667,Preliminar
21206990,TIBAITATA - AUT [21206990],HUM RELATIVA,Humedad relativa del aire a 2 metros media diaria,2005-12-23 00:00,%,88.7272727272727,Preliminar
21206990,TIBAITATA - AUT [21206990],HUM RELATIVA,Humedad relativa del aire a 2 metros media diaria,2005-12-24 00:00,%,89.2954545454546,Preliminar
21206990,TIBAITATA - AUT [21206990],HUM RELATIVA,Humedad relativa del aire a 2 metros media diaria,2005-12-25 00:00,%,85,Preliminar
21206990,TIBAITATA - AUT [21206990],HUM RELATIVA,Humedad relativa del aire a 2 metros media diaria,2005-12-26 00:00,%,85.7708333333333,Preliminar
21206990,TIBAITATA - AUT [21206990],HUM RELATIVA,Humedad relativa del aire a 2 metros media diaria,2005-12-27 00:00,%,82.8636363636364,Preliminar
21206990,TIBAITATA - AUT [21206990],HUM RELATIVA,Humedad relativa del aire a 2 metros media diaria,2005-12-28 00:00,%,85.25,Preliminar
21206990,TIBAITATA - AUT [21206990],HUM RELATIVA,Humedad relativa del aire a 2 metros media diaria,2005-12-29 00:00,%,84.7291666666667,Preliminar
21206990,TIBAITATA - AUT [21206990],HUM RELATIVA,Humedad relativa del aire a 2 metros media diaria,2005-12-30 00:00,%,85.6875,Preliminar
21206990,TIBAITATA - AUT [21206990],HUM RELATIVA,Humedad relativa del aire a 2 metros media diaria,2005-12-31 00:00,%,83.5833333333333,Preliminar
21206990,TIBAITATA - AUT [21206990],HUM RELATIVA,Humedad relativa del aire a 2 metros media diaria,2006-01-01 00:00,%,84.125,Preliminar
21206990,TIBAITATA - AUT [21206990],HUM RELATIVA,Humedad relativa del aire a 2 metros media diaria,2006-01-02 00:00,%,81.1458333333333,Preliminar
21206990,TIBAITATA - AUT [21206990],HUM RELATIVA,Humedad relativa del aire a 2 metros media diaria,2006-01-03 00:00,%,88.2291666666667,Preliminar
21206990,TIBAITATA - AUT [21206990],HUM RELATIVA,Humedad relativa del aire a 2 metros media diaria,2006-01-04 00:00,%,87.8333333333333,Preliminar
21206990,TIBAITATA - AUT [21206990],HUM RELATIVA,Humedad relativa del aire a 2 metros media diaria,2006-01-05 00:00,%,91.4772727272727,Preliminar
21206990,TIBAITATA - AUT [21206990],HUM RELATIVA,Humedad relativa del aire a 2 metros media diaria,2006-01-06 00:00,%,91.75,Preliminar
21206990,TIBAITATA - AUT [21206990],HUM RELATIVA,Humedad relativa del aire a 2 metros media diaria,2006-01-07 00:00,%,91.2727272727273,Preliminar
21206990,TIBAITATA - AUT [21206990],HUM RELATIVA,Humedad relativa del aire a 2 metros media diaria,2006-01-08 00:00,%,90.2272727272727,Preliminar
21206990,TIBAITATA - AUT [21206990],HUM RELATIVA,Humedad relativa del aire a 2 metros media diaria,2006-01-09 00:00,%,91.2045454545454,Preliminar
21206990,TIBAITATA - AUT [21206990],HUM RELATIVA,Humedad relativa del aire a 2 metros media diaria,2006-01-10 00:00,%,86.6666666666667,Preliminar
21206990,TIBAITATA - AUT [21206990],HUM RELATIVA,Humedad relativa del aire a 2 metros media diaria,2006-01-11 00:00,%,89.047619047619,Preliminar
21206990,TIBAITATA - AUT [21206990],HUM RELATIVA,Humedad relativa del aire a 2 metros media diaria,2006-01-12 00:00,%,86.9583333333333,Preliminar
21206990,TIBAITATA - AUT [21206990],HUM RELATIVA,Humedad relativa del aire a 2 metros media diaria,2006-01-13 00:00,%,80.0625,Preliminar
21206990,TIBAITATA - AUT [21206990],HUM RELATIVA,Humedad relativa del aire a 2 metros media diaria,2006-01-14 00:00,%,81.7708333333333,Preliminar
21206990,TIBAITATA - AUT [21206990],HUM RELATIVA,Humedad relativa del aire a 2 metros media diaria,2006-01-15 00:00,%,91.6875,Preliminar
21206990,TIBAITATA - AUT [21206990],HUM RELATIVA,Humedad relativa del aire a 2 metros media diaria,2006-01-16 00:00,%,84.7916666666667,Preliminar
21206990,TIBAITATA - AUT [21206990],HUM RELATIVA,Humedad relativa del aire a 2 metros media diaria,2006-01-17 00:00,%,86.1666666666667,Preliminar
21206990,TIBAITATA - AUT [21206990],HUM RELATIVA,Humedad relativa del aire a 2 metros media diaria,2006-01-18 00:00,%,87.3823529411765,Preliminar
21206990,TIBAITATA - AUT [21206990],HUM RELATIVA,Humedad relativa del aire a 2 metros media diaria,2006-01-19 00:00,%,80.1875,Preliminar
21206990,TIBAITATA - AUT [21206990],HUM RELATIVA,Humedad relativa del aire a 2 metros media diaria,2006-01-20 00:00,%,88.3181818181818,Preliminar
21206990,TIBAITATA - AUT [21206990],HUM RELATIVA,Humedad relativa del aire a 2 metros media diaria,2006-01-21 00:00,%,70.7083333333333,Preliminar
21206990,TIBAITATA - AUT [21206990],HUM RELATIVA,Humedad relativa del aire a 2 metros media diaria,2006-01-22 00:00,%,77.4375,Preliminar
21206990,TIBAITATA - AUT [21206990],HUM RELATIVA,Humedad relativa del aire a 2 metros media diaria,2006-01-23 00:00,%,77.4583333333333,Preliminar
21206990,TIBAITATA - AUT [21206990],HUM RELATIVA,Humedad relativa del aire a 2 metros media diaria,2006-01-24 00:00,%,78.6875,Preliminar
21206990,TIBAITATA - AUT [21206990],HUM RELATIVA,Humedad relativa del aire a 2 metros media diaria,2006-01-25 00:00,%,79.625,Preliminar
21206990,TIBAITATA - AUT [21206990],HUM RELATIVA,Humedad relativa del aire a 2 metros media diaria,2006-01-26 00:00,%,81.9318181818182,Preliminar
21206990,TIBAITATA - AUT [21206990],HUM RELATIVA,Humedad relativa del aire a 2 metros media diaria,2006-01-27 00:00,%,87.5681818181818,Preliminar
21206990,TIBAITATA - AUT [21206990],HUM RELATIVA,Humedad relativa del aire a 2 metros media diaria,2006-01-28 00:00,%,83.0625,Preliminar
21206990,TIBAITATA - AUT [21206990],HUM RELATIVA,Humedad relativa del aire a 2 metros media diaria,2006-01-29 00:00,%,83.4791666666667,Preliminar
21206990,TIBAITATA - AUT [21206990],HUM RELATIVA,Humedad relativa del aire a 2 metros media diaria,2006-01-30 00:00,%,84.1458333333333,Preliminar
21206990,TIBAITATA - AUT [21206990],HUM RELATIVA,Humedad relativa del aire a 2 metros media diaria,2006-01-31 00:00,%,84.0416666666667,Preliminar
21206990,TIBAITATA - AUT [21206990],HUM RELATIVA,Humedad relativa del aire a 2 metros media diaria,2006-02-01 00:00,%,87.475,Preliminar
21206990,TIBAITATA - AUT [21206990],HUM RELATIVA,Humedad relativa del aire a 2 metros media diaria,2006-02-02 00:00,%,81.75,Preliminar
21206990,TIBAITATA - AUT [21206990],HUM RELATIVA,Humedad relativa del aire a 2 metros media diaria,2006-02-03 00:00,%,83.1136363636364,Preliminar
21206990,TIBAITATA - AUT [21206990],HUM RELATIVA,Humedad relativa del aire a 2 metros media diaria,2006-02-04 00:00,%,88.5416666666667,Preliminar
21206990,TIBAITATA - AUT [21206990],HUM RELATIVA,Humedad relativa del aire a 2 metros media diaria,2006-02-05 00:00,%,85.7954545454546,Preliminar
21206990,TIBAITATA - AUT [21206990],HUM RELATIVA,Humedad relativa del aire a 2 metros media diaria,2006-02-11 00:00,%,83.5416666666667,Preliminar
21206990,TIBAITATA - AUT [21206990],HUM RELATIVA,Humedad relativa del aire a 2 metros media diaria,2006-02-12 00:00,%,84.6041666666667,Preliminar
21206990,TIBAITATA - AUT [21206990],HUM RELATIVA,Humedad relativa del aire a 2 metros media diaria,2006-02-13 00:00,%,81.9791666666667,Preliminar
21206990,TIBAITATA - AUT [21206990],HUM RELATIVA,Humedad relativa del aire a 2 metros media diaria,2006-02-14 00:00,%,80.7916666666667,Preliminar
21206990,TIBAITATA - AUT [21206990],HUM RELATIVA,Humedad relativa del aire a 2 metros media diaria,2006-02-15 00:00,%,84.2727272727273,Preliminar
21206990,TIBAITATA - AUT [21206990],HUM RELATIVA,Humedad relativa del aire a 2 metros media diaria,2006-02-16 00:00,%,80.4166666666667,Preliminar
21206990,TIBAITATA - AUT [21206990],HUM RELATIVA,Humedad relativa del aire a 2 metros media diaria,2006-02-17 00:00,%,82.3958333333333,Preliminar
21206990,TIBAITATA - AUT [21206990],HUM RELATIVA,Humedad relativa del aire a 2 metros media diaria,2006-02-18 00:00,%,84.8333333333333,Preliminar
21206990,TIBAITATA - AUT [21206990],HUM RELATIVA,Humedad relativa del aire a 2 metros media diaria,2006-02-19 00:00,%,87.1666666666667,Preliminar
21206990,TIBAITATA - AUT [21206990],HUM RELATIVA,Humedad relativa del aire a 2 metros media diaria,2006-02-20 00:00,%,89.875,Preliminar
21206990,TIBAITATA - AUT [21206990],HUM RELATIVA,Humedad relativa del aire a 2 metros media diaria,2006-02-21 00:00,%,85.8333333333333,Preliminar
21206990,TIBAITATA - AUT [21206990],HUM RELATIVA,Humedad relativa del aire a 2 metros media diaria,2006-02-22 00:00,%,68.8181818181818,Preliminar
21206990,TIBAITATA - AUT [21206990],HUM RELATIVA,Humedad relativa del aire a 2 metros media diaria,2006-02-23 00:00,%,74.05,Preliminar
21206990,TIBAITATA - AUT [21206990],HUM RELATIVA,Humedad relativa del aire a 2 metros media diaria,2006-02-24 00:00,%,73.9444444444444,Preliminar
21206990,TIBAITATA - AUT [21206990],HUM RELATIVA,Humedad relativa del aire a 2 metros media diaria,2006-02-25 00:00,%,74.5227272727273,Preliminar
21206990,TIBAITATA - AUT [21206990],HUM RELATIVA,Humedad relativa del aire a 2 metros media diaria,2006-02-26 00:00,%,76.1590909090909,Preliminar
21206990,TIBAITATA - AUT [21206990],HUM RELATIVA,Humedad relativa del aire a 2 metros media diaria,2006-02-27 00:00,%,88.0416666666667,Preliminar
21206990,TIBAITATA - AUT [21206990],HUM RELATIVA,Humedad relativa del aire a 2 metros media diaria,2006-02-28 00:00,%,84.6363636363636,Preliminar
21206990,TIBAITATA - AUT [21206990],HUM RELATIVA,Humedad relativa del aire a 2 metros media diaria,2006-03-01 00:00,%,74.625,Preliminar
21206990,TIBAITATA - AUT [21206990],HUM RELATIVA,Humedad relativa del aire a 2 metros media diaria,2006-03-03 00:00,%,85.2708333333333,Preliminar
21206990,TIBAITATA - AUT [21206990],HUM RELATIVA,Humedad relativa del aire a 2 metros media diaria,2006-03-04 00:00,%,87.5625,Preliminar
21206990,TIBAITATA - AUT [21206990],HUM RELATIVA,Humedad relativa del aire a 2 metros media diaria,2006-03-05 00:00,%,89.2727272727273,Preliminar
21206990,TIBAITATA - AUT [21206990],HUM RELATIVA,Humedad relativa del aire a 2 metros media diaria,2006-03-06 00:00,%,89.1666666666667,Preliminar
21206990,TIBAITATA - AUT [21206990],HUM RELATIVA,Humedad relativa del aire a 2 metros media diaria,2006-03-07 00:00,%,94.2916666666667,Preliminar
21206990,TIBAITATA - AUT [21206990],HUM RELATIVA,Humedad relativa del aire a 2 metros media diaria,2006-03-08 00:00,%,92.8333333333333,Preliminar
21206990,TIBAITATA - AUT [21206990],HUM RELATIVA,Humedad relativa del aire a 2 metros media diaria,2006-03-09 00:00,%,94.21875,Preliminar
21206990,TIBAITATA - AUT [21206990],HUM RELATIVA,Humedad relativa del aire a 2 metros media diaria,2006-03-16 00:00,%,84.9166666666667,Preliminar
21206990,TIBAITATA - AUT [21206990],HUM RELATIVA,Humedad relativa del aire a 2 metros media diaria,2006-03-17 00:00,%,91.1388888888889,Preliminar
21206990,TIBAITATA - AUT [21206990],HUM RELATIVA,Humedad relativa del aire a 2 metros media diaria,2006-03-18 00:00,%,92.8125,Preliminar
21206990,TIBAITATA - AUT [21206990],HUM RELATIVA,Humedad relativa del aire a 2 metros media diaria,2006-03-20 00:00,%,70.5555555555556,Preliminar
21206990,TIBAITATA - AUT [21206990],HUM RELATIVA,Humedad relativa del aire a 2 metros media diaria,2006-04-12 00:00,%,92.2894736842105,Preliminar
21206990,TIBAITATA - AUT [21206990],HUM RELATIVA,Humedad relativa del aire a 2 metros media diaria,2006-04-13 00:00,%,91.7083333333333,Preliminar
21206990,TIBAITATA - AUT [21206990],HUM RELATIVA,Humedad relativa del aire a 2 metros media diaria,2006-04-14 00:00,%,88.2083333333333,Preliminar
21206990,TIBAITATA - AUT [21206990],HUM RELATIVA,Humedad relativa del aire a 2 metros media diaria,2006-04-15 00:00,%,91.125,Preliminar
21206990,TIBAITATA - AUT [21206990],HUM RELATIVA,Humedad relativa del aire a 2 metros media diaria,2006-04-16 00:00,%,85.3863636363636,Preliminar
21206990,TIBAITATA - AUT [21206990],HUM RELATIVA,Humedad relativa del aire a 2 metros media diaria,2006-04-17 00:00,%,82.425,Preliminar
21206990,TIBAITATA - AUT [21206990],HUM RELATIVA,Humedad relativa del aire a 2 metros media diaria,2006-04-19 00:00,%,86.9130434782609,Preliminar
21206990,TIBAITATA - AUT [21206990],HUM RELATIVA,Humedad relativa del aire a 2 metros media diaria,2006-04-20 00:00,%,87.6458333333333,Preliminar
21206990,TIBAITATA - AUT [21206990],HUM RELATIVA,Humedad relativa del aire a 2 metros media diaria,2006-04-21 00:00,%,81.5227272727273,Preliminar
21206990,TIBAITATA - AUT [21206990],HUM RELATIVA,Humedad relativa del aire a 2 metros media diaria,2006-04-22 00:00,%,73.1136363636364,Preliminar
21206990,TIBAITATA - AUT [21206990],HUM RELATIVA,Humedad relativa del aire a 2 metros media diaria,2006-04-23 00:00,%,87.7916666666667,Preliminar
21206990,TIBAITATA - AUT [21206990],HUM RELATIVA,Humedad relativa del aire a 2 metros media diaria,2006-04-24 00:00,%,85.2954545454546,Preliminar
21206990,TIBAITATA - AUT [21206990],HUM RELATIVA,Humedad relativa del aire a 2 metros media diaria,2006-04-25 00:00,%,82.9285714285714,Preliminar
21206990,TIBAITATA - AUT [21206990],HUM RELATIVA,Humedad relativa del aire a 2 metros media diaria,2006-04-26 00:00,%,92.3958333333333,Preliminar
21206990,TIBAITATA - AUT [21206990],HUM RELATIVA,Humedad relativa del aire a 2 metros media diaria,2006-04-27 00:00,%,93.1666666666667,Preliminar
21206990,TIBAITATA - AUT [21206990],HUM RELATIVA,Humedad relativa del aire a 2 metros media diaria,2006-04-28 00:00,%,90.2916666666667,Preliminar
21206990,TIBAITATA - AUT [21206990],HUM RELATIVA,Humedad relativa del aire a 2 metros media diaria,2006-04-29 00:00,%,86.3636363636364,Preliminar
21206990,TIBAITATA - AUT [21206990],HUM RELATIVA,Humedad relativa del aire a 2 metros media diaria,2006-04-30 00:00,%,93.2727272727273,Preliminar
21206990,TIBAITATA - AUT [21206990],HUM RELATIVA,Humedad relativa del aire a 2 metros media diaria,2006-05-01 00:00,%,89.4166666666667,Preliminar
21206990,TIBAITATA - AUT [21206990],HUM RELATIVA,Humedad relativa del aire a 2 metros media diaria,2006-05-02 00:00,%,91.4772727272727,Preliminar
21206990,TIBAITATA - AUT [21206990],HUM RELATIVA,Humedad relativa del aire a 2 metros media diaria,2006-05-03 00:00,%,90.9318181818182,Preliminar
21206990,TIBAITATA - AUT [21206990],HUM RELATIVA,Humedad relativa del aire a 2 metros media diaria,2006-05-04 00:00,%,92.0833333333333,Preliminar
21206990,TIBAITATA - AUT [21206990],HUM RELATIVA,Humedad relativa del aire a 2 metros media diaria,2006-05-05 00:00,%,93.8846153846154,Preliminar
21206990,TIBAITATA - AUT [21206990],HUM RELATIVA,Humedad relativa del aire a 2 metros media diaria,2006-05-08 00:00,%,85.4,Preliminar
21206990,TIBAITATA - AUT [21206990],HUM RELATIVA,Humedad relativa del aire a 2 metros media diaria,2006-05-09 00:00,%,90.7916666666667,Preliminar
21206990,TIBAITATA - AUT [21206990],HUM RELATIVA,Humedad relativa del aire a 2 metros media diaria,2006-05-10 00:00,%,93.9583333333333,Preliminar
21206990,TIBAITATA - AUT [21206990],HUM RELATIVA,Humedad relativa del aire a 2 metros media diaria,2006-05-11 00:00,%,93.4545454545454,Preliminar
21206990,TIBAITATA - AUT [21206990],HUM RELATIVA,Humedad relativa del aire a 2 metros media diaria,2006-05-12 00:00,%,90.25,Preliminar
21206990,TIBAITATA - AUT [21206990],HUM RELATIVA,Humedad relativa del aire a 2 metros media diaria,2006-05-13 00:00,%,81.1470588235294,Preliminar
21206990,TIBAITATA - AUT [21206990],HUM RELATIVA,Humedad relativa del aire a 2 metros media diaria,2006-05-15 00:00,%,85.3958333333333,Preliminar
21206990,TIBAITATA - AUT [21206990],HUM RELATIVA,Humedad relativa del aire a 2 metros media diaria,2006-05-16 00:00,%,89.3541666666667,Preliminar
21206990,TIBAITATA - AUT [21206990],HUM RELATIVA,Humedad relativa del aire a 2 metros media diaria,2006-05-17 00:00,%,93.5,Preliminar
21206990,TIBAITATA - AUT [21206990],HUM RELATIVA,Humedad relativa del aire a 2 metros media diaria,2006-05-18 00:00,%,85.6666666666667,Preliminar
21206990,TIBAITATA - AUT [21206990],HUM RELATIVA,Humedad relativa del aire a 2 metros media diaria,2006-05-19 00:00,%,91.125,Preliminar
21206990,TIBAITATA - AUT [21206990],HUM RELATIVA,Humedad relativa del aire a 2 metros media diaria,2006-05-20 00:00,%,90.6904761904762,Preliminar
21206990,TIBAITATA - AUT [21206990],HUM RELATIVA,Humedad relativa del aire a 2 metros media diaria,2006-05-21 00:00,%,85.6458333333333,Preliminar
21206990,TIBAITATA - AUT [21206990],HUM RELATIVA,Humedad relativa del aire a 2 metros media diaria,2006-05-22 00:00,%,75.9090909090909,Preliminar
21206990,TIBAITATA - AUT [21206990],HUM RELATIVA,Humedad relativa del aire a 2 metros media diaria,2006-05-23 00:00,%,74.5625,Preliminar
21206990,TIBAITATA - AUT [21206990],HUM RELATIVA,Humedad relativa del aire a 2 metros media diaria,2006-05-24 00:00,%,87.7142857142857,Preliminar
21206990,TIBAITATA - AUT [21206990],HUM RELATIVA,Humedad relativa del aire a 2 metros media diaria,2006-05-25 00:00,%,82.4285714285714,Preliminar
21206990,TIBAITATA - AUT [21206990],HUM RELATIVA,Humedad relativa del aire a 2 metros media diaria,2006-05-26 00:00,%,84.7608695652174,Preliminar
21206990,TIBAITATA - AUT [21206990],HUM RELATIVA,Humedad relativa del aire a 2 metros media diaria,2006-05-27 00:00,%,87.0909090909091,Preliminar
21206990,TIBAITATA - AUT [21206990],HUM RELATIVA,Humedad relativa del aire a 2 metros media diaria,2006-05-28 00:00,%,90.4166666666667,Preliminar
21206990,TIBAITATA - AUT [21206990],HUM RELATIVA,Humedad relativa del aire a 2 metros media diaria,2006-05-29 00:00,%,81.6764705882353,Preliminar
21206990,TIBAITATA - AUT [21206990],HUM RELATIVA,Humedad relativa del aire a 2 metros media diaria,2006-05-30 00:00,%,79.7954545454546,Preliminar
21206990,TIBAITATA - AUT [21206990],HUM RELATIVA,Humedad relativa del aire a 2 metros media diaria,2006-05-31 00:00,%,81.6666666666667,Preliminar
21206990,TIBAITATA - AUT [21206990],HUM RELATIVA,Humedad relativa del aire a 2 metros media diaria,2006-06-01 00:00,%,87.6666666666667,Preliminar
21206990,TIBAITATA - AUT [21206990],HUM RELATIVA,Humedad relativa del aire a 2 metros media diaria,2006-06-02 00:00,%,84.1818181818182,Preliminar
21206990,TIBAITATA - AUT [21206990],HUM RELATIVA,Humedad relativa del aire a 2 metros media diaria,2006-06-03 00:00,%,89.9583333333333,Preliminar
21206990,TIBAITATA - AUT [21206990],HUM RELATIVA,Humedad relativa del aire a 2 metros media diaria,2006-06-04 00:00,%,90.7727272727273,Preliminar
21206990,TIBAITATA - AUT [21206990],HUM RELATIVA,Humedad relativa del aire a 2 metros media diaria,2006-06-05 00:00,%,91.4583333333333,Preliminar
21206990,TIBAITATA - AUT [21206990],HUM RELATIVA,Humedad relativa del aire a 2 metros media diaria,2006-06-06 00:00,%,91.1666666666667,Preliminar
21206990,TIBAITATA - AUT [21206990],HUM RELATIVA,Humedad relativa del aire a 2 metros media diaria,2006-06-07 00:00,%,92.6666666666667,Preliminar
21206990,TIBAITATA - AUT [21206990],HUM RELATIVA,Humedad relativa del aire a 2 metros media diaria,2006-06-08 00:00,%,94.5833333333333,Preliminar
21206990,TIBAITATA - AUT [21206990],HUM RELATIVA,Humedad relativa del aire a 2 metros media diaria,2006-06-09 00:00,%,91.3333333333333,Preliminar
21206990,TIBAITATA - AUT [21206990],HUM RELATIVA,Humedad relativa del aire a 2 metros media diaria,2006-06-10 00:00,%,90.875,Preliminar
21206990,TIBAITATA - AUT [21206990],HUM RELATIVA,Humedad relativa del aire a 2 metros media diaria,2006-06-11 00:00,%,92.7916666666667,Preliminar
21206990,TIBAITATA - AUT [21206990],HUM RELATIVA,Humedad relativa del aire a 2 metros media diaria,2006-06-12 00:00,%,82.7916666666667,Preliminar
21206990,TIBAITATA - AUT [21206990],HUM RELATIVA,Humedad relativa del aire a 2 metros media diaria,2006-06-13 00:00,%,81.3125,Preliminar
21206990,TIBAITATA - AUT [21206990],HUM RELATIVA,Humedad relativa del aire a 2 metros media diaria,2006-06-14 00:00,%,88.9166666666667,Preliminar
21206990,TIBAITATA - AUT [21206990],HUM RELATIVA,Humedad relativa del aire a 2 metros media diaria,2006-06-15 00:00,%,85.5952380952381,Preliminar
21206990,TIBAITATA - AUT [21206990],HUM RELATIVA,Humedad relativa del aire a 2 metros media diaria,2006-06-16 00:00,%,83.7708333333333,Preliminar
21206990,TIBAITATA - AUT [21206990],HUM RELATIVA,Humedad relativa del aire a 2 metros media diaria,2006-06-17 00:00,%,83.3863636363636,Preliminar
21206990,TIBAITATA - AUT [21206990],HUM RELATIVA,Humedad relativa del aire a 2 metros media diaria,2006-06-18 00:00,%,83.4782608695652,Preliminar
21206990,TIBAITATA - AUT [21206990],HUM RELATIVA,Humedad relativa del aire a 2 metros media diaria,2006-06-19 00:00,%,81.8181818181818,Preliminar
21206990,TIBAITATA - AUT [21206990],HUM RELATIVA,Humedad relativa del aire a 2 metros media diaria,2006-06-20 00:00,%,83.6666666666667,Preliminar
21206990,TIBAITATA - AUT [21206990],HUM RELATIVA,Humedad relativa del aire a 2 metros media diaria,2006-06-21 00:00,%,86.4791666666667,Preliminar
21206990,TIBAITATA - AUT [21206990],HUM RELATIVA,Humedad relativa del aire a 2 metros media diaria,2006-06-22 00:00,%,80.2916666666667,Preliminar
21206990,TIBAITATA - AUT [21206990],HUM RELATIVA,Humedad relativa del aire a 2 metros media diaria,2006-06-23 00:00,%,77.525,Preliminar
21206990,TIBAITATA - AUT [21206990],HUM RELATIVA,Humedad relativa del aire a 2 metros media diaria,2006-06-24 00:00,%,83.0217391304348,Preliminar
21206990,TIBAITATA - AUT [21206990],HUM RELATIVA,Humedad relativa del aire a 2 metros media diaria,2006-06-25 00:00,%,83.3913043478261,Preliminar
21206990,TIBAITATA - AUT [21206990],HUM RELATIVA,Humedad relativa del aire a 2 metros media diaria,2006-06-26 00:00,%,81.6458333333333,Preliminar
21206990,TIBAITATA - AUT [21206990],HUM RELATIVA,Humedad relativa del aire a 2 metros media diaria,2006-06-27 00:00,%,82.7954545454546,Preliminar
21206990,TIBAITATA - AUT [21206990],HUM RELATIVA,Humedad relativa del aire a 2 metros media diaria,2006-06-28 00:00,%,80.125,Preliminar
21206990,TIBAITATA - AUT [21206990],HUM RELATIVA,Humedad relativa del aire a 2 metros media diaria,2006-06-29 00:00,%,78.2083333333333,Preliminar
21206990,TIBAITATA - AUT [21206990],HUM RELATIVA,Humedad relativa del aire a 2 metros media diaria,2006-07-03 00:00,%,81.9375,Preliminar
21206990,TIBAITATA - AUT [21206990],HUM RELATIVA,Humedad relativa del aire a 2 metros media diaria,2006-07-04 00:00,%,82.75,Preliminar
21206990,TIBAITATA - AUT [21206990],HUM RELATIVA,Humedad relativa del aire a 2 metros media diaria,2006-07-06 00:00,%,81.9583333333333,Preliminar
21206990,TIBAITATA - AUT [21206990],HUM RELATIVA,Humedad relativa del aire a 2 metros media diaria,2006-07-07 00:00,%,76.6666666666667,Preliminar
21206990,TIBAITATA - AUT [21206990],HUM RELATIVA,Humedad relativa del aire a 2 metros media diaria,2006-07-08 00:00,%,74,Preliminar
21206990,TIBAITATA - AUT [21206990],HUM RELATIVA,Humedad relativa del aire a 2 metros media diaria,2006-07-09 00:00,%,82.0909090909091,Preliminar
21206990,TIBAITATA - AUT [21206990],HUM RELATIVA,Humedad relativa del aire a 2 metros media diaria,2006-07-10 00:00,%,80.6818181818182,Preliminar
21206990,TIBAITATA - AUT [21206990],HUM RELATIVA,Humedad relativa del aire a 2 metros media diaria,2006-07-11 00:00,%,81.2894736842105,Preliminar
21206990,TIBAITATA - AUT [21206990],HUM RELATIVA,Humedad relativa del aire a 2 metros media diaria,2006-07-12 00:00,%,76.3125,Preliminar
21206990,TIBAITATA - AUT [21206990],HUM RELATIVA,Humedad relativa del aire a 2 metros media diaria,2006-07-13 00:00,%,79.0909090909091,Preliminar
21206990,TIBAITATA - AUT [21206990],HUM RELATIVA,Humedad relativa del aire a 2 metros media diaria,2006-07-14 00:00,%,80.8695652173913,Preliminar
21206990,TIBAITATA - AUT [21206990],HUM RELATIVA,Humedad relativa del aire a 2 metros media diaria,2006-07-16 00:00,%,80.8913043478261,Preliminar
21206990,TIBAITATA - AUT [21206990],HUM RELATIVA,Humedad relativa del aire a 2 metros media diaria,2006-07-17 00:00,%,75.6190476190476,Preliminar
21206990,TIBAITATA - AUT [21206990],HUM RELATIVA,Humedad relativa del aire a 2 metros media diaria,2006-07-18 00:00,%,81.125,Preliminar
21206990,TIBAITATA - AUT [21206990],HUM RELATIVA,Humedad relativa del aire a 2 metros media diaria,2006-07-21 00:00,%,78.875,Preliminar
21206990,TIBAITATA - AUT [21206990],HUM RELATIVA,Humedad relativa del aire a 2 metros media diaria,2006-07-22 00:00,%,83.2083333333333,Preliminar
21206990,TIBAITATA - AUT [21206990],HUM RELATIVA,Humedad relativa del aire a 2 metros media diaria,2006-07-23 00:00,%,75.9583333333333,Preliminar
21206990,TIBAITATA - AUT [21206990],HUM RELATIVA,Humedad relativa del aire a 2 metros media diaria,2006-07-24 00:00,%,74.0416666666667,Preliminar
21206990,TIBAITATA - AUT [21206990],HUM RELATIVA,Humedad relativa del aire a 2 metros media diaria,2006-07-25 00:00,%,75.7708333333333,Preliminar
21206990,TIBAITATA - AUT [21206990],HUM RELATIVA,Humedad relativa del aire a 2 metros media diaria,2006-07-26 00:00,%,75,Preliminar
21206990,TIBAITATA - AUT [21206990],HUM RELATIVA,Humedad relativa del aire a 2 metros media diaria,2006-07-30 00:00,%,77.3409090909091,Preliminar
21206990,TIBAITATA - AUT [21206990],HUM RELATIVA,Humedad relativa del aire a 2 metros media diaria,2006-07-31 00:00,%,81.3863636363636,Preliminar
21206990,TIBAITATA - AUT [21206990],HUM RELATIVA,Humedad relativa del aire a 2 metros media diaria,2006-08-01 00:00,%,75.175,Preliminar
21206990,TIBAITATA - AUT [21206990],HUM RELATIVA,Humedad relativa del aire a 2 metros media diaria,2006-08-02 00:00,%,71,Preliminar
21206990,TIBAITATA - AUT [21206990],HUM RELATIVA,Humedad relativa del aire a 2 metros media diaria,2006-08-03 00:00,%,73.2826086956522,Preliminar
21206990,TIBAITATA - AUT [21206990],HUM RELATIVA,Humedad relativa del aire a 2 metros media diaria,2006-08-04 00:00,%,77.2272727272727,Preliminar
21206990,TIBAITATA - AUT [21206990],HUM RELATIVA,Humedad relativa del aire a 2 metros media diaria,2006-08-05 00:00,%,73.8095238095238,Preliminar
21206990,TIBAITATA - AUT [21206990],HUM RELATIVA,Humedad relativa del aire a 2 metros media diaria,2006-08-06 00:00,%,78.1666666666667,Preliminar
21206990,TIBAITATA - AUT [21206990],HUM RELATIVA,Humedad relativa del aire a 2 metros media diaria,2006-08-07 00:00,%,93.21875,Preliminar
21206990,TIBAITATA - AUT [21206990],HUM RELATIVA,Humedad relativa del aire a 2 metros media diaria,2006-08-08 00:00,%,82.7291666666667,Preliminar
21206990,TIBAITATA - AUT [21206990],HUM RELATIVA,Humedad relativa del aire a 2 metros media diaria,2006-08-09 00:00,%,80.3125,Preliminar
21206990,TIBAITATA - AUT [21206990],HUM RELATIVA,Humedad relativa del aire a 2 metros media diaria,2006-08-10 00:00,%,71.1458333333333,Preliminar
21206990,TIBAITATA - AUT [21206990],HUM RELATIVA,Humedad relativa del aire a 2 metros media diaria,2006-08-11 00:00,%,75.9583333333333,Preliminar
21206990,TIBAITATA - AUT [21206990],HUM RELATIVA,Humedad relativa del aire a 2 metros media diaria,2006-08-12 00:00,%,68.4166666666667,Preliminar
21206990,TIBAITATA - AUT [21206990],HUM RELATIVA,Humedad relativa del aire a 2 metros media diaria,2006-08-13 00:00,%,76.6875,Preliminar
21206990,TIBAITATA - AUT [21206990],HUM RELATIVA,Humedad relativa del aire a 2 metros media diaria,2006-08-14 00:00,%,74.8636363636364,Preliminar
21206990,TIBAITATA - AUT [21206990],HUM RELATIVA,Humedad relativa del aire a 2 metros media diaria,2006-08-15 00:00,%,77.8055555555556,Preliminar
21206990,TIBAITATA - AUT [21206990],HUM RELATIVA,Humedad relativa del aire a 2 metros media diaria,2006-08-16 00:00,%,82.1590909090909,Preliminar
21206990,TIBAITATA - AUT [21206990],HUM RELATIVA,Humedad relativa del aire a 2 metros media diaria,2006-08-18 00:00,%,86.1428571428571,Preliminar
21206990,TIBAITATA - AUT [21206990],HUM RELATIVA,Humedad relativa del aire a 2 metros media diaria,2006-08-19 00:00,%,78.3846153846154,Preliminar
21206990,TIBAITATA - AUT [21206990],HUM RELATIVA,Humedad relativa del aire a 2 metros media diaria,2006-08-20 00:00,%,72.6666666666667,Preliminar
21206990,TIBAITATA - AUT [21206990],HUM RELATIVA,Humedad relativa del aire a 2 metros media diaria,2006-08-21 00:00,%,74.2727272727273,Preliminar
21206990,TIBAITATA - AUT [21206990],HUM RELATIVA,Humedad relativa del aire a 2 metros media diaria,2006-08-22 00:00,%,76.2083333333333,Preliminar
21206990,TIBAITATA - AUT [21206990],HUM RELATIVA,Humedad relativa del aire a 2 metros media diaria,2006-08-23 00:00,%,82.4545454545454,Preliminar
21206990,TIBAITATA - AUT [21206990],HUM RELATIVA,Humedad relativa del aire a 2 metros media diaria,2006-08-24 00:00,%,83.7631578947368,Preliminar
21206990,TIBAITATA - AUT [21206990],HUM RELATIVA,Humedad relativa del aire a 2 metros media diaria,2006-08-25 00:00,%,88.2045454545454,Preliminar
21206990,TIBAITATA - AUT [21206990],HUM RELATIVA,Humedad relativa del aire a 2 metros media diaria,2006-08-26 00:00,%,84.1041666666667,Preliminar
21206990,TIBAITATA - AUT [21206990],HUM RELATIVA,Humedad relativa del aire a 2 metros media diaria,2006-08-27 00:00,%,88.4166666666667,Preliminar
21206990,TIBAITATA - AUT [21206990],HUM RELATIVA,Humedad relativa del aire a 2 metros media diaria,2006-08-28 00:00,%,85.4166666666667,Preliminar
21206990,TIBAITATA - AUT [21206990],HUM RELATIVA,Humedad relativa del aire a 2 metros media diaria,2006-08-29 00:00,%,83.2291666666667,Preliminar
21206990,TIBAITATA - AUT [21206990],HUM RELATIVA,Humedad relativa del aire a 2 metros media diaria,2006-08-30 00:00,%,78.3409090909091,Preliminar
21206990,TIBAITATA - AUT [21206990],HUM RELATIVA,Humedad relativa del aire a 2 metros media diaria,2006-08-31 00:00,%,77.3235294117647,Preliminar
21206990,TIBAITATA - AUT [21206990],HUM RELATIVA,Humedad relativa del aire a 2 metros media diaria,2006-09-01 00:00,%,76.8125,Preliminar
21206990,TIBAITATA - AUT [21206990],HUM RELATIVA,Humedad relativa del aire a 2 metros media diaria,2006-09-02 00:00,%,83,Preliminar
21206990,TIBAITATA - AUT [21206990],HUM RELATIVA,Humedad relativa del aire a 2 metros media diaria,2006-09-03 00:00,%,77.3055555555556,Preliminar
21206990,TIBAITATA - AUT [21206990],HUM RELATIVA,Humedad relativa del aire a 2 metros media diaria,2006-09-04 00:00,%,85.2272727272727,Preliminar
21206990,TIBAITATA - AUT [21206990],HUM RELATIVA,Humedad relativa del aire a 2 metros media diaria,2006-09-05 00:00,%,80.4761904761905,Preliminar
21206990,TIBAITATA - AUT [21206990],HUM RELATIVA,Humedad relativa del aire a 2 metros media diaria,2006-09-06 00:00,%,81.3823529411765,Preliminar
21206990,TIBAITATA - AUT [21206990],HUM RELATIVA,Humedad relativa del aire a 2 metros media diaria,2006-09-07 00:00,%,87.5833333333333,Preliminar
21206990,TIBAITATA - AUT [21206990],HUM RELATIVA,Humedad relativa del aire a 2 metros media diaria,2006-09-08 00:00,%,81.5227272727273,Preliminar
21206990,TIBAITATA - AUT [21206990],HUM RELATIVA,Humedad relativa del aire a 2 metros media diaria,2006-09-09 00:00,%,78.5416666666667,Preliminar
21206990,TIBAITATA - AUT [21206990],HUM RELATIVA,Humedad relativa del aire a 2 metros media diaria,2006-09-10 00:00,%,77.0625,Preliminar
21206990,TIBAITATA - AUT [21206990],HUM RELATIVA,Humedad relativa del aire a 2 metros media diaria,2006-09-11 00:00,%,75.625,Preliminar
21206990,TIBAITATA - AUT [21206990],HUM RELATIVA,Humedad relativa del aire a 2 metros media diaria,2006-09-12 00:00,%,83.5416666666667,Preliminar
21206990,TIBAITATA - AUT [21206990],HUM RELATIVA,Humedad relativa del aire a 2 metros media diaria,2006-09-13 00:00,%,81.1818181818182,Preliminar
21206990,TIBAITATA - AUT [21206990],HUM RELATIVA,Humedad relativa del aire a 2 metros media diaria,2006-09-14 00:00,%,78.7142857142857,Preliminar
21206990,TIBAITATA - AUT [21206990],HUM RELATIVA,Humedad relativa del aire a 2 metros media diaria,2006-09-15 00:00,%,83.5208333333333,Preliminar
21206990,TIBAITATA - AUT [21206990],HUM RELATIVA,Humedad relativa del aire a 2 metros media diaria,2006-09-16 00:00,%,81.4047619047619,Preliminar
21206990,TIBAITATA - AUT [21206990],HUM RELATIVA,Humedad relativa del aire a 2 metros media diaria,2006-09-17 00:00,%,82.3333333333333,Preliminar
21206990,TIBAITATA - AUT [21206990],HUM RELATIVA,Humedad relativa del aire a 2 metros media diaria,2006-09-18 00:00,%,92.1666666666667,Preliminar
21206990,TIBAITATA - AUT [21206990],HUM RELATIVA,Humedad relativa del aire a 2 metros media diaria,2006-09-19 00:00,%,81.7916666666667,Preliminar
21206990,TIBAITATA - AUT [21206990],HUM RELATIVA,Humedad relativa del aire a 2 metros media diaria,2006-09-20 00:00,%,73.0681818181818,Preliminar
21206990,TIBAITATA - AUT [21206990],HUM RELATIVA,Humedad relativa del aire a 2 metros media diaria,2006-09-21 00:00,%,81.125,Preliminar
21206990,TIBAITATA - AUT [21206990],HUM RELATIVA,Humedad relativa del aire a 2 metros media diaria,2006-09-22 00:00,%,83.1578947368421,Preliminar
21206990,TIBAITATA - AUT [21206990],HUM RELATIVA,Humedad relativa del aire a 2 metros media diaria,2006-09-23 00:00,%,76.3333333333333,Preliminar
21206990,TIBAITATA - AUT [21206990],HUM RELATIVA,Humedad relativa del aire a 2 metros media diaria,2006-09-24 00:00,%,78.1875,Preliminar
21206990,TIBAITATA - AUT [21206990],HUM RELATIVA,Humedad relativa del aire a 2 metros media diaria,2006-09-25 00:00,%,78.3863636363636,Preliminar
21206990,TIBAITATA - AUT [21206990],HUM RELATIVA,Humedad relativa del aire a 2 metros media diaria,2006-09-26 00:00,%,80.7857142857143,Preliminar
21206990,TIBAITATA - AUT [21206990],HUM RELATIVA,Humedad relativa del aire a 2 metros media diaria,2006-09-27 00:00,%,76.8409090909091,Preliminar
21206990,TIBAITATA - AUT [21206990],HUM RELATIVA,Humedad relativa del aire a 2 metros media diaria,2006-09-28 00:00,%,78.9772727272727,Preliminar
21206990,TIBAITATA - AUT [21206990],HUM RELATIVA,Humedad relativa del aire a 2 metros media diaria,2006-09-29 00:00,%,82.0909090909091,Preliminar
21206990,TIBAITATA - AUT [21206990],HUM RELATIVA,Humedad relativa del aire a 2 metros media diaria,2006-09-30 00:00,%,80.1590909090909,Preliminar
21206990,TIBAITATA - AUT [21206990],HUM RELATIVA,Humedad relativa del aire a 2 metros media diaria,2006-10-01 00:00,%,79.6041666666667,Preliminar
21206990,TIBAITATA - AUT [21206990],HUM RELATIVA,Humedad relativa del aire a 2 metros media diaria,2006-10-02 00:00,%,82.0238095238095,Preliminar
21206990,TIBAITATA - AUT [21206990],HUM RELATIVA,Humedad relativa del aire a 2 metros media diaria,2006-10-03 00:00,%,84.6875,Preliminar
21206990,TIBAITATA - AUT [21206990],HUM RELATIVA,Humedad relativa del aire a 2 metros media diaria,2006-10-04 00:00,%,81.5454545454546,Preliminar
21206990,TIBAITATA - AUT [21206990],HUM RELATIVA,Humedad relativa del aire a 2 metros media diaria,2006-10-05 00:00,%,78.1875,Preliminar
21206990,TIBAITATA - AUT [21206990],HUM RELATIVA,Humedad relativa del aire a 2 metros media diaria,2006-10-06 00:00,%,74.0681818181818,Preliminar
21206990,TIBAITATA - AUT [21206990],HUM RELATIVA,Humedad relativa del aire a 2 metros media diaria,2006-10-07 00:00,%,72.0208333333333,Preliminar
21206990,TIBAITATA - AUT [21206990],HUM RELATIVA,Humedad relativa del aire a 2 metros media diaria,2006-10-08 00:00,%,77.6136363636364,Preliminar
21206990,TIBAITATA - AUT [21206990],HUM RELATIVA,Humedad relativa del aire a 2 metros media diaria,2006-10-09 00:00,%,81.4772727272727,Preliminar
21206990,TIBAITATA - AUT [21206990],HUM RELATIVA,Humedad relativa del aire a 2 metros media diaria,2006-10-10 00:00,%,86.1818181818182,Preliminar
21206990,TIBAITATA - AUT [21206990],HUM RELATIVA,Humedad relativa del aire a 2 metros media diaria,2006-10-11 00:00,%,87.2,Preliminar
21206990,TIBAITATA - AUT [21206990],HUM RELATIVA,Humedad relativa del aire a 2 metros media diaria,2006-10-12 00:00,%,93.1666666666667,Preliminar
21206990,TIBAITATA - AUT [21206990],HUM RELATIVA,Humedad relativa del aire a 2 metros media diaria,2006-10-13 00:00,%,92.525,Preliminar
21206990,TIBAITATA - AUT [21206990],HUM RELATIVA,Humedad relativa del aire a 2 metros media diaria,2006-10-15 00:00,%,91.4583333333333,Preliminar
21206990,TIBAITATA - AUT [21206990],HUM RELATIVA,Humedad relativa del aire a 2 metros media diaria,2006-10-16 00:00,%,90.4583333333333,Preliminar
21206990,TIBAITATA - AUT [21206990],HUM RELATIVA,Humedad relativa del aire a 2 metros media diaria,2006-10-17 00:00,%,90.1,Preliminar
21206990,TIBAITATA - AUT [21206990],HUM RELATIVA,Humedad relativa del aire a 2 metros media diaria,2006-10-18 00:00,%,83.8181818181818,Preliminar
21206990,TIBAITATA - AUT [21206990],HUM RELATIVA,Humedad relativa del aire a 2 metros media diaria,2006-10-19 00:00,%,88.3181818181818,Preliminar
21206990,TIBAITATA - AUT [21206990],HUM RELATIVA,Humedad relativa del aire a 2 metros media diaria,2006-10-20 00:00,%,83.7045454545454,Preliminar
21206990,TIBAITATA - AUT [21206990],HUM RELATIVA,Humedad relativa del aire a 2 metros media diaria,2006-10-21 00:00,%,87.5681818181818,Preliminar
21206990,TIBAITATA - AUT [21206990],HUM RELATIVA,Humedad relativa del aire a 2 metros media diaria,2006-10-22 00:00,%,90.6041666666667,Preliminar
21206990,TIBAITATA - AUT [21206990],HUM RELATIVA,Humedad relativa del aire a 2 metros media diaria,2006-10-23 00:00,%,91.3,Preliminar
21206990,TIBAITATA - AUT [21206990],HUM RELATIVA,Humedad relativa del aire a 2 metros media diaria,2006-10-24 00:00,%,84.6590909090909,Preliminar
21206990,TIBAITATA - AUT [21206990],HUM RELATIVA,Humedad relativa del aire a 2 metros media diaria,2006-10-25 00:00,%,80.8529411764706,Preliminar
21206990,TIBAITATA - AUT [21206990],HUM RELATIVA,Humedad relativa del aire a 2 metros media diaria,2006-10-26 00:00,%,88.9583333333333,Preliminar
21206990,TIBAITATA - AUT [21206990],HUM RELATIVA,Humedad relativa del aire a 2 metros media diaria,2006-10-27 00:00,%,85.9583333333333,Preliminar
21206990,TIBAITATA - AUT [21206990],HUM RELATIVA,Humedad relativa del aire a 2 metros media diaria,2006-10-28 00:00,%,87.6666666666667,Preliminar
21206990,TIBAITATA - AUT [21206990],HUM RELATIVA,Humedad relativa del aire a 2 metros media diaria,2006-10-29 00:00,%,91.375,Preliminar
21206990,TIBAITATA - AUT [21206990],HUM RELATIVA,Humedad relativa del aire a 2 metros media diaria,2006-10-30 00:00,%,93,Preliminar
21206990,TIBAITATA - AUT [21206990],HUM RELATIVA,Humedad relativa del aire a 2 metros media diaria,2006-10-31 00:00,%,86.375,Preliminar
21206990,TIBAITATA - AUT [21206990],HUM RELATIVA,Humedad relativa del aire a 2 metros media diaria,2006-11-01 00:00,%,85.2916666666667,Preliminar
21206990,TIBAITATA - AUT [21206990],HUM RELATIVA,Humedad relativa del aire a 2 metros media diaria,2006-11-02 00:00,%,89.5,Preliminar
21206990,TIBAITATA - AUT [21206990],HUM RELATIVA,Humedad relativa del aire a 2 metros media diaria,2006-11-03 00:00,%,81.5625,Preliminar
21206990,TIBAITATA - AUT [21206990],HUM RELATIVA,Humedad relativa del aire a 2 metros media diaria,2006-11-04 00:00,%,76.625,Preliminar
21206990,TIBAITATA - AUT [21206990],HUM RELATIVA,Humedad relativa del aire a 2 metros media diaria,2006-11-05 00:00,%,89.3541666666667,Preliminar
21206990,TIBAITATA - AUT [21206990],HUM RELATIVA,Humedad relativa del aire a 2 metros media diaria,2006-11-06 00:00,%,84.6315789473684,Preliminar
21206990,TIBAITATA - AUT [21206990],HUM RELATIVA,Humedad relativa del aire a 2 metros media diaria,2006-11-07 00:00,%,86.625,Preliminar
21206990,TIBAITATA - AUT [21206990],HUM RELATIVA,Humedad relativa del aire a 2 metros media diaria,2006-11-08 00:00,%,93.4090909090909,Preliminar
21206990,TIBAITATA - AUT [21206990],HUM RELATIVA,Humedad relativa del aire a 2 metros media diaria,2006-11-09 00:00,%,91.0416666666667,Preliminar
21206990,TIBAITATA - AUT [21206990],HUM RELATIVA,Humedad relativa del aire a 2 metros media diaria,2006-11-10 00:00,%,88.5681818181818,Preliminar
21206990,TIBAITATA - AUT [21206990],HUM RELATIVA,Humedad relativa del aire a 2 metros media diaria,2006-11-11 00:00,%,80.6363636363636,Preliminar
21206990,TIBAITATA - AUT [21206990],HUM RELATIVA,Humedad relativa del aire a 2 metros media diaria,2006-11-12 00:00,%,88.4166666666667,Preliminar
21206990,TIBAITATA - AUT [21206990],HUM RELATIVA,Humedad relativa del aire a 2 metros media diaria,2006-11-13 00:00,%,92.8863636363636,Preliminar
21206990,TIBAITATA - AUT [21206990],HUM RELATIVA,Humedad relativa del aire a 2 metros media diaria,2006-11-14 00:00,%,91.1666666666667,Preliminar
21206990,TIBAITATA - AUT [21206990],HUM RELATIVA,Humedad relativa del aire a 2 metros media diaria,2006-11-23 00:00,%,84.6904761904762,Preliminar
21206990,TIBAITATA - AUT [21206990],HUM RELATIVA,Humedad relativa del aire a 2 metros media diaria,2006-11-24 00:00,%,89.5227272727273,Preliminar
21206990,TIBAITATA - AUT [21206990],HUM RELATIVA,Humedad relativa del aire a 2 metros media diaria,2006-11-25 00:00,%,88.7,Preliminar
21206990,TIBAITATA - AUT [21206990],HUM RELATIVA,Humedad relativa del aire a 2 metros media diaria,2006-11-26 00:00,%,84.8333333333333,Preliminar
21206990,TIBAITATA - AUT [21206990],HUM RELATIVA,Humedad relativa del aire a 2 metros media diaria,2006-11-27 00:00,%,89.7083333333333,Preliminar
21206990,TIBAITATA - AUT [21206990],HUM RELATIVA,Humedad relativa del aire a 2 metros media diaria,2006-11-28 00:00,%,87.0869565217391,Preliminar
21206990,TIBAITATA - AUT [21206990],HUM RELATIVA,Humedad relativa del aire a 2 metros media diaria,2006-11-29 00:00,%,85.4047619047619,Preliminar
21206990,TIBAITATA - AUT [21206990],HUM RELATIVA,Humedad relativa del aire a 2 metros media diaria,2006-11-30 00:00,%,79.675,Preliminar
21206990,TIBAITATA - AUT [21206990],HUM RELATIVA,Humedad relativa del aire a 2 metros media diaria,2006-12-01 00:00,%,86.7083333333333,Preliminar
21206990,TIBAITATA - AUT [21206990],HUM RELATIVA,Humedad relativa del aire a 2 metros media diaria,2006-12-02 00:00,%,86.9166666666667,Preliminar
21206990,TIBAITATA - AUT [21206990],HUM RELATIVA,Humedad relativa del aire a 2 metros media diaria,2006-12-03 00:00,%,86.1363636363636,Preliminar
21206990,TIBAITATA - AUT [21206990],HUM RELATIVA,Humedad relativa del aire a 2 metros media diaria,2006-12-04 00:00,%,88.125,Preliminar
21206990,TIBAITATA - AUT [21206990],HUM RELATIVA,Humedad relativa del aire a 2 metros media diaria,2006-12-05 00:00,%,93.1666666666667,Preliminar
21206990,TIBAITATA - AUT [21206990],HUM RELATIVA,Humedad relativa del aire a 2 metros media diaria,2006-12-10 00:00,%,90.4772727272727,Preliminar
21206990,TIBAITATA - AUT [21206990],HUM RELATIVA,Humedad relativa del aire a 2 metros media diaria,2006-12-11 00:00,%,86.9166666666667,Preliminar
21206990,TIBAITATA - AUT [21206990],HUM RELATIVA,Humedad relativa del aire a 2 metros media diaria,2006-12-12 00:00,%,92.7083333333333,Preliminar
21206990,TIBAITATA - AUT [21206990],HUM RELATIVA,Humedad relativa del aire a 2 metros media diaria,2006-12-13 00:00,%,90.575,Preliminar
21206990,TIBAITATA - AUT [21206990],HUM RELATIVA,Humedad relativa del aire a 2 metros media diaria,2006-12-14 00:00,%,87.2272727272727,Preliminar
21206990,TIBAITATA - AUT [21206990],HUM RELATIVA,Humedad relativa del aire a 2 metros media diaria,2006-12-15 00:00,%,88.0208333333333,Preliminar
21206990,TIBAITATA - AUT [21206990],HUM RELATIVA,Humedad relativa del aire a 2 metros media diaria,2006-12-16 00:00,%,83.2708333333333,Preliminar
21206990,TIBAITATA - AUT [21206990],HUM RELATIVA,Humedad relativa del aire a 2 metros media diaria,2006-12-17 00:00,%,83.5625,Preliminar
21206990,TIBAITATA - AUT [21206990],HUM RELATIVA,Humedad relativa del aire a 2 metros media diaria,2006-12-18 00:00,%,84.6363636363636,Preliminar
21206990,TIBAITATA - AUT [21206990],HUM RELATIVA,Humedad relativa del aire a 2 metros media diaria,2006-12-19 00:00,%,84.2291666666667,Preliminar
21206990,TIBAITATA - AUT [21206990],HUM RELATIVA,Humedad relativa del aire a 2 metros media diaria,2006-12-20 00:00,%,85.8636363636364,Preliminar
21206990,TIBAITATA - AUT [21206990],HUM RELATIVA,Humedad relativa del aire a 2 metros media diaria,2006-12-22 00:00,%,81.8636363636364,Preliminar
21206990,TIBAITATA - AUT [21206990],HUM RELATIVA,Humedad relativa del aire a 2 metros media diaria,2006-12-23 00:00,%,87.5454545454546,Preliminar
21206990,TIBAITATA - AUT [21206990],HUM RELATIVA,Humedad relativa del aire a 2 metros media diaria,2006-12-24 00:00,%,79.5454545454546,Preliminar
21206990,TIBAITATA - AUT [21206990],HUM RELATIVA,Humedad relativa del aire a 2 metros media diaria,2006-12-25 00:00,%,81.7916666666667,Preliminar
21206990,TIBAITATA - AUT [21206990],HUM RELATIVA,Humedad relativa del aire a 2 metros media diaria,2006-12-26 00:00,%,84.8055555555556,Preliminar
21206990,TIBAITATA - AUT [21206990],HUM RELATIVA,Humedad relativa del aire a 2 metros media diaria,2006-12-27 00:00,%,85.9090909090909,Preliminar
21206990,TIBAITATA - AUT [21206990],HUM RELATIVA,Humedad relativa del aire a 2 metros media diaria,2006-12-28 00:00,%,80.8125,Preliminar
21206990,TIBAITATA - AUT [21206990],HUM RELATIVA,Humedad relativa del aire a 2 metros media diaria,2006-12-29 00:00,%,81.2727272727273,Preliminar
21206990,TIBAITATA - AUT [21206990],HUM RELATIVA,Humedad relativa del aire a 2 metros media diaria,2006-12-30 00:00,%,80.5909090909091,Preliminar
21206990,TIBAITATA - AUT [21206990],HUM RELATIVA,Humedad relativa del aire a 2 metros media diaria,2006-12-31 00:00,%,82.1590909090909,Preliminar
21206990,TIBAITATA - AUT [21206990],HUM RELATIVA,Humedad relativa del aire a 2 metros media diaria,2007-01-01 00:00,%,79.2291666666667,Preliminar
21206990,TIBAITATA - AUT [21206990],HUM RELATIVA,Humedad relativa del aire a 2 metros media diaria,2007-01-02 00:00,%,76.3125,Preliminar
21206990,TIBAITATA - AUT [21206990],HUM RELATIVA,Humedad relativa del aire a 2 metros media diaria,2007-01-03 00:00,%,68.85,Preliminar
21206990,TIBAITATA - AUT [21206990],HUM RELATIVA,Humedad relativa del aire a 2 metros media diaria,2007-01-04 00:00,%,74.7368421052632,Preliminar
21206990,TIBAITATA - AUT [21206990],HUM RELATIVA,Humedad relativa del aire a 2 metros media diaria,2007-01-05 00:00,%,79.2857142857143,Preliminar
21206990,TIBAITATA - AUT [21206990],HUM RELATIVA,Humedad relativa del aire a 2 metros media diaria,2007-01-06 00:00,%,83.625,Preliminar
21206990,TIBAITATA - AUT [21206990],HUM RELATIVA,Humedad relativa del aire a 2 metros media diaria,2007-01-07 00:00,%,82.9791666666667,Preliminar
21206990,TIBAITATA - AUT [21206990],HUM RELATIVA,Humedad relativa del aire a 2 metros media diaria,2007-01-08 00:00,%,88.975,Preliminar
21206990,TIBAITATA - AUT [21206990],HUM RELATIVA,Humedad relativa del aire a 2 metros media diaria,2007-01-09 00:00,%,87.7083333333333,Preliminar
21206990,TIBAITATA - AUT [21206990],HUM RELATIVA,Humedad relativa del aire a 2 metros media diaria,2007-01-10 00:00,%,80.0454545454546,Preliminar
21206990,TIBAITATA - AUT [21206990],HUM RELATIVA,Humedad relativa del aire a 2 metros media diaria,2007-01-11 00:00,%,81.5227272727273,Preliminar
21206990,TIBAITATA - AUT [21206990],HUM RELATIVA,Humedad relativa del aire a 2 metros media diaria,2007-01-12 00:00,%,80.4,Preliminar
21206990,TIBAITATA - AUT [21206990],HUM RELATIVA,Humedad relativa del aire a 2 metros media diaria,2007-01-13 00:00,%,77.9583333333333,Preliminar
21206990,TIBAITATA - AUT [21206990],HUM RELATIVA,Humedad relativa del aire a 2 metros media diaria,2007-01-14 00:00,%,77.5,Preliminar
21206990,TIBAITATA - AUT [21206990],HUM RELATIVA,Humedad relativa del aire a 2 metros media diaria,2007-01-15 00:00,%,74.1590909090909,Preliminar
21206990,TIBAITATA - AUT [21206990],HUM RELATIVA,Humedad relativa del aire a 2 metros media diaria,2007-01-16 00:00,%,72.875,Preliminar
21206990,TIBAITATA - AUT [21206990],HUM RELATIVA,Humedad relativa del aire a 2 metros media diaria,2007-01-17 00:00,%,83.975,Preliminar
21206990,TIBAITATA - AUT [21206990],HUM RELATIVA,Humedad relativa del aire a 2 metros media diaria,2007-01-18 00:00,%,80.2045454545454,Preliminar
21206990,TIBAITATA - AUT [21206990],HUM RELATIVA,Humedad relativa del aire a 2 metros media diaria,2007-01-19 00:00,%,76.5681818181818,Preliminar
21206990,TIBAITATA - AUT [21206990],HUM RELATIVA,Humedad relativa del aire a 2 metros media diaria,2007-01-20 00:00,%,79.9583333333333,Preliminar
21206990,TIBAITATA - AUT [21206990],HUM RELATIVA,Humedad relativa del aire a 2 metros media diaria,2007-01-21 00:00,%,80.4583333333333,Preliminar
21206990,TIBAITATA - AUT [21206990],HUM RELATIVA,Humedad relativa del aire a 2 metros media diaria,2007-01-22 00:00,%,80.0681818181818,Preliminar
21206990,TIBAITATA - AUT [21206990],HUM RELATIVA,Humedad relativa del aire a 2 metros media diaria,2007-01-23 00:00,%,77.6904761904762,Preliminar
21206990,TIBAITATA - AUT [21206990],HUM RELATIVA,Humedad relativa del aire a 2 metros media diaria,2007-01-24 00:00,%,76.46875,Preliminar
21206990,TIBAITATA - AUT [21206990],HUM RELATIVA,Humedad relativa del aire a 2 metros media diaria,2007-01-25 00:00,%,82.6458333333333,Preliminar
21206990,TIBAITATA - AUT [21206990],HUM RELATIVA,Humedad relativa del aire a 2 metros media diaria,2007-01-26 00:00,%,90.3125,Preliminar
21206990,TIBAITATA - AUT [21206990],HUM RELATIVA,Humedad relativa del aire a 2 metros media diaria,2007-01-27 00:00,%,85.25,Preliminar
21206990,TIBAITATA - AUT [21206990],HUM RELATIVA,Humedad relativa del aire a 2 metros media diaria,2007-01-28 00:00,%,73.9090909090909,Preliminar
21206990,TIBAITATA - AUT [21206990],HUM RELATIVA,Humedad relativa del aire a 2 metros media diaria,2007-01-29 00:00,%,80.4583333333333,Preliminar
21206990,TIBAITATA - AUT [21206990],HUM RELATIVA,Humedad relativa del aire a 2 metros media diaria,2007-01-30 00:00,%,81.75,Preliminar
21206990,TIBAITATA - AUT [21206990],HUM RELATIVA,Humedad relativa del aire a 2 metros media diaria,2007-01-31 00:00,%,81.0681818181818,Preliminar
21206990,TIBAITATA - AUT [21206990],HUM RELATIVA,Humedad relativa del aire a 2 metros media diaria,2007-02-01 00:00,%,68.0882352941176,Preliminar
21206990,TIBAITATA - AUT [21206990],HUM RELATIVA,Humedad relativa del aire a 2 metros media diaria,2007-02-02 00:00,%,69.7727272727273,Preliminar
21206990,TIBAITATA - AUT [21206990],HUM RELATIVA,Humedad relativa del aire a 2 metros media diaria,2007-02-03 00:00,%,71.3541666666667,Preliminar
21206990,TIBAITATA - AUT [21206990],HUM RELATIVA,Humedad relativa del aire a 2 metros media diaria,2007-02-04 00:00,%,65.225,Preliminar
21206990,TIBAITATA - AUT [21206990],HUM RELATIVA,Humedad relativa del aire a 2 metros media diaria,2007-02-05 00:00,%,80.2727272727273,Preliminar
21206990,TIBAITATA - AUT [21206990],HUM RELATIVA,Humedad relativa del aire a 2 metros media diaria,2007-02-06 00:00,%,74.6842105263158,Preliminar
21206990,TIBAITATA - AUT [21206990],HUM RELATIVA,Humedad relativa del aire a 2 metros media diaria,2007-02-07 00:00,%,73.5909090909091,Preliminar
21206990,TIBAITATA - AUT [21206990],HUM RELATIVA,Humedad relativa del aire a 2 metros media diaria,2007-02-08 00:00,%,76.95,Preliminar
21206990,TIBAITATA - AUT [21206990],HUM RELATIVA,Humedad relativa del aire a 2 metros media diaria,2007-02-09 00:00,%,85.3636363636364,Preliminar
21206990,TIBAITATA - AUT [21206990],HUM RELATIVA,Humedad relativa del aire a 2 metros media diaria,2007-02-10 00:00,%,84.2083333333333,Preliminar
21206990,TIBAITATA - AUT [21206990],HUM RELATIVA,Humedad relativa del aire a 2 metros media diaria,2007-02-11 00:00,%,77.25,Preliminar
21206990,TIBAITATA - AUT [21206990],HUM RELATIVA,Humedad relativa del aire a 2 metros media diaria,2007-02-12 00:00,%,77.8958333333333,Preliminar
21206990,TIBAITATA - AUT [21206990],HUM RELATIVA,Humedad relativa del aire a 2 metros media diaria,2007-02-13 00:00,%,73.4411764705882,Preliminar
21206990,TIBAITATA - AUT [21206990],HUM RELATIVA,Humedad relativa del aire a 2 metros media diaria,2007-02-14 00:00,%,81.675,Preliminar
21206990,TIBAITATA - AUT [21206990],HUM RELATIVA,Humedad relativa del aire a 2 metros media diaria,2007-02-15 00:00,%,84.75,Preliminar
21206990,TIBAITATA - AUT [21206990],HUM RELATIVA,Humedad relativa del aire a 2 metros media diaria,2007-02-16 00:00,%,80.35,Preliminar
21206990,TIBAITATA - AUT [21206990],HUM RELATIVA,Humedad relativa del aire a 2 metros media diaria,2007-02-17 00:00,%,75.125,Preliminar
21206990,TIBAITATA - AUT [21206990],HUM RELATIVA,Humedad relativa del aire a 2 metros media diaria,2007-02-18 00:00,%,78.7045454545454,Preliminar
21206990,TIBAITATA - AUT [21206990],HUM RELATIVA,Humedad relativa del aire a 2 metros media diaria,2007-02-19 00:00,%,79.575,Preliminar
21206990,TIBAITATA - AUT [21206990],HUM RELATIVA,Humedad relativa del aire a 2 metros media diaria,2007-02-20 00:00,%,78.7142857142857,Preliminar
21206990,TIBAITATA - AUT [21206990],HUM RELATIVA,Humedad relativa del aire a 2 metros media diaria,2007-02-21 00:00,%,77.7619047619048,Preliminar
21206990,TIBAITATA - AUT [21206990],HUM RELATIVA,Humedad relativa del aire a 2 metros media diaria,2007-02-22 00:00,%,81.0833333333333,Preliminar
21206990,TIBAITATA - AUT [21206990],HUM RELATIVA,Humedad relativa del aire a 2 metros media diaria,2007-02-23 00:00,%,68.5833333333333,Preliminar
21206990,TIBAITATA - AUT [21206990],HUM RELATIVA,Humedad relativa del aire a 2 metros media diaria,2007-02-24 00:00,%,71.2083333333333,Preliminar
21206990,TIBAITATA - AUT [21206990],HUM RELATIVA,Humedad relativa del aire a 2 metros media diaria,2007-02-25 00:00,%,80.6666666666667,Preliminar
21206990,TIBAITATA - AUT [21206990],HUM RELATIVA,Humedad relativa del aire a 2 metros media diaria,2007-02-26 00:00,%,66.4090909090909,Preliminar
21206990,TIBAITATA - AUT [21206990],HUM RELATIVA,Humedad relativa del aire a 2 metros media diaria,2007-02-27 00:00,%,69.2954545454546,Preliminar
21206990,TIBAITATA - AUT [21206990],HUM RELATIVA,Humedad relativa del aire a 2 metros media diaria,2007-02-28 00:00,%,68.4166666666667,Preliminar
21206990,TIBAITATA - AUT [21206990],HUM RELATIVA,Humedad relativa del aire a 2 metros media diaria,2007-03-01 00:00,%,73.25,Preliminar
21206990,TIBAITATA - AUT [21206990],HUM RELATIVA,Humedad relativa del aire a 2 metros media diaria,2007-03-02 00:00,%,70.4285714285714,Preliminar
21206990,TIBAITATA - AUT [21206990],HUM RELATIVA,Humedad relativa del aire a 2 metros media diaria,2007-03-03 00:00,%,75.4791666666667,Preliminar
21206990,TIBAITATA - AUT [21206990],HUM RELATIVA,Humedad relativa del aire a 2 metros media diaria,2007-03-04 00:00,%,85.8541666666667,Preliminar
21206990,TIBAITATA - AUT [21206990],HUM RELATIVA,Humedad relativa del aire a 2 metros media diaria,2007-03-05 00:00,%,75.95,Preliminar
21206990,TIBAITATA - AUT [21206990],HUM RELATIVA,Humedad relativa del aire a 2 metros media diaria,2007-03-06 00:00,%,80.5,Preliminar
21206990,TIBAITATA - AUT [21206990],HUM RELATIVA,Humedad relativa del aire a 2 metros media diaria,2007-03-07 00:00,%,78.925,Preliminar
21206990,TIBAITATA - AUT [21206990],HUM RELATIVA,Humedad relativa del aire a 2 metros media diaria,2007-03-08 00:00,%,82.7916666666667,Preliminar
21206990,TIBAITATA - AUT [21206990],HUM RELATIVA,Humedad relativa del aire a 2 metros media diaria,2007-03-09 00:00,%,81.6,Preliminar
21206990,TIBAITATA - AUT [21206990],HUM RELATIVA,Humedad relativa del aire a 2 metros media diaria,2007-03-10 00:00,%,77.53125,Preliminar
21206990,TIBAITATA - AUT [21206990],HUM RELATIVA,Humedad relativa del aire a 2 metros media diaria,2007-03-11 00:00,%,68.0277777777778,Preliminar
21206990,TIBAITATA - AUT [21206990],HUM RELATIVA,Humedad relativa del aire a 2 metros media diaria,2007-03-12 00:00,%,78.3333333333333,Preliminar
21206990,TIBAITATA - AUT [21206990],HUM RELATIVA,Humedad relativa del aire a 2 metros media diaria,2007-03-13 00:00,%,84.5454545454546,Preliminar
21206990,TIBAITATA - AUT [21206990],HUM RELATIVA,Humedad relativa del aire a 2 metros media diaria,2007-03-14 00:00,%,84.2142857142857,Preliminar
21206990,TIBAITATA - AUT [21206990],HUM RELATIVA,Humedad relativa del aire a 2 metros media diaria,2007-03-16 00:00,%,87.5454545454546,Preliminar
21206990,TIBAITATA - AUT [21206990],HUM RELATIVA,Humedad relativa del aire a 2 metros media diaria,2007-03-20 00:00,%,82.09375,Preliminar
21206990,TIBAITATA - AUT [21206990],HUM RELATIVA,Humedad relativa del aire a 2 metros media diaria,2007-03-21 00:00,%,81.3125,Preliminar
21206990,TIBAITATA - AUT [21206990],HUM RELATIVA,Humedad relativa del aire a 2 metros media diaria,2007-03-24 00:00,%,88.4583333333333,Preliminar
21206990,TIBAITATA - AUT [21206990],HUM RELATIVA,Humedad relativa del aire a 2 metros media diaria,2007-03-25 00:00,%,88.4772727272727,Preliminar
21206990,TIBAITATA - AUT [21206990],HUM RELATIVA,Humedad relativa del aire a 2 metros media diaria,2007-03-26 00:00,%,86.1875,Preliminar
21206990,TIBAITATA - AUT [21206990],HUM RELATIVA,Humedad relativa del aire a 2 metros media diaria,2007-03-27 00:00,%,88.0416666666667,Preliminar
21206990,TIBAITATA - AUT [21206990],HUM RELATIVA,Humedad relativa del aire a 2 metros media diaria,2007-03-28 00:00,%,91.7708333333333,Preliminar
21206990,TIBAITATA - AUT [21206990],HUM RELATIVA,Humedad relativa del aire a 2 metros media diaria,2007-03-29 00:00,%,92.7954545454546,Preliminar
21206990,TIBAITATA - AUT [21206990],HUM RELATIVA,Humedad relativa del aire a 2 metros media diaria,2007-03-30 00:00,%,88.7,Preliminar
21206990,TIBAITATA - AUT [21206990],HUM RELATIVA,Humedad relativa del aire a 2 metros media diaria,2007-03-31 00:00,%,78,Preliminar
21206990,TIBAITATA - AUT [21206990],HUM RELATIVA,Humedad relativa del aire a 2 metros media diaria,2007-04-01 00:00,%,74.2083333333333,Preliminar
21206990,TIBAITATA - AUT [21206990],HUM RELATIVA,Humedad relativa del aire a 2 metros media diaria,2007-04-02 00:00,%,85.2916666666667,Preliminar
21206990,TIBAITATA - AUT [21206990],HUM RELATIVA,Humedad relativa del aire a 2 metros media diaria,2007-04-03 00:00,%,87.2916666666667,Preliminar
21206990,TIBAITATA - AUT [21206990],HUM RELATIVA,Humedad relativa del aire a 2 metros media diaria,2007-04-04 00:00,%,88.6875,Preliminar
21206990,TIBAITATA - AUT [21206990],HUM RELATIVA,Humedad relativa del aire a 2 metros media diaria,2007-04-05 00:00,%,86.6875,Preliminar
21206990,TIBAITATA - AUT [21206990],HUM RELATIVA,Humedad relativa del aire a 2 metros media diaria,2007-04-06 00:00,%,90.875,Preliminar
21206990,TIBAITATA - AUT [21206990],HUM RELATIVA,Humedad relativa del aire a 2 metros media diaria,2007-04-07 00:00,%,91.8958333333333,Preliminar
21206990,TIBAITATA - AUT [21206990],HUM RELATIVA,Humedad relativa del aire a 2 metros media diaria,2007-04-08 00:00,%,91.7291666666667,Preliminar
21206990,TIBAITATA - AUT [21206990],HUM RELATIVA,Humedad relativa del aire a 2 metros media diaria,2007-04-09 00:00,%,82.5681818181818,Preliminar
21206990,TIBAITATA - AUT [21206990],HUM RELATIVA,Humedad relativa del aire a 2 metros media diaria,2007-04-12 00:00,%,84.03125,Preliminar
21206990,TIBAITATA - AUT [21206990],HUM RELATIVA,Humedad relativa del aire a 2 metros media diaria,2007-04-13 00:00,%,81.4,Preliminar
21206990,TIBAITATA - AUT [21206990],HUM RELATIVA,Humedad relativa del aire a 2 metros media diaria,2007-04-14 00:00,%,89.9130434782609,Preliminar
21206990,TIBAITATA - AUT [21206990],HUM RELATIVA,Humedad relativa del aire a 2 metros media diaria,2007-04-15 00:00,%,88.9666666666667,Preliminar
21206990,TIBAITATA - AUT [21206990],HUM RELATIVA,Humedad relativa del aire a 2 metros media diaria,2007-04-16 00:00,%,91.3333333333333,Preliminar
21206990,TIBAITATA - AUT [21206990],HUM RELATIVA,Humedad relativa del aire a 2 metros media diaria,2007-04-17 00:00,%,85.25,Preliminar
21206990,TIBAITATA - AUT [21206990],HUM RELATIVA,Humedad relativa del aire a 2 metros media diaria,2007-04-21 00:00,%,88.53125,Preliminar
21206990,TIBAITATA - AUT [21206990],HUM RELATIVA,Humedad relativa del aire a 2 metros media diaria,2007-04-22 00:00,%,89.6041666666667,Preliminar
21206990,TIBAITATA - AUT [21206990],HUM RELATIVA,Humedad relativa del aire a 2 metros media diaria,2007-04-23 00:00,%,89.125,Preliminar
21206990,TIBAITATA - AUT [21206990],HUM RELATIVA,Humedad relativa del aire a 2 metros media diaria,2007-04-24 00:00,%,87.7708333333333,Preliminar
21206990,TIBAITATA - AUT [21206990],HUM RELATIVA,Humedad relativa del aire a 2 metros media diaria,2007-04-25 00:00,%,86.7708333333333,Preliminar
21206990,TIBAITATA - AUT [21206990],HUM RELATIVA,Humedad relativa del aire a 2 metros media diaria,2007-04-26 00:00,%,94.0238095238095,Preliminar
21206990,TIBAITATA - AUT [21206990],HUM RELATIVA,Humedad relativa del aire a 2 metros media diaria,2007-04-27 00:00,%,87.9772727272727,Preliminar
21206990,TIBAITATA - AUT [21206990],HUM RELATIVA,Humedad relativa del aire a 2 metros media diaria,2007-04-28 00:00,%,89.4090909090909,Preliminar
21206990,TIBAITATA - AUT [21206990],HUM RELATIVA,Humedad relativa del aire a 2 metros media diaria,2007-04-29 00:00,%,86.7083333333333,Preliminar
21206990,TIBAITATA - AUT [21206990],HUM RELATIVA,Humedad relativa del aire a 2 metros media diaria,2007-04-30 00:00,%,88.4047619047619,Preliminar
21206990,TIBAITATA - AUT [21206990],HUM RELATIVA,Humedad relativa del aire a 2 metros media diaria,2007-05-01 00:00,%,86.5833333333333,Preliminar
21206990,TIBAITATA - AUT [21206990],HUM RELATIVA,Humedad relativa del aire a 2 metros media diaria,2007-05-02 00:00,%,83.0681818181818,Preliminar
21206990,TIBAITATA - AUT [21206990],HUM RELATIVA,Humedad relativa del aire a 2 metros media diaria,2007-05-03 00:00,%,86.25,Preliminar
21206990,TIBAITATA - AUT [21206990],HUM RELATIVA,Humedad relativa del aire a 2 metros media diaria,2007-05-04 00:00,%,88.5,Preliminar
21206990,TIBAITATA - AUT [21206990],HUM RELATIVA,Humedad relativa del aire a 2 metros media diaria,2007-05-05 00:00,%,82.3181818181818,Preliminar
21206990,TIBAITATA - AUT [21206990],HUM RELATIVA,Humedad relativa del aire a 2 metros media diaria,2007-05-06 00:00,%,84.4166666666667,Preliminar
21206990,TIBAITATA - AUT [21206990],HUM RELATIVA,Humedad relativa del aire a 2 metros media diaria,2007-05-07 00:00,%,84.804347826087,Preliminar
21206990,TIBAITATA - AUT [21206990],HUM RELATIVA,Humedad relativa del aire a 2 metros media diaria,2007-05-08 00:00,%,93.3125,Preliminar
21206990,TIBAITATA - AUT [21206990],HUM RELATIVA,Humedad relativa del aire a 2 metros media diaria,2007-05-09 00:00,%,83.75,Preliminar
21206990,TIBAITATA - AUT [21206990],HUM RELATIVA,Humedad relativa del aire a 2 metros media diaria,2007-05-10 00:00,%,89.5833333333333,Preliminar
21206990,TIBAITATA - AUT [21206990],HUM RELATIVA,Humedad relativa del aire a 2 metros media diaria,2007-05-11 00:00,%,78.5909090909091,Preliminar
21206990,TIBAITATA - AUT [21206990],HUM RELATIVA,Humedad relativa del aire a 2 metros media diaria,2007-05-12 00:00,%,81.7173913043478,Preliminar
21206990,TIBAITATA - AUT [21206990],HUM RELATIVA,Humedad relativa del aire a 2 metros media diaria,2007-05-13 00:00,%,84.7173913043478,Preliminar
21206990,TIBAITATA - AUT [21206990],HUM RELATIVA,Humedad relativa del aire a 2 metros media diaria,2007-05-14 00:00,%,88.1875,Preliminar
21206990,TIBAITATA - AUT [21206990],HUM RELATIVA,Humedad relativa del aire a 2 metros media diaria,2007-05-15 00:00,%,87.0208333333333,Preliminar
21206990,TIBAITATA - AUT [21206990],HUM RELATIVA,Humedad relativa del aire a 2 metros media diaria,2007-05-16 00:00,%,87,Preliminar
21206990,TIBAITATA - AUT [21206990],HUM RELATIVA,Humedad relativa del aire a 2 metros media diaria,2007-05-17 00:00,%,84.1666666666667,Preliminar
21206990,TIBAITATA - AUT [21206990],HUM RELATIVA,Humedad relativa del aire a 2 metros media diaria,2007-05-18 00:00,%,94.125,Preliminar
21206990,TIBAITATA - AUT [21206990],HUM RELATIVA,Humedad relativa del aire a 2 metros media diaria,2007-05-19 00:00,%,88.0909090909091,Preliminar
21206990,TIBAITATA - AUT [21206990],HUM RELATIVA,Humedad relativa del aire a 2 metros media diaria,2007-05-20 00:00,%,91.2272727272727,Preliminar
21206990,TIBAITATA - AUT [21206990],HUM RELATIVA,Humedad relativa del aire a 2 metros media diaria,2007-05-21 00:00,%,91.7291666666667,Preliminar
21206990,TIBAITATA - AUT [21206990],HUM RELATIVA,Humedad relativa del aire a 2 metros media diaria,2007-05-22 00:00,%,87.5,Preliminar
21206990,TIBAITATA - AUT [21206990],HUM RELATIVA,Humedad relativa del aire a 2 metros media diaria,2007-05-23 00:00,%,88.5,Preliminar
21206990,TIBAITATA - AUT [21206990],HUM RELATIVA,Humedad relativa del aire a 2 metros media diaria,2007-05-24 00:00,%,91.4782608695652,Preliminar
21206990,TIBAITATA - AUT [21206990],HUM RELATIVA,Humedad relativa del aire a 2 metros media diaria,2007-05-25 00:00,%,89.825,Preliminar
21206990,TIBAITATA - AUT [21206990],HUM RELATIVA,Humedad relativa del aire a 2 metros media diaria,2007-05-26 00:00,%,94,Preliminar
21206990,TIBAITATA - AUT [21206990],HUM RELATIVA,Humedad relativa del aire a 2 metros media diaria,2007-05-27 00:00,%,90.3333333333333,Preliminar
21206990,TIBAITATA - AUT [21206990],HUM RELATIVA,Humedad relativa del aire a 2 metros media diaria,2007-05-28 00:00,%,90.925,Preliminar
21206990,TIBAITATA - AUT [21206990],HUM RELATIVA,Humedad relativa del aire a 2 metros media diaria,2007-05-29 00:00,%,93.875,Preliminar
21206990,TIBAITATA - AUT [21206990],HUM RELATIVA,Humedad relativa del aire a 2 metros media diaria,2007-05-30 00:00,%,91.2727272727273,Preliminar
21206990,TIBAITATA - AUT [21206990],HUM RELATIVA,Humedad relativa del aire a 2 metros media diaria,2007-05-31 00:00,%,92.6666666666667,Preliminar
21206990,TIBAITATA - AUT [21206990],HUM RELATIVA,Humedad relativa del aire a 2 metros media diaria,2007-06-01 00:00,%,91.9090909090909,Preliminar
21206990,TIBAITATA - AUT [21206990],HUM RELATIVA,Humedad relativa del aire a 2 metros media diaria,2007-06-02 00:00,%,90.4166666666667,Preliminar
21206990,TIBAITATA - AUT [21206990],HUM RELATIVA,Humedad relativa del aire a 2 metros media diaria,2007-06-03 00:00,%,92.9565217391304,Preliminar
21206990,TIBAITATA - AUT [21206990],HUM RELATIVA,Humedad relativa del aire a 2 metros media diaria,2007-06-04 00:00,%,83.1304347826087,Preliminar
21206990,TIBAITATA - AUT [21206990],HUM RELATIVA,Humedad relativa del aire a 2 metros media diaria,2007-06-05 00:00,%,89.95,Preliminar
21206990,TIBAITATA - AUT [21206990],HUM RELATIVA,Humedad relativa del aire a 2 metros media diaria,2007-06-06 00:00,%,87.8478260869565,Preliminar
21206990,TIBAITATA - AUT [21206990],HUM RELATIVA,Humedad relativa del aire a 2 metros media diaria,2007-06-07 00:00,%,82.5208333333333,Preliminar
21206990,TIBAITATA - AUT [21206990],HUM RELATIVA,Humedad relativa del aire a 2 metros media diaria,2007-06-08 00:00,%,84.6041666666667,Preliminar
21206990,TIBAITATA - AUT [21206990],HUM RELATIVA,Humedad relativa del aire a 2 metros media diaria,2007-06-09 00:00,%,78.4375,Preliminar
21206990,TIBAITATA - AUT [21206990],HUM RELATIVA,Humedad relativa del aire a 2 metros media diaria,2007-06-10 00:00,%,80.0208333333333,Preliminar
21206990,TIBAITATA - AUT [21206990],HUM RELATIVA,Humedad relativa del aire a 2 metros media diaria,2007-06-11 00:00,%,82.2291666666667,Preliminar
21206990,TIBAITATA - AUT [21206990],HUM RELATIVA,Humedad relativa del aire a 2 metros media diaria,2007-06-12 00:00,%,73.9166666666667,Preliminar
21206990,TIBAITATA - AUT [21206990],HUM RELATIVA,Humedad relativa del aire a 2 metros media diaria,2007-06-13 00:00,%,82.6818181818182,Preliminar
21206990,TIBAITATA - AUT [21206990],HUM RELATIVA,Humedad relativa del aire a 2 metros media diaria,2007-06-14 00:00,%,82.7916666666667,Preliminar
21206990,TIBAITATA - AUT [21206990],HUM RELATIVA,Humedad relativa del aire a 2 metros media diaria,2007-06-15 00:00,%,82.3409090909091,Preliminar
21206990,TIBAITATA - AUT [21206990],HUM RELATIVA,Humedad relativa del aire a 2 metros media diaria,2007-06-16 00:00,%,83.0909090909091,Preliminar
21206990,TIBAITATA - AUT [21206990],HUM RELATIVA,Humedad relativa del aire a 2 metros media diaria,2007-06-17 00:00,%,77.1666666666667,Preliminar
21206990,TIBAITATA - AUT [21206990],HUM RELATIVA,Humedad relativa del aire a 2 metros media diaria,2007-06-18 00:00,%,79.4090909090909,Preliminar
21206990,TIBAITATA - AUT [21206990],HUM RELATIVA,Humedad relativa del aire a 2 metros media diaria,2007-06-19 00:00,%,84.1875,Preliminar
21206990,TIBAITATA - AUT [21206990],HUM RELATIVA,Humedad relativa del aire a 2 metros media diaria,2007-06-21 00:00,%,76.6,Preliminar
21206990,TIBAITATA - AUT [21206990],HUM RELATIVA,Humedad relativa del aire a 2 metros media diaria,2007-06-22 00:00,%,90.6764705882353,Preliminar
21206990,TIBAITATA - AUT [21206990],HUM RELATIVA,Humedad relativa del aire a 2 metros media diaria,2007-06-23 00:00,%,90.9090909090909,Preliminar
21206990,TIBAITATA - AUT [21206990],HUM RELATIVA,Humedad relativa del aire a 2 metros media diaria,2007-06-24 00:00,%,84.7083333333333,Preliminar
21206990,TIBAITATA - AUT [21206990],HUM RELATIVA,Humedad relativa del aire a 2 metros media diaria,2007-06-25 00:00,%,84.8541666666667,Preliminar
21206990,TIBAITATA - AUT [21206990],HUM RELATIVA,Humedad relativa del aire a 2 metros media diaria,2007-06-26 00:00,%,92.0833333333333,Preliminar
21206990,TIBAITATA - AUT [21206990],HUM RELATIVA,Humedad relativa del aire a 2 metros media diaria,2007-06-27 00:00,%,80.8958333333333,Preliminar
21206990,TIBAITATA - AUT [21206990],HUM RELATIVA,Humedad relativa del aire a 2 metros media diaria,2007-06-28 00:00,%,83.0625,Preliminar
21206990,TIBAITATA - AUT [21206990],HUM RELATIVA,Humedad relativa del aire a 2 metros media diaria,2007-06-29 00:00,%,86.452380952381,Preliminar
21206990,TIBAITATA - AUT [21206990],HUM RELATIVA,Humedad relativa del aire a 2 metros media diaria,2007-06-30 00:00,%,87.6739130434783,Preliminar
21206990,TIBAITATA - AUT [21206990],HUM RELATIVA,Humedad relativa del aire a 2 metros media diaria,2007-07-01 00:00,%,82.6875,Preliminar
21206990,TIBAITATA - AUT [21206990],HUM RELATIVA,Humedad relativa del aire a 2 metros media diaria,2007-07-02 00:00,%,80.6666666666667,Preliminar
21206990,TIBAITATA - AUT [21206990],HUM RELATIVA,Humedad relativa del aire a 2 metros media diaria,2007-07-03 00:00,%,75.5208333333333,Preliminar
21206990,TIBAITATA - AUT [21206990],HUM RELATIVA,Humedad relativa del aire a 2 metros media diaria,2007-07-04 00:00,%,77.6458333333333,Preliminar
21206990,TIBAITATA - AUT [21206990],HUM RELATIVA,Humedad relativa del aire a 2 metros media diaria,2007-07-05 00:00,%,78.875,Preliminar
21206990,TIBAITATA - AUT [21206990],HUM RELATIVA,Humedad relativa del aire a 2 metros media diaria,2007-07-06 00:00,%,79.6363636363636,Preliminar
21206990,TIBAITATA - AUT [21206990],HUM RELATIVA,Humedad relativa del aire a 2 metros media diaria,2007-07-07 00:00,%,81.8125,Preliminar
21206990,TIBAITATA - AUT [21206990],HUM RELATIVA,Humedad relativa del aire a 2 metros media diaria,2007-07-09 00:00,%,80,Preliminar
21206990,TIBAITATA - AUT [21206990],HUM RELATIVA,Humedad relativa del aire a 2 metros media diaria,2007-07-10 00:00,%,88.35,Preliminar
21206990,TIBAITATA - AUT [21206990],HUM RELATIVA,Humedad relativa del aire a 2 metros media diaria,2007-07-11 00:00,%,76.6818181818182,Preliminar
21206990,TIBAITATA - AUT [21206990],HUM RELATIVA,Humedad relativa del aire a 2 metros media diaria,2007-07-12 00:00,%,82.0227272727273,Preliminar
21206990,TIBAITATA - AUT [21206990],HUM RELATIVA,Humedad relativa del aire a 2 metros media diaria,2007-07-13 00:00,%,77.047619047619,Preliminar
21206990,TIBAITATA - AUT [21206990],HUM RELATIVA,Humedad relativa del aire a 2 metros media diaria,2007-07-14 00:00,%,74.3636363636364,Preliminar
21206990,TIBAITATA - AUT [21206990],HUM RELATIVA,Humedad relativa del aire a 2 metros media diaria,2007-07-15 00:00,%,76.3636363636364,Preliminar
21206990,TIBAITATA - AUT [21206990],HUM RELATIVA,Humedad relativa del aire a 2 metros media diaria,2007-07-16 00:00,%,86.4772727272727,Preliminar
21206990,TIBAITATA - AUT [21206990],HUM RELATIVA,Humedad relativa del aire a 2 metros media diaria,2007-07-17 00:00,%,75.225,Preliminar
21206990,TIBAITATA - AUT [21206990],HUM RELATIVA,Humedad relativa del aire a 2 metros media diaria,2007-07-18 00:00,%,74.7916666666667,Preliminar
21206990,TIBAITATA - AUT [21206990],HUM RELATIVA,Humedad relativa del aire a 2 metros media diaria,2007-07-19 00:00,%,83.375,Preliminar
21206990,TIBAITATA - AUT [21206990],HUM RELATIVA,Humedad relativa del aire a 2 metros media diaria,2007-07-20 00:00,%,90.0416666666667,Preliminar
21206990,TIBAITATA - AUT [21206990],HUM RELATIVA,Humedad relativa del aire a 2 metros media diaria,2007-07-21 00:00,%,90.7083333333333,Preliminar
21206990,TIBAITATA - AUT [21206990],HUM RELATIVA,Humedad relativa del aire a 2 metros media diaria,2007-07-22 00:00,%,91.2916666666667,Preliminar
21206990,TIBAITATA - AUT [21206990],HUM RELATIVA,Humedad relativa del aire a 2 metros media diaria,2007-07-23 00:00,%,93.75,Preliminar
21206990,TIBAITATA - AUT [21206990],HUM RELATIVA,Humedad relativa del aire a 2 metros media diaria,2007-07-24 00:00,%,86.5,Preliminar
21206990,TIBAITATA - AUT [21206990],HUM RELATIVA,Humedad relativa del aire a 2 metros media diaria,2007-07-25 00:00,%,82.6875,Preliminar
21206990,TIBAITATA - AUT [21206990],HUM RELATIVA,Humedad relativa del aire a 2 metros media diaria,2007-07-26 00:00,%,81.8636363636364,Preliminar
21206990,TIBAITATA - AUT [21206990],HUM RELATIVA,Humedad relativa del aire a 2 metros media diaria,2007-07-27 00:00,%,83.0625,Preliminar
21206990,TIBAITATA - AUT [21206990],HUM RELATIVA,Humedad relativa del aire a 2 metros media diaria,2007-07-28 00:00,%,83.3409090909091,Preliminar
21206990,TIBAITATA - AUT [21206990],HUM RELATIVA,Humedad relativa del aire a 2 metros media diaria,2007-07-29 00:00,%,72.6875,Preliminar
21206990,TIBAITATA - AUT [21206990],HUM RELATIVA,Humedad relativa del aire a 2 metros media diaria,2007-07-30 00:00,%,81.6458333333333,Preliminar
21206990,TIBAITATA - AUT [21206990],HUM RELATIVA,Humedad relativa del aire a 2 metros media diaria,2007-07-31 00:00,%,82.9375,Preliminar
21206990,TIBAITATA - AUT [21206990],HUM RELATIVA,Humedad relativa del aire a 2 metros media diaria,2007-08-01 00:00,%,79.0227272727273,Preliminar
21206990,TIBAITATA - AUT [21206990],HUM RELATIVA,Humedad relativa del aire a 2 metros media diaria,2007-08-02 00:00,%,82.1136363636364,Preliminar
21206990,TIBAITATA - AUT [21206990],HUM RELATIVA,Humedad relativa del aire a 2 metros media diaria,2007-08-04 00:00,%,73.0555555555556,Preliminar
21206990,TIBAITATA - AUT [21206990],HUM RELATIVA,Humedad relativa del aire a 2 metros media diaria,2007-08-05 00:00,%,83.5,Preliminar
21206990,TIBAITATA - AUT [21206990],HUM RELATIVA,Humedad relativa del aire a 2 metros media diaria,2007-08-06 00:00,%,88.8181818181818,Preliminar
21206990,TIBAITATA - AUT [21206990],HUM RELATIVA,Humedad relativa del aire a 2 metros media diaria,2007-08-07 00:00,%,88.5208333333333,Preliminar
21206990,TIBAITATA - AUT [21206990],HUM RELATIVA,Humedad relativa del aire a 2 metros media diaria,2007-08-08 00:00,%,93.7,Preliminar
21206990,TIBAITATA - AUT [21206990],HUM RELATIVA,Humedad relativa del aire a 2 metros media diaria,2007-08-09 00:00,%,89.9318181818182,Preliminar
21206990,TIBAITATA - AUT [21206990],HUM RELATIVA,Humedad relativa del aire a 2 metros media diaria,2007-08-10 00:00,%,88.0625,Preliminar
21206990,TIBAITATA - AUT [21206990],HUM RELATIVA,Humedad relativa del aire a 2 metros media diaria,2007-08-11 00:00,%,82.0625,Preliminar
21206990,TIBAITATA - AUT [21206990],HUM RELATIVA,Humedad relativa del aire a 2 metros media diaria,2007-08-12 00:00,%,81.4791666666667,Preliminar
21206990,TIBAITATA - AUT [21206990],HUM RELATIVA,Humedad relativa del aire a 2 metros media diaria,2007-08-13 00:00,%,82.4375,Preliminar
21206990,TIBAITATA - AUT [21206990],HUM RELATIVA,Humedad relativa del aire a 2 metros media diaria,2007-08-14 00:00,%,87.3636363636364,Preliminar
21206990,TIBAITATA - AUT [21206990],HUM RELATIVA,Humedad relativa del aire a 2 metros media diaria,2007-08-15 00:00,%,88.6875,Preliminar
21206990,TIBAITATA - AUT [21206990],HUM RELATIVA,Humedad relativa del aire a 2 metros media diaria,2007-08-16 00:00,%,82.05,Preliminar
21206990,TIBAITATA - AUT [21206990],HUM RELATIVA,Humedad relativa del aire a 2 metros media diaria,2007-08-17 00:00,%,84.25,Preliminar
21206990,TIBAITATA - AUT [21206990],HUM RELATIVA,Humedad relativa del aire a 2 metros media diaria,2007-08-18 00:00,%,86.0909090909091,Preliminar
21206990,TIBAITATA - AUT [21206990],HUM RELATIVA,Humedad relativa del aire a 2 metros media diaria,2007-08-19 00:00,%,88.2083333333333,Preliminar
21206990,TIBAITATA - AUT [21206990],HUM RELATIVA,Humedad relativa del aire a 2 metros media diaria,2007-08-20 00:00,%,88.8125,Preliminar
21206990,TIBAITATA - AUT [21206990],HUM RELATIVA,Humedad relativa del aire a 2 metros media diaria,2007-08-21 00:00,%,87.46875,Preliminar
21206990,TIBAITATA - AUT [21206990],HUM RELATIVA,Humedad relativa del aire a 2 metros media diaria,2007-08-23 00:00,%,85.8181818181818,Preliminar
21206990,TIBAITATA - AUT [21206990],HUM RELATIVA,Humedad relativa del aire a 2 metros media diaria,2007-08-24 00:00,%,92.4375,Preliminar
21206990,TIBAITATA - AUT [21206990],HUM RELATIVA,Humedad relativa del aire a 2 metros media diaria,2007-08-25 00:00,%,89.8863636363636,Preliminar
21206990,TIBAITATA - AUT [21206990],HUM RELATIVA,Humedad relativa del aire a 2 metros media diaria,2007-08-26 00:00,%,92.7291666666667,Preliminar
21206990,TIBAITATA - AUT [21206990],HUM RELATIVA,Humedad relativa del aire a 2 metros media diaria,2007-08-27 00:00,%,85.6136363636364,Preliminar
21206990,TIBAITATA - AUT [21206990],HUM RELATIVA,Humedad relativa del aire a 2 metros media diaria,2007-08-28 00:00,%,76.2058823529412,Preliminar
21206990,TIBAITATA - AUT [21206990],HUM RELATIVA,Humedad relativa del aire a 2 metros media diaria,2007-08-29 00:00,%,83.8863636363636,Preliminar
21206990,TIBAITATA - AUT [21206990],HUM RELATIVA,Humedad relativa del aire a 2 metros media diaria,2007-08-30 00:00,%,86.0227272727273,Preliminar
21206990,TIBAITATA - AUT [21206990],HUM RELATIVA,Humedad relativa del aire a 2 metros media diaria,2007-08-31 00:00,%,80.8181818181818,Preliminar
21206990,TIBAITATA - AUT [21206990],HUM RELATIVA,Humedad relativa del aire a 2 metros media diaria,2007-09-01 00:00,%,86.875,Preliminar
21206990,TIBAITATA - AUT [21206990],HUM RELATIVA,Humedad relativa del aire a 2 metros media diaria,2007-09-02 00:00,%,87.5208333333333,Preliminar
21206990,TIBAITATA - AUT [21206990],HUM RELATIVA,Humedad relativa del aire a 2 metros media diaria,2007-09-03 00:00,%,84,Preliminar
21206990,TIBAITATA - AUT [21206990],HUM RELATIVA,Humedad relativa del aire a 2 metros media diaria,2007-09-04 00:00,%,84.175,Preliminar
21206990,TIBAITATA - AUT [21206990],HUM RELATIVA,Humedad relativa del aire a 2 metros media diaria,2007-09-05 00:00,%,81.7727272727273,Preliminar
21206990,TIBAITATA - AUT [21206990],HUM RELATIVA,Humedad relativa del aire a 2 metros media diaria,2007-09-06 00:00,%,81.4375,Preliminar
21206990,TIBAITATA - AUT [21206990],HUM RELATIVA,Humedad relativa del aire a 2 metros media diaria,2007-09-07 00:00,%,80.1875,Preliminar
21206990,TIBAITATA - AUT [21206990],HUM RELATIVA,Humedad relativa del aire a 2 metros media diaria,2007-09-08 00:00,%,80.9318181818182,Preliminar
21206990,TIBAITATA - AUT [21206990],HUM RELATIVA,Humedad relativa del aire a 2 metros media diaria,2007-09-09 00:00,%,81.9285714285714,Preliminar
21206990,TIBAITATA - AUT [21206990],HUM RELATIVA,Humedad relativa del aire a 2 metros media diaria,2007-09-10 00:00,%,77.9090909090909,Preliminar
21206990,TIBAITATA - AUT [21206990],HUM RELATIVA,Humedad relativa del aire a 2 metros media diaria,2007-09-11 00:00,%,82.7291666666667,Preliminar
21206990,TIBAITATA - AUT [21206990],HUM RELATIVA,Humedad relativa del aire a 2 metros media diaria,2007-09-12 00:00,%,78.5833333333333,Preliminar
21206990,TIBAITATA - AUT [21206990],HUM RELATIVA,Humedad relativa del aire a 2 metros media diaria,2007-09-13 00:00,%,83.9583333333333,Preliminar
21206990,TIBAITATA - AUT [21206990],HUM RELATIVA,Humedad relativa del aire a 2 metros media diaria,2007-09-14 00:00,%,83.0681818181818,Preliminar
21206990,TIBAITATA - AUT [21206990],HUM RELATIVA,Humedad relativa del aire a 2 metros media diaria,2007-09-15 00:00,%,84.0833333333333,Preliminar
21206990,TIBAITATA - AUT [21206990],HUM RELATIVA,Humedad relativa del aire a 2 metros media diaria,2007-09-16 00:00,%,85.5833333333333,Preliminar
21206990,TIBAITATA - AUT [21206990],HUM RELATIVA,Humedad relativa del aire a 2 metros media diaria,2007-09-17 00:00,%,84.3333333333333,Preliminar
21206990,TIBAITATA - AUT [21206990],HUM RELATIVA,Humedad relativa del aire a 2 metros media diaria,2007-09-18 00:00,%,82.7272727272727,Preliminar
21206990,TIBAITATA - AUT [21206990],HUM RELATIVA,Humedad relativa del aire a 2 metros media diaria,2007-09-28 00:00,%,77.0434782608696,Preliminar
21206990,TIBAITATA - AUT [21206990],HUM RELATIVA,Humedad relativa del aire a 2 metros media diaria,2007-09-29 00:00,%,81.4583333333333,Preliminar
21206990,TIBAITATA - AUT [21206990],HUM RELATIVA,Humedad relativa del aire a 2 metros media diaria,2007-09-30 00:00,%,83.3958333333333,Preliminar
21206990,TIBAITATA - AUT [21206990],HUM RELATIVA,Humedad relativa del aire a 2 metros media diaria,2007-10-01 00:00,%,88.0625,Preliminar
21206990,TIBAITATA - AUT [21206990],HUM RELATIVA,Humedad relativa del aire a 2 metros media diaria,2007-10-02 00:00,%,80.1842105263158,Preliminar
21206990,TIBAITATA - AUT [21206990],HUM RELATIVA,Humedad relativa del aire a 2 metros media diaria,2007-10-03 00:00,%,80.3863636363636,Preliminar
21206990,TIBAITATA - AUT [21206990],HUM RELATIVA,Humedad relativa del aire a 2 metros media diaria,2007-10-04 00:00,%,79.9761904761905,Preliminar
21206990,TIBAITATA - AUT [21206990],HUM RELATIVA,Humedad relativa del aire a 2 metros media diaria,2007-10-05 00:00,%,83.525,Preliminar
21206990,TIBAITATA - AUT [21206990],HUM RELATIVA,Humedad relativa del aire a 2 metros media diaria,2007-10-06 00:00,%,85.25,Preliminar
21206990,TIBAITATA - AUT [21206990],HUM RELATIVA,Humedad relativa del aire a 2 metros media diaria,2007-10-07 00:00,%,90.3478260869565,Preliminar
21206990,TIBAITATA - AUT [21206990],HUM RELATIVA,Humedad relativa del aire a 2 metros media diaria,2007-10-08 00:00,%,86.6458333333333,Preliminar
21206990,TIBAITATA - AUT [21206990],HUM RELATIVA,Humedad relativa del aire a 2 metros media diaria,2007-10-09 00:00,%,94.75,Preliminar
21206990,TIBAITATA - AUT [21206990],HUM RELATIVA,Humedad relativa del aire a 2 metros media diaria,2007-10-10 00:00,%,88.5263157894737,Preliminar
21206990,TIBAITATA - AUT [21206990],HUM RELATIVA,Humedad relativa del aire a 2 metros media diaria,2007-10-11 00:00,%,91.875,Preliminar
21206990,TIBAITATA - AUT [21206990],HUM RELATIVA,Humedad relativa del aire a 2 metros media diaria,2007-10-12 00:00,%,86.1590909090909,Preliminar
21206990,TIBAITATA - AUT [21206990],HUM RELATIVA,Humedad relativa del aire a 2 metros media diaria,2007-10-13 00:00,%,89.3409090909091,Preliminar
21206990,TIBAITATA - AUT [21206990],HUM RELATIVA,Humedad relativa del aire a 2 metros media diaria,2007-10-14 00:00,%,92.3541666666667,Preliminar
21206990,TIBAITATA - AUT [21206990],HUM RELATIVA,Humedad relativa del aire a 2 metros media diaria,2007-10-15 00:00,%,85.2954545454546,Preliminar
21206990,TIBAITATA - AUT [21206990],HUM RELATIVA,Humedad relativa del aire a 2 metros media diaria,2007-10-16 00:00,%,87.8958333333333,Preliminar
21206990,TIBAITATA - AUT [21206990],HUM RELATIVA,Humedad relativa del aire a 2 metros media diaria,2007-10-17 00:00,%,83.1,Preliminar
21206990,TIBAITATA - AUT [21206990],HUM RELATIVA,Humedad relativa del aire a 2 metros media diaria,2007-10-18 00:00,%,93.3958333333333,Preliminar
21206990,TIBAITATA - AUT [21206990],HUM RELATIVA,Humedad relativa del aire a 2 metros media diaria,2007-10-19 00:00,%,89.1666666666667,Preliminar
21206990,TIBAITATA - AUT [21206990],HUM RELATIVA,Humedad relativa del aire a 2 metros media diaria,2007-10-21 00:00,%,85.84375,Preliminar
21206990,TIBAITATA - AUT [21206990],HUM RELATIVA,Humedad relativa del aire a 2 metros media diaria,2007-10-22 00:00,%,87.25,Preliminar
21206990,TIBAITATA - AUT [21206990],HUM RELATIVA,Humedad relativa del aire a 2 metros media diaria,2007-10-23 00:00,%,85.1875,Preliminar
21206990,TIBAITATA - AUT [21206990],HUM RELATIVA,Humedad relativa del aire a 2 metros media diaria,2007-10-24 00:00,%,84.125,Preliminar
21206990,TIBAITATA - AUT [21206990],HUM RELATIVA,Humedad relativa del aire a 2 metros media diaria,2007-10-25 00:00,%,86.9791666666667,Preliminar
21206990,TIBAITATA - AUT [21206990],HUM RELATIVA,Humedad relativa del aire a 2 metros media diaria,2007-10-26 00:00,%,86.3958333333333,Preliminar
21206990,TIBAITATA - AUT [21206990],HUM RELATIVA,Humedad relativa del aire a 2 metros media diaria,2007-10-27 00:00,%,90.9583333333333,Preliminar
21206990,TIBAITATA - AUT [21206990],HUM RELATIVA,Humedad relativa del aire a 2 metros media diaria,2007-10-28 00:00,%,93.7916666666667,Preliminar
21206990,TIBAITATA - AUT [21206990],HUM RELATIVA,Humedad relativa del aire a 2 metros media diaria,2007-10-29 00:00,%,95.0882352941176,Preliminar
21206990,TIBAITATA - AUT [21206990],HUM RELATIVA,Humedad relativa del aire a 2 metros media diaria,2007-10-31 00:00,%,86.5882352941176,Preliminar
21206990,TIBAITATA - AUT [21206990],HUM RELATIVA,Humedad relativa del aire a 2 metros media diaria,2007-11-01 00:00,%,91.8125,Preliminar
21206990,TIBAITATA - AUT [21206990],HUM RELATIVA,Humedad relativa del aire a 2 metros media diaria,2007-11-02 00:00,%,91.2708333333333,Preliminar
21206990,TIBAITATA - AUT [21206990],HUM RELATIVA,Humedad relativa del aire a 2 metros media diaria,2007-11-03 00:00,%,89.2954545454546,Preliminar
21206990,TIBAITATA - AUT [21206990],HUM RELATIVA,Humedad relativa del aire a 2 metros media diaria,2007-11-04 00:00,%,86.8863636363636,Preliminar
21206990,TIBAITATA - AUT [21206990],HUM RELATIVA,Humedad relativa del aire a 2 metros media diaria,2007-11-05 00:00,%,88.0208333333333,Preliminar
21206990,TIBAITATA - AUT [21206990],HUM RELATIVA,Humedad relativa del aire a 2 metros media diaria,2007-11-06 00:00,%,88.5625,Preliminar
21206990,TIBAITATA - AUT [21206990],HUM RELATIVA,Humedad relativa del aire a 2 metros media diaria,2007-11-07 00:00,%,87.875,Preliminar
21206990,TIBAITATA - AUT [21206990],HUM RELATIVA,Humedad relativa del aire a 2 metros media diaria,2007-11-08 00:00,%,91.5,Preliminar
21206990,TIBAITATA - AUT [21206990],HUM RELATIVA,Humedad relativa del aire a 2 metros media diaria,2007-11-09 00:00,%,93.7916666666667,Preliminar
21206990,TIBAITATA - AUT [21206990],HUM RELATIVA,Humedad relativa del aire a 2 metros media diaria,2007-11-10 00:00,%,93.3333333333333,Preliminar
21206990,TIBAITATA - AUT [21206990],HUM RELATIVA,Humedad relativa del aire a 2 metros media diaria,2007-11-11 00:00,%,88.8333333333333,Preliminar
21206990,TIBAITATA - AUT [21206990],HUM RELATIVA,Humedad relativa del aire a 2 metros media diaria,2007-11-12 00:00,%,88.6666666666667,Preliminar
21206990,TIBAITATA - AUT [21206990],HUM RELATIVA,Humedad relativa del aire a 2 metros media diaria,2007-11-13 00:00,%,88.3333333333333,Preliminar
21206990,TIBAITATA - AUT [21206990],HUM RELATIVA,Humedad relativa del aire a 2 metros media diaria,2007-11-14 00:00,%,90.6,Preliminar
21206990,TIBAITATA - AUT [21206990],HUM RELATIVA,Humedad relativa del aire a 2 metros media diaria,2007-11-15 00:00,%,80.0416666666667,Preliminar
21206990,TIBAITATA - AUT [21206990],HUM RELATIVA,Humedad relativa del aire a 2 metros media diaria,2007-11-16 00:00,%,83.8958333333333,Preliminar
21206990,TIBAITATA - AUT [21206990],HUM RELATIVA,Humedad relativa del aire a 2 metros media diaria,2007-11-17 00:00,%,84.125,Preliminar
21206990,TIBAITATA - AUT [21206990],HUM RELATIVA,Humedad relativa del aire a 2 metros media diaria,2007-11-18 00:00,%,79.75,Preliminar
21206990,TIBAITATA - AUT [21206990],HUM RELATIVA,Humedad relativa del aire a 2 metros media diaria,2007-11-19 00:00,%,81.2619047619048,Preliminar
21206990,TIBAITATA - AUT [21206990],HUM RELATIVA,Humedad relativa del aire a 2 metros media diaria,2007-11-20 00:00,%,81.7708333333333,Preliminar
21206990,TIBAITATA - AUT [21206990],HUM RELATIVA,Humedad relativa del aire a 2 metros media diaria,2007-11-21 00:00,%,84.3409090909091,Preliminar
21206990,TIBAITATA - AUT [21206990],HUM RELATIVA,Humedad relativa del aire a 2 metros media diaria,2007-11-22 00:00,%,88.6458333333333,Preliminar
21206990,TIBAITATA - AUT [21206990],HUM RELATIVA,Humedad relativa del aire a 2 metros media diaria,2007-11-23 00:00,%,87.1875,Preliminar
21206990,TIBAITATA - AUT [21206990],HUM RELATIVA,Humedad relativa del aire a 2 metros media diaria,2007-11-24 00:00,%,87.6304347826087,Preliminar
21206990,TIBAITATA - AUT [21206990],HUM RELATIVA,Humedad relativa del aire a 2 metros media diaria,2007-11-25 00:00,%,75.8333333333333,Preliminar
21206990,TIBAITATA - AUT [21206990],HUM RELATIVA,Humedad relativa del aire a 2 metros media diaria,2007-11-26 00:00,%,76.6458333333333,Preliminar
21206990,TIBAITATA - AUT [21206990],HUM RELATIVA,Humedad relativa del aire a 2 metros media diaria,2007-11-27 00:00,%,85.34375,Preliminar
21206990,TIBAITATA - AUT [21206990],HUM RELATIVA,Humedad relativa del aire a 2 metros media diaria,2007-11-28 00:00,%,84.5227272727273,Preliminar
21206990,TIBAITATA - AUT [21206990],HUM RELATIVA,Humedad relativa del aire a 2 metros media diaria,2007-11-29 00:00,%,86.6458333333333,Preliminar
21206990,TIBAITATA - AUT [21206990],HUM RELATIVA,Humedad relativa del aire a 2 metros media diaria,2007-11-30 00:00,%,83.6041666666667,Preliminar
21206990,TIBAITATA - AUT [21206990],HUM RELATIVA,Humedad relativa del aire a 2 metros media diaria,2007-12-01 00:00,%,84.4375,Preliminar
21206990,TIBAITATA - AUT [21206990],HUM RELATIVA,Humedad relativa del aire a 2 metros media diaria,2007-12-02 00:00,%,86.5208333333333,Preliminar
21206990,TIBAITATA - AUT [21206990],HUM RELATIVA,Humedad relativa del aire a 2 metros media diaria,2007-12-03 00:00,%,84.4583333333333,Preliminar
21206990,TIBAITATA - AUT [21206990],HUM RELATIVA,Humedad relativa del aire a 2 metros media diaria,2007-12-04 00:00,%,89.5833333333333,Preliminar
21206990,TIBAITATA - AUT [21206990],HUM RELATIVA,Humedad relativa del aire a 2 metros media diaria,2007-12-06 00:00,%,89.125,Preliminar
21206990,TIBAITATA - AUT [21206990],HUM RELATIVA,Humedad relativa del aire a 2 metros media diaria,2007-12-07 00:00,%,87.1458333333333,Preliminar
21206990,TIBAITATA - AUT [21206990],HUM RELATIVA,Humedad relativa del aire a 2 metros media diaria,2007-12-11 00:00,%,88.2291666666667,Preliminar
21206990,TIBAITATA - AUT [21206990],HUM RELATIVA,Humedad relativa del aire a 2 metros media diaria,2007-12-12 00:00,%,87.3333333333333,Preliminar
21206990,TIBAITATA - AUT [21206990],HUM RELATIVA,Humedad relativa del aire a 2 metros media diaria,2007-12-13 00:00,%,88.3666666666666,Preliminar
21206990,TIBAITATA - AUT [21206990],HUM RELATIVA,Humedad relativa del aire a 2 metros media diaria,2007-12-14 00:00,%,85.8333333333333,Preliminar
21206990,TIBAITATA - AUT [21206990],HUM RELATIVA,Humedad relativa del aire a 2 metros media diaria,2007-12-15 00:00,%,91.5208333333333,Preliminar
21206990,TIBAITATA - AUT [21206990],HUM RELATIVA,Humedad relativa del aire a 2 metros media diaria,2007-12-16 00:00,%,89.25,Preliminar
21206990,TIBAITATA - AUT [21206990],HUM RELATIVA,Humedad relativa del aire a 2 metros media diaria,2007-12-17 00:00,%,90.5625,Preliminar
21206990,TIBAITATA - AUT [21206990],HUM RELATIVA,Humedad relativa del aire a 2 metros media diaria,2007-12-18 00:00,%,92.125,Preliminar
21206990,TIBAITATA - AUT [21206990],HUM RELATIVA,Humedad relativa del aire a 2 metros media diaria,2007-12-19 00:00,%,92.2083333333333,Preliminar
21206990,TIBAITATA - AUT [21206990],HUM RELATIVA,Humedad relativa del aire a 2 metros media diaria,2007-12-20 00:00,%,87.6818181818182,Preliminar
21206990,TIBAITATA - AUT [21206990],HUM RELATIVA,Humedad relativa del aire a 2 metros media diaria,2007-12-21 00:00,%,90.0833333333333,Preliminar
21206990,TIBAITATA - AUT [21206990],HUM RELATIVA,Humedad relativa del aire a 2 metros media diaria,2007-12-22 00:00,%,92.2045454545454,Preliminar
21206990,TIBAITATA - AUT [21206990],HUM RELATIVA,Humedad relativa del aire a 2 metros media diaria,2007-12-23 00:00,%,87.0909090909091,Preliminar
21206990,TIBAITATA - AUT [21206990],HUM RELATIVA,Humedad relativa del aire a 2 metros media diaria,2007-12-24 00:00,%,89.1666666666667,Preliminar
21206990,TIBAITATA - AUT [21206990],HUM RELATIVA,Humedad relativa del aire a 2 metros media diaria,2007-12-25 00:00,%,90.2727272727273,Preliminar
21206990,TIBAITATA - AUT [21206990],HUM RELATIVA,Humedad relativa del aire a 2 metros media diaria,2007-12-26 00:00,%,88.1041666666667,Preliminar
21206990,TIBAITATA - AUT [21206990],HUM RELATIVA,Humedad relativa del aire a 2 metros media diaria,2007-12-27 00:00,%,85.1590909090909,Preliminar
21206990,TIBAITATA - AUT [21206990],HUM RELATIVA,Humedad relativa del aire a 2 metros media diaria,2007-12-28 00:00,%,80.5,Preliminar
21206990,TIBAITATA - AUT [21206990],HUM RELATIVA,Humedad relativa del aire a 2 metros media diaria,2007-12-29 00:00,%,80.2291666666667,Preliminar
21206990,TIBAITATA - AUT [21206990],HUM RELATIVA,Humedad relativa del aire a 2 metros media diaria,2007-12-30 00:00,%,84.6458333333333,Preliminar
21206990,TIBAITATA - AUT [21206990],HUM RELATIVA,Humedad relativa del aire a 2 metros media diaria,2007-12-31 00:00,%,84,Preliminar
21206990,TIBAITATA - AUT [21206990],HUM RELATIVA,Humedad relativa del aire a 2 metros media diaria,2008-01-01 00:00,%,81.9166666666667,Preliminar
21206990,TIBAITATA - AUT [21206990],HUM RELATIVA,Humedad relativa del aire a 2 metros media diaria,2008-01-02 00:00,%,85.75,Preliminar
21206990,TIBAITATA - AUT [21206990],HUM RELATIVA,Humedad relativa del aire a 2 metros media diaria,2008-01-03 00:00,%,86.5208333333333,Preliminar
21206990,TIBAITATA - AUT [21206990],HUM RELATIVA,Humedad relativa del aire a 2 metros media diaria,2008-01-04 00:00,%,72.2916666666667,Preliminar
21206990,TIBAITATA - AUT [21206990],HUM RELATIVA,Humedad relativa del aire a 2 metros media diaria,2008-01-05 00:00,%,78.2272727272727,Preliminar
21206990,TIBAITATA - AUT [21206990],HUM RELATIVA,Humedad relativa del aire a 2 metros media diaria,2008-01-06 00:00,%,73.1458333333333,Preliminar
21206990,TIBAITATA - AUT [21206990],HUM RELATIVA,Humedad relativa del aire a 2 metros media diaria,2008-01-07 00:00,%,81.6818181818182,Preliminar
21206990,TIBAITATA - AUT [21206990],HUM RELATIVA,Humedad relativa del aire a 2 metros media diaria,2008-01-08 00:00,%,89.6818181818182,Preliminar
21206990,TIBAITATA - AUT [21206990],HUM RELATIVA,Humedad relativa del aire a 2 metros media diaria,2008-01-09 00:00,%,91.6875,Preliminar
21206990,TIBAITATA - AUT [21206990],HUM RELATIVA,Humedad relativa del aire a 2 metros media diaria,2008-01-10 00:00,%,90,Preliminar
21206990,TIBAITATA - AUT [21206990],HUM RELATIVA,Humedad relativa del aire a 2 metros media diaria,2008-01-11 00:00,%,88.8863636363636,Preliminar
21206990,TIBAITATA - AUT [21206990],HUM RELATIVA,Humedad relativa del aire a 2 metros media diaria,2008-01-12 00:00,%,89.2916666666667,Preliminar
21206990,TIBAITATA - AUT [21206990],HUM RELATIVA,Humedad relativa del aire a 2 metros media diaria,2008-01-13 00:00,%,86.2083333333333,Preliminar
21206990,TIBAITATA - AUT [21206990],HUM RELATIVA,Humedad relativa del aire a 2 metros media diaria,2008-01-14 00:00,%,79.5208333333333,Preliminar
21206990,TIBAITATA - AUT [21206990],HUM RELATIVA,Humedad relativa del aire a 2 metros media diaria,2008-01-15 00:00,%,84.1666666666667,Preliminar
21206990,TIBAITATA - AUT [21206990],HUM RELATIVA,Humedad relativa del aire a 2 metros media diaria,2008-01-16 00:00,%,83.6363636363636,Preliminar
21206990,TIBAITATA - AUT [21206990],HUM RELATIVA,Humedad relativa del aire a 2 metros media diaria,2008-01-17 00:00,%,87.9166666666667,Preliminar
21206990,TIBAITATA - AUT [21206990],HUM RELATIVA,Humedad relativa del aire a 2 metros media diaria,2008-01-18 00:00,%,76.875,Preliminar
21206990,TIBAITATA - AUT [21206990],HUM RELATIVA,Humedad relativa del aire a 2 metros media diaria,2008-01-19 00:00,%,77.4791666666667,Preliminar
21206990,TIBAITATA - AUT [21206990],HUM RELATIVA,Humedad relativa del aire a 2 metros media diaria,2008-01-22 00:00,%,93,Preliminar
21206990,TIBAITATA - AUT [21206990],HUM RELATIVA,Humedad relativa del aire a 2 metros media diaria,2008-01-23 00:00,%,83.0416666666667,Preliminar
21206990,TIBAITATA - AUT [21206990],HUM RELATIVA,Humedad relativa del aire a 2 metros media diaria,2008-01-24 00:00,%,81.9791666666667,Preliminar
21206990,TIBAITATA - AUT [21206990],HUM RELATIVA,Humedad relativa del aire a 2 metros media diaria,2008-01-25 00:00,%,86.6041666666667,Preliminar
21206990,TIBAITATA - AUT [21206990],HUM RELATIVA,Humedad relativa del aire a 2 metros media diaria,2008-01-26 00:00,%,94.125,Preliminar
21206990,TIBAITATA - AUT [21206990],HUM RELATIVA,Humedad relativa del aire a 2 metros media diaria,2008-01-27 00:00,%,89.6041666666667,Preliminar
21206990,TIBAITATA - AUT [21206990],HUM RELATIVA,Humedad relativa del aire a 2 metros media diaria,2008-01-28 00:00,%,85,Preliminar
21206990,TIBAITATA - AUT [21206990],HUM RELATIVA,Humedad relativa del aire a 2 metros media diaria,2008-01-29 00:00,%,84.3333333333333,Preliminar
21206990,TIBAITATA - AUT [21206990],HUM RELATIVA,Humedad relativa del aire a 2 metros media diaria,2008-01-30 00:00,%,78.9210526315789,Preliminar
21206990,TIBAITATA - AUT [21206990],HUM RELATIVA,Humedad relativa del aire a 2 metros media diaria,2008-01-31 00:00,%,84.1304347826087,Preliminar
21206990,TIBAITATA - AUT [21206990],HUM RELATIVA,Humedad relativa del aire a 2 metros media diaria,2008-02-01 00:00,%,84.3541666666667,Preliminar
21206990,TIBAITATA - AUT [21206990],HUM RELATIVA,Humedad relativa del aire a 2 metros media diaria,2008-02-02 00:00,%,85.1875,Preliminar
21206990,TIBAITATA - AUT [21206990],HUM RELATIVA,Humedad relativa del aire a 2 metros media diaria,2008-02-03 00:00,%,82.55,Preliminar
21206990,TIBAITATA - AUT [21206990],HUM RELATIVA,Humedad relativa del aire a 2 metros media diaria,2008-02-04 00:00,%,80,Preliminar
21206990,TIBAITATA - AUT [21206990],HUM RELATIVA,Humedad relativa del aire a 2 metros media diaria,2008-02-05 00:00,%,76.5909090909091,Preliminar
21206990,TIBAITATA - AUT [21206990],HUM RELATIVA,Humedad relativa del aire a 2 metros media diaria,2008-02-06 00:00,%,83,Preliminar
21206990,TIBAITATA - AUT [21206990],HUM RELATIVA,Humedad relativa del aire a 2 metros media diaria,2008-02-07 00:00,%,80.8958333333333,Preliminar
21206990,TIBAITATA - AUT [21206990],HUM RELATIVA,Humedad relativa del aire a 2 metros media diaria,2008-02-08 00:00,%,80.1666666666667,Preliminar
21206990,TIBAITATA - AUT [21206990],HUM RELATIVA,Humedad relativa del aire a 2 metros media diaria,2008-02-09 00:00,%,79.375,Preliminar
21206990,TIBAITATA - AUT [21206990],HUM RELATIVA,Humedad relativa del aire a 2 metros media diaria,2008-02-10 00:00,%,84.75,Preliminar
21206990,TIBAITATA - AUT [21206990],HUM RELATIVA,Humedad relativa del aire a 2 metros media diaria,2008-02-11 00:00,%,82.2916666666667,Preliminar
21206990,TIBAITATA - AUT [21206990],HUM RELATIVA,Humedad relativa del aire a 2 metros media diaria,2008-02-12 00:00,%,77.125,Preliminar
21206990,TIBAITATA - AUT [21206990],HUM RELATIVA,Humedad relativa del aire a 2 metros media diaria,2008-02-13 00:00,%,75.875,Preliminar
21206990,TIBAITATA - AUT [21206990],HUM RELATIVA,Humedad relativa del aire a 2 metros media diaria,2008-02-14 00:00,%,81.5,Preliminar
21206990,TIBAITATA - AUT [21206990],HUM RELATIVA,Humedad relativa del aire a 2 metros media diaria,2008-02-15 00:00,%,80.0263157894737,Preliminar
21206990,TIBAITATA - AUT [21206990],HUM RELATIVA,Humedad relativa del aire a 2 metros media diaria,2008-02-16 00:00,%,85.5454545454546,Preliminar
21206990,TIBAITATA - AUT [21206990],HUM RELATIVA,Humedad relativa del aire a 2 metros media diaria,2008-02-17 00:00,%,90.1666666666667,Preliminar
21206990,TIBAITATA - AUT [21206990],HUM RELATIVA,Humedad relativa del aire a 2 metros media diaria,2008-02-18 00:00,%,89.7708333333333,Preliminar
21206990,TIBAITATA - AUT [21206990],HUM RELATIVA,Humedad relativa del aire a 2 metros media diaria,2008-02-19 00:00,%,92.4583333333333,Preliminar
21206990,TIBAITATA - AUT [21206990],HUM RELATIVA,Humedad relativa del aire a 2 metros media diaria,2008-02-20 00:00,%,88.4782608695652,Preliminar
21206990,TIBAITATA - AUT [21206990],HUM RELATIVA,Humedad relativa del aire a 2 metros media diaria,2008-02-21 00:00,%,92.3571428571429,Preliminar
21206990,TIBAITATA - AUT [21206990],HUM RELATIVA,Humedad relativa del aire a 2 metros media diaria,2008-02-22 00:00,%,88.625,Preliminar
21206990,TIBAITATA - AUT [21206990],HUM RELATIVA,Humedad relativa del aire a 2 metros media diaria,2008-02-23 00:00,%,84.25,Preliminar
21206990,TIBAITATA - AUT [21206990],HUM RELATIVA,Humedad relativa del aire a 2 metros media diaria,2008-02-24 00:00,%,89.125,Preliminar
21206990,TIBAITATA - AUT [21206990],HUM RELATIVA,Humedad relativa del aire a 2 metros media diaria,2008-02-25 00:00,%,89.2954545454546,Preliminar
21206990,TIBAITATA - AUT [21206990],HUM RELATIVA,Humedad relativa del aire a 2 metros media diaria,2008-02-26 00:00,%,87.1363636363636,Preliminar
21206990,TIBAITATA - AUT [21206990],HUM RELATIVA,Humedad relativa del aire a 2 metros media diaria,2008-02-27 00:00,%,86.3863636363636,Preliminar
21206990,TIBAITATA - AUT [21206990],HUM RELATIVA,Humedad relativa del aire a 2 metros media diaria,2008-02-28 00:00,%,89.3958333333333,Preliminar
21206990,TIBAITATA - AUT [21206990],HUM RELATIVA,Humedad relativa del aire a 2 metros media diaria,2008-02-29 00:00,%,87.6666666666667,Preliminar
21206990,TIBAITATA - AUT [21206990],HUM RELATIVA,Humedad relativa del aire a 2 metros media diaria,2008-03-01 00:00,%,80.7083333333333,Preliminar
21206990,TIBAITATA - AUT [21206990],HUM RELATIVA,Humedad relativa del aire a 2 metros media diaria,2008-03-02 00:00,%,83.375,Preliminar
21206990,TIBAITATA - AUT [21206990],HUM RELATIVA,Humedad relativa del aire a 2 metros media diaria,2008-03-03 00:00,%,85.3181818181818,Preliminar
21206990,TIBAITATA - AUT [21206990],HUM RELATIVA,Humedad relativa del aire a 2 metros media diaria,2008-03-04 00:00,%,87.8181818181818,Preliminar
21206990,TIBAITATA - AUT [21206990],HUM RELATIVA,Humedad relativa del aire a 2 metros media diaria,2008-03-05 00:00,%,89,Preliminar
21206990,TIBAITATA - AUT [21206990],HUM RELATIVA,Humedad relativa del aire a 2 metros media diaria,2008-03-06 00:00,%,87.3571428571429,Preliminar
21206990,TIBAITATA - AUT [21206990],HUM RELATIVA,Humedad relativa del aire a 2 metros media diaria,2008-03-07 00:00,%,83.3947368421053,Preliminar
21206990,TIBAITATA - AUT [21206990],HUM RELATIVA,Humedad relativa del aire a 2 metros media diaria,2008-03-08 00:00,%,82.425,Preliminar
21206990,TIBAITATA - AUT [21206990],HUM RELATIVA,Humedad relativa del aire a 2 metros media diaria,2008-03-09 00:00,%,85.25,Preliminar
21206990,TIBAITATA - AUT [21206990],HUM RELATIVA,Humedad relativa del aire a 2 metros media diaria,2008-03-10 00:00,%,87.025,Preliminar
21206990,TIBAITATA - AUT [21206990],HUM RELATIVA,Humedad relativa del aire a 2 metros media diaria,2008-03-11 00:00,%,91.6041666666667,Preliminar
21206990,TIBAITATA - AUT [21206990],HUM RELATIVA,Humedad relativa del aire a 2 metros media diaria,2008-03-12 00:00,%,90.0681818181818,Preliminar
21206990,TIBAITATA - AUT [21206990],HUM RELATIVA,Humedad relativa del aire a 2 metros media diaria,2008-03-13 00:00,%,95.35,Preliminar
21206990,TIBAITATA - AUT [21206990],HUM RELATIVA,Humedad relativa del aire a 2 metros media diaria,2008-03-14 00:00,%,97.6363636363636,Preliminar
21206990,TIBAITATA - AUT [21206990],HUM RELATIVA,Humedad relativa del aire a 2 metros media diaria,2008-03-15 00:00,%,85,Preliminar
21206990,TIBAITATA - AUT [21206990],HUM RELATIVA,Humedad relativa del aire a 2 metros media diaria,2008-03-16 00:00,%,86.9318181818182,Preliminar
21206990,TIBAITATA - AUT [21206990],HUM RELATIVA,Humedad relativa del aire a 2 metros media diaria,2008-03-17 00:00,%,81.2916666666667,Preliminar
21206990,TIBAITATA - AUT [21206990],HUM RELATIVA,Humedad relativa del aire a 2 metros media diaria,2008-03-18 00:00,%,84.15,Preliminar
21206990,TIBAITATA - AUT [21206990],HUM RELATIVA,Humedad relativa del aire a 2 metros media diaria,2008-03-19 00:00,%,84.1904761904762,Preliminar
21206990,TIBAITATA - AUT [21206990],HUM RELATIVA,Humedad relativa del aire a 2 metros media diaria,2008-03-20 00:00,%,86.4347826086956,Preliminar
21206990,TIBAITATA - AUT [21206990],HUM RELATIVA,Humedad relativa del aire a 2 metros media diaria,2008-03-21 00:00,%,83.8333333333333,Preliminar
21206990,TIBAITATA - AUT [21206990],HUM RELATIVA,Humedad relativa del aire a 2 metros media diaria,2008-03-22 00:00,%,82.7826086956522,Preliminar
21206990,TIBAITATA - AUT [21206990],HUM RELATIVA,Humedad relativa del aire a 2 metros media diaria,2008-03-23 00:00,%,82.1590909090909,Preliminar
21206990,TIBAITATA - AUT [21206990],HUM RELATIVA,Humedad relativa del aire a 2 metros media diaria,2008-03-24 00:00,%,81.2727272727273,Preliminar
21206990,TIBAITATA - AUT [21206990],HUM RELATIVA,Humedad relativa del aire a 2 metros media diaria,2008-03-25 00:00,%,88.7708333333333,Preliminar
21206990,TIBAITATA - AUT [21206990],HUM RELATIVA,Humedad relativa del aire a 2 metros media diaria,2008-03-26 00:00,%,84.2916666666667,Preliminar
21206990,TIBAITATA - AUT [21206990],HUM RELATIVA,Humedad relativa del aire a 2 metros media diaria,2008-03-27 00:00,%,84,Preliminar
21206990,TIBAITATA - AUT [21206990],HUM RELATIVA,Humedad relativa del aire a 2 metros media diaria,2008-03-28 00:00,%,87.625,Preliminar
21206990,TIBAITATA - AUT [21206990],HUM RELATIVA,Humedad relativa del aire a 2 metros media diaria,2008-03-29 00:00,%,88.125,Preliminar
21206990,TIBAITATA - AUT [21206990],HUM RELATIVA,Humedad relativa del aire a 2 metros media diaria,2008-03-30 00:00,%,87.3333333333333,Preliminar
21206990,TIBAITATA - AUT [21206990],HUM RELATIVA,Humedad relativa del aire a 2 metros media diaria,2008-03-31 00:00,%,89.9166666666667,Preliminar
21206990,TIBAITATA - AUT [21206990],HUM RELATIVA,Humedad relativa del aire a 2 metros media diaria,2008-04-01 00:00,%,91.0833333333333,Preliminar
21206990,TIBAITATA - AUT [21206990],HUM RELATIVA,Humedad relativa del aire a 2 metros media diaria,2008-04-02 00:00,%,86.2083333333333,Preliminar
21206990,TIBAITATA - AUT [21206990],HUM RELATIVA,Humedad relativa del aire a 2 metros media diaria,2008-04-03 00:00,%,83.952380952381,Preliminar
21206990,TIBAITATA - AUT [21206990],HUM RELATIVA,Humedad relativa del aire a 2 metros media diaria,2008-04-04 00:00,%,84.2916666666667,Preliminar
21206990,TIBAITATA - AUT [21206990],HUM RELATIVA,Humedad relativa del aire a 2 metros media diaria,2008-04-05 00:00,%,85.9545454545454,Preliminar
21206990,TIBAITATA - AUT [21206990],HUM RELATIVA,Humedad relativa del aire a 2 metros media diaria,2008-04-06 00:00,%,84.9090909090909,Preliminar
21206990,TIBAITATA - AUT [21206990],HUM RELATIVA,Humedad relativa del aire a 2 metros media diaria,2008-04-07 00:00,%,89.1875,Preliminar
21206990,TIBAITATA - AUT [21206990],HUM RELATIVA,Humedad relativa del aire a 2 metros media diaria,2008-04-08 00:00,%,87.0217391304348,Preliminar
21206990,TIBAITATA - AUT [21206990],HUM RELATIVA,Humedad relativa del aire a 2 metros media diaria,2008-04-09 00:00,%,85.2857142857143,Preliminar
21206990,TIBAITATA - AUT [21206990],HUM RELATIVA,Humedad relativa del aire a 2 metros media diaria,2008-04-10 00:00,%,86.9090909090909,Preliminar
21206990,TIBAITATA - AUT [21206990],HUM RELATIVA,Humedad relativa del aire a 2 metros media diaria,2008-04-11 00:00,%,91.2083333333333,Preliminar
21206990,TIBAITATA - AUT [21206990],HUM RELATIVA,Humedad relativa del aire a 2 metros media diaria,2008-04-12 00:00,%,91.0681818181818,Preliminar
21206990,TIBAITATA - AUT [21206990],HUM RELATIVA,Humedad relativa del aire a 2 metros media diaria,2008-04-13 00:00,%,91.3541666666667,Preliminar
21206990,TIBAITATA - AUT [21206990],HUM RELATIVA,Humedad relativa del aire a 2 metros media diaria,2008-04-14 00:00,%,92.2727272727273,Preliminar
21206990,TIBAITATA - AUT [21206990],HUM RELATIVA,Humedad relativa del aire a 2 metros media diaria,2008-04-15 00:00,%,90.875,Preliminar
21206990,TIBAITATA - AUT [21206990],HUM RELATIVA,Humedad relativa del aire a 2 metros media diaria,2008-04-16 00:00,%,76.2708333333333,Preliminar
21206990,TIBAITATA - AUT [21206990],HUM RELATIVA,Humedad relativa del aire a 2 metros media diaria,2008-04-17 00:00,%,76.5416666666667,Preliminar
21206990,TIBAITATA - AUT [21206990],HUM RELATIVA,Humedad relativa del aire a 2 metros media diaria,2008-04-18 00:00,%,81.2083333333333,Preliminar
21206990,TIBAITATA - AUT [21206990],HUM RELATIVA,Humedad relativa del aire a 2 metros media diaria,2008-04-19 00:00,%,80.875,Preliminar
21206990,TIBAITATA - AUT [21206990],HUM RELATIVA,Humedad relativa del aire a 2 metros media diaria,2008-04-20 00:00,%,86.0833333333333,Preliminar
21206990,TIBAITATA - AUT [21206990],HUM RELATIVA,Humedad relativa del aire a 2 metros media diaria,2008-04-21 00:00,%,91.8958333333333,Preliminar
21206990,TIBAITATA - AUT [21206990],HUM RELATIVA,Humedad relativa del aire a 2 metros media diaria,2008-04-22 00:00,%,85.1041666666667,Preliminar
21206990,TIBAITATA - AUT [21206990],HUM RELATIVA,Humedad relativa del aire a 2 metros media diaria,2008-04-23 00:00,%,87.2291666666667,Preliminar
21206990,TIBAITATA - AUT [21206990],HUM RELATIVA,Humedad relativa del aire a 2 metros media diaria,2008-04-24 00:00,%,88.4583333333333,Preliminar
21206990,TIBAITATA - AUT [21206990],HUM RELATIVA,Humedad relativa del aire a 2 metros media diaria,2008-04-25 00:00,%,91.7083333333333,Preliminar
21206990,TIBAITATA - AUT [21206990],HUM RELATIVA,Humedad relativa del aire a 2 metros media diaria,2008-04-26 00:00,%,89.9545454545454,Preliminar
21206990,TIBAITATA - AUT [21206990],HUM RELATIVA,Humedad relativa del aire a 2 metros media diaria,2008-04-27 00:00,%,89,Preliminar
21206990,TIBAITATA - AUT [21206990],HUM RELATIVA,Humedad relativa del aire a 2 metros media diaria,2008-04-28 00:00,%,88.5,Preliminar
21206990,TIBAITATA - AUT [21206990],HUM RELATIVA,Humedad relativa del aire a 2 metros media diaria,2008-04-29 00:00,%,83.375,Preliminar
21206990,TIBAITATA - AUT [21206990],HUM RELATIVA,Humedad relativa del aire a 2 metros media diaria,2008-04-30 00:00,%,86.7708333333333,Preliminar
21206990,TIBAITATA - AUT [21206990],HUM RELATIVA,Humedad relativa del aire a 2 metros media diaria,2008-05-01 00:00,%,87.9791666666667,Preliminar
21206990,TIBAITATA - AUT [21206990],HUM RELATIVA,Humedad relativa del aire a 2 metros media diaria,2008-05-02 00:00,%,82.452380952381,Preliminar
21206990,TIBAITATA - AUT [21206990],HUM RELATIVA,Humedad relativa del aire a 2 metros media diaria,2008-05-03 00:00,%,87.5,Preliminar
21206990,TIBAITATA - AUT [21206990],HUM RELATIVA,Humedad relativa del aire a 2 metros media diaria,2008-05-04 00:00,%,94.5,Preliminar
21206990,TIBAITATA - AUT [21206990],HUM RELATIVA,Humedad relativa del aire a 2 metros media diaria,2008-05-05 00:00,%,91.0625,Preliminar
21206990,TIBAITATA - AUT [21206990],HUM RELATIVA,Humedad relativa del aire a 2 metros media diaria,2008-05-06 00:00,%,81.6818181818182,Preliminar
21206990,TIBAITATA - AUT [21206990],HUM RELATIVA,Humedad relativa del aire a 2 metros media diaria,2008-05-07 00:00,%,82.1041666666667,Preliminar
21206990,TIBAITATA - AUT [21206990],HUM RELATIVA,Humedad relativa del aire a 2 metros media diaria,2008-05-08 00:00,%,86.2083333333333,Preliminar
21206990,TIBAITATA - AUT [21206990],HUM RELATIVA,Humedad relativa del aire a 2 metros media diaria,2008-05-09 00:00,%,77.1111111111111,Preliminar
21206990,TIBAITATA - AUT [21206990],HUM RELATIVA,Humedad relativa del aire a 2 metros media diaria,2008-05-10 00:00,%,81.975,Preliminar
21206990,TIBAITATA - AUT [21206990],HUM RELATIVA,Humedad relativa del aire a 2 metros media diaria,2008-05-11 00:00,%,82.1136363636364,Preliminar
21206990,TIBAITATA - AUT [21206990],HUM RELATIVA,Humedad relativa del aire a 2 metros media diaria,2008-05-12 00:00,%,80.8541666666667,Preliminar
21206990,TIBAITATA - AUT [21206990],HUM RELATIVA,Humedad relativa del aire a 2 metros media diaria,2008-05-13 00:00,%,88.7058823529412,Preliminar
21206990,TIBAITATA - AUT [21206990],HUM RELATIVA,Humedad relativa del aire a 2 metros media diaria,2008-05-14 00:00,%,84.8571428571429,Preliminar
21206990,TIBAITATA - AUT [21206990],HUM RELATIVA,Humedad relativa del aire a 2 metros media diaria,2008-05-15 00:00,%,79.15,Preliminar
21206990,TIBAITATA - AUT [21206990],HUM RELATIVA,Humedad relativa del aire a 2 metros media diaria,2008-05-16 00:00,%,89.5625,Preliminar
21206990,TIBAITATA - AUT [21206990],HUM RELATIVA,Humedad relativa del aire a 2 metros media diaria,2008-05-17 00:00,%,90.9791666666667,Preliminar
21206990,TIBAITATA - AUT [21206990],HUM RELATIVA,Humedad relativa del aire a 2 metros media diaria,2008-05-18 00:00,%,83.3958333333333,Preliminar
21206990,TIBAITATA - AUT [21206990],HUM RELATIVA,Humedad relativa del aire a 2 metros media diaria,2008-05-19 00:00,%,84.3958333333333,Preliminar
21206990,TIBAITATA - AUT [21206990],HUM RELATIVA,Humedad relativa del aire a 2 metros media diaria,2008-05-20 00:00,%,95.1590909090909,Preliminar
21206990,TIBAITATA - AUT [21206990],HUM RELATIVA,Humedad relativa del aire a 2 metros media diaria,2008-05-21 00:00,%,91.25,Preliminar
21206990,TIBAITATA - AUT [21206990],HUM RELATIVA,Humedad relativa del aire a 2 metros media diaria,2008-05-22 00:00,%,93.7083333333333,Preliminar
21206990,TIBAITATA - AUT [21206990],HUM RELATIVA,Humedad relativa del aire a 2 metros media diaria,2008-05-23 00:00,%,91.7291666666667,Preliminar
21206990,TIBAITATA - AUT [21206990],HUM RELATIVA,Humedad relativa del aire a 2 metros media diaria,2008-05-24 00:00,%,92.4375,Preliminar
21206990,TIBAITATA - AUT [21206990],HUM RELATIVA,Humedad relativa del aire a 2 metros media diaria,2008-05-25 00:00,%,91.3863636363636,Preliminar
21206990,TIBAITATA - AUT [21206990],HUM RELATIVA,Humedad relativa del aire a 2 metros media diaria,2008-05-26 00:00,%,91.3333333333333,Preliminar
21206990,TIBAITATA - AUT [21206990],HUM RELATIVA,Humedad relativa del aire a 2 metros media diaria,2008-05-27 00:00,%,90.4791666666667,Preliminar
21206990,TIBAITATA - AUT [21206990],HUM RELATIVA,Humedad relativa del aire a 2 metros media diaria,2008-05-28 00:00,%,93.7727272727273,Preliminar
21206990,TIBAITATA - AUT [21206990],HUM RELATIVA,Humedad relativa del aire a 2 metros media diaria,2008-05-29 00:00,%,88.4583333333333,Preliminar
21206990,TIBAITATA - AUT [21206990],HUM RELATIVA,Humedad relativa del aire a 2 metros media diaria,2008-05-30 00:00,%,92.5454545454546,Preliminar
21206990,TIBAITATA - AUT [21206990],HUM RELATIVA,Humedad relativa del aire a 2 metros media diaria,2008-05-31 00:00,%,86.7083333333333,Preliminar
21206990,TIBAITATA - AUT [21206990],HUM RELATIVA,Humedad relativa del aire a 2 metros media diaria,2008-06-01 00:00,%,86.8125,Preliminar
21206990,TIBAITATA - AUT [21206990],HUM RELATIVA,Humedad relativa del aire a 2 metros media diaria,2008-06-02 00:00,%,89.2291666666667,Preliminar
21206990,TIBAITATA - AUT [21206990],HUM RELATIVA,Humedad relativa del aire a 2 metros media diaria,2008-06-03 00:00,%,92.4791666666667,Preliminar
21206990,TIBAITATA - AUT [21206990],HUM RELATIVA,Humedad relativa del aire a 2 metros media diaria,2008-06-04 00:00,%,85.4090909090909,Preliminar
21206990,TIBAITATA - AUT [21206990],HUM RELATIVA,Humedad relativa del aire a 2 metros media diaria,2008-06-05 00:00,%,90.2083333333333,Preliminar
21206990,TIBAITATA - AUT [21206990],HUM RELATIVA,Humedad relativa del aire a 2 metros media diaria,2008-06-07 00:00,%,83.53125,Preliminar
21206990,TIBAITATA - AUT [21206990],HUM RELATIVA,Humedad relativa del aire a 2 metros media diaria,2008-06-08 00:00,%,82.5714285714286,Preliminar
21206990,TIBAITATA - AUT [21206990],HUM RELATIVA,Humedad relativa del aire a 2 metros media diaria,2008-06-11 00:00,%,83,Preliminar
21206990,TIBAITATA - AUT [21206990],HUM RELATIVA,Humedad relativa del aire a 2 metros media diaria,2008-06-12 00:00,%,85.0227272727273,Preliminar
21206990,TIBAITATA - AUT [21206990],HUM RELATIVA,Humedad relativa del aire a 2 metros media diaria,2008-06-13 00:00,%,83.25,Preliminar
21206990,TIBAITATA - AUT [21206990],HUM RELATIVA,Humedad relativa del aire a 2 metros media diaria,2008-06-14 00:00,%,86.125,Preliminar
21206990,TIBAITATA - AUT [21206990],HUM RELATIVA,Humedad relativa del aire a 2 metros media diaria,2008-06-15 00:00,%,91.5833333333333,Preliminar
21206990,TIBAITATA - AUT [21206990],HUM RELATIVA,Humedad relativa del aire a 2 metros media diaria,2008-06-16 00:00,%,89.1666666666667,Preliminar
21206990,TIBAITATA - AUT [21206990],HUM RELATIVA,Humedad relativa del aire a 2 metros media diaria,2008-06-17 00:00,%,88.8125,Preliminar
21206990,TIBAITATA - AUT [21206990],HUM RELATIVA,Humedad relativa del aire a 2 metros media diaria,2008-06-18 00:00,%,85.6875,Preliminar
21206990,TIBAITATA - AUT [21206990],HUM RELATIVA,Humedad relativa del aire a 2 metros media diaria,2008-06-19 00:00,%,87.1666666666667,Preliminar
21206990,TIBAITATA - AUT [21206990],HUM RELATIVA,Humedad relativa del aire a 2 metros media diaria,2008-06-20 00:00,%,80.5454545454546,Preliminar
21206990,TIBAITATA - AUT [21206990],HUM RELATIVA,Humedad relativa del aire a 2 metros media diaria,2008-06-21 00:00,%,93.547619047619,Preliminar
21206990,TIBAITATA - AUT [21206990],HUM RELATIVA,Humedad relativa del aire a 2 metros media diaria,2008-06-22 00:00,%,90.7391304347826,Preliminar
21206990,TIBAITATA - AUT [21206990],HUM RELATIVA,Humedad relativa del aire a 2 metros media diaria,2008-06-23 00:00,%,89.65,Preliminar
21206990,TIBAITATA - AUT [21206990],HUM RELATIVA,Humedad relativa del aire a 2 metros media diaria,2008-06-24 00:00,%,86.2045454545454,Preliminar
21206990,TIBAITATA - AUT [21206990],HUM RELATIVA,Humedad relativa del aire a 2 metros media diaria,2008-06-25 00:00,%,91.7916666666667,Preliminar
21206990,TIBAITATA - AUT [21206990],HUM RELATIVA,Humedad relativa del aire a 2 metros media diaria,2008-06-26 00:00,%,89.2916666666667,Preliminar
21206990,TIBAITATA - AUT [21206990],HUM RELATIVA,Humedad relativa del aire a 2 metros media diaria,2008-06-27 00:00,%,82.3958333333333,Preliminar
21206990,TIBAITATA - AUT [21206990],HUM RELATIVA,Humedad relativa del aire a 2 metros media diaria,2008-06-28 00:00,%,88.5416666666667,Preliminar
21206990,TIBAITATA - AUT [21206990],HUM RELATIVA,Humedad relativa del aire a 2 metros media diaria,2008-06-29 00:00,%,84.1666666666667,Preliminar
21206990,TIBAITATA - AUT [21206990],HUM RELATIVA,Humedad relativa del aire a 2 metros media diaria,2008-06-30 00:00,%,79.6875,Preliminar
21206990,TIBAITATA - AUT [21206990],HUM RELATIVA,Humedad relativa del aire a 2 metros media diaria,2008-07-01 00:00,%,87.9583333333333,Preliminar
21206990,TIBAITATA - AUT [21206990],HUM RELATIVA,Humedad relativa del aire a 2 metros media diaria,2008-07-02 00:00,%,86.4545454545454,Preliminar
21206990,TIBAITATA - AUT [21206990],HUM RELATIVA,Humedad relativa del aire a 2 metros media diaria,2008-07-03 00:00,%,87.5208333333333,Preliminar
21206990,TIBAITATA - AUT [21206990],HUM RELATIVA,Humedad relativa del aire a 2 metros media diaria,2008-07-04 00:00,%,85.1666666666667,Preliminar
21206990,TIBAITATA - AUT [21206990],HUM RELATIVA,Humedad relativa del aire a 2 metros media diaria,2008-07-06 00:00,%,88.2826086956522,Preliminar
21206990,TIBAITATA - AUT [21206990],HUM RELATIVA,Humedad relativa del aire a 2 metros media diaria,2008-07-07 00:00,%,83.7708333333333,Preliminar
21206990,TIBAITATA - AUT [21206990],HUM RELATIVA,Humedad relativa del aire a 2 metros media diaria,2008-07-08 00:00,%,87.4166666666667,Preliminar
21206990,TIBAITATA - AUT [21206990],HUM RELATIVA,Humedad relativa del aire a 2 metros media diaria,2008-07-09 00:00,%,87.0625,Preliminar
21206990,TIBAITATA - AUT [21206990],HUM RELATIVA,Humedad relativa del aire a 2 metros media diaria,2008-07-10 00:00,%,94.0588235294118,Preliminar
21206990,TIBAITATA - AUT [21206990],HUM RELATIVA,Humedad relativa del aire a 2 metros media diaria,2008-07-11 00:00,%,80.75,Preliminar
21206990,TIBAITATA - AUT [21206990],HUM RELATIVA,Humedad relativa del aire a 2 metros media diaria,2008-07-12 00:00,%,90.3461538461538,Preliminar
21206990,TIBAITATA - AUT [21206990],HUM RELATIVA,Humedad relativa del aire a 2 metros media diaria,2008-07-13 00:00,%,90.1458333333333,Preliminar
21206990,TIBAITATA - AUT [21206990],HUM RELATIVA,Humedad relativa del aire a 2 metros media diaria,2008-07-14 00:00,%,88.1590909090909,Preliminar
21206990,TIBAITATA - AUT [21206990],HUM RELATIVA,Humedad relativa del aire a 2 metros media diaria,2008-07-15 00:00,%,86.7708333333333,Preliminar
21206990,TIBAITATA - AUT [21206990],HUM RELATIVA,Humedad relativa del aire a 2 metros media diaria,2008-07-16 00:00,%,91.8958333333333,Preliminar
21206990,TIBAITATA - AUT [21206990],HUM RELATIVA,Humedad relativa del aire a 2 metros media diaria,2008-07-17 00:00,%,86.8863636363636,Preliminar
21206990,TIBAITATA - AUT [21206990],HUM RELATIVA,Humedad relativa del aire a 2 metros media diaria,2008-07-18 00:00,%,91.375,Preliminar
21206990,TIBAITATA - AUT [21206990],HUM RELATIVA,Humedad relativa del aire a 2 metros media diaria,2008-07-19 00:00,%,84.5208333333333,Preliminar
21206990,TIBAITATA - AUT [21206990],HUM RELATIVA,Humedad relativa del aire a 2 metros media diaria,2008-07-20 00:00,%,82.1041666666667,Preliminar
21206990,TIBAITATA - AUT [21206990],HUM RELATIVA,Humedad relativa del aire a 2 metros media diaria,2008-07-21 00:00,%,86.4375,Preliminar
21206990,TIBAITATA - AUT [21206990],HUM RELATIVA,Humedad relativa del aire a 2 metros media diaria,2008-07-22 00:00,%,84.1875,Preliminar
21206990,TIBAITATA - AUT [21206990],HUM RELATIVA,Humedad relativa del aire a 2 metros media diaria,2008-07-23 00:00,%,80.3125,Preliminar
21206990,TIBAITATA - AUT [21206990],HUM RELATIVA,Humedad relativa del aire a 2 metros media diaria,2008-07-24 00:00,%,80.7083333333333,Preliminar
21206990,TIBAITATA - AUT [21206990],HUM RELATIVA,Humedad relativa del aire a 2 metros media diaria,2008-07-25 00:00,%,83.6666666666667,Preliminar
21206990,TIBAITATA - AUT [21206990],HUM RELATIVA,Humedad relativa del aire a 2 metros media diaria,2008-07-26 00:00,%,82.53125,Preliminar
21206990,TIBAITATA - AUT [21206990],HUM RELATIVA,Humedad relativa del aire a 2 metros media diaria,2008-07-27 00:00,%,71.21875,Preliminar
21206990,TIBAITATA - AUT [21206990],HUM RELATIVA,Humedad relativa del aire a 2 metros media diaria,2008-07-28 00:00,%,80.3333333333333,Preliminar
21206990,TIBAITATA - AUT [21206990],HUM RELATIVA,Humedad relativa del aire a 2 metros media diaria,2008-07-29 00:00,%,85.2916666666667,Preliminar
21206990,TIBAITATA - AUT [21206990],HUM RELATIVA,Humedad relativa del aire a 2 metros media diaria,2008-07-30 00:00,%,79.0833333333333,Preliminar
21206990,TIBAITATA - AUT [21206990],HUM RELATIVA,Humedad relativa del aire a 2 metros media diaria,2008-07-31 00:00,%,85.8333333333333,Preliminar
21206990,TIBAITATA - AUT [21206990],HUM RELATIVA,Humedad relativa del aire a 2 metros media diaria,2008-08-01 00:00,%,83.5833333333333,Preliminar
21206990,TIBAITATA - AUT [21206990],HUM RELATIVA,Humedad relativa del aire a 2 metros media diaria,2008-08-02 00:00,%,85.2083333333333,Preliminar
21206990,TIBAITATA - AUT [21206990],HUM RELATIVA,Humedad relativa del aire a 2 metros media diaria,2008-08-03 00:00,%,79.2708333333333,Preliminar
21206990,TIBAITATA - AUT [21206990],HUM RELATIVA,Humedad relativa del aire a 2 metros media diaria,2008-08-06 00:00,%,82.2608695652174,Preliminar
21206990,TIBAITATA - AUT [21206990],HUM RELATIVA,Humedad relativa del aire a 2 metros media diaria,2008-08-07 00:00,%,77.7291666666667,Preliminar
21206990,TIBAITATA - AUT [21206990],HUM RELATIVA,Humedad relativa del aire a 2 metros media diaria,2008-08-08 00:00,%,83.3863636363636,Preliminar
21206990,TIBAITATA - AUT [21206990],HUM RELATIVA,Humedad relativa del aire a 2 metros media diaria,2008-08-09 00:00,%,82.8541666666667,Preliminar
21206990,TIBAITATA - AUT [21206990],HUM RELATIVA,Humedad relativa del aire a 2 metros media diaria,2008-08-10 00:00,%,81.6363636363636,Preliminar
21206990,TIBAITATA - AUT [21206990],HUM RELATIVA,Humedad relativa del aire a 2 metros media diaria,2008-08-11 00:00,%,92.2857142857143,Preliminar
21206990,TIBAITATA - AUT [21206990],HUM RELATIVA,Humedad relativa del aire a 2 metros media diaria,2008-08-16 00:00,%,84.7954545454546,Preliminar
21206990,TIBAITATA - AUT [21206990],HUM RELATIVA,Humedad relativa del aire a 2 metros media diaria,2008-08-17 00:00,%,89.4318181818182,Preliminar
21206990,TIBAITATA - AUT [21206990],HUM RELATIVA,Humedad relativa del aire a 2 metros media diaria,2008-08-18 00:00,%,91.7272727272727,Preliminar
21206990,TIBAITATA - AUT [21206990],HUM RELATIVA,Humedad relativa del aire a 2 metros media diaria,2008-08-19 00:00,%,92.175,Preliminar
21206990,TIBAITATA - AUT [21206990],HUM RELATIVA,Humedad relativa del aire a 2 metros media diaria,2008-08-20 00:00,%,87.1,Preliminar
21206990,TIBAITATA - AUT [21206990],HUM RELATIVA,Humedad relativa del aire a 2 metros media diaria,2008-08-21 00:00,%,88.5625,Preliminar
21206990,TIBAITATA - AUT [21206990],HUM RELATIVA,Humedad relativa del aire a 2 metros media diaria,2008-08-22 00:00,%,88.9583333333333,Preliminar
21206990,TIBAITATA - AUT [21206990],HUM RELATIVA,Humedad relativa del aire a 2 metros media diaria,2008-08-23 00:00,%,91.125,Preliminar
21206990,TIBAITATA - AUT [21206990],HUM RELATIVA,Humedad relativa del aire a 2 metros media diaria,2008-08-24 00:00,%,89.1666666666667,Preliminar
21206990,TIBAITATA - AUT [21206990],HUM RELATIVA,Humedad relativa del aire a 2 metros media diaria,2008-08-25 00:00,%,88,Preliminar
21206990,TIBAITATA - AUT [21206990],HUM RELATIVA,Humedad relativa del aire a 2 metros media diaria,2008-08-26 00:00,%,87.1818181818182,Preliminar
21206990,TIBAITATA - AUT [21206990],HUM RELATIVA,Humedad relativa del aire a 2 metros media diaria,2008-08-27 00:00,%,83.6190476190476,Preliminar
21206990,TIBAITATA - AUT [21206990],HUM RELATIVA,Humedad relativa del aire a 2 metros media diaria,2008-08-28 00:00,%,88.7391304347826,Preliminar
21206990,TIBAITATA - AUT [21206990],HUM RELATIVA,Humedad relativa del aire a 2 metros media diaria,2008-08-29 00:00,%,87.7045454545454,Preliminar
21206990,TIBAITATA - AUT [21206990],HUM RELATIVA,Humedad relativa del aire a 2 metros media diaria,2008-08-30 00:00,%,86.7708333333333,Preliminar
21206990,TIBAITATA - AUT [21206990],HUM RELATIVA,Humedad relativa del aire a 2 metros media diaria,2008-08-31 00:00,%,90.8666666666666,Preliminar
21206990,TIBAITATA - AUT [21206990],HUM RELATIVA,Humedad relativa del aire a 2 metros media diaria,2008-09-01 00:00,%,87.225,Preliminar
21206990,TIBAITATA - AUT [21206990],HUM RELATIVA,Humedad relativa del aire a 2 metros media diaria,2008-09-02 00:00,%,90.0909090909091,Preliminar
21206990,TIBAITATA - AUT [21206990],HUM RELATIVA,Humedad relativa del aire a 2 metros media diaria,2008-09-03 00:00,%,89.85,Preliminar
21206990,TIBAITATA - AUT [21206990],HUM RELATIVA,Humedad relativa del aire a 2 metros media diaria,2008-09-04 00:00,%,91.4047619047619,Preliminar
21206990,TIBAITATA - AUT [21206990],HUM RELATIVA,Humedad relativa del aire a 2 metros media diaria,2008-09-05 00:00,%,84.1,Preliminar
21206990,TIBAITATA - AUT [21206990],HUM RELATIVA,Humedad relativa del aire a 2 metros media diaria,2008-09-06 00:00,%,78.5,Preliminar
21206990,TIBAITATA - AUT [21206990],HUM RELATIVA,Humedad relativa del aire a 2 metros media diaria,2008-09-07 00:00,%,82.7380952380952,Preliminar
21206990,TIBAITATA - AUT [21206990],HUM RELATIVA,Humedad relativa del aire a 2 metros media diaria,2008-09-08 00:00,%,82.3571428571429,Preliminar
21206990,TIBAITATA - AUT [21206990],HUM RELATIVA,Humedad relativa del aire a 2 metros media diaria,2008-09-09 00:00,%,79.4444444444444,Preliminar
21206990,TIBAITATA - AUT [21206990],HUM RELATIVA,Humedad relativa del aire a 2 metros media diaria,2008-09-10 00:00,%,78.7727272727273,Preliminar
21206990,TIBAITATA - AUT [21206990],HUM RELATIVA,Humedad relativa del aire a 2 metros media diaria,2008-09-11 00:00,%,82.1842105263158,Preliminar
21206990,TIBAITATA - AUT [21206990],HUM RELATIVA,Humedad relativa del aire a 2 metros media diaria,2008-09-12 00:00,%,87.1842105263158,Preliminar
21206990,TIBAITATA - AUT [21206990],HUM RELATIVA,Humedad relativa del aire a 2 metros media diaria,2008-09-13 00:00,%,81.2045454545454,Preliminar
21206990,TIBAITATA - AUT [21206990],HUM RELATIVA,Humedad relativa del aire a 2 metros media diaria,2008-09-14 00:00,%,78.65,Preliminar
21206990,TIBAITATA - AUT [21206990],HUM RELATIVA,Humedad relativa del aire a 2 metros media diaria,2008-09-15 00:00,%,87.8333333333333,Preliminar
21206990,TIBAITATA - AUT [21206990],HUM RELATIVA,Humedad relativa del aire a 2 metros media diaria,2008-09-16 00:00,%,81.8055555555556,Preliminar
21206990,TIBAITATA - AUT [21206990],HUM RELATIVA,Humedad relativa del aire a 2 metros media diaria,2008-09-17 00:00,%,74.675,Preliminar
21206990,TIBAITATA - AUT [21206990],HUM RELATIVA,Humedad relativa del aire a 2 metros media diaria,2008-09-18 00:00,%,87.0681818181818,Preliminar
21206990,TIBAITATA - AUT [21206990],HUM RELATIVA,Humedad relativa del aire a 2 metros media diaria,2008-09-19 00:00,%,94.1875,Preliminar
21206990,TIBAITATA - AUT [21206990],HUM RELATIVA,Humedad relativa del aire a 2 metros media diaria,2008-09-20 00:00,%,84.3,Preliminar
21206990,TIBAITATA - AUT [21206990],HUM RELATIVA,Humedad relativa del aire a 2 metros media diaria,2008-09-21 00:00,%,75.7954545454546,Preliminar
21206990,TIBAITATA - AUT [21206990],HUM RELATIVA,Humedad relativa del aire a 2 metros media diaria,2008-09-22 00:00,%,81.2083333333333,Preliminar
21206990,TIBAITATA - AUT [21206990],HUM RELATIVA,Humedad relativa del aire a 2 metros media diaria,2008-09-23 00:00,%,90.1,Preliminar
21206990,TIBAITATA - AUT [21206990],HUM RELATIVA,Humedad relativa del aire a 2 metros media diaria,2008-09-24 00:00,%,89,Preliminar
21206990,TIBAITATA - AUT [21206990],HUM RELATIVA,Humedad relativa del aire a 2 metros media diaria,2008-09-25 00:00,%,82.9130434782609,Preliminar
21206990,TIBAITATA - AUT [21206990],HUM RELATIVA,Humedad relativa del aire a 2 metros media diaria,2008-09-26 00:00,%,83.0227272727273,Preliminar
21206990,TIBAITATA - AUT [21206990],HUM RELATIVA,Humedad relativa del aire a 2 metros media diaria,2008-09-27 00:00,%,88.5416666666667,Preliminar
21206990,TIBAITATA - AUT [21206990],HUM RELATIVA,Humedad relativa del aire a 2 metros media diaria,2008-09-28 00:00,%,89.6041666666667,Preliminar
21206990,TIBAITATA - AUT [21206990],HUM RELATIVA,Humedad relativa del aire a 2 metros media diaria,2008-09-29 00:00,%,85.2291666666667,Preliminar
21206990,TIBAITATA - AUT [21206990],HUM RELATIVA,Humedad relativa del aire a 2 metros media diaria,2008-09-30 00:00,%,82.0208333333333,Preliminar
21206990,TIBAITATA - AUT [21206990],HUM RELATIVA,Humedad relativa del aire a 2 metros media diaria,2008-10-01 00:00,%,88.2083333333333,Preliminar
21206990,TIBAITATA - AUT [21206990],HUM RELATIVA,Humedad relativa del aire a 2 metros media diaria,2008-10-02 00:00,%,82.45,Preliminar
21206990,TIBAITATA - AUT [21206990],HUM RELATIVA,Humedad relativa del aire a 2 metros media diaria,2008-10-03 00:00,%,83.4545454545454,Preliminar
21206990,TIBAITATA - AUT [21206990],HUM RELATIVA,Humedad relativa del aire a 2 metros media diaria,2008-10-04 00:00,%,85.8333333333333,Preliminar
21206990,TIBAITATA - AUT [21206990],HUM RELATIVA,Humedad relativa del aire a 2 metros media diaria,2008-10-05 00:00,%,91.9166666666667,Preliminar
21206990,TIBAITATA - AUT [21206990],HUM RELATIVA,Humedad relativa del aire a 2 metros media diaria,2008-10-06 00:00,%,93.25,Preliminar
21206990,TIBAITATA - AUT [21206990],HUM RELATIVA,Humedad relativa del aire a 2 metros media diaria,2008-10-07 00:00,%,94.4545454545454,Preliminar
21206990,TIBAITATA - AUT [21206990],HUM RELATIVA,Humedad relativa del aire a 2 metros media diaria,2008-10-08 00:00,%,80.75,Preliminar
21206990,TIBAITATA - AUT [21206990],HUM RELATIVA,Humedad relativa del aire a 2 metros media diaria,2008-10-09 00:00,%,83.8541666666667,Preliminar
21206990,TIBAITATA - AUT [21206990],HUM RELATIVA,Humedad relativa del aire a 2 metros media diaria,2008-10-10 00:00,%,88.2708333333333,Preliminar
21206990,TIBAITATA - AUT [21206990],HUM RELATIVA,Humedad relativa del aire a 2 metros media diaria,2008-10-11 00:00,%,86.3125,Preliminar
21206990,TIBAITATA - AUT [21206990],HUM RELATIVA,Humedad relativa del aire a 2 metros media diaria,2008-10-12 00:00,%,89.8125,Preliminar
21206990,TIBAITATA - AUT [21206990],HUM RELATIVA,Humedad relativa del aire a 2 metros media diaria,2008-10-13 00:00,%,86.7916666666667,Preliminar
21206990,TIBAITATA - AUT [21206990],HUM RELATIVA,Humedad relativa del aire a 2 metros media diaria,2008-10-14 00:00,%,84.2272727272727,Preliminar
21206990,TIBAITATA - AUT [21206990],HUM RELATIVA,Humedad relativa del aire a 2 metros media diaria,2008-10-15 00:00,%,90.452380952381,Preliminar
21206990,TIBAITATA - AUT [21206990],HUM RELATIVA,Humedad relativa del aire a 2 metros media diaria,2008-10-16 00:00,%,86.9375,Preliminar
21206990,TIBAITATA - AUT [21206990],HUM RELATIVA,Humedad relativa del aire a 2 metros media diaria,2008-10-17 00:00,%,84.7708333333333,Preliminar
21206990,TIBAITATA - AUT [21206990],HUM RELATIVA,Humedad relativa del aire a 2 metros media diaria,2008-10-18 00:00,%,87.0833333333333,Preliminar
21206990,TIBAITATA - AUT [21206990],HUM RELATIVA,Humedad relativa del aire a 2 metros media diaria,2008-10-19 00:00,%,77.075,Preliminar
21206990,TIBAITATA - AUT [21206990],HUM RELATIVA,Humedad relativa del aire a 2 metros media diaria,2008-10-20 00:00,%,87.047619047619,Preliminar
21206990,TIBAITATA - AUT [21206990],HUM RELATIVA,Humedad relativa del aire a 2 metros media diaria,2008-10-21 00:00,%,83.7954545454546,Preliminar
21206990,TIBAITATA - AUT [21206990],HUM RELATIVA,Humedad relativa del aire a 2 metros media diaria,2008-10-22 00:00,%,86.1458333333333,Preliminar
21206990,TIBAITATA - AUT [21206990],HUM RELATIVA,Humedad relativa del aire a 2 metros media diaria,2008-10-23 00:00,%,80.9375,Preliminar
21206990,TIBAITATA - AUT [21206990],HUM RELATIVA,Humedad relativa del aire a 2 metros media diaria,2008-10-24 00:00,%,86.2083333333333,Preliminar
21206990,TIBAITATA - AUT [21206990],HUM RELATIVA,Humedad relativa del aire a 2 metros media diaria,2008-10-25 00:00,%,90,Preliminar
21206990,TIBAITATA - AUT [21206990],HUM RELATIVA,Humedad relativa del aire a 2 metros media diaria,2008-10-26 00:00,%,89.375,Preliminar
21206990,TIBAITATA - AUT [21206990],HUM RELATIVA,Humedad relativa del aire a 2 metros media diaria,2008-10-27 00:00,%,88,Preliminar
21206990,TIBAITATA - AUT [21206990],HUM RELATIVA,Humedad relativa del aire a 2 metros media diaria,2008-10-28 00:00,%,92.5833333333333,Preliminar
21206990,TIBAITATA - AUT [21206990],HUM RELATIVA,Humedad relativa del aire a 2 metros media diaria,2008-10-29 00:00,%,80.3863636363636,Preliminar
21206990,TIBAITATA - AUT [21206990],HUM RELATIVA,Humedad relativa del aire a 2 metros media diaria,2008-10-30 00:00,%,82.3157894736842,Preliminar
21206990,TIBAITATA - AUT [21206990],HUM RELATIVA,Humedad relativa del aire a 2 metros media diaria,2008-10-31 00:00,%,88.6136363636364,Preliminar
21206990,TIBAITATA - AUT [21206990],HUM RELATIVA,Humedad relativa del aire a 2 metros media diaria,2008-11-01 00:00,%,90.0833333333333,Preliminar
21206990,TIBAITATA - AUT [21206990],HUM RELATIVA,Humedad relativa del aire a 2 metros media diaria,2008-11-02 00:00,%,90.0833333333333,Preliminar
21206990,TIBAITATA - AUT [21206990],HUM RELATIVA,Humedad relativa del aire a 2 metros media diaria,2008-11-03 00:00,%,88.75,Preliminar
21206990,TIBAITATA - AUT [21206990],HUM RELATIVA,Humedad relativa del aire a 2 metros media diaria,2008-11-04 00:00,%,97.5416666666667,Preliminar
21206990,TIBAITATA - AUT [21206990],HUM RELATIVA,Humedad relativa del aire a 2 metros media diaria,2008-11-05 00:00,%,89.1666666666667,Preliminar
21206990,TIBAITATA - AUT [21206990],HUM RELATIVA,Humedad relativa del aire a 2 metros media diaria,2008-11-06 00:00,%,85.625,Preliminar
21206990,TIBAITATA - AUT [21206990],HUM RELATIVA,Humedad relativa del aire a 2 metros media diaria,2008-11-07 00:00,%,88.3333333333333,Preliminar
21206990,TIBAITATA - AUT [21206990],HUM RELATIVA,Humedad relativa del aire a 2 metros media diaria,2008-11-08 00:00,%,89.9545454545454,Preliminar
21206990,TIBAITATA - AUT [21206990],HUM RELATIVA,Humedad relativa del aire a 2 metros media diaria,2008-11-09 00:00,%,86.75,Preliminar
21206990,TIBAITATA - AUT [21206990],HUM RELATIVA,Humedad relativa del aire a 2 metros media diaria,2008-11-10 00:00,%,84.6136363636364,Preliminar
21206990,TIBAITATA - AUT [21206990],HUM RELATIVA,Humedad relativa del aire a 2 metros media diaria,2008-11-11 00:00,%,84.3125,Preliminar
21206990,TIBAITATA - AUT [21206990],HUM RELATIVA,Humedad relativa del aire a 2 metros media diaria,2008-11-12 00:00,%,88.625,Preliminar
21206990,TIBAITATA - AUT [21206990],HUM RELATIVA,Humedad relativa del aire a 2 metros media diaria,2008-11-13 00:00,%,94.7708333333333,Preliminar
21206990,TIBAITATA - AUT [21206990],HUM RELATIVA,Humedad relativa del aire a 2 metros media diaria,2008-11-14 00:00,%,88.0208333333333,Preliminar
21206990,TIBAITATA - AUT [21206990],HUM RELATIVA,Humedad relativa del aire a 2 metros media diaria,2008-11-15 00:00,%,89.5625,Preliminar
21206990,TIBAITATA - AUT [21206990],HUM RELATIVA,Humedad relativa del aire a 2 metros media diaria,2008-11-16 00:00,%,90.2916666666667,Preliminar
21206990,TIBAITATA - AUT [21206990],HUM RELATIVA,Humedad relativa del aire a 2 metros media diaria,2008-11-17 00:00,%,87.5952380952381,Preliminar
21206990,TIBAITATA - AUT [21206990],HUM RELATIVA,Humedad relativa del aire a 2 metros media diaria,2008-11-18 00:00,%,91.3958333333333,Preliminar
21206990,TIBAITATA - AUT [21206990],HUM RELATIVA,Humedad relativa del aire a 2 metros media diaria,2008-11-19 00:00,%,91.0833333333333,Preliminar
21206990,TIBAITATA - AUT [21206990],HUM RELATIVA,Humedad relativa del aire a 2 metros media diaria,2008-11-20 00:00,%,92.8333333333333,Preliminar
21206990,TIBAITATA - AUT [21206990],HUM RELATIVA,Humedad relativa del aire a 2 metros media diaria,2008-11-21 00:00,%,89.7083333333333,Preliminar
21206990,TIBAITATA - AUT [21206990],HUM RELATIVA,Humedad relativa del aire a 2 metros media diaria,2008-11-22 00:00,%,89.1458333333333,Preliminar
21206990,TIBAITATA - AUT [21206990],HUM RELATIVA,Humedad relativa del aire a 2 metros media diaria,2008-11-23 00:00,%,86.7083333333333,Preliminar
21206990,TIBAITATA - AUT [21206990],HUM RELATIVA,Humedad relativa del aire a 2 metros media diaria,2008-11-24 00:00,%,85.8541666666667,Preliminar
21206990,TIBAITATA - AUT [21206990],HUM RELATIVA,Humedad relativa del aire a 2 metros media diaria,2008-11-25 00:00,%,90.8958333333333,Preliminar
21206990,TIBAITATA - AUT [21206990],HUM RELATIVA,Humedad relativa del aire a 2 metros media diaria,2008-11-26 00:00,%,95.6818181818182,Preliminar
21206990,TIBAITATA - AUT [21206990],HUM RELATIVA,Humedad relativa del aire a 2 metros media diaria,2008-11-27 00:00,%,89.5416666666667,Preliminar
21206990,TIBAITATA - AUT [21206990],HUM RELATIVA,Humedad relativa del aire a 2 metros media diaria,2008-11-28 00:00,%,89.9375,Preliminar
21206990,TIBAITATA - AUT [21206990],HUM RELATIVA,Humedad relativa del aire a 2 metros media diaria,2008-11-29 00:00,%,91.4375,Preliminar
21206990,TIBAITATA - AUT [21206990],HUM RELATIVA,Humedad relativa del aire a 2 metros media diaria,2008-11-30 00:00,%,91.4166666666667,Preliminar
21206990,TIBAITATA - AUT [21206990],HUM RELATIVA,Humedad relativa del aire a 2 metros media diaria,2008-12-01 00:00,%,92.4791666666667,Preliminar
21206990,TIBAITATA - AUT [21206990],HUM RELATIVA,Humedad relativa del aire a 2 metros media diaria,2008-12-02 00:00,%,89.4375,Preliminar
21206990,TIBAITATA - AUT [21206990],HUM RELATIVA,Humedad relativa del aire a 2 metros media diaria,2008-12-03 00:00,%,88.125,Preliminar
21206990,TIBAITATA - AUT [21206990],HUM RELATIVA,Humedad relativa del aire a 2 metros media diaria,2008-12-04 00:00,%,88.0833333333333,Preliminar
21206990,TIBAITATA - AUT [21206990],HUM RELATIVA,Humedad relativa del aire a 2 metros media diaria,2008-12-06 00:00,%,85.5909090909091,Preliminar
21206990,TIBAITATA - AUT [21206990],HUM RELATIVA,Humedad relativa del aire a 2 metros media diaria,2008-12-07 00:00,%,85.3684210526316,Preliminar
21206990,TIBAITATA - AUT [21206990],HUM RELATIVA,Humedad relativa del aire a 2 metros media diaria,2008-12-09 00:00,%,72.7647058823529,Preliminar
21206990,TIBAITATA - AUT [21206990],HUM RELATIVA,Humedad relativa del aire a 2 metros media diaria,2008-12-16 00:00,%,81.1363636363636,Preliminar
21206990,TIBAITATA - AUT [21206990],HUM RELATIVA,Humedad relativa del aire a 2 metros media diaria,2008-12-17 00:00,%,83.3958333333333,Preliminar
21206990,TIBAITATA - AUT [21206990],HUM RELATIVA,Humedad relativa del aire a 2 metros media diaria,2008-12-18 00:00,%,88.9375,Preliminar
21206990,TIBAITATA - AUT [21206990],HUM RELATIVA,Humedad relativa del aire a 2 metros media diaria,2008-12-19 00:00,%,86.1,Preliminar
21206990,TIBAITATA - AUT [21206990],HUM RELATIVA,Humedad relativa del aire a 2 metros media diaria,2008-12-20 00:00,%,88.8541666666667,Preliminar
21206990,TIBAITATA - AUT [21206990],HUM RELATIVA,Humedad relativa del aire a 2 metros media diaria,2008-12-21 00:00,%,92.6458333333333,Preliminar
21206990,TIBAITATA - AUT [21206990],HUM RELATIVA,Humedad relativa del aire a 2 metros media diaria,2008-12-22 00:00,%,84.8409090909091,Preliminar
21206990,TIBAITATA - AUT [21206990],HUM RELATIVA,Humedad relativa del aire a 2 metros media diaria,2008-12-23 00:00,%,88,Preliminar
21206990,TIBAITATA - AUT [21206990],HUM RELATIVA,Humedad relativa del aire a 2 metros media diaria,2008-12-24 00:00,%,84.0681818181818,Preliminar
21206990,TIBAITATA - AUT [21206990],HUM RELATIVA,Humedad relativa del aire a 2 metros media diaria,2008-12-25 00:00,%,89.1041666666667,Preliminar
21206990,TIBAITATA - AUT [21206990],HUM RELATIVA,Humedad relativa del aire a 2 metros media diaria,2008-12-26 00:00,%,83.9583333333333,Preliminar
21206990,TIBAITATA - AUT [21206990],HUM RELATIVA,Humedad relativa del aire a 2 metros media diaria,2008-12-27 00:00,%,84.4166666666667,Preliminar
21206990,TIBAITATA - AUT [21206990],HUM RELATIVA,Humedad relativa del aire a 2 metros media diaria,2008-12-28 00:00,%,83.2916666666667,Preliminar
21206990,TIBAITATA - AUT [21206990],HUM RELATIVA,Humedad relativa del aire a 2 metros media diaria,2008-12-29 00:00,%,84.5,Preliminar
21206990,TIBAITATA - AUT [21206990],HUM RELATIVA,Humedad relativa del aire a 2 metros media diaria,2008-12-30 00:00,%,85.5,Preliminar
21206990,TIBAITATA - AUT [21206990],HUM RELATIVA,Humedad relativa del aire a 2 metros media diaria,2008-12-31 00:00,%,88.4285714285714,Preliminar
21206990,TIBAITATA - AUT [21206990],HUM RELATIVA,Humedad relativa del aire a 2 metros media diaria,2009-01-01 00:00,%,85.2916666666667,Preliminar
21206990,TIBAITATA - AUT [21206990],HUM RELATIVA,Humedad relativa del aire a 2 metros media diaria,2009-01-02 00:00,%,85.5681818181818,Preliminar
21206990,TIBAITATA - AUT [21206990],HUM RELATIVA,Humedad relativa del aire a 2 metros media diaria,2009-01-03 00:00,%,82.9375,Preliminar
21206990,TIBAITATA - AUT [21206990],HUM RELATIVA,Humedad relativa del aire a 2 metros media diaria,2009-01-04 00:00,%,80.2380952380952,Preliminar
21206990,TIBAITATA - AUT [21206990],HUM RELATIVA,Humedad relativa del aire a 2 metros media diaria,2009-01-05 00:00,%,86.1304347826087,Preliminar
21206990,TIBAITATA - AUT [21206990],HUM RELATIVA,Humedad relativa del aire a 2 metros media diaria,2009-01-06 00:00,%,81.6086956521739,Preliminar
21206990,TIBAITATA - AUT [21206990],HUM RELATIVA,Humedad relativa del aire a 2 metros media diaria,2009-01-07 00:00,%,82,Preliminar
21206990,TIBAITATA - AUT [21206990],HUM RELATIVA,Humedad relativa del aire a 2 metros media diaria,2009-01-08 00:00,%,81.2727272727273,Preliminar
21206990,TIBAITATA - AUT [21206990],HUM RELATIVA,Humedad relativa del aire a 2 metros media diaria,2009-01-09 00:00,%,83.7272727272727,Preliminar
21206990,TIBAITATA - AUT [21206990],HUM RELATIVA,Humedad relativa del aire a 2 metros media diaria,2009-01-10 00:00,%,83.775,Preliminar
21206990,TIBAITATA - AUT [21206990],HUM RELATIVA,Humedad relativa del aire a 2 metros media diaria,2009-01-11 00:00,%,78.5681818181818,Preliminar
21206990,TIBAITATA - AUT [21206990],HUM RELATIVA,Humedad relativa del aire a 2 metros media diaria,2009-01-13 00:00,%,81.0294117647059,Preliminar
21206990,TIBAITATA - AUT [21206990],HUM RELATIVA,Humedad relativa del aire a 2 metros media diaria,2009-01-14 00:00,%,84.4375,Preliminar
21206990,TIBAITATA - AUT [21206990],HUM RELATIVA,Humedad relativa del aire a 2 metros media diaria,2009-01-15 00:00,%,87.3125,Preliminar
21206990,TIBAITATA - AUT [21206990],HUM RELATIVA,Humedad relativa del aire a 2 metros media diaria,2009-01-16 00:00,%,87.9583333333333,Preliminar
21206990,TIBAITATA - AUT [21206990],HUM RELATIVA,Humedad relativa del aire a 2 metros media diaria,2009-01-17 00:00,%,89.2916666666667,Preliminar
21206990,TIBAITATA - AUT [21206990],HUM RELATIVA,Humedad relativa del aire a 2 metros media diaria,2009-01-18 00:00,%,87.8958333333333,Preliminar
21206990,TIBAITATA - AUT [21206990],HUM RELATIVA,Humedad relativa del aire a 2 metros media diaria,2009-01-19 00:00,%,91.6875,Preliminar
21206990,TIBAITATA - AUT [21206990],HUM RELATIVA,Humedad relativa del aire a 2 metros media diaria,2009-01-20 00:00,%,91.5833333333333,Preliminar
21206990,TIBAITATA - AUT [21206990],HUM RELATIVA,Humedad relativa del aire a 2 metros media diaria,2009-01-21 00:00,%,90.775,Preliminar
21206990,TIBAITATA - AUT [21206990],HUM RELATIVA,Humedad relativa del aire a 2 metros media diaria,2009-01-22 00:00,%,86.1136363636364,Preliminar
21206990,TIBAITATA - AUT [21206990],HUM RELATIVA,Humedad relativa del aire a 2 metros media diaria,2009-01-23 00:00,%,87.3409090909091,Preliminar
21206990,TIBAITATA - AUT [21206990],HUM RELATIVA,Humedad relativa del aire a 2 metros media diaria,2009-01-24 00:00,%,89.9791666666667,Preliminar
21206990,TIBAITATA - AUT [21206990],HUM RELATIVA,Humedad relativa del aire a 2 metros media diaria,2009-01-25 00:00,%,87.2727272727273,Preliminar
21206990,TIBAITATA - AUT [21206990],HUM RELATIVA,Humedad relativa del aire a 2 metros media diaria,2009-01-26 00:00,%,85.75,Preliminar
21206990,TIBAITATA - AUT [21206990],HUM RELATIVA,Humedad relativa del aire a 2 metros media diaria,2009-01-27 00:00,%,81.8125,Preliminar
21206990,TIBAITATA - AUT [21206990],HUM RELATIVA,Humedad relativa del aire a 2 metros media diaria,2009-01-28 00:00,%,82.9545454545454,Preliminar
21206990,TIBAITATA - AUT [21206990],HUM RELATIVA,Humedad relativa del aire a 2 metros media diaria,2009-01-29 00:00,%,82.4583333333333,Preliminar
21206990,TIBAITATA - AUT [21206990],HUM RELATIVA,Humedad relativa del aire a 2 metros media diaria,2009-01-30 00:00,%,83.8125,Preliminar
21206990,TIBAITATA - AUT [21206990],HUM RELATIVA,Humedad relativa del aire a 2 metros media diaria,2009-01-31 00:00,%,90.7291666666667,Preliminar
21206990,TIBAITATA - AUT [21206990],HUM RELATIVA,Humedad relativa del aire a 2 metros media diaria,2009-02-01 00:00,%,81.0227272727273,Preliminar
21206990,TIBAITATA - AUT [21206990],HUM RELATIVA,Humedad relativa del aire a 2 metros media diaria,2009-02-02 00:00,%,82.0625,Preliminar
21206990,TIBAITATA - AUT [21206990],HUM RELATIVA,Humedad relativa del aire a 2 metros media diaria,2009-02-03 00:00,%,79.3333333333333,Preliminar
21206990,TIBAITATA - AUT [21206990],HUM RELATIVA,Humedad relativa del aire a 2 metros media diaria,2009-02-04 00:00,%,79.9772727272727,Preliminar
21206990,TIBAITATA - AUT [21206990],HUM RELATIVA,Humedad relativa del aire a 2 metros media diaria,2009-02-05 00:00,%,88.2,Preliminar
21206990,TIBAITATA - AUT [21206990],HUM RELATIVA,Humedad relativa del aire a 2 metros media diaria,2009-02-06 00:00,%,84.5,Preliminar
21206990,TIBAITATA - AUT [21206990],HUM RELATIVA,Humedad relativa del aire a 2 metros media diaria,2009-02-07 00:00,%,83.125,Preliminar
21206990,TIBAITATA - AUT [21206990],HUM RELATIVA,Humedad relativa del aire a 2 metros media diaria,2009-02-08 00:00,%,81.9090909090909,Preliminar
21206990,TIBAITATA - AUT [21206990],HUM RELATIVA,Humedad relativa del aire a 2 metros media diaria,2009-02-09 00:00,%,82.9375,Preliminar
21206990,TIBAITATA - AUT [21206990],HUM RELATIVA,Humedad relativa del aire a 2 metros media diaria,2009-02-10 00:00,%,81.2954545454546,Preliminar
21206990,TIBAITATA - AUT [21206990],HUM RELATIVA,Humedad relativa del aire a 2 metros media diaria,2009-02-11 00:00,%,81.4583333333333,Preliminar
21206990,TIBAITATA - AUT [21206990],HUM RELATIVA,Humedad relativa del aire a 2 metros media diaria,2009-02-12 00:00,%,90,Preliminar
21206990,TIBAITATA - AUT [21206990],HUM RELATIVA,Humedad relativa del aire a 2 metros media diaria,2009-02-13 00:00,%,88.0208333333333,Preliminar
21206990,TIBAITATA - AUT [21206990],HUM RELATIVA,Humedad relativa del aire a 2 metros media diaria,2009-02-14 00:00,%,94.0227272727273,Preliminar
21206990,TIBAITATA - AUT [21206990],HUM RELATIVA,Humedad relativa del aire a 2 metros media diaria,2009-02-15 00:00,%,84.2647058823529,Preliminar
21206990,TIBAITATA - AUT [21206990],HUM RELATIVA,Humedad relativa del aire a 2 metros media diaria,2009-02-17 00:00,%,87.6590909090909,Preliminar
21206990,TIBAITATA - AUT [21206990],HUM RELATIVA,Humedad relativa del aire a 2 metros media diaria,2009-02-18 00:00,%,82.875,Preliminar
21206990,TIBAITATA - AUT [21206990],HUM RELATIVA,Humedad relativa del aire a 2 metros media diaria,2009-02-19 00:00,%,86.5,Preliminar
21206990,TIBAITATA - AUT [21206990],HUM RELATIVA,Humedad relativa del aire a 2 metros media diaria,2009-02-20 00:00,%,89.25,Preliminar
21206990,TIBAITATA - AUT [21206990],HUM RELATIVA,Humedad relativa del aire a 2 metros media diaria,2009-02-21 00:00,%,81.25,Preliminar
21206990,TIBAITATA - AUT [21206990],HUM RELATIVA,Humedad relativa del aire a 2 metros media diaria,2009-02-22 00:00,%,80.5625,Preliminar
21206990,TIBAITATA - AUT [21206990],HUM RELATIVA,Humedad relativa del aire a 2 metros media diaria,2009-02-23 00:00,%,83.9545454545454,Preliminar
21206990,TIBAITATA - AUT [21206990],HUM RELATIVA,Humedad relativa del aire a 2 metros media diaria,2009-02-24 00:00,%,87.3541666666667,Preliminar
21206990,TIBAITATA - AUT [21206990],HUM RELATIVA,Humedad relativa del aire a 2 metros media diaria,2009-02-25 00:00,%,86.3571428571429,Preliminar
21206990,TIBAITATA - AUT [21206990],HUM RELATIVA,Humedad relativa del aire a 2 metros media diaria,2009-02-26 00:00,%,88.6388888888889,Preliminar
21206990,TIBAITATA - AUT [21206990],HUM RELATIVA,Humedad relativa del aire a 2 metros media diaria,2009-02-27 00:00,%,93.03125,Preliminar
21206990,TIBAITATA - AUT [21206990],HUM RELATIVA,Humedad relativa del aire a 2 metros media diaria,2009-02-28 00:00,%,81.6904761904762,Preliminar
21206990,TIBAITATA - AUT [21206990],HUM RELATIVA,Humedad relativa del aire a 2 metros media diaria,2009-03-01 00:00,%,80.2826086956522,Preliminar
21206990,TIBAITATA - AUT [21206990],HUM RELATIVA,Humedad relativa del aire a 2 metros media diaria,2009-03-02 00:00,%,90,Preliminar
21206990,TIBAITATA - AUT [21206990],HUM RELATIVA,Humedad relativa del aire a 2 metros media diaria,2009-03-03 00:00,%,90.4375,Preliminar
21206990,TIBAITATA - AUT [21206990],HUM RELATIVA,Humedad relativa del aire a 2 metros media diaria,2009-03-04 00:00,%,90.25,Preliminar
21206990,TIBAITATA - AUT [21206990],HUM RELATIVA,Humedad relativa del aire a 2 metros media diaria,2009-03-05 00:00,%,81.6458333333333,Preliminar
21206990,TIBAITATA - AUT [21206990],HUM RELATIVA,Humedad relativa del aire a 2 metros media diaria,2009-03-06 00:00,%,82.525,Preliminar
21206990,TIBAITATA - AUT [21206990],HUM RELATIVA,Humedad relativa del aire a 2 metros media diaria,2009-03-07 00:00,%,83.7045454545454,Preliminar
21206990,TIBAITATA - AUT [21206990],HUM RELATIVA,Humedad relativa del aire a 2 metros media diaria,2009-03-08 00:00,%,81.0714285714286,Preliminar
21206990,TIBAITATA - AUT [21206990],HUM RELATIVA,Humedad relativa del aire a 2 metros media diaria,2009-03-09 00:00,%,88.2619047619048,Preliminar
21206990,TIBAITATA - AUT [21206990],HUM RELATIVA,Humedad relativa del aire a 2 metros media diaria,2009-03-10 00:00,%,89.3214285714286,Preliminar
21206990,TIBAITATA - AUT [21206990],HUM RELATIVA,Humedad relativa del aire a 2 metros media diaria,2009-03-11 00:00,%,89.0416666666667,Preliminar
21206990,TIBAITATA - AUT [21206990],HUM RELATIVA,Humedad relativa del aire a 2 metros media diaria,2009-03-12 00:00,%,84.0227272727273,Preliminar
21206990,TIBAITATA - AUT [21206990],HUM RELATIVA,Humedad relativa del aire a 2 metros media diaria,2009-03-13 00:00,%,83.8863636363636,Preliminar
21206990,TIBAITATA - AUT [21206990],HUM RELATIVA,Humedad relativa del aire a 2 metros media diaria,2009-03-14 00:00,%,85.825,Preliminar
21206990,TIBAITATA - AUT [21206990],HUM RELATIVA,Humedad relativa del aire a 2 metros media diaria,2009-03-15 00:00,%,82.1666666666667,Preliminar
21206990,TIBAITATA - AUT [21206990],HUM RELATIVA,Humedad relativa del aire a 2 metros media diaria,2009-03-16 00:00,%,91.0833333333333,Preliminar
21206990,TIBAITATA - AUT [21206990],HUM RELATIVA,Humedad relativa del aire a 2 metros media diaria,2009-03-17 00:00,%,89.7083333333333,Preliminar
21206990,TIBAITATA - AUT [21206990],HUM RELATIVA,Humedad relativa del aire a 2 metros media diaria,2009-03-18 00:00,%,88.5416666666667,Preliminar
21206990,TIBAITATA - AUT [21206990],HUM RELATIVA,Humedad relativa del aire a 2 metros media diaria,2009-03-19 00:00,%,90,Preliminar
21206990,TIBAITATA - AUT [21206990],HUM RELATIVA,Humedad relativa del aire a 2 metros media diaria,2009-03-20 00:00,%,89.75,Preliminar
21206990,TIBAITATA - AUT [21206990],HUM RELATIVA,Humedad relativa del aire a 2 metros media diaria,2009-03-21 00:00,%,94.3571428571429,Preliminar
21206990,TIBAITATA - AUT [21206990],HUM RELATIVA,Humedad relativa del aire a 2 metros media diaria,2009-03-23 00:00,%,96.4166666666667,Preliminar
21206990,TIBAITATA - AUT [21206990],HUM RELATIVA,Humedad relativa del aire a 2 metros media diaria,2009-03-24 00:00,%,92.25,Preliminar
21206990,TIBAITATA - AUT [21206990],HUM RELATIVA,Humedad relativa del aire a 2 metros media diaria,2009-03-25 00:00,%,95.7916666666667,Preliminar
21206990,TIBAITATA - AUT [21206990],HUM RELATIVA,Humedad relativa del aire a 2 metros media diaria,2009-03-26 00:00,%,90.7083333333333,Preliminar
21206990,TIBAITATA - AUT [21206990],HUM RELATIVA,Humedad relativa del aire a 2 metros media diaria,2009-03-27 00:00,%,87.6458333333333,Preliminar
21206990,TIBAITATA - AUT [21206990],HUM RELATIVA,Humedad relativa del aire a 2 metros media diaria,2009-03-30 00:00,%,87.9166666666667,Preliminar
21206990,TIBAITATA - AUT [21206990],HUM RELATIVA,Humedad relativa del aire a 2 metros media diaria,2009-03-31 00:00,%,89.625,Preliminar
21206990,TIBAITATA - AUT [21206990],HUM RELATIVA,Humedad relativa del aire a 2 metros media diaria,2009-04-01 00:00,%,88.1458333333333,Preliminar
21206990,TIBAITATA - AUT [21206990],HUM RELATIVA,Humedad relativa del aire a 2 metros media diaria,2009-04-02 00:00,%,88.6590909090909,Preliminar
21206990,TIBAITATA - AUT [21206990],HUM RELATIVA,Humedad relativa del aire a 2 metros media diaria,2009-04-03 00:00,%,87.9583333333333,Preliminar
21206990,TIBAITATA - AUT [21206990],HUM RELATIVA,Humedad relativa del aire a 2 metros media diaria,2009-04-04 00:00,%,87.6,Preliminar
21206990,TIBAITATA - AUT [21206990],HUM RELATIVA,Humedad relativa del aire a 2 metros media diaria,2009-04-05 00:00,%,82.0833333333333,Preliminar
21206990,TIBAITATA - AUT [21206990],HUM RELATIVA,Humedad relativa del aire a 2 metros media diaria,2009-04-06 00:00,%,83.7083333333333,Preliminar
21206990,TIBAITATA - AUT [21206990],HUM RELATIVA,Humedad relativa del aire a 2 metros media diaria,2009-04-07 00:00,%,84.625,Preliminar
21206990,TIBAITATA - AUT [21206990],HUM RELATIVA,Humedad relativa del aire a 2 metros media diaria,2009-04-08 00:00,%,93.7083333333333,Preliminar
21206990,TIBAITATA - AUT [21206990],HUM RELATIVA,Humedad relativa del aire a 2 metros media diaria,2009-04-09 00:00,%,81.9583333333333,Preliminar
21206990,TIBAITATA - AUT [21206990],HUM RELATIVA,Humedad relativa del aire a 2 metros media diaria,2009-04-10 00:00,%,84.4772727272727,Preliminar
21206990,TIBAITATA - AUT [21206990],HUM RELATIVA,Humedad relativa del aire a 2 metros media diaria,2009-04-11 00:00,%,81.9090909090909,Preliminar
21206990,TIBAITATA - AUT [21206990],HUM RELATIVA,Humedad relativa del aire a 2 metros media diaria,2009-04-12 00:00,%,92.0833333333333,Preliminar
21206990,TIBAITATA - AUT [21206990],HUM RELATIVA,Humedad relativa del aire a 2 metros media diaria,2009-04-13 00:00,%,88.7916666666667,Preliminar
21206990,TIBAITATA - AUT [21206990],HUM RELATIVA,Humedad relativa del aire a 2 metros media diaria,2009-04-14 00:00,%,89.4782608695652,Preliminar
21206990,TIBAITATA - AUT [21206990],HUM RELATIVA,Humedad relativa del aire a 2 metros media diaria,2009-04-15 00:00,%,88.7857142857143,Preliminar
21206990,TIBAITATA - AUT [21206990],HUM RELATIVA,Humedad relativa del aire a 2 metros media diaria,2009-04-16 00:00,%,85.2045454545454,Preliminar
21206990,TIBAITATA - AUT [21206990],HUM RELATIVA,Humedad relativa del aire a 2 metros media diaria,2009-04-17 00:00,%,85.5833333333333,Preliminar
21206990,TIBAITATA - AUT [21206990],HUM RELATIVA,Humedad relativa del aire a 2 metros media diaria,2009-04-18 00:00,%,87.5,Preliminar
21206990,TIBAITATA - AUT [21206990],HUM RELATIVA,Humedad relativa del aire a 2 metros media diaria,2009-04-19 00:00,%,83.9791666666667,Preliminar
21206990,TIBAITATA - AUT [21206990],HUM RELATIVA,Humedad relativa del aire a 2 metros media diaria,2009-04-20 00:00,%,82.2380952380952,Preliminar
21206990,TIBAITATA - AUT [21206990],HUM RELATIVA,Humedad relativa del aire a 2 metros media diaria,2009-04-21 00:00,%,86.8863636363636,Preliminar
21206990,TIBAITATA - AUT [21206990],HUM RELATIVA,Humedad relativa del aire a 2 metros media diaria,2009-04-22 00:00,%,81.3636363636364,Preliminar
21206990,TIBAITATA - AUT [21206990],HUM RELATIVA,Humedad relativa del aire a 2 metros media diaria,2009-04-23 00:00,%,83.2954545454546,Preliminar
21206990,TIBAITATA - AUT [21206990],HUM RELATIVA,Humedad relativa del aire a 2 metros media diaria,2009-04-24 00:00,%,75.7647058823529,Preliminar
21206990,TIBAITATA - AUT [21206990],HUM RELATIVA,Humedad relativa del aire a 2 metros media diaria,2009-04-25 00:00,%,75.59375,Preliminar
21206990,TIBAITATA - AUT [21206990],HUM RELATIVA,Humedad relativa del aire a 2 metros media diaria,2009-04-26 00:00,%,81.8571428571429,Preliminar
21206990,TIBAITATA - AUT [21206990],HUM RELATIVA,Humedad relativa del aire a 2 metros media diaria,2009-04-27 00:00,%,80.0454545454546,Preliminar
21206990,TIBAITATA - AUT [21206990],HUM RELATIVA,Humedad relativa del aire a 2 metros media diaria,2009-04-28 00:00,%,84.1458333333333,Preliminar
21206990,TIBAITATA - AUT [21206990],HUM RELATIVA,Humedad relativa del aire a 2 metros media diaria,2009-04-29 00:00,%,84.8541666666667,Preliminar
21206990,TIBAITATA - AUT [21206990],HUM RELATIVA,Humedad relativa del aire a 2 metros media diaria,2009-05-01 00:00,%,85.8333333333333,Preliminar
21206990,TIBAITATA - AUT [21206990],HUM RELATIVA,Humedad relativa del aire a 2 metros media diaria,2009-05-03 00:00,%,85.4473684210526,Preliminar
21206990,TIBAITATA - AUT [21206990],HUM RELATIVA,Humedad relativa del aire a 2 metros media diaria,2009-05-04 00:00,%,86.7058823529412,Preliminar
21206990,TIBAITATA - AUT [21206990],HUM RELATIVA,Humedad relativa del aire a 2 metros media diaria,2009-05-05 00:00,%,86.3947368421053,Preliminar
21206990,TIBAITATA - AUT [21206990],HUM RELATIVA,Humedad relativa del aire a 2 metros media diaria,2009-05-06 00:00,%,85.8823529411765,Preliminar
21206990,TIBAITATA - AUT [21206990],HUM RELATIVA,Humedad relativa del aire a 2 metros media diaria,2009-05-07 00:00,%,86.5208333333333,Preliminar
21206990,TIBAITATA - AUT [21206990],HUM RELATIVA,Humedad relativa del aire a 2 metros media diaria,2009-05-08 00:00,%,82.0625,Preliminar
21206990,TIBAITATA - AUT [21206990],HUM RELATIVA,Humedad relativa del aire a 2 metros media diaria,2009-05-09 00:00,%,80.1875,Preliminar
21206990,TIBAITATA - AUT [21206990],HUM RELATIVA,Humedad relativa del aire a 2 metros media diaria,2009-05-10 00:00,%,80,Preliminar
21206990,TIBAITATA - AUT [21206990],HUM RELATIVA,Humedad relativa del aire a 2 metros media diaria,2009-05-11 00:00,%,81.0208333333333,Preliminar
21206990,TIBAITATA - AUT [21206990],HUM RELATIVA,Humedad relativa del aire a 2 metros media diaria,2009-05-12 00:00,%,83.9166666666667,Preliminar
21206990,TIBAITATA - AUT [21206990],HUM RELATIVA,Humedad relativa del aire a 2 metros media diaria,2009-05-13 00:00,%,82.9545454545454,Preliminar
21206990,TIBAITATA - AUT [21206990],HUM RELATIVA,Humedad relativa del aire a 2 metros media diaria,2009-05-14 00:00,%,90.0454545454546,Preliminar
21206990,TIBAITATA - AUT [21206990],HUM RELATIVA,Humedad relativa del aire a 2 metros media diaria,2009-05-17 00:00,%,88.304347826087,Preliminar
21206990,TIBAITATA - AUT [21206990],HUM RELATIVA,Humedad relativa del aire a 2 metros media diaria,2009-05-18 00:00,%,79.9791666666667,Preliminar
21206990,TIBAITATA - AUT [21206990],HUM RELATIVA,Humedad relativa del aire a 2 metros media diaria,2009-05-19 00:00,%,81.1136363636364,Preliminar
21206990,TIBAITATA - AUT [21206990],HUM RELATIVA,Humedad relativa del aire a 2 metros media diaria,2009-05-20 00:00,%,79.1875,Preliminar
21206990,TIBAITATA - AUT [21206990],HUM RELATIVA,Humedad relativa del aire a 2 metros media diaria,2009-05-21 00:00,%,85,Preliminar
21206990,TIBAITATA - AUT [21206990],HUM RELATIVA,Humedad relativa del aire a 2 metros media diaria,2009-05-22 00:00,%,81.275,Preliminar
21206990,TIBAITATA - AUT [21206990],HUM RELATIVA,Humedad relativa del aire a 2 metros media diaria,2009-05-23 00:00,%,84.8333333333333,Preliminar
21206990,TIBAITATA - AUT [21206990],HUM RELATIVA,Humedad relativa del aire a 2 metros media diaria,2009-05-24 00:00,%,82.4318181818182,Preliminar
21206990,TIBAITATA - AUT [21206990],HUM RELATIVA,Humedad relativa del aire a 2 metros media diaria,2009-05-25 00:00,%,79.3,Preliminar
21206990,TIBAITATA - AUT [21206990],HUM RELATIVA,Humedad relativa del aire a 2 metros media diaria,2009-05-26 00:00,%,83.7083333333333,Preliminar
21206990,TIBAITATA - AUT [21206990],HUM RELATIVA,Humedad relativa del aire a 2 metros media diaria,2009-05-27 00:00,%,81.1666666666667,Preliminar
21206990,TIBAITATA - AUT [21206990],HUM RELATIVA,Humedad relativa del aire a 2 metros media diaria,2009-05-28 00:00,%,84.5227272727273,Preliminar
21206990,TIBAITATA - AUT [21206990],HUM RELATIVA,Humedad relativa del aire a 2 metros media diaria,2009-05-29 00:00,%,83.6363636363636,Preliminar
21206990,TIBAITATA - AUT [21206990],HUM RELATIVA,Humedad relativa del aire a 2 metros media diaria,2009-05-30 00:00,%,79.75,Preliminar
21206990,TIBAITATA - AUT [21206990],HUM RELATIVA,Humedad relativa del aire a 2 metros media diaria,2009-05-31 00:00,%,76.9545454545454,Preliminar
21206990,TIBAITATA - AUT [21206990],HUM RELATIVA,Humedad relativa del aire a 2 metros media diaria,2009-06-01 00:00,%,74.875,Preliminar
21206990,TIBAITATA - AUT [21206990],HUM RELATIVA,Humedad relativa del aire a 2 metros media diaria,2009-06-02 00:00,%,73.2916666666667,Preliminar
21206990,TIBAITATA - AUT [21206990],HUM RELATIVA,Humedad relativa del aire a 2 metros media diaria,2009-06-03 00:00,%,78.175,Preliminar
21206990,TIBAITATA - AUT [21206990],HUM RELATIVA,Humedad relativa del aire a 2 metros media diaria,2009-06-04 00:00,%,83.7916666666667,Preliminar
21206990,TIBAITATA - AUT [21206990],HUM RELATIVA,Humedad relativa del aire a 2 metros media diaria,2009-06-05 00:00,%,94.8333333333333,Preliminar
21206990,TIBAITATA - AUT [21206990],HUM RELATIVA,Humedad relativa del aire a 2 metros media diaria,2009-06-06 00:00,%,82.4166666666667,Preliminar
21206990,TIBAITATA - AUT [21206990],HUM RELATIVA,Humedad relativa del aire a 2 metros media diaria,2009-06-07 00:00,%,88.1041666666667,Preliminar
21206990,TIBAITATA - AUT [21206990],HUM RELATIVA,Humedad relativa del aire a 2 metros media diaria,2009-06-08 00:00,%,83,Preliminar
21206990,TIBAITATA - AUT [21206990],HUM RELATIVA,Humedad relativa del aire a 2 metros media diaria,2009-06-09 00:00,%,79.3260869565217,Preliminar
21206990,TIBAITATA - AUT [21206990],HUM RELATIVA,Humedad relativa del aire a 2 metros media diaria,2009-06-10 00:00,%,89.75,Preliminar
21206990,TIBAITATA - AUT [21206990],HUM RELATIVA,Humedad relativa del aire a 2 metros media diaria,2009-06-11 00:00,%,80.8125,Preliminar
21206990,TIBAITATA - AUT [21206990],HUM RELATIVA,Humedad relativa del aire a 2 metros media diaria,2009-07-02 00:00,%,84.0454545454546,Preliminar
21206990,TIBAITATA - AUT [21206990],HUM RELATIVA,Humedad relativa del aire a 2 metros media diaria,2009-07-03 00:00,%,87.4791666666667,Preliminar
21206990,TIBAITATA - AUT [21206990],HUM RELATIVA,Humedad relativa del aire a 2 metros media diaria,2009-07-04 00:00,%,80.125,Preliminar
21206990,TIBAITATA - AUT [21206990],HUM RELATIVA,Humedad relativa del aire a 2 metros media diaria,2009-07-05 00:00,%,80.5833333333333,Preliminar
21206990,TIBAITATA - AUT [21206990],HUM RELATIVA,Humedad relativa del aire a 2 metros media diaria,2009-07-06 00:00,%,81.0454545454546,Preliminar
21206990,TIBAITATA - AUT [21206990],HUM RELATIVA,Humedad relativa del aire a 2 metros media diaria,2009-07-07 00:00,%,78.5681818181818,Preliminar
21206990,TIBAITATA - AUT [21206990],HUM RELATIVA,Humedad relativa del aire a 2 metros media diaria,2009-07-08 00:00,%,90.7708333333333,Preliminar
21206990,TIBAITATA - AUT [21206990],HUM RELATIVA,Humedad relativa del aire a 2 metros media diaria,2009-07-09 00:00,%,83.0833333333333,Preliminar
21206990,TIBAITATA - AUT [21206990],HUM RELATIVA,Humedad relativa del aire a 2 metros media diaria,2009-07-10 00:00,%,85.3958333333333,Preliminar
21206990,TIBAITATA - AUT [21206990],HUM RELATIVA,Humedad relativa del aire a 2 metros media diaria,2009-07-11 00:00,%,84.7727272727273,Preliminar
21206990,TIBAITATA - AUT [21206990],HUM RELATIVA,Humedad relativa del aire a 2 metros media diaria,2009-07-12 00:00,%,81.0625,Preliminar
21206990,TIBAITATA - AUT [21206990],HUM RELATIVA,Humedad relativa del aire a 2 metros media diaria,2009-07-13 00:00,%,77.1666666666667,Preliminar
21206990,TIBAITATA - AUT [21206990],HUM RELATIVA,Humedad relativa del aire a 2 metros media diaria,2009-07-14 00:00,%,85.1875,Preliminar
21206990,TIBAITATA - AUT [21206990],HUM RELATIVA,Humedad relativa del aire a 2 metros media diaria,2009-07-15 00:00,%,82.3125,Preliminar
21206990,TIBAITATA - AUT [21206990],HUM RELATIVA,Humedad relativa del aire a 2 metros media diaria,2009-07-16 00:00,%,80.75,Preliminar
21206990,TIBAITATA - AUT [21206990],HUM RELATIVA,Humedad relativa del aire a 2 metros media diaria,2009-07-17 00:00,%,78.6818181818182,Preliminar
21206990,TIBAITATA - AUT [21206990],HUM RELATIVA,Humedad relativa del aire a 2 metros media diaria,2009-07-18 00:00,%,79.7083333333333,Preliminar
21206990,TIBAITATA - AUT [21206990],HUM RELATIVA,Humedad relativa del aire a 2 metros media diaria,2009-07-19 00:00,%,79.75,Preliminar
21206990,TIBAITATA - AUT [21206990],HUM RELATIVA,Humedad relativa del aire a 2 metros media diaria,2009-07-20 00:00,%,82.6666666666667,Preliminar
21206990,TIBAITATA - AUT [21206990],HUM RELATIVA,Humedad relativa del aire a 2 metros media diaria,2009-07-21 00:00,%,88,Preliminar
21206990,TIBAITATA - AUT [21206990],HUM RELATIVA,Humedad relativa del aire a 2 metros media diaria,2009-07-22 00:00,%,80.5,Preliminar
21206990,TIBAITATA - AUT [21206990],HUM RELATIVA,Humedad relativa del aire a 2 metros media diaria,2009-07-23 00:00,%,78.8958333333333,Preliminar
21206990,TIBAITATA - AUT [21206990],HUM RELATIVA,Humedad relativa del aire a 2 metros media diaria,2009-07-24 00:00,%,71,Preliminar
21206990,TIBAITATA - AUT [21206990],HUM RELATIVA,Humedad relativa del aire a 2 metros media diaria,2009-07-25 00:00,%,74.8125,Preliminar
21206990,TIBAITATA - AUT [21206990],HUM RELATIVA,Humedad relativa del aire a 2 metros media diaria,2009-07-26 00:00,%,84.0714285714286,Preliminar
21206990,TIBAITATA - AUT [21206990],HUM RELATIVA,Humedad relativa del aire a 2 metros media diaria,2009-07-27 00:00,%,80.2291666666667,Preliminar
21206990,TIBAITATA - AUT [21206990],HUM RELATIVA,Humedad relativa del aire a 2 metros media diaria,2009-07-28 00:00,%,74.4772727272727,Preliminar
21206990,TIBAITATA - AUT [21206990],HUM RELATIVA,Humedad relativa del aire a 2 metros media diaria,2009-07-29 00:00,%,83.5,Preliminar
21206990,TIBAITATA - AUT [21206990],HUM RELATIVA,Humedad relativa del aire a 2 metros media diaria,2009-07-30 00:00,%,75.95,Preliminar
21206990,TIBAITATA - AUT [21206990],HUM RELATIVA,Humedad relativa del aire a 2 metros media diaria,2009-07-31 00:00,%,85.6041666666667,Preliminar
21206990,TIBAITATA - AUT [21206990],HUM RELATIVA,Humedad relativa del aire a 2 metros media diaria,2009-08-01 00:00,%,81.7916666666667,Preliminar
21206990,TIBAITATA - AUT [21206990],HUM RELATIVA,Humedad relativa del aire a 2 metros media diaria,2009-08-02 00:00,%,71.1190476190476,Preliminar
21206990,TIBAITATA - AUT [21206990],HUM RELATIVA,Humedad relativa del aire a 2 metros media diaria,2009-08-03 00:00,%,67.85,Preliminar
21206990,TIBAITATA - AUT [21206990],HUM RELATIVA,Humedad relativa del aire a 2 metros media diaria,2009-08-04 00:00,%,78.5681818181818,Preliminar
21206990,TIBAITATA - AUT [21206990],HUM RELATIVA,Humedad relativa del aire a 2 metros media diaria,2009-08-05 00:00,%,77.4791666666667,Preliminar
21206990,TIBAITATA - AUT [21206990],HUM RELATIVA,Humedad relativa del aire a 2 metros media diaria,2009-08-06 00:00,%,79.6875,Preliminar
21206990,TIBAITATA - AUT [21206990],HUM RELATIVA,Humedad relativa del aire a 2 metros media diaria,2009-08-07 00:00,%,79.8541666666667,Preliminar
21206990,TIBAITATA - AUT [21206990],HUM RELATIVA,Humedad relativa del aire a 2 metros media diaria,2009-08-08 00:00,%,85.8125,Preliminar
21206990,TIBAITATA - AUT [21206990],HUM RELATIVA,Humedad relativa del aire a 2 metros media diaria,2009-08-09 00:00,%,78.6041666666667,Preliminar
21206990,TIBAITATA - AUT [21206990],HUM RELATIVA,Humedad relativa del aire a 2 metros media diaria,2009-08-10 00:00,%,81.6904761904762,Preliminar
21206990,TIBAITATA - AUT [21206990],HUM RELATIVA,Humedad relativa del aire a 2 metros media diaria,2009-08-11 00:00,%,83.6458333333333,Preliminar
21206990,TIBAITATA - AUT [21206990],HUM RELATIVA,Humedad relativa del aire a 2 metros media diaria,2009-08-12 00:00,%,77.625,Preliminar
21206990,TIBAITATA - AUT [21206990],HUM RELATIVA,Humedad relativa del aire a 2 metros media diaria,2009-08-13 00:00,%,79.1666666666667,Preliminar
21206990,TIBAITATA - AUT [21206990],HUM RELATIVA,Humedad relativa del aire a 2 metros media diaria,2009-08-14 00:00,%,82.3695652173913,Preliminar
21206990,TIBAITATA - AUT [21206990],HUM RELATIVA,Humedad relativa del aire a 2 metros media diaria,2009-08-15 00:00,%,84.8260869565217,Preliminar
21206990,TIBAITATA - AUT [21206990],HUM RELATIVA,Humedad relativa del aire a 2 metros media diaria,2009-08-16 00:00,%,90.2708333333333,Preliminar
21206990,TIBAITATA - AUT [21206990],HUM RELATIVA,Humedad relativa del aire a 2 metros media diaria,2009-08-17 00:00,%,83.2045454545454,Preliminar
21206990,TIBAITATA - AUT [21206990],HUM RELATIVA,Humedad relativa del aire a 2 metros media diaria,2009-08-18 00:00,%,85.2916666666667,Preliminar
21206990,TIBAITATA - AUT [21206990],HUM RELATIVA,Humedad relativa del aire a 2 metros media diaria,2009-08-19 00:00,%,81.1904761904762,Preliminar
21206990,TIBAITATA - AUT [21206990],HUM RELATIVA,Humedad relativa del aire a 2 metros media diaria,2009-08-20 00:00,%,88.5416666666667,Preliminar
21206990,TIBAITATA - AUT [21206990],HUM RELATIVA,Humedad relativa del aire a 2 metros media diaria,2009-08-21 00:00,%,86.1666666666667,Preliminar
21206990,TIBAITATA - AUT [21206990],HUM RELATIVA,Humedad relativa del aire a 2 metros media diaria,2009-08-22 00:00,%,82.1363636363636,Preliminar
21206990,TIBAITATA - AUT [21206990],HUM RELATIVA,Humedad relativa del aire a 2 metros media diaria,2009-08-23 00:00,%,86.1136363636364,Preliminar
21206990,TIBAITATA - AUT [21206990],HUM RELATIVA,Humedad relativa del aire a 2 metros media diaria,2009-08-24 00:00,%,73.7727272727273,Preliminar
21206990,TIBAITATA - AUT [21206990],HUM RELATIVA,Humedad relativa del aire a 2 metros media diaria,2009-08-25 00:00,%,76.8636363636364,Preliminar
21206990,TIBAITATA - AUT [21206990],HUM RELATIVA,Humedad relativa del aire a 2 metros media diaria,2009-08-26 00:00,%,78.5217391304348,Preliminar
21206990,TIBAITATA - AUT [21206990],HUM RELATIVA,Humedad relativa del aire a 2 metros media diaria,2009-08-27 00:00,%,77.8421052631579,Preliminar
21206990,TIBAITATA - AUT [21206990],HUM RELATIVA,Humedad relativa del aire a 2 metros media diaria,2009-08-28 00:00,%,79.7708333333333,Preliminar
21206990,TIBAITATA - AUT [21206990],HUM RELATIVA,Humedad relativa del aire a 2 metros media diaria,2009-08-29 00:00,%,79.625,Preliminar
21206990,TIBAITATA - AUT [21206990],HUM RELATIVA,Humedad relativa del aire a 2 metros media diaria,2009-08-30 00:00,%,80.0416666666667,Preliminar
21206990,TIBAITATA - AUT [21206990],HUM RELATIVA,Humedad relativa del aire a 2 metros media diaria,2009-08-31 00:00,%,72.6666666666667,Preliminar
21206990,TIBAITATA - AUT [21206990],HUM RELATIVA,Humedad relativa del aire a 2 metros media diaria,2009-09-01 00:00,%,82.3913043478261,Preliminar
21206990,TIBAITATA - AUT [21206990],HUM RELATIVA,Humedad relativa del aire a 2 metros media diaria,2009-09-02 00:00,%,81.5208333333333,Preliminar
21206990,TIBAITATA - AUT [21206990],HUM RELATIVA,Humedad relativa del aire a 2 metros media diaria,2009-09-03 00:00,%,84.4318181818182,Preliminar
21206990,TIBAITATA - AUT [21206990],HUM RELATIVA,Humedad relativa del aire a 2 metros media diaria,2009-09-04 00:00,%,78.75,Preliminar
21206990,TIBAITATA - AUT [21206990],HUM RELATIVA,Humedad relativa del aire a 2 metros media diaria,2009-09-05 00:00,%,72.5,Preliminar
21206990,TIBAITATA - AUT [21206990],HUM RELATIVA,Humedad relativa del aire a 2 metros media diaria,2009-09-06 00:00,%,79.0588235294118,Preliminar
21206990,TIBAITATA - AUT [21206990],HUM RELATIVA,Humedad relativa del aire a 2 metros media diaria,2009-09-07 00:00,%,84.75,Preliminar
21206990,TIBAITATA - AUT [21206990],HUM RELATIVA,Humedad relativa del aire a 2 metros media diaria,2009-09-08 00:00,%,77.7916666666667,Preliminar
21206990,TIBAITATA - AUT [21206990],HUM RELATIVA,Humedad relativa del aire a 2 metros media diaria,2009-09-09 00:00,%,71.3333333333333,Preliminar
21206990,TIBAITATA - AUT [21206990],HUM RELATIVA,Humedad relativa del aire a 2 metros media diaria,2009-09-10 00:00,%,71.8125,Preliminar
21206990,TIBAITATA - AUT [21206990],HUM RELATIVA,Humedad relativa del aire a 2 metros media diaria,2009-09-11 00:00,%,75.2291666666667,Preliminar
21206990,TIBAITATA - AUT [21206990],HUM RELATIVA,Humedad relativa del aire a 2 metros media diaria,2009-09-12 00:00,%,80.775,Preliminar
21206990,TIBAITATA - AUT [21206990],HUM RELATIVA,Humedad relativa del aire a 2 metros media diaria,2009-09-13 00:00,%,86.5526315789474,Preliminar
21206990,TIBAITATA - AUT [21206990],HUM RELATIVA,Humedad relativa del aire a 2 metros media diaria,2009-09-14 00:00,%,79.9791666666667,Preliminar
21206990,TIBAITATA - AUT [21206990],HUM RELATIVA,Humedad relativa del aire a 2 metros media diaria,2009-09-15 00:00,%,91,Preliminar
21206990,TIBAITATA - AUT [21206990],HUM RELATIVA,Humedad relativa del aire a 2 metros media diaria,2009-09-16 00:00,%,91.425,Preliminar
21206990,TIBAITATA - AUT [21206990],HUM RELATIVA,Humedad relativa del aire a 2 metros media diaria,2009-09-17 00:00,%,82.3863636363636,Preliminar
21206990,TIBAITATA - AUT [21206990],HUM RELATIVA,Humedad relativa del aire a 2 metros media diaria,2009-09-18 00:00,%,80.9090909090909,Preliminar
21206990,TIBAITATA - AUT [21206990],HUM RELATIVA,Humedad relativa del aire a 2 metros media diaria,2009-09-19 00:00,%,74.4545454545454,Preliminar
21206990,TIBAITATA - AUT [21206990],HUM RELATIVA,Humedad relativa del aire a 2 metros media diaria,2009-09-20 00:00,%,86.3611111111111,Preliminar
21206990,TIBAITATA - AUT [21206990],HUM RELATIVA,Humedad relativa del aire a 2 metros media diaria,2009-09-21 00:00,%,77.0454545454546,Preliminar
21206990,TIBAITATA - AUT [21206990],HUM RELATIVA,Humedad relativa del aire a 2 metros media diaria,2009-09-22 00:00,%,75.1363636363636,Preliminar
21206990,TIBAITATA - AUT [21206990],HUM RELATIVA,Humedad relativa del aire a 2 metros media diaria,2009-09-23 00:00,%,68.8888888888889,Preliminar
21206990,TIBAITATA - AUT [21206990],HUM RELATIVA,Humedad relativa del aire a 2 metros media diaria,2009-09-24 00:00,%,66.9545454545454,Preliminar
21206990,TIBAITATA - AUT [21206990],HUM RELATIVA,Humedad relativa del aire a 2 metros media diaria,2009-09-25 00:00,%,71.8958333333333,Preliminar
21206990,TIBAITATA - AUT [21206990],HUM RELATIVA,Humedad relativa del aire a 2 metros media diaria,2009-09-26 00:00,%,79.3125,Preliminar
21206990,TIBAITATA - AUT [21206990],HUM RELATIVA,Humedad relativa del aire a 2 metros media diaria,2009-09-27 00:00,%,71,Preliminar
21206990,TIBAITATA - AUT [21206990],HUM RELATIVA,Humedad relativa del aire a 2 metros media diaria,2009-09-28 00:00,%,82.625,Preliminar
21206990,TIBAITATA - AUT [21206990],HUM RELATIVA,Humedad relativa del aire a 2 metros media diaria,2009-09-29 00:00,%,70.1315789473684,Preliminar
21206990,TIBAITATA - AUT [21206990],HUM RELATIVA,Humedad relativa del aire a 2 metros media diaria,2009-09-30 00:00,%,70.425,Preliminar
21206990,TIBAITATA - AUT [21206990],HUM RELATIVA,Humedad relativa del aire a 2 metros media diaria,2009-10-01 00:00,%,69.9473684210526,Preliminar
21206990,TIBAITATA - AUT [21206990],HUM RELATIVA,Humedad relativa del aire a 2 metros media diaria,2009-10-02 00:00,%,79.9583333333333,Preliminar
21206990,TIBAITATA - AUT [21206990],HUM RELATIVA,Humedad relativa del aire a 2 metros media diaria,2009-10-03 00:00,%,79.7647058823529,Preliminar
21206990,TIBAITATA - AUT [21206990],HUM RELATIVA,Humedad relativa del aire a 2 metros media diaria,2009-10-04 00:00,%,78.375,Preliminar
21206990,TIBAITATA - AUT [21206990],HUM RELATIVA,Humedad relativa del aire a 2 metros media diaria,2009-10-05 00:00,%,82.0909090909091,Preliminar
21206990,TIBAITATA - AUT [21206990],HUM RELATIVA,Humedad relativa del aire a 2 metros media diaria,2009-10-06 00:00,%,83.5681818181818,Preliminar
21206990,TIBAITATA - AUT [21206990],HUM RELATIVA,Humedad relativa del aire a 2 metros media diaria,2009-10-07 00:00,%,81.21875,Preliminar
21206990,TIBAITATA - AUT [21206990],HUM RELATIVA,Humedad relativa del aire a 2 metros media diaria,2009-10-08 00:00,%,75.5217391304348,Preliminar
21206990,TIBAITATA - AUT [21206990],HUM RELATIVA,Humedad relativa del aire a 2 metros media diaria,2009-10-09 00:00,%,71.1944444444444,Preliminar
21206990,TIBAITATA - AUT [21206990],HUM RELATIVA,Humedad relativa del aire a 2 metros media diaria,2009-10-10 00:00,%,90.7307692307692,Preliminar
21206990,TIBAITATA - AUT [21206990],HUM RELATIVA,Humedad relativa del aire a 2 metros media diaria,2009-10-11 00:00,%,86.9583333333333,Preliminar
21206990,TIBAITATA - AUT [21206990],HUM RELATIVA,Humedad relativa del aire a 2 metros media diaria,2009-10-12 00:00,%,91.375,Preliminar
21206990,TIBAITATA - AUT [21206990],HUM RELATIVA,Humedad relativa del aire a 2 metros media diaria,2009-10-13 00:00,%,89.55,Preliminar
21206990,TIBAITATA - AUT [21206990],HUM RELATIVA,Humedad relativa del aire a 2 metros media diaria,2009-10-14 00:00,%,88.2391304347826,Preliminar
21206990,TIBAITATA - AUT [21206990],HUM RELATIVA,Humedad relativa del aire a 2 metros media diaria,2009-10-15 00:00,%,89.3095238095238,Preliminar
21206990,TIBAITATA - AUT [21206990],HUM RELATIVA,Humedad relativa del aire a 2 metros media diaria,2009-10-16 00:00,%,85.2083333333333,Preliminar
21206990,TIBAITATA - AUT [21206990],HUM RELATIVA,Humedad relativa del aire a 2 metros media diaria,2009-10-17 00:00,%,79.5277777777778,Preliminar
21206990,TIBAITATA - AUT [21206990],HUM RELATIVA,Humedad relativa del aire a 2 metros media diaria,2009-10-18 00:00,%,85.5,Preliminar
21206990,TIBAITATA - AUT [21206990],HUM RELATIVA,Humedad relativa del aire a 2 metros media diaria,2009-10-19 00:00,%,85.5,Preliminar
21206990,TIBAITATA - AUT [21206990],HUM RELATIVA,Humedad relativa del aire a 2 metros media diaria,2009-10-20 00:00,%,88.2333333333333,Preliminar
21206990,TIBAITATA - AUT [21206990],HUM RELATIVA,Humedad relativa del aire a 2 metros media diaria,2009-10-21 00:00,%,85.075,Preliminar
21206990,TIBAITATA - AUT [21206990],HUM RELATIVA,Humedad relativa del aire a 2 metros media diaria,2009-10-22 00:00,%,89.8571428571429,Preliminar
21206990,TIBAITATA - AUT [21206990],HUM RELATIVA,Humedad relativa del aire a 2 metros media diaria,2009-10-23 00:00,%,87.3125,Preliminar
21206990,TIBAITATA - AUT [21206990],HUM RELATIVA,Humedad relativa del aire a 2 metros media diaria,2009-10-24 00:00,%,85.8125,Preliminar
21206990,TIBAITATA - AUT [21206990],HUM RELATIVA,Humedad relativa del aire a 2 metros media diaria,2009-10-25 00:00,%,82.9047619047619,Preliminar
21206990,TIBAITATA - AUT [21206990],HUM RELATIVA,Humedad relativa del aire a 2 metros media diaria,2009-10-26 00:00,%,70.9333333333334,Preliminar
21206990,TIBAITATA - AUT [21206990],HUM RELATIVA,Humedad relativa del aire a 2 metros media diaria,2009-10-27 00:00,%,80.1875,Preliminar
21206990,TIBAITATA - AUT [21206990],HUM RELATIVA,Humedad relativa del aire a 2 metros media diaria,2009-10-28 00:00,%,79.3125,Preliminar
21206990,TIBAITATA - AUT [21206990],HUM RELATIVA,Humedad relativa del aire a 2 metros media diaria,2009-10-29 00:00,%,80.5227272727273,Preliminar
21206990,TIBAITATA - AUT [21206990],HUM RELATIVA,Humedad relativa del aire a 2 metros media diaria,2009-10-30 00:00,%,86.7333333333333,Preliminar
21206990,TIBAITATA - AUT [21206990],HUM RELATIVA,Humedad relativa del aire a 2 metros media diaria,2009-10-31 00:00,%,86.2631578947368,Preliminar
21206990,TIBAITATA - AUT [21206990],HUM RELATIVA,Humedad relativa del aire a 2 metros media diaria,2009-11-11 00:00,%,80.5416666666667,Preliminar
21206990,TIBAITATA - AUT [21206990],HUM RELATIVA,Humedad relativa del aire a 2 metros media diaria,2009-11-15 00:00,%,90.3214285714286,Preliminar
21206990,TIBAITATA - AUT [21206990],HUM RELATIVA,Humedad relativa del aire a 2 metros media diaria,2009-11-22 00:00,%,75.1538461538462,Preliminar
21206990,TIBAITATA - AUT [21206990],HUM RELATIVA,Humedad relativa del aire a 2 metros media diaria,2009-12-08 00:00,%,71.9583333333333,Preliminar
21206990,TIBAITATA - AUT [21206990],HUM RELATIVA,Humedad relativa del aire a 2 metros media diaria,2009-12-09 00:00,%,77.8235294117647,Preliminar
21206990,TIBAITATA - AUT [21206990],HUM RELATIVA,Humedad relativa del aire a 2 metros media diaria,2009-12-24 00:00,%,91.1071428571429,Preliminar
21206990,TIBAITATA - AUT [21206990],HUM RELATIVA,Humedad relativa del aire a 2 metros media diaria,2009-12-25 00:00,%,86.9444444444444,Preliminar
21206990,TIBAITATA - AUT [21206990],HUM RELATIVA,Humedad relativa del aire a 2 metros media diaria,2009-12-28 00:00,%,96.7142857142857,Preliminar
21206990,TIBAITATA - AUT [21206990],HUM RELATIVA,Humedad relativa del aire a 2 metros media diaria,2009-12-31 00:00,%,88.40625,Preliminar
21206990,TIBAITATA - AUT [21206990],HUM RELATIVA,Humedad relativa del aire a 2 metros media diaria,2010-01-01 00:00,%,67.8076923076923,Preliminar
21206990,TIBAITATA - AUT [21206990],HUM RELATIVA,Humedad relativa del aire a 2 metros media diaria,2010-01-02 00:00,%,90.6428571428571,Preliminar
21206990,TIBAITATA - AUT [21206990],HUM RELATIVA,Humedad relativa del aire a 2 metros media diaria,2010-01-03 00:00,%,72.3666666666666,Preliminar
21206990,TIBAITATA - AUT [21206990],HUM RELATIVA,Humedad relativa del aire a 2 metros media diaria,2010-01-05 00:00,%,74.5625,Preliminar
21206990,TIBAITATA - AUT [21206990],HUM RELATIVA,Humedad relativa del aire a 2 metros media diaria,2010-01-06 00:00,%,86.53125,Preliminar
21206990,TIBAITATA - AUT [21206990],HUM RELATIVA,Humedad relativa del aire a 2 metros media diaria,2010-01-07 00:00,%,83.5555555555556,Preliminar
21206990,TIBAITATA - AUT [21206990],HUM RELATIVA,Humedad relativa del aire a 2 metros media diaria,2010-01-14 00:00,%,79.7777777777778,Preliminar
21206990,TIBAITATA - AUT [21206990],HUM RELATIVA,Humedad relativa del aire a 2 metros media diaria,2010-01-15 00:00,%,78.7894736842105,Preliminar
21206990,TIBAITATA - AUT [21206990],HUM RELATIVA,Humedad relativa del aire a 2 metros media diaria,2010-01-17 00:00,%,76.55,Preliminar
21206990,TIBAITATA - AUT [21206990],HUM RELATIVA,Humedad relativa del aire a 2 metros media diaria,2010-01-18 00:00,%,83.9545454545454,Preliminar
21206990,TIBAITATA - AUT [21206990],HUM RELATIVA,Humedad relativa del aire a 2 metros media diaria,2010-01-20 00:00,%,65.8636363636364,Preliminar
21206990,TIBAITATA - AUT [21206990],HUM RELATIVA,Humedad relativa del aire a 2 metros media diaria,2010-01-21 00:00,%,69.6363636363636,Preliminar
21206990,TIBAITATA - AUT [21206990],HUM RELATIVA,Humedad relativa del aire a 2 metros media diaria,2010-01-22 00:00,%,75.95,Preliminar
21206990,TIBAITATA - AUT [21206990],HUM RELATIVA,Humedad relativa del aire a 2 metros media diaria,2010-01-23 00:00,%,80.4285714285714,Preliminar
21206990,TIBAITATA - AUT [21206990],HUM RELATIVA,Humedad relativa del aire a 2 metros media diaria,2010-01-24 00:00,%,74.625,Preliminar
21206990,TIBAITATA - AUT [21206990],HUM RELATIVA,Humedad relativa del aire a 2 metros media diaria,2010-01-25 00:00,%,48.9761904761905,Preliminar
21206990,TIBAITATA - AUT [21206990],HUM RELATIVA,Humedad relativa del aire a 2 metros media diaria,2010-01-26 00:00,%,0,Preliminar
21206990,TIBAITATA - AUT [21206990],HUM RELATIVA,Humedad relativa del aire a 2 metros media diaria,2010-01-27 00:00,%,0,Preliminar
21206990,TIBAITATA - AUT [21206990],HUM RELATIVA,Humedad relativa del aire a 2 metros media diaria,2010-01-28 00:00,%,0,Preliminar
21206990,TIBAITATA - AUT [21206990],HUM RELATIVA,Humedad relativa del aire a 2 metros media diaria,2010-01-30 00:00,%,0,Preliminar
21206990,TIBAITATA - AUT [21206990],HUM RELATIVA,Humedad relativa del aire a 2 metros media diaria,2010-01-31 00:00,%,0,Preliminar
21206990,TIBAITATA - AUT [21206990],HUM RELATIVA,Humedad relativa del aire a 2 metros media diaria,2010-02-01 00:00,%,0,Preliminar
21206990,TIBAITATA - AUT [21206990],HUM RELATIVA,Humedad relativa del aire a 2 metros media diaria,2010-02-04 00:00,%,0,Preliminar
21206990,TIBAITATA - AUT [21206990],HUM RELATIVA,Humedad relativa del aire a 2 metros media diaria,2010-02-05 00:00,%,0,Preliminar
21206990,TIBAITATA - AUT [21206990],HUM RELATIVA,Humedad relativa del aire a 2 metros media diaria,2010-02-06 00:00,%,0,Preliminar
21206990,TIBAITATA - AUT [21206990],HUM RELATIVA,Humedad relativa del aire a 2 metros media diaria,2010-02-09 00:00,%,0,Preliminar
21206990,TIBAITATA - AUT [21206990],HUM RELATIVA,Humedad relativa del aire a 2 metros media diaria,2010-02-10 00:00,%,0,Preliminar
21206990,TIBAITATA - AUT [21206990],HUM RELATIVA,Humedad relativa del aire a 2 metros media diaria,2010-02-11 00:00,%,0,Preliminar
21206990,TIBAITATA - AUT [21206990],HUM RELATIVA,Humedad relativa del aire a 2 metros media diaria,2010-02-13 00:00,%,0,Preliminar
21206990,TIBAITATA - AUT [21206990],HUM RELATIVA,Humedad relativa del aire a 2 metros media diaria,2010-02-14 00:00,%,0,Preliminar
21206990,TIBAITATA - AUT [21206990],HUM RELATIVA,Humedad relativa del aire a 2 metros media diaria,2010-02-15 00:00,%,0,Preliminar
21206990,TIBAITATA - AUT [21206990],HUM RELATIVA,Humedad relativa del aire a 2 metros media diaria,2010-02-18 00:00,%,0,Preliminar
21206990,TIBAITATA - AUT [21206990],HUM RELATIVA,Humedad relativa del aire a 2 metros media diaria,2010-02-19 00:00,%,0,Preliminar
21206990,TIBAITATA - AUT [21206990],HUM RELATIVA,Humedad relativa del aire a 2 metros media diaria,2010-02-20 00:00,%,0,Preliminar
21206990,TIBAITATA - AUT [21206990],HUM RELATIVA,Humedad relativa del aire a 2 metros media diaria,2010-02-21 00:00,%,0,Preliminar
21206990,TIBAITATA - AUT [21206990],HUM RELATIVA,Humedad relativa del aire a 2 metros media diaria,2010-02-23 00:00,%,0,Preliminar
21206990,TIBAITATA - AUT [21206990],HUM RELATIVA,Humedad relativa del aire a 2 metros media diaria,2010-02-26 00:00,%,0,Preliminar
21206990,TIBAITATA - AUT [21206990],HUM RELATIVA,Humedad relativa del aire a 2 metros media diaria,2010-02-27 00:00,%,0,Preliminar
21206990,TIBAITATA - AUT [21206990],HUM RELATIVA,Humedad relativa del aire a 2 metros media diaria,2010-03-02 00:00,%,0,Preliminar
21206990,TIBAITATA - AUT [21206990],HUM RELATIVA,Humedad relativa del aire a 2 metros media diaria,2010-03-03 00:00,%,0,Preliminar
21206990,TIBAITATA - AUT [21206990],HUM RELATIVA,Humedad relativa del aire a 2 metros media diaria,2010-03-04 00:00,%,0,Preliminar
21206990,TIBAITATA - AUT [21206990],HUM RELATIVA,Humedad relativa del aire a 2 metros media diaria,2010-03-05 00:00,%,0,Preliminar
21206990,TIBAITATA - AUT [21206990],HUM RELATIVA,Humedad relativa del aire a 2 metros media diaria,2010-03-06 00:00,%,0,Preliminar
21206990,TIBAITATA - AUT [21206990],HUM RELATIVA,Humedad relativa del aire a 2 metros media diaria,2010-03-07 00:00,%,0,Preliminar
21206990,TIBAITATA - AUT [21206990],HUM RELATIVA,Humedad relativa del aire a 2 metros media diaria,2010-03-08 00:00,%,0,Preliminar
21206990,TIBAITATA - AUT [21206990],HUM RELATIVA,Humedad relativa del aire a 2 metros media diaria,2010-03-09 00:00,%,0,Preliminar
21206990,TIBAITATA - AUT [21206990],HUM RELATIVA,Humedad relativa del aire a 2 metros media diaria,2010-03-10 00:00,%,0,Preliminar
21206990,TIBAITATA - AUT [21206990],HUM RELATIVA,Humedad relativa del aire a 2 metros media diaria,2010-03-11 00:00,%,0,Preliminar
21206990,TIBAITATA - AUT [21206990],HUM RELATIVA,Humedad relativa del aire a 2 metros media diaria,2010-03-12 00:00,%,0,Preliminar
21206990,TIBAITATA - AUT [21206990],HUM RELATIVA,Humedad relativa del aire a 2 metros media diaria,2010-03-13 00:00,%,0,Preliminar
21206990,TIBAITATA - AUT [21206990],HUM RELATIVA,Humedad relativa del aire a 2 metros media diaria,2010-03-14 00:00,%,0,Preliminar
21206990,TIBAITATA - AUT [21206990],HUM RELATIVA,Humedad relativa del aire a 2 metros media diaria,2010-03-15 00:00,%,0,Preliminar
21206990,TIBAITATA - AUT [21206990],HUM RELATIVA,Humedad relativa del aire a 2 metros media diaria,2010-03-16 00:00,%,0,Preliminar
21206990,TIBAITATA - AUT [21206990],HUM RELATIVA,Humedad relativa del aire a 2 metros media diaria,2010-03-17 00:00,%,0,Preliminar
21206990,TIBAITATA - AUT [21206990],HUM RELATIVA,Humedad relativa del aire a 2 metros media diaria,2010-03-18 00:00,%,0,Preliminar
21206990,TIBAITATA - AUT [21206990],HUM RELATIVA,Humedad relativa del aire a 2 metros media diaria,2010-03-19 00:00,%,0,Preliminar
21206990,TIBAITATA - AUT [21206990],HUM RELATIVA,Humedad relativa del aire a 2 metros media diaria,2010-03-21 00:00,%,0,Preliminar
21206990,TIBAITATA - AUT [21206990],HUM RELATIVA,Humedad relativa del aire a 2 metros media diaria,2010-03-22 00:00,%,0,Preliminar
21206990,TIBAITATA - AUT [21206990],HUM RELATIVA,Humedad relativa del aire a 2 metros media diaria,2010-03-23 00:00,%,0,Preliminar
21206990,TIBAITATA - AUT [21206990],HUM RELATIVA,Humedad relativa del aire a 2 metros media diaria,2010-03-24 00:00,%,0,Preliminar
21206990,TIBAITATA - AUT [21206990],HUM RELATIVA,Humedad relativa del aire a 2 metros media diaria,2010-03-25 00:00,%,0,Preliminar
21206990,TIBAITATA - AUT [21206990],HUM RELATIVA,Humedad relativa del aire a 2 metros media diaria,2010-03-26 00:00,%,0,Preliminar
21206990,TIBAITATA - AUT [21206990],HUM RELATIVA,Humedad relativa del aire a 2 metros media diaria,2010-03-27 00:00,%,0,Preliminar
21206990,TIBAITATA - AUT [21206990],HUM RELATIVA,Humedad relativa del aire a 2 metros media diaria,2010-03-28 00:00,%,0,Preliminar
21206990,TIBAITATA - AUT [21206990],HUM RELATIVA,Humedad relativa del aire a 2 metros media diaria,2010-03-29 00:00,%,0,Preliminar
21206990,TIBAITATA - AUT [21206990],HUM RELATIVA,Humedad relativa del aire a 2 metros media diaria,2010-03-31 00:00,%,0,Preliminar
21206990,TIBAITATA - AUT [21206990],HUM RELATIVA,Humedad relativa del aire a 2 metros media diaria,2010-04-01 00:00,%,0,Preliminar
21206990,TIBAITATA - AUT [21206990],HUM RELATIVA,Humedad relativa del aire a 2 metros media diaria,2010-04-02 00:00,%,0,Preliminar
21206990,TIBAITATA - AUT [21206990],HUM RELATIVA,Humedad relativa del aire a 2 metros media diaria,2010-04-03 00:00,%,0,Preliminar
21206990,TIBAITATA - AUT [21206990],HUM RELATIVA,Humedad relativa del aire a 2 metros media diaria,2010-04-04 00:00,%,0,Preliminar
21206990,TIBAITATA - AUT [21206990],HUM RELATIVA,Humedad relativa del aire a 2 metros media diaria,2010-04-05 00:00,%,0,Preliminar
21206990,TIBAITATA - AUT [21206990],HUM RELATIVA,Humedad relativa del aire a 2 metros media diaria,2010-04-09 00:00,%,0,Preliminar
21206990,TIBAITATA - AUT [21206990],HUM RELATIVA,Humedad relativa del aire a 2 metros media diaria,2010-04-16 00:00,%,0,Preliminar
21206990,TIBAITATA - AUT [21206990],HUM RELATIVA,Humedad relativa del aire a 2 metros media diaria,2010-04-17 00:00,%,0,Preliminar
21206990,TIBAITATA - AUT [21206990],HUM RELATIVA,Humedad relativa del aire a 2 metros media diaria,2010-04-19 00:00,%,0,Preliminar
21206990,TIBAITATA - AUT [21206990],HUM RELATIVA,Humedad relativa del aire a 2 metros media diaria,2010-04-20 00:00,%,0,Preliminar
21206990,TIBAITATA - AUT [21206990],HUM RELATIVA,Humedad relativa del aire a 2 metros media diaria,2010-04-21 00:00,%,0,Preliminar
21206990,TIBAITATA - AUT [21206990],HUM RELATIVA,Humedad relativa del aire a 2 metros media diaria,2010-04-22 00:00,%,0,Preliminar
21206990,TIBAITATA - AUT [21206990],HUM RELATIVA,Humedad relativa del aire a 2 metros media diaria,2010-04-23 00:00,%,0,Preliminar
21206990,TIBAITATA - AUT [21206990],HUM RELATIVA,Humedad relativa del aire a 2 metros media diaria,2010-04-24 00:00,%,0,Preliminar
21206990,TIBAITATA - AUT [21206990],HUM RELATIVA,Humedad relativa del aire a 2 metros media diaria,2010-04-25 00:00,%,0,Preliminar
21206990,TIBAITATA - AUT [21206990],HUM RELATIVA,Humedad relativa del aire a 2 metros media diaria,2010-04-26 00:00,%,0,Preliminar
21206990,TIBAITATA - AUT [21206990],HUM RELATIVA,Humedad relativa del aire a 2 metros media diaria,2010-04-27 00:00,%,0,Preliminar
21206990,TIBAITATA - AUT [21206990],HUM RELATIVA,Humedad relativa del aire a 2 metros media diaria,2010-04-28 00:00,%,0,Preliminar
21206990,TIBAITATA - AUT [21206990],HUM RELATIVA,Humedad relativa del aire a 2 metros media diaria,2010-04-29 00:00,%,0,Preliminar
21206990,TIBAITATA - AUT [21206990],HUM RELATIVA,Humedad relativa del aire a 2 metros media diaria,2010-04-30 00:00,%,0,Preliminar
21206990,TIBAITATA - AUT [21206990],HUM RELATIVA,Humedad relativa del aire a 2 metros media diaria,2010-05-01 00:00,%,0,Preliminar
21206990,TIBAITATA - AUT [21206990],HUM RELATIVA,Humedad relativa del aire a 2 metros media diaria,2010-05-02 00:00,%,0,Preliminar
21206990,TIBAITATA - AUT [21206990],HUM RELATIVA,Humedad relativa del aire a 2 metros media diaria,2010-05-03 00:00,%,0,Preliminar
21206990,TIBAITATA - AUT [21206990],HUM RELATIVA,Humedad relativa del aire a 2 metros media diaria,2010-05-04 00:00,%,0,Preliminar
21206990,TIBAITATA - AUT [21206990],HUM RELATIVA,Humedad relativa del aire a 2 metros media diaria,2010-05-06 00:00,%,81.8571428571429,Preliminar
21206990,TIBAITATA - AUT [21206990],HUM RELATIVA,Humedad relativa del aire a 2 metros media diaria,2010-05-07 00:00,%,76.3636363636364,Preliminar
21206990,TIBAITATA - AUT [21206990],HUM RELATIVA,Humedad relativa del aire a 2 metros media diaria,2010-05-08 00:00,%,75.125,Preliminar
21206990,TIBAITATA - AUT [21206990],HUM RELATIVA,Humedad relativa del aire a 2 metros media diaria,2010-05-09 00:00,%,77.0454545454546,Preliminar
21206990,TIBAITATA - AUT [21206990],HUM RELATIVA,Humedad relativa del aire a 2 metros media diaria,2010-05-10 00:00,%,77.9,Preliminar
21206990,TIBAITATA - AUT [21206990],HUM RELATIVA,Humedad relativa del aire a 2 metros media diaria,2010-05-11 00:00,%,81.625,Preliminar
21206990,TIBAITATA - AUT [21206990],HUM RELATIVA,Humedad relativa del aire a 2 metros media diaria,2010-05-12 00:00,%,81.5,Preliminar
21206990,TIBAITATA - AUT [21206990],HUM RELATIVA,Humedad relativa del aire a 2 metros media diaria,2010-05-13 00:00,%,76.5,Preliminar
21206990,TIBAITATA - AUT [21206990],HUM RELATIVA,Humedad relativa del aire a 2 metros media diaria,2010-05-14 00:00,%,77.9318181818182,Preliminar
21206990,TIBAITATA - AUT [21206990],HUM RELATIVA,Humedad relativa del aire a 2 metros media diaria,2010-05-15 00:00,%,82.125,Preliminar
21206990,TIBAITATA - AUT [21206990],HUM RELATIVA,Humedad relativa del aire a 2 metros media diaria,2010-05-16 00:00,%,75.6666666666667,Preliminar
21206990,TIBAITATA - AUT [21206990],HUM RELATIVA,Humedad relativa del aire a 2 metros media diaria,2010-05-18 00:00,%,79.3260869565217,Preliminar
21206990,TIBAITATA - AUT [21206990],HUM RELATIVA,Humedad relativa del aire a 2 metros media diaria,2010-05-19 00:00,%,82.9583333333333,Preliminar
21206990,TIBAITATA - AUT [21206990],HUM RELATIVA,Humedad relativa del aire a 2 metros media diaria,2010-05-20 00:00,%,84.4090909090909,Preliminar
21206990,TIBAITATA - AUT [21206990],HUM RELATIVA,Humedad relativa del aire a 2 metros media diaria,2010-05-21 00:00,%,85.3125,Preliminar
21206990,TIBAITATA - AUT [21206990],HUM RELATIVA,Humedad relativa del aire a 2 metros media diaria,2010-05-22 00:00,%,87.5454545454546,Preliminar
21206990,TIBAITATA - AUT [21206990],HUM RELATIVA,Humedad relativa del aire a 2 metros media diaria,2010-05-23 00:00,%,88.5416666666667,Preliminar
21206990,TIBAITATA - AUT [21206990],HUM RELATIVA,Humedad relativa del aire a 2 metros media diaria,2010-05-24 00:00,%,82.5666666666666,Preliminar
21206990,TIBAITATA - AUT [21206990],HUM RELATIVA,Humedad relativa del aire a 2 metros media diaria,2010-05-25 00:00,%,88.375,Preliminar
21206990,TIBAITATA - AUT [21206990],HUM RELATIVA,Humedad relativa del aire a 2 metros media diaria,2010-05-26 00:00,%,91.1041666666667,Preliminar
21206990,TIBAITATA - AUT [21206990],HUM RELATIVA,Humedad relativa del aire a 2 metros media diaria,2010-05-27 00:00,%,90.4545454545454,Preliminar
21206990,TIBAITATA - AUT [21206990],HUM RELATIVA,Humedad relativa del aire a 2 metros media diaria,2010-05-28 00:00,%,87.547619047619,Preliminar
21206990,TIBAITATA - AUT [21206990],HUM RELATIVA,Humedad relativa del aire a 2 metros media diaria,2010-05-29 00:00,%,76.7631578947368,Preliminar
21206990,TIBAITATA - AUT [21206990],HUM RELATIVA,Humedad relativa del aire a 2 metros media diaria,2010-05-30 00:00,%,82.4545454545454,Preliminar
21206990,TIBAITATA - AUT [21206990],HUM RELATIVA,Humedad relativa del aire a 2 metros media diaria,2010-05-31 00:00,%,88.1041666666667,Preliminar
21206990,TIBAITATA - AUT [21206990],HUM RELATIVA,Humedad relativa del aire a 2 metros media diaria,2010-06-01 00:00,%,81.8,Preliminar
21206990,TIBAITATA - AUT [21206990],HUM RELATIVA,Humedad relativa del aire a 2 metros media diaria,2010-06-02 00:00,%,84.6041666666667,Preliminar
21206990,TIBAITATA - AUT [21206990],HUM RELATIVA,Humedad relativa del aire a 2 metros media diaria,2010-06-03 00:00,%,83.375,Preliminar
21206990,TIBAITATA - AUT [21206990],HUM RELATIVA,Humedad relativa del aire a 2 metros media diaria,2010-06-04 00:00,%,78.8611111111111,Preliminar
21206990,TIBAITATA - AUT [21206990],HUM RELATIVA,Humedad relativa del aire a 2 metros media diaria,2010-06-05 00:00,%,75.75,Preliminar
21206990,TIBAITATA - AUT [21206990],HUM RELATIVA,Humedad relativa del aire a 2 metros media diaria,2010-06-06 00:00,%,79.5833333333333,Preliminar
21206990,TIBAITATA - AUT [21206990],HUM RELATIVA,Humedad relativa del aire a 2 metros media diaria,2010-06-07 00:00,%,73.475,Preliminar
21206990,TIBAITATA - AUT [21206990],HUM RELATIVA,Humedad relativa del aire a 2 metros media diaria,2010-06-08 00:00,%,79.075,Preliminar
21206990,TIBAITATA - AUT [21206990],HUM RELATIVA,Humedad relativa del aire a 2 metros media diaria,2010-06-09 00:00,%,81.8958333333333,Preliminar
21206990,TIBAITATA - AUT [21206990],HUM RELATIVA,Humedad relativa del aire a 2 metros media diaria,2010-06-10 00:00,%,80.1136363636364,Preliminar
21206990,TIBAITATA - AUT [21206990],HUM RELATIVA,Humedad relativa del aire a 2 metros media diaria,2010-06-11 00:00,%,85.6041666666667,Preliminar
21206990,TIBAITATA - AUT [21206990],HUM RELATIVA,Humedad relativa del aire a 2 metros media diaria,2010-06-14 00:00,%,87.7045454545454,Preliminar
21206990,TIBAITATA - AUT [21206990],HUM RELATIVA,Humedad relativa del aire a 2 metros media diaria,2010-06-15 00:00,%,87,Preliminar
21206990,TIBAITATA - AUT [21206990],HUM RELATIVA,Humedad relativa del aire a 2 metros media diaria,2010-06-16 00:00,%,88.25,Preliminar
21206990,TIBAITATA - AUT [21206990],HUM RELATIVA,Humedad relativa del aire a 2 metros media diaria,2010-06-17 00:00,%,79.925,Preliminar
21206990,TIBAITATA - AUT [21206990],HUM RELATIVA,Humedad relativa del aire a 2 metros media diaria,2010-06-18 00:00,%,81.7291666666667,Preliminar
21206990,TIBAITATA - AUT [21206990],HUM RELATIVA,Humedad relativa del aire a 2 metros media diaria,2010-06-19 00:00,%,84.2142857142857,Preliminar
21206990,TIBAITATA - AUT [21206990],HUM RELATIVA,Humedad relativa del aire a 2 metros media diaria,2010-06-20 00:00,%,95.2045454545454,Preliminar
21206990,TIBAITATA - AUT [21206990],HUM RELATIVA,Humedad relativa del aire a 2 metros media diaria,2010-06-21 00:00,%,83.8409090909091,Preliminar
21206990,TIBAITATA - AUT [21206990],HUM RELATIVA,Humedad relativa del aire a 2 metros media diaria,2010-06-22 00:00,%,85.4791666666667,Preliminar
21206990,TIBAITATA - AUT [21206990],HUM RELATIVA,Humedad relativa del aire a 2 metros media diaria,2010-06-23 00:00,%,79.7727272727273,Preliminar
21206990,TIBAITATA - AUT [21206990],HUM RELATIVA,Humedad relativa del aire a 2 metros media diaria,2010-06-24 00:00,%,81,Preliminar
21206990,TIBAITATA - AUT [21206990],HUM RELATIVA,Humedad relativa del aire a 2 metros media diaria,2010-06-25 00:00,%,83.4565217391304,Preliminar
21206990,TIBAITATA - AUT [21206990],HUM RELATIVA,Humedad relativa del aire a 2 metros media diaria,2010-06-26 00:00,%,77.1363636363636,Preliminar
21206990,TIBAITATA - AUT [21206990],HUM RELATIVA,Humedad relativa del aire a 2 metros media diaria,2010-06-27 00:00,%,79.6818181818182,Preliminar
21206990,TIBAITATA - AUT [21206990],HUM RELATIVA,Humedad relativa del aire a 2 metros media diaria,2010-06-28 00:00,%,85.3666666666666,Preliminar
21206990,TIBAITATA - AUT [21206990],HUM RELATIVA,Humedad relativa del aire a 2 metros media diaria,2010-06-29 00:00,%,81.6818181818182,Preliminar
21206990,TIBAITATA - AUT [21206990],HUM RELATIVA,Humedad relativa del aire a 2 metros media diaria,2010-06-30 00:00,%,85.4791666666667,Preliminar
21206990,TIBAITATA - AUT [21206990],HUM RELATIVA,Humedad relativa del aire a 2 metros media diaria,2010-07-01 00:00,%,88.1666666666667,Preliminar
21206990,TIBAITATA - AUT [21206990],HUM RELATIVA,Humedad relativa del aire a 2 metros media diaria,2010-07-02 00:00,%,87.75,Preliminar
21206990,TIBAITATA - AUT [21206990],HUM RELATIVA,Humedad relativa del aire a 2 metros media diaria,2010-07-03 00:00,%,79.3695652173913,Preliminar
21206990,TIBAITATA - AUT [21206990],HUM RELATIVA,Humedad relativa del aire a 2 metros media diaria,2010-07-04 00:00,%,85.804347826087,Preliminar
21206990,TIBAITATA - AUT [21206990],HUM RELATIVA,Humedad relativa del aire a 2 metros media diaria,2010-07-05 00:00,%,87.4,Preliminar
21206990,TIBAITATA - AUT [21206990],HUM RELATIVA,Humedad relativa del aire a 2 metros media diaria,2010-07-06 00:00,%,84.75,Preliminar
21206990,TIBAITATA - AUT [21206990],HUM RELATIVA,Humedad relativa del aire a 2 metros media diaria,2010-07-07 00:00,%,86.4210526315789,Preliminar
21206990,TIBAITATA - AUT [21206990],HUM RELATIVA,Humedad relativa del aire a 2 metros media diaria,2010-07-08 00:00,%,88.1363636363636,Preliminar
21206990,TIBAITATA - AUT [21206990],HUM RELATIVA,Humedad relativa del aire a 2 metros media diaria,2010-07-09 00:00,%,79.7708333333333,Preliminar
21206990,TIBAITATA - AUT [21206990],HUM RELATIVA,Humedad relativa del aire a 2 metros media diaria,2010-07-10 00:00,%,80.3333333333333,Preliminar
21206990,TIBAITATA - AUT [21206990],HUM RELATIVA,Humedad relativa del aire a 2 metros media diaria,2010-07-11 00:00,%,86.2142857142857,Preliminar
21206990,TIBAITATA - AUT [21206990],HUM RELATIVA,Humedad relativa del aire a 2 metros media diaria,2010-07-12 00:00,%,90.55,Preliminar
21206990,TIBAITATA - AUT [21206990],HUM RELATIVA,Humedad relativa del aire a 2 metros media diaria,2010-07-13 00:00,%,87.6590909090909,Preliminar
21206990,TIBAITATA - AUT [21206990],HUM RELATIVA,Humedad relativa del aire a 2 metros media diaria,2010-07-14 00:00,%,83.4375,Preliminar
21206990,TIBAITATA - AUT [21206990],HUM RELATIVA,Humedad relativa del aire a 2 metros media diaria,2010-07-15 00:00,%,88.1875,Preliminar
21206990,TIBAITATA - AUT [21206990],HUM RELATIVA,Humedad relativa del aire a 2 metros media diaria,2010-07-16 00:00,%,90.475,Preliminar
21206990,TIBAITATA - AUT [21206990],HUM RELATIVA,Humedad relativa del aire a 2 metros media diaria,2010-07-17 00:00,%,87.7083333333333,Preliminar
21206990,TIBAITATA - AUT [21206990],HUM RELATIVA,Humedad relativa del aire a 2 metros media diaria,2010-07-18 00:00,%,86.15,Preliminar
21206990,TIBAITATA - AUT [21206990],HUM RELATIVA,Humedad relativa del aire a 2 metros media diaria,2010-07-19 00:00,%,77.1875,Preliminar
21206990,TIBAITATA - AUT [21206990],HUM RELATIVA,Humedad relativa del aire a 2 metros media diaria,2010-07-20 00:00,%,84.0625,Preliminar
21206990,TIBAITATA - AUT [21206990],HUM RELATIVA,Humedad relativa del aire a 2 metros media diaria,2010-07-21 00:00,%,83.25,Preliminar
21206990,TIBAITATA - AUT [21206990],HUM RELATIVA,Humedad relativa del aire a 2 metros media diaria,2010-07-22 00:00,%,84.3214285714286,Preliminar
21206990,TIBAITATA - AUT [21206990],HUM RELATIVA,Humedad relativa del aire a 2 metros media diaria,2010-07-23 00:00,%,82.1315789473684,Preliminar
21206990,TIBAITATA - AUT [21206990],HUM RELATIVA,Humedad relativa del aire a 2 metros media diaria,2010-07-24 00:00,%,81.75,Preliminar
21206990,TIBAITATA - AUT [21206990],HUM RELATIVA,Humedad relativa del aire a 2 metros media diaria,2010-07-25 00:00,%,80.4791666666667,Preliminar
21206990,TIBAITATA - AUT [21206990],HUM RELATIVA,Humedad relativa del aire a 2 metros media diaria,2010-07-26 00:00,%,84.9047619047619,Preliminar
21206990,TIBAITATA - AUT [21206990],HUM RELATIVA,Humedad relativa del aire a 2 metros media diaria,2010-07-27 00:00,%,89.8076923076923,Preliminar
21206990,TIBAITATA - AUT [21206990],HUM RELATIVA,Humedad relativa del aire a 2 metros media diaria,2010-07-28 00:00,%,82.0416666666667,Preliminar
21206990,TIBAITATA - AUT [21206990],HUM RELATIVA,Humedad relativa del aire a 2 metros media diaria,2010-07-29 00:00,%,87.8333333333333,Preliminar
21206990,TIBAITATA - AUT [21206990],HUM RELATIVA,Humedad relativa del aire a 2 metros media diaria,2010-07-30 00:00,%,88.525,Preliminar
21206990,TIBAITATA - AUT [21206990],HUM RELATIVA,Humedad relativa del aire a 2 metros media diaria,2010-07-31 00:00,%,89.1363636363636,Preliminar
21206990,TIBAITATA - AUT [21206990],HUM RELATIVA,Humedad relativa del aire a 2 metros media diaria,2010-08-01 00:00,%,89.2045454545454,Preliminar
21206990,TIBAITATA - AUT [21206990],HUM RELATIVA,Humedad relativa del aire a 2 metros media diaria,2010-08-02 00:00,%,88.2857142857143,Preliminar
21206990,TIBAITATA - AUT [21206990],HUM RELATIVA,Humedad relativa del aire a 2 metros media diaria,2010-08-03 00:00,%,91.3541666666667,Preliminar
21206990,TIBAITATA - AUT [21206990],HUM RELATIVA,Humedad relativa del aire a 2 metros media diaria,2010-08-04 00:00,%,82.8333333333333,Preliminar
21206990,TIBAITATA - AUT [21206990],HUM RELATIVA,Humedad relativa del aire a 2 metros media diaria,2010-08-05 00:00,%,75.9375,Preliminar
21206990,TIBAITATA - AUT [21206990],HUM RELATIVA,Humedad relativa del aire a 2 metros media diaria,2010-08-06 00:00,%,86.6086956521739,Preliminar
21206990,TIBAITATA - AUT [21206990],HUM RELATIVA,Humedad relativa del aire a 2 metros media diaria,2010-08-07 00:00,%,85.7105263157895,Preliminar
21206990,TIBAITATA - AUT [21206990],HUM RELATIVA,Humedad relativa del aire a 2 metros media diaria,2010-08-08 00:00,%,86.125,Preliminar
21206990,TIBAITATA - AUT [21206990],HUM RELATIVA,Humedad relativa del aire a 2 metros media diaria,2010-08-09 00:00,%,77.2083333333333,Preliminar
21206990,TIBAITATA - AUT [21206990],HUM RELATIVA,Humedad relativa del aire a 2 metros media diaria,2010-08-10 00:00,%,77.625,Preliminar
21206990,TIBAITATA - AUT [21206990],HUM RELATIVA,Humedad relativa del aire a 2 metros media diaria,2010-08-11 00:00,%,79.5416666666667,Preliminar
21206990,TIBAITATA - AUT [21206990],HUM RELATIVA,Humedad relativa del aire a 2 metros media diaria,2010-08-12 00:00,%,81.5,Preliminar
21206990,TIBAITATA - AUT [21206990],HUM RELATIVA,Humedad relativa del aire a 2 metros media diaria,2010-08-13 00:00,%,79.25,Preliminar
21206990,TIBAITATA - AUT [21206990],HUM RELATIVA,Humedad relativa del aire a 2 metros media diaria,2010-08-14 00:00,%,90.5208333333333,Preliminar
21206990,TIBAITATA - AUT [21206990],HUM RELATIVA,Humedad relativa del aire a 2 metros media diaria,2010-08-15 00:00,%,84.5208333333333,Preliminar
21206990,TIBAITATA - AUT [21206990],HUM RELATIVA,Humedad relativa del aire a 2 metros media diaria,2010-08-16 00:00,%,80.3958333333333,Preliminar
21206990,TIBAITATA - AUT [21206990],HUM RELATIVA,Humedad relativa del aire a 2 metros media diaria,2010-08-17 00:00,%,85.0208333333333,Preliminar
21206990,TIBAITATA - AUT [21206990],HUM RELATIVA,Humedad relativa del aire a 2 metros media diaria,2010-08-18 00:00,%,85.1458333333333,Preliminar
21206990,TIBAITATA - AUT [21206990],HUM RELATIVA,Humedad relativa del aire a 2 metros media diaria,2010-08-19 00:00,%,86.3541666666667,Preliminar
21206990,TIBAITATA - AUT [21206990],HUM RELATIVA,Humedad relativa del aire a 2 metros media diaria,2010-08-20 00:00,%,85.1666666666667,Preliminar
21206990,TIBAITATA - AUT [21206990],HUM RELATIVA,Humedad relativa del aire a 2 metros media diaria,2010-08-21 00:00,%,82.375,Preliminar
21206990,TIBAITATA - AUT [21206990],HUM RELATIVA,Humedad relativa del aire a 2 metros media diaria,2010-08-22 00:00,%,75.2083333333333,Preliminar
21206990,TIBAITATA - AUT [21206990],HUM RELATIVA,Humedad relativa del aire a 2 metros media diaria,2010-08-23 00:00,%,81.7708333333333,Preliminar
21206990,TIBAITATA - AUT [21206990],HUM RELATIVA,Humedad relativa del aire a 2 metros media diaria,2010-08-24 00:00,%,83.2291666666667,Preliminar
21206990,TIBAITATA - AUT [21206990],HUM RELATIVA,Humedad relativa del aire a 2 metros media diaria,2010-08-25 00:00,%,88.5,Preliminar
21206990,TIBAITATA - AUT [21206990],HUM RELATIVA,Humedad relativa del aire a 2 metros media diaria,2010-08-26 00:00,%,83.3541666666667,Preliminar
21206990,TIBAITATA - AUT [21206990],HUM RELATIVA,Humedad relativa del aire a 2 metros media diaria,2010-08-27 00:00,%,88.5625,Preliminar
21206990,TIBAITATA - AUT [21206990],HUM RELATIVA,Humedad relativa del aire a 2 metros media diaria,2010-08-28 00:00,%,81.375,Preliminar
21206990,TIBAITATA - AUT [21206990],HUM RELATIVA,Humedad relativa del aire a 2 metros media diaria,2010-08-29 00:00,%,82.0625,Preliminar
21206990,TIBAITATA - AUT [21206990],HUM RELATIVA,Humedad relativa del aire a 2 metros media diaria,2010-08-30 00:00,%,78.75,Preliminar
21206990,TIBAITATA - AUT [21206990],HUM RELATIVA,Humedad relativa del aire a 2 metros media diaria,2010-08-31 00:00,%,81.3333333333333,Preliminar
21206990,TIBAITATA - AUT [21206990],HUM RELATIVA,Humedad relativa del aire a 2 metros media diaria,2010-09-01 00:00,%,87.8125,Preliminar
21206990,TIBAITATA - AUT [21206990],HUM RELATIVA,Humedad relativa del aire a 2 metros media diaria,2010-09-02 00:00,%,88.0416666666667,Preliminar
21206990,TIBAITATA - AUT [21206990],HUM RELATIVA,Humedad relativa del aire a 2 metros media diaria,2010-09-03 00:00,%,86.8541666666667,Preliminar
21206990,TIBAITATA - AUT [21206990],HUM RELATIVA,Humedad relativa del aire a 2 metros media diaria,2010-09-04 00:00,%,79.4791666666667,Preliminar
21206990,TIBAITATA - AUT [21206990],HUM RELATIVA,Humedad relativa del aire a 2 metros media diaria,2010-09-05 00:00,%,79.4375,Preliminar
21206990,TIBAITATA - AUT [21206990],HUM RELATIVA,Humedad relativa del aire a 2 metros media diaria,2010-09-06 00:00,%,84.0416666666667,Preliminar
21206990,TIBAITATA - AUT [21206990],HUM RELATIVA,Humedad relativa del aire a 2 metros media diaria,2010-09-07 00:00,%,92.6458333333333,Preliminar
21206990,TIBAITATA - AUT [21206990],HUM RELATIVA,Humedad relativa del aire a 2 metros media diaria,2010-09-08 00:00,%,89.3125,Preliminar
21206990,TIBAITATA - AUT [21206990],HUM RELATIVA,Humedad relativa del aire a 2 metros media diaria,2010-09-09 00:00,%,79.5,Preliminar
21206990,TIBAITATA - AUT [21206990],HUM RELATIVA,Humedad relativa del aire a 2 metros media diaria,2010-09-10 00:00,%,80.2708333333333,Preliminar
21206990,TIBAITATA - AUT [21206990],HUM RELATIVA,Humedad relativa del aire a 2 metros media diaria,2010-09-11 00:00,%,83.3541666666667,Preliminar
21206990,TIBAITATA - AUT [21206990],HUM RELATIVA,Humedad relativa del aire a 2 metros media diaria,2010-09-12 00:00,%,82.1041666666667,Preliminar
21206990,TIBAITATA - AUT [21206990],HUM RELATIVA,Humedad relativa del aire a 2 metros media diaria,2010-09-13 00:00,%,82.4375,Preliminar
21206990,TIBAITATA - AUT [21206990],HUM RELATIVA,Humedad relativa del aire a 2 metros media diaria,2010-09-14 00:00,%,75.25,Preliminar
21206990,TIBAITATA - AUT [21206990],HUM RELATIVA,Humedad relativa del aire a 2 metros media diaria,2010-09-15 00:00,%,80.3958333333333,Preliminar
21206990,TIBAITATA - AUT [21206990],HUM RELATIVA,Humedad relativa del aire a 2 metros media diaria,2010-09-16 00:00,%,79.5208333333333,Preliminar
21206990,TIBAITATA - AUT [21206990],HUM RELATIVA,Humedad relativa del aire a 2 metros media diaria,2010-09-17 00:00,%,80.0208333333333,Preliminar
21206990,TIBAITATA - AUT [21206990],HUM RELATIVA,Humedad relativa del aire a 2 metros media diaria,2010-09-18 00:00,%,80.6666666666667,Preliminar
21206990,TIBAITATA - AUT [21206990],HUM RELATIVA,Humedad relativa del aire a 2 metros media diaria,2010-09-19 00:00,%,86.0208333333333,Preliminar
21206990,TIBAITATA - AUT [21206990],HUM RELATIVA,Humedad relativa del aire a 2 metros media diaria,2010-09-20 00:00,%,89.4583333333333,Preliminar
21206990,TIBAITATA - AUT [21206990],HUM RELATIVA,Humedad relativa del aire a 2 metros media diaria,2010-09-21 00:00,%,85.0833333333333,Preliminar
21206990,TIBAITATA - AUT [21206990],HUM RELATIVA,Humedad relativa del aire a 2 metros media diaria,2010-09-22 00:00,%,81.375,Preliminar
21206990,TIBAITATA - AUT [21206990],HUM RELATIVA,Humedad relativa del aire a 2 metros media diaria,2010-09-23 00:00,%,84.3333333333333,Preliminar
21206990,TIBAITATA - AUT [21206990],HUM RELATIVA,Humedad relativa del aire a 2 metros media diaria,2010-09-24 00:00,%,87.8333333333333,Preliminar
21206990,TIBAITATA - AUT [21206990],HUM RELATIVA,Humedad relativa del aire a 2 metros media diaria,2010-09-25 00:00,%,87.9583333333333,Preliminar
21206990,TIBAITATA - AUT [21206990],HUM RELATIVA,Humedad relativa del aire a 2 metros media diaria,2010-09-26 00:00,%,86.7083333333333,Preliminar
21206990,TIBAITATA - AUT [21206990],HUM RELATIVA,Humedad relativa del aire a 2 metros media diaria,2010-09-27 00:00,%,88.5208333333333,Preliminar
21206990,TIBAITATA - AUT [21206990],HUM RELATIVA,Humedad relativa del aire a 2 metros media diaria,2010-09-28 00:00,%,86.0833333333333,Preliminar
21206990,TIBAITATA - AUT [21206990],HUM RELATIVA,Humedad relativa del aire a 2 metros media diaria,2010-09-29 00:00,%,84.8958333333333,Preliminar
21206990,TIBAITATA - AUT [21206990],HUM RELATIVA,Humedad relativa del aire a 2 metros media diaria,2010-09-30 00:00,%,86.9166666666667,Preliminar
21206990,TIBAITATA - AUT [21206990],HUM RELATIVA,Humedad relativa del aire a 2 metros media diaria,2010-10-01 00:00,%,85.1041666666667,Preliminar
21206990,TIBAITATA - AUT [21206990],HUM RELATIVA,Humedad relativa del aire a 2 metros media diaria,2010-10-02 00:00,%,85.8541666666667,Preliminar
21206990,TIBAITATA - AUT [21206990],HUM RELATIVA,Humedad relativa del aire a 2 metros media diaria,2010-10-03 00:00,%,84.0208333333333,Preliminar
21206990,TIBAITATA - AUT [21206990],HUM RELATIVA,Humedad relativa del aire a 2 metros media diaria,2010-10-04 00:00,%,89.7708333333333,Preliminar
21206990,TIBAITATA - AUT [21206990],HUM RELATIVA,Humedad relativa del aire a 2 metros media diaria,2010-10-05 00:00,%,84.0625,Preliminar
21206990,TIBAITATA - AUT [21206990],HUM RELATIVA,Humedad relativa del aire a 2 metros media diaria,2010-10-06 00:00,%,86.3333333333333,Preliminar
21206990,TIBAITATA - AUT [21206990],HUM RELATIVA,Humedad relativa del aire a 2 metros media diaria,2010-10-07 00:00,%,78.875,Preliminar
21206990,TIBAITATA - AUT [21206990],HUM RELATIVA,Humedad relativa del aire a 2 metros media diaria,2010-10-08 00:00,%,81.6875,Preliminar
21206990,TIBAITATA - AUT [21206990],HUM RELATIVA,Humedad relativa del aire a 2 metros media diaria,2010-10-09 00:00,%,81.0416666666667,Preliminar
21206990,TIBAITATA - AUT [21206990],HUM RELATIVA,Humedad relativa del aire a 2 metros media diaria,2010-10-10 00:00,%,72.125,Preliminar
21206990,TIBAITATA - AUT [21206990],HUM RELATIVA,Humedad relativa del aire a 2 metros media diaria,2010-10-11 00:00,%,70.3125,Preliminar
21206990,TIBAITATA - AUT [21206990],HUM RELATIVA,Humedad relativa del aire a 2 metros media diaria,2010-10-12 00:00,%,82.75,Preliminar
21206990,TIBAITATA - AUT [21206990],HUM RELATIVA,Humedad relativa del aire a 2 metros media diaria,2010-10-13 00:00,%,76.7916666666667,Preliminar
21206990,TIBAITATA - AUT [21206990],HUM RELATIVA,Humedad relativa del aire a 2 metros media diaria,2010-10-14 00:00,%,79.25,Preliminar
21206990,TIBAITATA - AUT [21206990],HUM RELATIVA,Humedad relativa del aire a 2 metros media diaria,2010-10-15 00:00,%,83.1875,Preliminar
21206990,TIBAITATA - AUT [21206990],HUM RELATIVA,Humedad relativa del aire a 2 metros media diaria,2010-10-16 00:00,%,82.625,Preliminar
21206990,TIBAITATA - AUT [21206990],HUM RELATIVA,Humedad relativa del aire a 2 metros media diaria,2010-10-17 00:00,%,81.2916666666667,Preliminar
21206990,TIBAITATA - AUT [21206990],HUM RELATIVA,Humedad relativa del aire a 2 metros media diaria,2010-10-18 00:00,%,83.8125,Preliminar
21206990,TIBAITATA - AUT [21206990],HUM RELATIVA,Humedad relativa del aire a 2 metros media diaria,2010-10-19 00:00,%,84.75,Preliminar
21206990,TIBAITATA - AUT [21206990],HUM RELATIVA,Humedad relativa del aire a 2 metros media diaria,2010-10-20 00:00,%,84.5833333333333,Preliminar
21206990,TIBAITATA - AUT [21206990],HUM RELATIVA,Humedad relativa del aire a 2 metros media diaria,2010-10-21 00:00,%,88.5,Preliminar
21206990,TIBAITATA - AUT [21206990],HUM RELATIVA,Humedad relativa del aire a 2 metros media diaria,2010-10-22 00:00,%,88.9583333333333,Preliminar
21206990,TIBAITATA - AUT [21206990],HUM RELATIVA,Humedad relativa del aire a 2 metros media diaria,2010-10-23 00:00,%,87.7708333333333,Preliminar
21206990,TIBAITATA - AUT [21206990],HUM RELATIVA,Humedad relativa del aire a 2 metros media diaria,2010-10-24 00:00,%,86.75,Preliminar
21206990,TIBAITATA - AUT [21206990],HUM RELATIVA,Humedad relativa del aire a 2 metros media diaria,2010-10-25 00:00,%,87.0208333333333,Preliminar
21206990,TIBAITATA - AUT [21206990],HUM RELATIVA,Humedad relativa del aire a 2 metros media diaria,2010-10-26 00:00,%,87.4375,Preliminar
21206990,TIBAITATA - AUT [21206990],HUM RELATIVA,Humedad relativa del aire a 2 metros media diaria,2010-10-27 00:00,%,85.3125,Preliminar
21206990,TIBAITATA - AUT [21206990],HUM RELATIVA,Humedad relativa del aire a 2 metros media diaria,2010-10-28 00:00,%,84.75,Preliminar
21206990,TIBAITATA - AUT [21206990],HUM RELATIVA,Humedad relativa del aire a 2 metros media diaria,2010-10-29 00:00,%,84.5416666666667,Preliminar
21206990,TIBAITATA - AUT [21206990],HUM RELATIVA,Humedad relativa del aire a 2 metros media diaria,2010-10-30 00:00,%,84.5416666666667,Preliminar
21206990,TIBAITATA - AUT [21206990],HUM RELATIVA,Humedad relativa del aire a 2 metros media diaria,2010-10-31 00:00,%,87.8958333333333,Preliminar
21206990,TIBAITATA - AUT [21206990],HUM RELATIVA,Humedad relativa del aire a 2 metros media diaria,2010-11-01 00:00,%,85.375,Preliminar
21206990,TIBAITATA - AUT [21206990],HUM RELATIVA,Humedad relativa del aire a 2 metros media diaria,2010-11-02 00:00,%,84.1458333333333,Preliminar
21206990,TIBAITATA - AUT [21206990],HUM RELATIVA,Humedad relativa del aire a 2 metros media diaria,2010-11-03 00:00,%,83.7916666666667,Preliminar
21206990,TIBAITATA - AUT [21206990],HUM RELATIVA,Humedad relativa del aire a 2 metros media diaria,2010-11-04 00:00,%,85.8333333333333,Preliminar
21206990,TIBAITATA - AUT [21206990],HUM RELATIVA,Humedad relativa del aire a 2 metros media diaria,2010-11-05 00:00,%,83.3541666666667,Preliminar
21206990,TIBAITATA - AUT [21206990],HUM RELATIVA,Humedad relativa del aire a 2 metros media diaria,2010-11-06 00:00,%,85.4583333333333,Preliminar
21206990,TIBAITATA - AUT [21206990],HUM RELATIVA,Humedad relativa del aire a 2 metros media diaria,2010-11-07 00:00,%,85.1458333333333,Preliminar
21206990,TIBAITATA - AUT [21206990],HUM RELATIVA,Humedad relativa del aire a 2 metros media diaria,2010-11-08 00:00,%,87.4166666666667,Preliminar
21206990,TIBAITATA - AUT [21206990],HUM RELATIVA,Humedad relativa del aire a 2 metros media diaria,2010-11-09 00:00,%,86.2291666666667,Preliminar
21206990,TIBAITATA - AUT [21206990],HUM RELATIVA,Humedad relativa del aire a 2 metros media diaria,2010-11-10 00:00,%,88.0625,Preliminar
21206990,TIBAITATA - AUT [21206990],HUM RELATIVA,Humedad relativa del aire a 2 metros media diaria,2010-11-11 00:00,%,89.8541666666667,Preliminar
21206990,TIBAITATA - AUT [21206990],HUM RELATIVA,Humedad relativa del aire a 2 metros media diaria,2010-11-12 00:00,%,89.5,Preliminar
21206990,TIBAITATA - AUT [21206990],HUM RELATIVA,Humedad relativa del aire a 2 metros media diaria,2010-11-13 00:00,%,91,Preliminar
21206990,TIBAITATA - AUT [21206990],HUM RELATIVA,Humedad relativa del aire a 2 metros media diaria,2010-11-14 00:00,%,87.5208333333333,Preliminar
21206990,TIBAITATA - AUT [21206990],HUM RELATIVA,Humedad relativa del aire a 2 metros media diaria,2010-11-15 00:00,%,89.6666666666667,Preliminar
21206990,TIBAITATA - AUT [21206990],HUM RELATIVA,Humedad relativa del aire a 2 metros media diaria,2010-11-16 00:00,%,90.8541666666667,Preliminar
21206990,TIBAITATA - AUT [21206990],HUM RELATIVA,Humedad relativa del aire a 2 metros media diaria,2010-11-17 00:00,%,91.6666666666667,Preliminar
21206990,TIBAITATA - AUT [21206990],HUM RELATIVA,Humedad relativa del aire a 2 metros media diaria,2010-11-18 00:00,%,89.125,Preliminar
21206990,TIBAITATA - AUT [21206990],HUM RELATIVA,Humedad relativa del aire a 2 metros media diaria,2010-11-19 00:00,%,88.7708333333333,Preliminar
21206990,TIBAITATA - AUT [21206990],HUM RELATIVA,Humedad relativa del aire a 2 metros media diaria,2010-11-20 00:00,%,89.6041666666667,Preliminar
21206990,TIBAITATA - AUT [21206990],HUM RELATIVA,Humedad relativa del aire a 2 metros media diaria,2010-11-21 00:00,%,88.0208333333333,Preliminar
21206990,TIBAITATA - AUT [21206990],HUM RELATIVA,Humedad relativa del aire a 2 metros media diaria,2010-11-22 00:00,%,88.8541666666667,Preliminar
21206990,TIBAITATA - AUT [21206990],HUM RELATIVA,Humedad relativa del aire a 2 metros media diaria,2010-11-23 00:00,%,85.375,Preliminar
21206990,TIBAITATA - AUT [21206990],HUM RELATIVA,Humedad relativa del aire a 2 metros media diaria,2010-11-24 00:00,%,88.4583333333333,Preliminar
21206990,TIBAITATA - AUT [21206990],HUM RELATIVA,Humedad relativa del aire a 2 metros media diaria,2010-11-25 00:00,%,86.5833333333333,Preliminar
21206990,TIBAITATA - AUT [21206990],HUM RELATIVA,Humedad relativa del aire a 2 metros media diaria,2010-11-26 00:00,%,87.4583333333333,Preliminar
21206990,TIBAITATA - AUT [21206990],HUM RELATIVA,Humedad relativa del aire a 2 metros media diaria,2010-11-27 00:00,%,91.25,Preliminar
21206990,TIBAITATA - AUT [21206990],HUM RELATIVA,Humedad relativa del aire a 2 metros media diaria,2010-11-28 00:00,%,89.3958333333333,Preliminar
21206990,TIBAITATA - AUT [21206990],HUM RELATIVA,Humedad relativa del aire a 2 metros media diaria,2010-11-29 00:00,%,85.8333333333333,Preliminar
21206990,TIBAITATA - AUT [21206990],HUM RELATIVA,Humedad relativa del aire a 2 metros media diaria,2010-11-30 00:00,%,86.8571428571429,Preliminar
21206990,TIBAITATA - AUT [21206990],HUM RELATIVA,Humedad relativa del aire a 2 metros media diaria,2010-12-01 00:00,%,88.5833333333333,Preliminar
21206990,TIBAITATA - AUT [21206990],HUM RELATIVA,Humedad relativa del aire a 2 metros media diaria,2010-12-02 00:00,%,90.4583333333333,Preliminar
21206990,TIBAITATA - AUT [21206990],HUM RELATIVA,Humedad relativa del aire a 2 metros media diaria,2010-12-03 00:00,%,89.1041666666667,Preliminar
21206990,TIBAITATA - AUT [21206990],HUM RELATIVA,Humedad relativa del aire a 2 metros media diaria,2010-12-04 00:00,%,95.0208333333333,Preliminar
21206990,TIBAITATA - AUT [21206990],HUM RELATIVA,Humedad relativa del aire a 2 metros media diaria,2010-12-05 00:00,%,82.1458333333333,Preliminar
21206990,TIBAITATA - AUT [21206990],HUM RELATIVA,Humedad relativa del aire a 2 metros media diaria,2010-12-06 00:00,%,80.3958333333333,Preliminar
21206990,TIBAITATA - AUT [21206990],HUM RELATIVA,Humedad relativa del aire a 2 metros media diaria,2010-12-07 00:00,%,85.5833333333333,Preliminar
21206990,TIBAITATA - AUT [21206990],HUM RELATIVA,Humedad relativa del aire a 2 metros media diaria,2010-12-08 00:00,%,90.0208333333333,Preliminar
21206990,TIBAITATA - AUT [21206990],HUM RELATIVA,Humedad relativa del aire a 2 metros media diaria,2010-12-09 00:00,%,83.0625,Preliminar
21206990,TIBAITATA - AUT [21206990],HUM RELATIVA,Humedad relativa del aire a 2 metros media diaria,2010-12-10 00:00,%,88.7916666666667,Preliminar
21206990,TIBAITATA - AUT [21206990],HUM RELATIVA,Humedad relativa del aire a 2 metros media diaria,2010-12-11 00:00,%,86.5,Preliminar
21206990,TIBAITATA - AUT [21206990],HUM RELATIVA,Humedad relativa del aire a 2 metros media diaria,2010-12-12 00:00,%,88.625,Preliminar
21206990,TIBAITATA - AUT [21206990],HUM RELATIVA,Humedad relativa del aire a 2 metros media diaria,2010-12-13 00:00,%,84.8333333333333,Preliminar
21206990,TIBAITATA - AUT [21206990],HUM RELATIVA,Humedad relativa del aire a 2 metros media diaria,2010-12-14 00:00,%,85.5208333333333,Preliminar
21206990,TIBAITATA - AUT [21206990],HUM RELATIVA,Humedad relativa del aire a 2 metros media diaria,2010-12-15 00:00,%,85.6666666666667,Preliminar
21206990,TIBAITATA - AUT [21206990],HUM RELATIVA,Humedad relativa del aire a 2 metros media diaria,2010-12-16 00:00,%,89.8541666666667,Preliminar
21206990,TIBAITATA - AUT [21206990],HUM RELATIVA,Humedad relativa del aire a 2 metros media diaria,2010-12-17 00:00,%,85.5208333333333,Preliminar
21206990,TIBAITATA - AUT [21206990],HUM RELATIVA,Humedad relativa del aire a 2 metros media diaria,2010-12-18 00:00,%,89.9375,Preliminar
21206990,TIBAITATA - AUT [21206990],HUM RELATIVA,Humedad relativa del aire a 2 metros media diaria,2010-12-19 00:00,%,86.4791666666667,Preliminar
21206990,TIBAITATA - AUT [21206990],HUM RELATIVA,Humedad relativa del aire a 2 metros media diaria,2010-12-20 00:00,%,86.6875,Preliminar
21206990,TIBAITATA - AUT [21206990],HUM RELATIVA,Humedad relativa del aire a 2 metros media diaria,2010-12-21 00:00,%,87.2291666666667,Preliminar
21206990,TIBAITATA - AUT [21206990],HUM RELATIVA,Humedad relativa del aire a 2 metros media diaria,2010-12-22 00:00,%,88.0833333333333,Preliminar
21206990,TIBAITATA - AUT [21206990],HUM RELATIVA,Humedad relativa del aire a 2 metros media diaria,2010-12-23 00:00,%,88.0833333333333,Preliminar
21206990,TIBAITATA - AUT [21206990],HUM RELATIVA,Humedad relativa del aire a 2 metros media diaria,2010-12-24 00:00,%,87.6041666666667,Preliminar
21206990,TIBAITATA - AUT [21206990],HUM RELATIVA,Humedad relativa del aire a 2 metros media diaria,2010-12-25 00:00,%,87.7083333333333,Preliminar
21206990,TIBAITATA - AUT [21206990],HUM RELATIVA,Humedad relativa del aire a 2 metros media diaria,2010-12-26 00:00,%,86.4791666666667,Preliminar
21206990,TIBAITATA - AUT [21206990],HUM RELATIVA,Humedad relativa del aire a 2 metros media diaria,2010-12-29 00:00,%,73.5,Preliminar
21206990,TIBAITATA - AUT [21206990],HUM RELATIVA,Humedad relativa del aire a 2 metros media diaria,2010-12-30 00:00,%,81.5833333333333,Preliminar
21206990,TIBAITATA - AUT [21206990],HUM RELATIVA,Humedad relativa del aire a 2 metros media diaria,2010-12-31 00:00,%,80.3958333333333,Preliminar
21206990,TIBAITATA - AUT [21206990],HUM RELATIVA,Humedad relativa del aire a 2 metros media diaria,2011-01-01 00:00,%,82.6041666666667,Preliminar
21206990,TIBAITATA - AUT [21206990],HUM RELATIVA,Humedad relativa del aire a 2 metros media diaria,2011-01-02 00:00,%,82.2083333333333,Preliminar
21206990,TIBAITATA - AUT [21206990],HUM RELATIVA,Humedad relativa del aire a 2 metros media diaria,2011-01-03 00:00,%,88.5416666666667,Preliminar
21206990,TIBAITATA - AUT [21206990],HUM RELATIVA,Humedad relativa del aire a 2 metros media diaria,2011-01-04 00:00,%,88.9166666666667,Preliminar
21206990,TIBAITATA - AUT [21206990],HUM RELATIVA,Humedad relativa del aire a 2 metros media diaria,2011-01-05 00:00,%,83.375,Preliminar
21206990,TIBAITATA - AUT [21206990],HUM RELATIVA,Humedad relativa del aire a 2 metros media diaria,2011-01-06 00:00,%,82.25,Preliminar
21206990,TIBAITATA - AUT [21206990],HUM RELATIVA,Humedad relativa del aire a 2 metros media diaria,2011-01-07 00:00,%,82.9545454545454,Preliminar
21206990,TIBAITATA - AUT [21206990],HUM RELATIVA,Humedad relativa del aire a 2 metros media diaria,2011-01-08 00:00,%,87.4791666666667,Preliminar
21206990,TIBAITATA - AUT [21206990],HUM RELATIVA,Humedad relativa del aire a 2 metros media diaria,2011-01-09 00:00,%,85.7916666666667,Preliminar
21206990,TIBAITATA - AUT [21206990],HUM RELATIVA,Humedad relativa del aire a 2 metros media diaria,2011-01-10 00:00,%,80.0833333333333,Preliminar
21206990,TIBAITATA - AUT [21206990],HUM RELATIVA,Humedad relativa del aire a 2 metros media diaria,2011-01-11 00:00,%,77.25,Preliminar
21206990,TIBAITATA - AUT [21206990],HUM RELATIVA,Humedad relativa del aire a 2 metros media diaria,2011-01-12 00:00,%,85.4791666666667,Preliminar
21206990,TIBAITATA - AUT [21206990],HUM RELATIVA,Humedad relativa del aire a 2 metros media diaria,2011-01-13 00:00,%,78.6875,Preliminar
21206990,TIBAITATA - AUT [21206990],HUM RELATIVA,Humedad relativa del aire a 2 metros media diaria,2011-01-14 00:00,%,78.125,Preliminar
21206990,TIBAITATA - AUT [21206990],HUM RELATIVA,Humedad relativa del aire a 2 metros media diaria,2011-01-15 00:00,%,78.7083333333333,Preliminar
21206990,TIBAITATA - AUT [21206990],HUM RELATIVA,Humedad relativa del aire a 2 metros media diaria,2011-01-16 00:00,%,86.5833333333333,Preliminar
21206990,TIBAITATA - AUT [21206990],HUM RELATIVA,Humedad relativa del aire a 2 metros media diaria,2011-01-17 00:00,%,85.2083333333333,Preliminar
21206990,TIBAITATA - AUT [21206990],HUM RELATIVA,Humedad relativa del aire a 2 metros media diaria,2011-01-18 00:00,%,83.3333333333333,Preliminar
21206990,TIBAITATA - AUT [21206990],HUM RELATIVA,Humedad relativa del aire a 2 metros media diaria,2011-01-19 00:00,%,83.25,Preliminar
21206990,TIBAITATA - AUT [21206990],HUM RELATIVA,Humedad relativa del aire a 2 metros media diaria,2011-01-20 00:00,%,82.1458333333333,Preliminar
21206990,TIBAITATA - AUT [21206990],HUM RELATIVA,Humedad relativa del aire a 2 metros media diaria,2011-01-21 00:00,%,79.1458333333333,Preliminar
21206990,TIBAITATA - AUT [21206990],HUM RELATIVA,Humedad relativa del aire a 2 metros media diaria,2011-01-22 00:00,%,81.4583333333333,Preliminar
21206990,TIBAITATA - AUT [21206990],HUM RELATIVA,Humedad relativa del aire a 2 metros media diaria,2011-01-23 00:00,%,79,Preliminar
21206990,TIBAITATA - AUT [21206990],HUM RELATIVA,Humedad relativa del aire a 2 metros media diaria,2011-01-24 00:00,%,77.3125,Preliminar
21206990,TIBAITATA - AUT [21206990],HUM RELATIVA,Humedad relativa del aire a 2 metros media diaria,2011-01-25 00:00,%,82.4583333333333,Preliminar
21206990,TIBAITATA - AUT [21206990],HUM RELATIVA,Humedad relativa del aire a 2 metros media diaria,2011-01-26 00:00,%,81.0625,Preliminar
21206990,TIBAITATA - AUT [21206990],HUM RELATIVA,Humedad relativa del aire a 2 metros media diaria,2011-01-27 00:00,%,80.9583333333333,Preliminar
21206990,TIBAITATA - AUT [21206990],HUM RELATIVA,Humedad relativa del aire a 2 metros media diaria,2011-01-28 00:00,%,82.7291666666667,Preliminar
21206990,TIBAITATA - AUT [21206990],HUM RELATIVA,Humedad relativa del aire a 2 metros media diaria,2011-01-29 00:00,%,74.125,Preliminar
21206990,TIBAITATA - AUT [21206990],HUM RELATIVA,Humedad relativa del aire a 2 metros media diaria,2011-01-30 00:00,%,78.1458333333333,Preliminar
21206990,TIBAITATA - AUT [21206990],HUM RELATIVA,Humedad relativa del aire a 2 metros media diaria,2011-01-31 00:00,%,82.5625,Preliminar
21206990,TIBAITATA - AUT [21206990],HUM RELATIVA,Humedad relativa del aire a 2 metros media diaria,2011-02-01 00:00,%,75.875,Preliminar
21206990,TIBAITATA - AUT [21206990],HUM RELATIVA,Humedad relativa del aire a 2 metros media diaria,2011-02-02 00:00,%,65.4166666666667,Preliminar
21206990,TIBAITATA - AUT [21206990],HUM RELATIVA,Humedad relativa del aire a 2 metros media diaria,2011-02-03 00:00,%,80.8125,Preliminar
21206990,TIBAITATA - AUT [21206990],HUM RELATIVA,Humedad relativa del aire a 2 metros media diaria,2011-02-04 00:00,%,82.25,Preliminar
21206990,TIBAITATA - AUT [21206990],HUM RELATIVA,Humedad relativa del aire a 2 metros media diaria,2011-02-05 00:00,%,81.0833333333333,Preliminar
21206990,TIBAITATA - AUT [21206990],HUM RELATIVA,Humedad relativa del aire a 2 metros media diaria,2011-02-06 00:00,%,82.2291666666667,Preliminar
21206990,TIBAITATA - AUT [21206990],HUM RELATIVA,Humedad relativa del aire a 2 metros media diaria,2011-02-07 00:00,%,81.1458333333333,Preliminar
21206990,TIBAITATA - AUT [21206990],HUM RELATIVA,Humedad relativa del aire a 2 metros media diaria,2011-02-08 00:00,%,84.4791666666667,Preliminar
21206990,TIBAITATA - AUT [21206990],HUM RELATIVA,Humedad relativa del aire a 2 metros media diaria,2011-02-09 00:00,%,88.2708333333333,Preliminar
21206990,TIBAITATA - AUT [21206990],HUM RELATIVA,Humedad relativa del aire a 2 metros media diaria,2011-02-10 00:00,%,86.8333333333333,Preliminar
21206990,TIBAITATA - AUT [21206990],HUM RELATIVA,Humedad relativa del aire a 2 metros media diaria,2011-02-11 00:00,%,91.2916666666667,Preliminar
21206990,TIBAITATA - AUT [21206990],HUM RELATIVA,Humedad relativa del aire a 2 metros media diaria,2011-02-12 00:00,%,84.5208333333333,Preliminar
21206990,TIBAITATA - AUT [21206990],HUM RELATIVA,Humedad relativa del aire a 2 metros media diaria,2011-02-13 00:00,%,86.75,Preliminar
21206990,TIBAITATA - AUT [21206990],HUM RELATIVA,Humedad relativa del aire a 2 metros media diaria,2011-02-14 00:00,%,91.1666666666667,Preliminar
21206990,TIBAITATA - AUT [21206990],HUM RELATIVA,Humedad relativa del aire a 2 metros media diaria,2011-02-15 00:00,%,83.8125,Preliminar
21206990,TIBAITATA - AUT [21206990],HUM RELATIVA,Humedad relativa del aire a 2 metros media diaria,2011-02-16 00:00,%,86.2916666666667,Preliminar
21206990,TIBAITATA - AUT [21206990],HUM RELATIVA,Humedad relativa del aire a 2 metros media diaria,2011-02-17 00:00,%,86.1041666666667,Preliminar
21206990,TIBAITATA - AUT [21206990],HUM RELATIVA,Humedad relativa del aire a 2 metros media diaria,2011-02-18 00:00,%,84.5,Preliminar
21206990,TIBAITATA - AUT [21206990],HUM RELATIVA,Humedad relativa del aire a 2 metros media diaria,2011-02-19 00:00,%,82.4375,Preliminar
21206990,TIBAITATA - AUT [21206990],HUM RELATIVA,Humedad relativa del aire a 2 metros media diaria,2011-02-20 00:00,%,80.9166666666667,Preliminar
21206990,TIBAITATA - AUT [21206990],HUM RELATIVA,Humedad relativa del aire a 2 metros media diaria,2011-02-21 00:00,%,82.6041666666667,Preliminar
21206990,TIBAITATA - AUT [21206990],HUM RELATIVA,Humedad relativa del aire a 2 metros media diaria,2011-02-22 00:00,%,81.0416666666667,Preliminar
21206990,TIBAITATA - AUT [21206990],HUM RELATIVA,Humedad relativa del aire a 2 metros media diaria,2011-02-23 00:00,%,78.6875,Preliminar
21206990,TIBAITATA - AUT [21206990],HUM RELATIVA,Humedad relativa del aire a 2 metros media diaria,2011-02-24 00:00,%,86.3333333333333,Preliminar
21206990,TIBAITATA - AUT [21206990],HUM RELATIVA,Humedad relativa del aire a 2 metros media diaria,2011-02-25 00:00,%,89.1875,Preliminar
21206990,TIBAITATA - AUT [21206990],HUM RELATIVA,Humedad relativa del aire a 2 metros media diaria,2011-02-26 00:00,%,84.7916666666667,Preliminar
21206990,TIBAITATA - AUT [21206990],HUM RELATIVA,Humedad relativa del aire a 2 metros media diaria,2011-02-27 00:00,%,84.2291666666667,Preliminar
21206990,TIBAITATA - AUT [21206990],HUM RELATIVA,Humedad relativa del aire a 2 metros media diaria,2011-02-28 00:00,%,81.4166666666667,Preliminar
21206990,TIBAITATA - AUT [21206990],HUM RELATIVA,Humedad relativa del aire a 2 metros media diaria,2011-03-01 00:00,%,85.4791666666667,Preliminar
21206990,TIBAITATA - AUT [21206990],HUM RELATIVA,Humedad relativa del aire a 2 metros media diaria,2011-03-02 00:00,%,89.1666666666667,Preliminar
21206990,TIBAITATA - AUT [21206990],HUM RELATIVA,Humedad relativa del aire a 2 metros media diaria,2011-03-03 00:00,%,88.5833333333333,Preliminar
21206990,TIBAITATA - AUT [21206990],HUM RELATIVA,Humedad relativa del aire a 2 metros media diaria,2011-03-04 00:00,%,90.5833333333333,Preliminar
21206990,TIBAITATA - AUT [21206990],HUM RELATIVA,Humedad relativa del aire a 2 metros media diaria,2011-03-05 00:00,%,87.5,Preliminar
21206990,TIBAITATA - AUT [21206990],HUM RELATIVA,Humedad relativa del aire a 2 metros media diaria,2011-03-06 00:00,%,83.875,Preliminar
21206990,TIBAITATA - AUT [21206990],HUM RELATIVA,Humedad relativa del aire a 2 metros media diaria,2011-03-07 00:00,%,86.2083333333333,Preliminar
21206990,TIBAITATA - AUT [21206990],HUM RELATIVA,Humedad relativa del aire a 2 metros media diaria,2011-03-08 00:00,%,87.2708333333333,Preliminar
21206990,TIBAITATA - AUT [21206990],HUM RELATIVA,Humedad relativa del aire a 2 metros media diaria,2011-03-09 00:00,%,89.0833333333333,Preliminar
21206990,TIBAITATA - AUT [21206990],HUM RELATIVA,Humedad relativa del aire a 2 metros media diaria,2011-03-10 00:00,%,85.4166666666667,Preliminar
21206990,TIBAITATA - AUT [21206990],HUM RELATIVA,Humedad relativa del aire a 2 metros media diaria,2011-03-11 00:00,%,79.875,Preliminar
21206990,TIBAITATA - AUT [21206990],HUM RELATIVA,Humedad relativa del aire a 2 metros media diaria,2011-03-12 00:00,%,81.3125,Preliminar
21206990,TIBAITATA - AUT [21206990],HUM RELATIVA,Humedad relativa del aire a 2 metros media diaria,2011-03-13 00:00,%,82.5416666666667,Preliminar
21206990,TIBAITATA - AUT [21206990],HUM RELATIVA,Humedad relativa del aire a 2 metros media diaria,2011-03-14 00:00,%,84.9791666666667,Preliminar
21206990,TIBAITATA - AUT [21206990],HUM RELATIVA,Humedad relativa del aire a 2 metros media diaria,2011-03-15 00:00,%,81.3541666666667,Preliminar
21206990,TIBAITATA - AUT [21206990],HUM RELATIVA,Humedad relativa del aire a 2 metros media diaria,2011-03-16 00:00,%,84.5,Preliminar
21206990,TIBAITATA - AUT [21206990],HUM RELATIVA,Humedad relativa del aire a 2 metros media diaria,2011-03-17 00:00,%,85.5,Preliminar
21206990,TIBAITATA - AUT [21206990],HUM RELATIVA,Humedad relativa del aire a 2 metros media diaria,2011-03-18 00:00,%,86.5625,Preliminar
21206990,TIBAITATA - AUT [21206990],HUM RELATIVA,Humedad relativa del aire a 2 metros media diaria,2011-03-19 00:00,%,86.4583333333333,Preliminar
21206990,TIBAITATA - AUT [21206990],HUM RELATIVA,Humedad relativa del aire a 2 metros media diaria,2011-04-08 00:00,%,86,Preliminar
21206990,TIBAITATA - AUT [21206990],HUM RELATIVA,Humedad relativa del aire a 2 metros media diaria,2011-04-09 00:00,%,84.6875,Preliminar
21206990,TIBAITATA - AUT [21206990],HUM RELATIVA,Humedad relativa del aire a 2 metros media diaria,2011-04-10 00:00,%,88.4583333333333,Preliminar
21206990,TIBAITATA - AUT [21206990],HUM RELATIVA,Humedad relativa del aire a 2 metros media diaria,2011-04-11 00:00,%,85.5833333333333,Preliminar
21206990,TIBAITATA - AUT [21206990],HUM RELATIVA,Humedad relativa del aire a 2 metros media diaria,2011-04-12 00:00,%,92.2708333333333,Preliminar
21206990,TIBAITATA - AUT [21206990],HUM RELATIVA,Humedad relativa del aire a 2 metros media diaria,2011-04-13 00:00,%,87.1,Preliminar
21206990,TIBAITATA - AUT [21206990],HUM RELATIVA,Humedad relativa del aire a 2 metros media diaria,2011-04-14 00:00,%,84.5,Preliminar
21206990,TIBAITATA - AUT [21206990],HUM RELATIVA,Humedad relativa del aire a 2 metros media diaria,2011-04-15 00:00,%,89.3181818181818,Preliminar
21206990,TIBAITATA - AUT [21206990],HUM RELATIVA,Humedad relativa del aire a 2 metros media diaria,2011-04-16 00:00,%,86.9090909090909,Preliminar
21206990,TIBAITATA - AUT [21206990],HUM RELATIVA,Humedad relativa del aire a 2 metros media diaria,2011-04-17 00:00,%,88.4473684210526,Preliminar
21206990,TIBAITATA - AUT [21206990],HUM RELATIVA,Humedad relativa del aire a 2 metros media diaria,2011-05-07 00:00,%,82.4166666666667,Preliminar
21206990,TIBAITATA - AUT [21206990],HUM RELATIVA,Humedad relativa del aire a 2 metros media diaria,2011-05-08 00:00,%,81.7045454545454,Preliminar
21206990,TIBAITATA - AUT [21206990],HUM RELATIVA,Humedad relativa del aire a 2 metros media diaria,2011-05-09 00:00,%,89.4473684210526,Preliminar
21206990,TIBAITATA - AUT [21206990],HUM RELATIVA,Humedad relativa del aire a 2 metros media diaria,2011-05-10 00:00,%,86.7857142857143,Preliminar
21206990,TIBAITATA - AUT [21206990],HUM RELATIVA,Humedad relativa del aire a 2 metros media diaria,2011-05-11 00:00,%,88.9,Preliminar
21206990,TIBAITATA - AUT [21206990],HUM RELATIVA,Humedad relativa del aire a 2 metros media diaria,2011-05-12 00:00,%,85.4666666666667,Preliminar
21206990,TIBAITATA - AUT [21206990],HUM RELATIVA,Humedad relativa del aire a 2 metros media diaria,2011-05-13 00:00,%,89.0909090909091,Preliminar
21206990,TIBAITATA - AUT [21206990],HUM RELATIVA,Humedad relativa del aire a 2 metros media diaria,2011-05-14 00:00,%,82.6666666666667,Preliminar
21206990,TIBAITATA - AUT [21206990],HUM RELATIVA,Humedad relativa del aire a 2 metros media diaria,2011-05-15 00:00,%,90.0666666666666,Preliminar
21206990,TIBAITATA - AUT [21206990],HUM RELATIVA,Humedad relativa del aire a 2 metros media diaria,2011-05-16 00:00,%,85.4230769230769,Preliminar
21206990,TIBAITATA - AUT [21206990],HUM RELATIVA,Humedad relativa del aire a 2 metros media diaria,2011-05-17 00:00,%,87,Preliminar
21206990,TIBAITATA - AUT [21206990],HUM RELATIVA,Humedad relativa del aire a 2 metros media diaria,2011-05-18 00:00,%,86.1818181818182,Preliminar
21206990,TIBAITATA - AUT [21206990],HUM RELATIVA,Humedad relativa del aire a 2 metros media diaria,2011-05-19 00:00,%,86.2142857142857,Preliminar
21206990,TIBAITATA - AUT [21206990],HUM RELATIVA,Humedad relativa del aire a 2 metros media diaria,2011-05-20 00:00,%,84.1842105263158,Preliminar
21206990,TIBAITATA - AUT [21206990],HUM RELATIVA,Humedad relativa del aire a 2 metros media diaria,2011-05-21 00:00,%,84.95,Preliminar
21206990,TIBAITATA - AUT [21206990],HUM RELATIVA,Humedad relativa del aire a 2 metros media diaria,2011-05-22 00:00,%,87.8260869565217,Preliminar
21206990,TIBAITATA - AUT [21206990],HUM RELATIVA,Humedad relativa del aire a 2 metros media diaria,2011-05-23 00:00,%,79.1538461538462,Preliminar
21206990,TIBAITATA - AUT [21206990],HUM RELATIVA,Humedad relativa del aire a 2 metros media diaria,2011-05-24 00:00,%,87.8684210526316,Preliminar
21206990,TIBAITATA - AUT [21206990],HUM RELATIVA,Humedad relativa del aire a 2 metros media diaria,2011-05-25 00:00,%,91.9615384615385,Preliminar
21206990,TIBAITATA - AUT [21206990],HUM RELATIVA,Humedad relativa del aire a 2 metros media diaria,2011-05-26 00:00,%,88.9444444444444,Preliminar
21206990,TIBAITATA - AUT [21206990],HUM RELATIVA,Humedad relativa del aire a 2 metros media diaria,2011-05-27 00:00,%,78.0277777777778,Preliminar
21206990,TIBAITATA - AUT [21206990],HUM RELATIVA,Humedad relativa del aire a 2 metros media diaria,2011-05-28 00:00,%,87.225,Preliminar
21206990,TIBAITATA - AUT [21206990],HUM RELATIVA,Humedad relativa del aire a 2 metros media diaria,2011-05-29 00:00,%,86.5833333333333,Preliminar
21206990,TIBAITATA - AUT [21206990],HUM RELATIVA,Humedad relativa del aire a 2 metros media diaria,2011-05-30 00:00,%,84.95,Preliminar
21206990,TIBAITATA - AUT [21206990],HUM RELATIVA,Humedad relativa del aire a 2 metros media diaria,2011-05-31 00:00,%,84.75,Preliminar
21206990,TIBAITATA - AUT [21206990],HUM RELATIVA,Humedad relativa del aire a 2 metros media diaria,2011-06-01 00:00,%,90.125,Preliminar
21206990,TIBAITATA - AUT [21206990],HUM RELATIVA,Humedad relativa del aire a 2 metros media diaria,2011-06-02 00:00,%,91.1,Preliminar
21206990,TIBAITATA - AUT [21206990],HUM RELATIVA,Humedad relativa del aire a 2 metros media diaria,2011-06-03 00:00,%,91.3947368421053,Preliminar
21206990,TIBAITATA - AUT [21206990],HUM RELATIVA,Humedad relativa del aire a 2 metros media diaria,2011-06-04 00:00,%,93.675,Preliminar
21206990,TIBAITATA - AUT [21206990],HUM RELATIVA,Humedad relativa del aire a 2 metros media diaria,2011-06-05 00:00,%,81.59375,Preliminar
21206990,TIBAITATA - AUT [21206990],HUM RELATIVA,Humedad relativa del aire a 2 metros media diaria,2011-06-07 00:00,%,90.15,Preliminar
21206990,TIBAITATA - AUT [21206990],HUM RELATIVA,Humedad relativa del aire a 2 metros media diaria,2011-06-08 00:00,%,85.25,Preliminar
21206990,TIBAITATA - AUT [21206990],HUM RELATIVA,Humedad relativa del aire a 2 metros media diaria,2011-06-12 00:00,%,71.8666666666666,Preliminar
21206990,TIBAITATA - AUT [21206990],HUM RELATIVA,Humedad relativa del aire a 2 metros media diaria,2011-06-14 00:00,%,78.75,Preliminar
21206990,TIBAITATA - AUT [21206990],HUM RELATIVA,Humedad relativa del aire a 2 metros media diaria,2011-06-15 00:00,%,74.4285714285714,Preliminar
21206990,TIBAITATA - AUT [21206990],HUM RELATIVA,Humedad relativa del aire a 2 metros media diaria,2011-06-16 00:00,%,83.4772727272727,Preliminar
21206990,TIBAITATA - AUT [21206990],HUM RELATIVA,Humedad relativa del aire a 2 metros media diaria,2011-06-17 00:00,%,84.425,Preliminar
21206990,TIBAITATA - AUT [21206990],HUM RELATIVA,Humedad relativa del aire a 2 metros media diaria,2011-06-18 00:00,%,76.75,Preliminar
21206990,TIBAITATA - AUT [21206990],HUM RELATIVA,Humedad relativa del aire a 2 metros media diaria,2011-06-19 00:00,%,71.8214285714286,Preliminar
21206990,TIBAITATA - AUT [21206990],HUM RELATIVA,Humedad relativa del aire a 2 metros media diaria,2011-06-20 00:00,%,86.4411764705882,Preliminar
21206990,TIBAITATA - AUT [21206990],HUM RELATIVA,Humedad relativa del aire a 2 metros media diaria,2011-06-21 00:00,%,80.2058823529412,Preliminar
21206990,TIBAITATA - AUT [21206990],HUM RELATIVA,Humedad relativa del aire a 2 metros media diaria,2011-06-22 00:00,%,81.475,Preliminar
21206990,TIBAITATA - AUT [21206990],HUM RELATIVA,Humedad relativa del aire a 2 metros media diaria,2011-06-23 00:00,%,81.7916666666667,Preliminar
21206990,TIBAITATA - AUT [21206990],HUM RELATIVA,Humedad relativa del aire a 2 metros media diaria,2011-06-24 00:00,%,85.9791666666667,Preliminar
21206990,TIBAITATA - AUT [21206990],HUM RELATIVA,Humedad relativa del aire a 2 metros media diaria,2011-06-25 00:00,%,85.8947368421053,Preliminar
21206990,TIBAITATA - AUT [21206990],HUM RELATIVA,Humedad relativa del aire a 2 metros media diaria,2011-06-26 00:00,%,81.7083333333333,Preliminar
21206990,TIBAITATA - AUT [21206990],HUM RELATIVA,Humedad relativa del aire a 2 metros media diaria,2011-06-27 00:00,%,78.8409090909091,Preliminar
21206990,TIBAITATA - AUT [21206990],HUM RELATIVA,Humedad relativa del aire a 2 metros media diaria,2011-06-28 00:00,%,80.0681818181818,Preliminar
21206990,TIBAITATA - AUT [21206990],HUM RELATIVA,Humedad relativa del aire a 2 metros media diaria,2011-06-29 00:00,%,79.4285714285714,Preliminar
21206990,TIBAITATA - AUT [21206990],HUM RELATIVA,Humedad relativa del aire a 2 metros media diaria,2011-06-30 00:00,%,83.8,Preliminar
21206990,TIBAITATA - AUT [21206990],HUM RELATIVA,Humedad relativa del aire a 2 metros media diaria,2011-07-01 00:00,%,76.65625,Preliminar
21206990,TIBAITATA - AUT [21206990],HUM RELATIVA,Humedad relativa del aire a 2 metros media diaria,2011-07-03 00:00,%,75.725,Preliminar
21206990,TIBAITATA - AUT [21206990],HUM RELATIVA,Humedad relativa del aire a 2 metros media diaria,2011-07-04 00:00,%,82.225,Preliminar
21206990,TIBAITATA - AUT [21206990],HUM RELATIVA,Humedad relativa del aire a 2 metros media diaria,2011-07-05 00:00,%,85.475,Preliminar
21206990,TIBAITATA - AUT [21206990],HUM RELATIVA,Humedad relativa del aire a 2 metros media diaria,2011-07-06 00:00,%,86.875,Preliminar
21206990,TIBAITATA - AUT [21206990],HUM RELATIVA,Humedad relativa del aire a 2 metros media diaria,2011-07-07 00:00,%,79.2,Preliminar
21206990,TIBAITATA - AUT [21206990],HUM RELATIVA,Humedad relativa del aire a 2 metros media diaria,2011-07-08 00:00,%,78.2,Preliminar
21206990,TIBAITATA - AUT [21206990],HUM RELATIVA,Humedad relativa del aire a 2 metros media diaria,2011-07-09 00:00,%,71,Preliminar
21206990,TIBAITATA - AUT [21206990],HUM RELATIVA,Humedad relativa del aire a 2 metros media diaria,2011-07-10 00:00,%,71.0555555555556,Preliminar
21206990,TIBAITATA - AUT [21206990],HUM RELATIVA,Humedad relativa del aire a 2 metros media diaria,2011-07-11 00:00,%,72.65625,Preliminar
21206990,TIBAITATA - AUT [21206990],HUM RELATIVA,Humedad relativa del aire a 2 metros media diaria,2011-07-13 00:00,%,82.5357142857143,Preliminar
21206990,TIBAITATA - AUT [21206990],HUM RELATIVA,Humedad relativa del aire a 2 metros media diaria,2011-07-14 00:00,%,87.4090909090909,Preliminar
21206990,TIBAITATA - AUT [21206990],HUM RELATIVA,Humedad relativa del aire a 2 metros media diaria,2011-07-15 00:00,%,90.7222222222222,Preliminar
21206990,TIBAITATA - AUT [21206990],HUM RELATIVA,Humedad relativa del aire a 2 metros media diaria,2011-07-16 00:00,%,80.7291666666667,Preliminar
21206990,TIBAITATA - AUT [21206990],HUM RELATIVA,Humedad relativa del aire a 2 metros media diaria,2011-07-17 00:00,%,80.1739130434783,Preliminar
21206990,TIBAITATA - AUT [21206990],HUM RELATIVA,Humedad relativa del aire a 2 metros media diaria,2011-07-18 00:00,%,83.195652173913,Preliminar
21206990,TIBAITATA - AUT [21206990],HUM RELATIVA,Humedad relativa del aire a 2 metros media diaria,2011-07-19 00:00,%,74.0952380952381,Preliminar
21206990,TIBAITATA - AUT [21206990],HUM RELATIVA,Humedad relativa del aire a 2 metros media diaria,2011-07-20 00:00,%,79.6363636363636,Preliminar
21206990,TIBAITATA - AUT [21206990],HUM RELATIVA,Humedad relativa del aire a 2 metros media diaria,2011-07-21 00:00,%,76.6363636363636,Preliminar
21206990,TIBAITATA - AUT [21206990],HUM RELATIVA,Humedad relativa del aire a 2 metros media diaria,2011-07-22 00:00,%,77.3846153846154,Preliminar
21206990,TIBAITATA - AUT [21206990],HUM RELATIVA,Humedad relativa del aire a 2 metros media diaria,2011-07-23 00:00,%,76.6785714285714,Preliminar
21206990,TIBAITATA - AUT [21206990],HUM RELATIVA,Humedad relativa del aire a 2 metros media diaria,2011-07-24 00:00,%,74.375,Preliminar
21206990,TIBAITATA - AUT [21206990],HUM RELATIVA,Humedad relativa del aire a 2 metros media diaria,2011-07-25 00:00,%,77.4791666666667,Preliminar
21206990,TIBAITATA - AUT [21206990],HUM RELATIVA,Humedad relativa del aire a 2 metros media diaria,2011-07-26 00:00,%,76.8809523809524,Preliminar
21206990,TIBAITATA - AUT [21206990],HUM RELATIVA,Humedad relativa del aire a 2 metros media diaria,2011-07-27 00:00,%,78.8260869565217,Preliminar
21206990,TIBAITATA - AUT [21206990],HUM RELATIVA,Humedad relativa del aire a 2 metros media diaria,2011-07-28 00:00,%,81.9583333333333,Preliminar
21206990,TIBAITATA - AUT [21206990],HUM RELATIVA,Humedad relativa del aire a 2 metros media diaria,2011-07-29 00:00,%,85.8333333333333,Preliminar
21206990,TIBAITATA - AUT [21206990],HUM RELATIVA,Humedad relativa del aire a 2 metros media diaria,2011-07-30 00:00,%,91.0833333333333,Preliminar
21206990,TIBAITATA - AUT [21206990],HUM RELATIVA,Humedad relativa del aire a 2 metros media diaria,2011-07-31 00:00,%,86.2,Preliminar
21206990,TIBAITATA - AUT [21206990],HUM RELATIVA,Humedad relativa del aire a 2 metros media diaria,2011-08-01 00:00,%,87.4166666666667,Preliminar
21206990,TIBAITATA - AUT [21206990],HUM RELATIVA,Humedad relativa del aire a 2 metros media diaria,2011-08-02 00:00,%,81.8333333333333,Preliminar
21206990,TIBAITATA - AUT [21206990],HUM RELATIVA,Humedad relativa del aire a 2 metros media diaria,2011-08-03 00:00,%,79.9761904761905,Preliminar
21206990,TIBAITATA - AUT [21206990],HUM RELATIVA,Humedad relativa del aire a 2 metros media diaria,2011-08-04 00:00,%,77.8571428571429,Preliminar
21206990,TIBAITATA - AUT [21206990],HUM RELATIVA,Humedad relativa del aire a 2 metros media diaria,2011-08-05 00:00,%,71.1458333333333,Preliminar
21206990,TIBAITATA - AUT [21206990],HUM RELATIVA,Humedad relativa del aire a 2 metros media diaria,2011-08-06 00:00,%,72.4583333333333,Preliminar
21206990,TIBAITATA - AUT [21206990],HUM RELATIVA,Humedad relativa del aire a 2 metros media diaria,2011-08-07 00:00,%,72.6666666666667,Preliminar
21206990,TIBAITATA - AUT [21206990],HUM RELATIVA,Humedad relativa del aire a 2 metros media diaria,2011-08-08 00:00,%,72.525,Preliminar
21206990,TIBAITATA - AUT [21206990],HUM RELATIVA,Humedad relativa del aire a 2 metros media diaria,2011-08-09 00:00,%,76.5227272727273,Preliminar
21206990,TIBAITATA - AUT [21206990],HUM RELATIVA,Humedad relativa del aire a 2 metros media diaria,2011-08-10 00:00,%,73.9772727272727,Preliminar
21206990,TIBAITATA - AUT [21206990],HUM RELATIVA,Humedad relativa del aire a 2 metros media diaria,2011-08-11 00:00,%,73.2142857142857,Preliminar
21206990,TIBAITATA - AUT [21206990],HUM RELATIVA,Humedad relativa del aire a 2 metros media diaria,2011-08-12 00:00,%,87.4347826086956,Preliminar
21206990,TIBAITATA - AUT [21206990],HUM RELATIVA,Humedad relativa del aire a 2 metros media diaria,2011-08-13 00:00,%,84.0227272727273,Preliminar
21206990,TIBAITATA - AUT [21206990],HUM RELATIVA,Humedad relativa del aire a 2 metros media diaria,2011-08-14 00:00,%,70.8125,Preliminar
21206990,TIBAITATA - AUT [21206990],HUM RELATIVA,Humedad relativa del aire a 2 metros media diaria,2011-08-15 00:00,%,81.3636363636364,Preliminar
21206990,TIBAITATA - AUT [21206990],HUM RELATIVA,Humedad relativa del aire a 2 metros media diaria,2011-08-16 00:00,%,85.35,Preliminar
21206990,TIBAITATA - AUT [21206990],HUM RELATIVA,Humedad relativa del aire a 2 metros media diaria,2011-08-17 00:00,%,84.2954545454546,Preliminar
21206990,TIBAITATA - AUT [21206990],HUM RELATIVA,Humedad relativa del aire a 2 metros media diaria,2011-08-18 00:00,%,80.8125,Preliminar
21206990,TIBAITATA - AUT [21206990],HUM RELATIVA,Humedad relativa del aire a 2 metros media diaria,2011-08-19 00:00,%,87.5909090909091,Preliminar
21206990,TIBAITATA - AUT [21206990],HUM RELATIVA,Humedad relativa del aire a 2 metros media diaria,2011-08-20 00:00,%,87.0714285714286,Preliminar
21206990,TIBAITATA - AUT [21206990],HUM RELATIVA,Humedad relativa del aire a 2 metros media diaria,2011-08-21 00:00,%,80.675,Preliminar
21206990,TIBAITATA - AUT [21206990],HUM RELATIVA,Humedad relativa del aire a 2 metros media diaria,2011-08-22 00:00,%,82.3095238095238,Preliminar
21206990,TIBAITATA - AUT [21206990],HUM RELATIVA,Humedad relativa del aire a 2 metros media diaria,2011-08-23 00:00,%,88.0434782608696,Preliminar
21206990,TIBAITATA - AUT [21206990],HUM RELATIVA,Humedad relativa del aire a 2 metros media diaria,2011-08-24 00:00,%,78.1842105263158,Preliminar
21206990,TIBAITATA - AUT [21206990],HUM RELATIVA,Humedad relativa del aire a 2 metros media diaria,2011-08-25 00:00,%,73.3888888888889,Preliminar
21206990,TIBAITATA - AUT [21206990],HUM RELATIVA,Humedad relativa del aire a 2 metros media diaria,2011-08-26 00:00,%,75.5909090909091,Preliminar
21206990,TIBAITATA - AUT [21206990],HUM RELATIVA,Humedad relativa del aire a 2 metros media diaria,2011-08-27 00:00,%,80.5,Preliminar
21206990,TIBAITATA - AUT [21206990],HUM RELATIVA,Humedad relativa del aire a 2 metros media diaria,2011-08-28 00:00,%,84.3125,Preliminar
21206990,TIBAITATA - AUT [21206990],HUM RELATIVA,Humedad relativa del aire a 2 metros media diaria,2011-08-29 00:00,%,80.3888888888889,Preliminar
21206990,TIBAITATA - AUT [21206990],HUM RELATIVA,Humedad relativa del aire a 2 metros media diaria,2011-08-30 00:00,%,78.15,Preliminar
21206990,TIBAITATA - AUT [21206990],HUM RELATIVA,Humedad relativa del aire a 2 metros media diaria,2011-08-31 00:00,%,72.1333333333334,Preliminar
21206990,TIBAITATA - AUT [21206990],HUM RELATIVA,Humedad relativa del aire a 2 metros media diaria,2011-09-01 00:00,%,69.925,Preliminar
21206990,TIBAITATA - AUT [21206990],HUM RELATIVA,Humedad relativa del aire a 2 metros media diaria,2011-09-02 00:00,%,71.5208333333333,Preliminar
21206990,TIBAITATA - AUT [21206990],HUM RELATIVA,Humedad relativa del aire a 2 metros media diaria,2011-09-03 00:00,%,81.375,Preliminar
21206990,TIBAITATA - AUT [21206990],HUM RELATIVA,Humedad relativa del aire a 2 metros media diaria,2011-09-04 00:00,%,78.3958333333333,Preliminar
21206990,TIBAITATA - AUT [21206990],HUM RELATIVA,Humedad relativa del aire a 2 metros media diaria,2011-09-05 00:00,%,76.4166666666667,Preliminar
21206990,TIBAITATA - AUT [21206990],HUM RELATIVA,Humedad relativa del aire a 2 metros media diaria,2011-09-06 00:00,%,75.7380952380952,Preliminar
21206990,TIBAITATA - AUT [21206990],HUM RELATIVA,Humedad relativa del aire a 2 metros media diaria,2011-09-07 00:00,%,87.9375,Preliminar
21206990,TIBAITATA - AUT [21206990],HUM RELATIVA,Humedad relativa del aire a 2 metros media diaria,2011-09-08 00:00,%,88.425,Preliminar
21206990,TIBAITATA - AUT [21206990],HUM RELATIVA,Humedad relativa del aire a 2 metros media diaria,2011-09-09 00:00,%,83.7647058823529,Preliminar
21206990,TIBAITATA - AUT [21206990],HUM RELATIVA,Humedad relativa del aire a 2 metros media diaria,2011-09-10 00:00,%,82.875,Preliminar
21206990,TIBAITATA - AUT [21206990],HUM RELATIVA,Humedad relativa del aire a 2 metros media diaria,2011-09-11 00:00,%,73.4736842105263,Preliminar
21206990,TIBAITATA - AUT [21206990],HUM RELATIVA,Humedad relativa del aire a 2 metros media diaria,2011-09-12 00:00,%,76.4318181818182,Preliminar
21206990,TIBAITATA - AUT [21206990],HUM RELATIVA,Humedad relativa del aire a 2 metros media diaria,2011-09-13 00:00,%,75.8888888888889,Preliminar
21206990,TIBAITATA - AUT [21206990],HUM RELATIVA,Humedad relativa del aire a 2 metros media diaria,2011-09-14 00:00,%,79.1136363636364,Preliminar
21206990,TIBAITATA - AUT [21206990],HUM RELATIVA,Humedad relativa del aire a 2 metros media diaria,2011-09-15 00:00,%,73.1764705882353,Preliminar
21206990,TIBAITATA - AUT [21206990],HUM RELATIVA,Humedad relativa del aire a 2 metros media diaria,2011-09-16 00:00,%,79.5714285714286,Preliminar
21206990,TIBAITATA - AUT [21206990],HUM RELATIVA,Humedad relativa del aire a 2 metros media diaria,2011-09-17 00:00,%,81.9090909090909,Preliminar
21206990,TIBAITATA - AUT [21206990],HUM RELATIVA,Humedad relativa del aire a 2 metros media diaria,2011-09-18 00:00,%,86.6,Preliminar
21206990,TIBAITATA - AUT [21206990],HUM RELATIVA,Humedad relativa del aire a 2 metros media diaria,2011-09-19 00:00,%,83.425,Preliminar
21206990,TIBAITATA - AUT [21206990],HUM RELATIVA,Humedad relativa del aire a 2 metros media diaria,2011-09-20 00:00,%,80.2727272727273,Preliminar
21206990,TIBAITATA - AUT [21206990],HUM RELATIVA,Humedad relativa del aire a 2 metros media diaria,2011-09-21 00:00,%,77.4166666666667,Preliminar
21206990,TIBAITATA - AUT [21206990],HUM RELATIVA,Humedad relativa del aire a 2 metros media diaria,2011-09-22 00:00,%,72.5,Preliminar
21206990,TIBAITATA - AUT [21206990],HUM RELATIVA,Humedad relativa del aire a 2 metros media diaria,2011-09-23 00:00,%,82.7045454545454,Preliminar
21206990,TIBAITATA - AUT [21206990],HUM RELATIVA,Humedad relativa del aire a 2 metros media diaria,2011-09-24 00:00,%,82.875,Preliminar
21206990,TIBAITATA - AUT [21206990],HUM RELATIVA,Humedad relativa del aire a 2 metros media diaria,2011-09-25 00:00,%,85.4444444444444,Preliminar
21206990,TIBAITATA - AUT [21206990],HUM RELATIVA,Humedad relativa del aire a 2 metros media diaria,2011-09-26 00:00,%,79.1666666666667,Preliminar
21206990,TIBAITATA - AUT [21206990],HUM RELATIVA,Humedad relativa del aire a 2 metros media diaria,2011-09-27 00:00,%,74.2727272727273,Preliminar
21206990,TIBAITATA - AUT [21206990],HUM RELATIVA,Humedad relativa del aire a 2 metros media diaria,2011-09-28 00:00,%,74.3181818181818,Preliminar
21206990,TIBAITATA - AUT [21206990],HUM RELATIVA,Humedad relativa del aire a 2 metros media diaria,2011-09-29 00:00,%,78.5,Preliminar
21206990,TIBAITATA - AUT [21206990],HUM RELATIVA,Humedad relativa del aire a 2 metros media diaria,2011-09-30 00:00,%,76.8421052631579,Preliminar
21206990,TIBAITATA - AUT [21206990],HUM RELATIVA,Humedad relativa del aire a 2 metros media diaria,2011-10-01 00:00,%,84.5238095238095,Preliminar
21206990,TIBAITATA - AUT [21206990],HUM RELATIVA,Humedad relativa del aire a 2 metros media diaria,2011-10-02 00:00,%,87.4473684210526,Preliminar
21206990,TIBAITATA - AUT [21206990],HUM RELATIVA,Humedad relativa del aire a 2 metros media diaria,2011-10-03 00:00,%,82.75,Preliminar
21206990,TIBAITATA - AUT [21206990],HUM RELATIVA,Humedad relativa del aire a 2 metros media diaria,2011-10-04 00:00,%,90.2105263157895,Preliminar
21206990,TIBAITATA - AUT [21206990],HUM RELATIVA,Humedad relativa del aire a 2 metros media diaria,2011-10-05 00:00,%,84.6315789473684,Preliminar
21206990,TIBAITATA - AUT [21206990],HUM RELATIVA,Humedad relativa del aire a 2 metros media diaria,2011-10-06 00:00,%,88.4090909090909,Preliminar
21206990,TIBAITATA - AUT [21206990],HUM RELATIVA,Humedad relativa del aire a 2 metros media diaria,2011-10-07 00:00,%,84.1842105263158,Preliminar
21206990,TIBAITATA - AUT [21206990],HUM RELATIVA,Humedad relativa del aire a 2 metros media diaria,2011-10-08 00:00,%,82.3541666666667,Preliminar
21206990,TIBAITATA - AUT [21206990],HUM RELATIVA,Humedad relativa del aire a 2 metros media diaria,2011-10-09 00:00,%,86.3,Preliminar
21206990,TIBAITATA - AUT [21206990],HUM RELATIVA,Humedad relativa del aire a 2 metros media diaria,2011-10-10 00:00,%,87.05,Preliminar
21206990,TIBAITATA - AUT [21206990],HUM RELATIVA,Humedad relativa del aire a 2 metros media diaria,2011-10-11 00:00,%,86.5,Preliminar
21206990,TIBAITATA - AUT [21206990],HUM RELATIVA,Humedad relativa del aire a 2 metros media diaria,2011-10-12 00:00,%,85.4545454545454,Preliminar
21206990,TIBAITATA - AUT [21206990],HUM RELATIVA,Humedad relativa del aire a 2 metros media diaria,2011-10-13 00:00,%,88.8928571428571,Preliminar
21206990,TIBAITATA - AUT [21206990],HUM RELATIVA,Humedad relativa del aire a 2 metros media diaria,2011-10-14 00:00,%,83,Preliminar
21206990,TIBAITATA - AUT [21206990],HUM RELATIVA,Humedad relativa del aire a 2 metros media diaria,2011-10-15 00:00,%,82.4761904761905,Preliminar
21206990,TIBAITATA - AUT [21206990],HUM RELATIVA,Humedad relativa del aire a 2 metros media diaria,2011-10-16 00:00,%,88.1904761904762,Preliminar
21206990,TIBAITATA - AUT [21206990],HUM RELATIVA,Humedad relativa del aire a 2 metros media diaria,2011-10-17 00:00,%,87.1578947368421,Preliminar
21206990,TIBAITATA - AUT [21206990],HUM RELATIVA,Humedad relativa del aire a 2 metros media diaria,2011-10-18 00:00,%,83.575,Preliminar
21206990,TIBAITATA - AUT [21206990],HUM RELATIVA,Humedad relativa del aire a 2 metros media diaria,2011-10-19 00:00,%,83.8157894736842,Preliminar
21206990,TIBAITATA - AUT [21206990],HUM RELATIVA,Humedad relativa del aire a 2 metros media diaria,2011-10-20 00:00,%,85,Preliminar
21206990,TIBAITATA - AUT [21206990],HUM RELATIVA,Humedad relativa del aire a 2 metros media diaria,2011-10-21 00:00,%,74.8,Preliminar
21206990,TIBAITATA - AUT [21206990],HUM RELATIVA,Humedad relativa del aire a 2 metros media diaria,2011-10-22 00:00,%,76.0454545454546,Preliminar
21206990,TIBAITATA - AUT [21206990],HUM RELATIVA,Humedad relativa del aire a 2 metros media diaria,2011-10-23 00:00,%,88.575,Preliminar
21206990,TIBAITATA - AUT [21206990],HUM RELATIVA,Humedad relativa del aire a 2 metros media diaria,2011-10-24 00:00,%,87.5555555555556,Preliminar
21206990,TIBAITATA - AUT [21206990],HUM RELATIVA,Humedad relativa del aire a 2 metros media diaria,2011-10-25 00:00,%,85.3333333333333,Preliminar
21206990,TIBAITATA - AUT [21206990],HUM RELATIVA,Humedad relativa del aire a 2 metros media diaria,2011-10-26 00:00,%,86.25,Preliminar
21206990,TIBAITATA - AUT [21206990],HUM RELATIVA,Humedad relativa del aire a 2 metros media diaria,2011-10-27 00:00,%,84.1190476190476,Preliminar
21206990,TIBAITATA - AUT [21206990],HUM RELATIVA,Humedad relativa del aire a 2 metros media diaria,2011-10-28 00:00,%,90.0909090909091,Preliminar
21206990,TIBAITATA - AUT [21206990],HUM RELATIVA,Humedad relativa del aire a 2 metros media diaria,2011-10-29 00:00,%,82.5882352941176,Preliminar
21206990,TIBAITATA - AUT [21206990],HUM RELATIVA,Humedad relativa del aire a 2 metros media diaria,2011-10-30 00:00,%,90.575,Preliminar
21206990,TIBAITATA - AUT [21206990],HUM RELATIVA,Humedad relativa del aire a 2 metros media diaria,2011-10-31 00:00,%,83.5789473684211,Preliminar
21206990,TIBAITATA - AUT [21206990],HUM RELATIVA,Humedad relativa del aire a 2 metros media diaria,2011-11-01 00:00,%,83.3333333333333,Preliminar
21206990,TIBAITATA - AUT [21206990],HUM RELATIVA,Humedad relativa del aire a 2 metros media diaria,2011-11-02 00:00,%,83.3,Preliminar
21206990,TIBAITATA - AUT [21206990],HUM RELATIVA,Humedad relativa del aire a 2 metros media diaria,2011-11-03 00:00,%,84.7222222222222,Preliminar
21206990,TIBAITATA - AUT [21206990],HUM RELATIVA,Humedad relativa del aire a 2 metros media diaria,2011-11-04 00:00,%,92.4705882352941,Preliminar
21206990,TIBAITATA - AUT [21206990],HUM RELATIVA,Humedad relativa del aire a 2 metros media diaria,2011-11-05 00:00,%,87.5,Preliminar
21206990,TIBAITATA - AUT [21206990],HUM RELATIVA,Humedad relativa del aire a 2 metros media diaria,2011-11-06 00:00,%,83.7727272727273,Preliminar
21206990,TIBAITATA - AUT [21206990],HUM RELATIVA,Humedad relativa del aire a 2 metros media diaria,2011-11-07 00:00,%,83.7727272727273,Preliminar
21206990,TIBAITATA - AUT [21206990],HUM RELATIVA,Humedad relativa del aire a 2 metros media diaria,2011-11-08 00:00,%,86,Preliminar
21206990,TIBAITATA - AUT [21206990],HUM RELATIVA,Humedad relativa del aire a 2 metros media diaria,2011-11-09 00:00,%,85.2105263157895,Preliminar
21206990,TIBAITATA - AUT [21206990],HUM RELATIVA,Humedad relativa del aire a 2 metros media diaria,2011-11-10 00:00,%,87.775,Preliminar
21206990,TIBAITATA - AUT [21206990],HUM RELATIVA,Humedad relativa del aire a 2 metros media diaria,2011-11-11 00:00,%,86.3421052631579,Preliminar
21206990,TIBAITATA - AUT [21206990],HUM RELATIVA,Humedad relativa del aire a 2 metros media diaria,2011-11-12 00:00,%,87.7105263157895,Preliminar
21206990,TIBAITATA - AUT [21206990],HUM RELATIVA,Humedad relativa del aire a 2 metros media diaria,2011-11-13 00:00,%,88,Preliminar
21206990,TIBAITATA - AUT [21206990],HUM RELATIVA,Humedad relativa del aire a 2 metros media diaria,2011-11-14 00:00,%,82.1538461538462,Preliminar
21206990,TIBAITATA - AUT [21206990],HUM RELATIVA,Humedad relativa del aire a 2 metros media diaria,2011-11-15 00:00,%,91.8684210526316,Preliminar
21206990,TIBAITATA - AUT [21206990],HUM RELATIVA,Humedad relativa del aire a 2 metros media diaria,2011-11-16 00:00,%,89.8409090909091,Preliminar
21206990,TIBAITATA - AUT [21206990],HUM RELATIVA,Humedad relativa del aire a 2 metros media diaria,2011-11-17 00:00,%,85.25,Preliminar
21206990,TIBAITATA - AUT [21206990],HUM RELATIVA,Humedad relativa del aire a 2 metros media diaria,2011-11-18 00:00,%,86.6086956521739,Preliminar
21206990,TIBAITATA - AUT [21206990],HUM RELATIVA,Humedad relativa del aire a 2 metros media diaria,2011-11-19 00:00,%,86.5909090909091,Preliminar
21206990,TIBAITATA - AUT [21206990],HUM RELATIVA,Humedad relativa del aire a 2 metros media diaria,2011-11-20 00:00,%,88.6764705882353,Preliminar
21206990,TIBAITATA - AUT [21206990],HUM RELATIVA,Humedad relativa del aire a 2 metros media diaria,2011-11-21 00:00,%,87.5833333333333,Preliminar
21206990,TIBAITATA - AUT [21206990],HUM RELATIVA,Humedad relativa del aire a 2 metros media diaria,2011-11-22 00:00,%,88.9565217391304,Preliminar
21206990,TIBAITATA - AUT [21206990],HUM RELATIVA,Humedad relativa del aire a 2 metros media diaria,2011-11-23 00:00,%,88.7826086956522,Preliminar
21206990,TIBAITATA - AUT [21206990],HUM RELATIVA,Humedad relativa del aire a 2 metros media diaria,2011-11-24 00:00,%,87.3947368421053,Preliminar
21206990,TIBAITATA - AUT [21206990],HUM RELATIVA,Humedad relativa del aire a 2 metros media diaria,2011-11-25 00:00,%,90.0681818181818,Preliminar
21206990,TIBAITATA - AUT [21206990],HUM RELATIVA,Humedad relativa del aire a 2 metros media diaria,2011-11-26 00:00,%,88.975,Preliminar
21206990,TIBAITATA - AUT [21206990],HUM RELATIVA,Humedad relativa del aire a 2 metros media diaria,2011-11-27 00:00,%,86.975,Preliminar
21206990,TIBAITATA - AUT [21206990],HUM RELATIVA,Humedad relativa del aire a 2 metros media diaria,2011-11-28 00:00,%,89.3333333333333,Preliminar
21206990,TIBAITATA - AUT [21206990],HUM RELATIVA,Humedad relativa del aire a 2 metros media diaria,2011-11-29 00:00,%,88.9210526315789,Preliminar
21206990,TIBAITATA - AUT [21206990],HUM RELATIVA,Humedad relativa del aire a 2 metros media diaria,2011-11-30 00:00,%,85.7941176470588,Preliminar
21206990,TIBAITATA - AUT [21206990],HUM RELATIVA,Humedad relativa del aire a 2 metros media diaria,2011-12-01 00:00,%,89.0714285714286,Preliminar
21206990,TIBAITATA - AUT [21206990],HUM RELATIVA,Humedad relativa del aire a 2 metros media diaria,2011-12-02 00:00,%,87.452380952381,Preliminar
21206990,TIBAITATA - AUT [21206990],HUM RELATIVA,Humedad relativa del aire a 2 metros media diaria,2011-12-03 00:00,%,89.2307692307692,Preliminar
21206990,TIBAITATA - AUT [21206990],HUM RELATIVA,Humedad relativa del aire a 2 metros media diaria,2011-12-05 00:00,%,87.25,Preliminar
21206990,TIBAITATA - AUT [21206990],HUM RELATIVA,Humedad relativa del aire a 2 metros media diaria,2011-12-06 00:00,%,92.1041666666667,Preliminar
21206990,TIBAITATA - AUT [21206990],HUM RELATIVA,Humedad relativa del aire a 2 metros media diaria,2011-12-07 00:00,%,90.4722222222222,Preliminar
21206990,TIBAITATA - AUT [21206990],HUM RELATIVA,Humedad relativa del aire a 2 metros media diaria,2011-12-08 00:00,%,91.9772727272727,Preliminar
21206990,TIBAITATA - AUT [21206990],HUM RELATIVA,Humedad relativa del aire a 2 metros media diaria,2011-12-09 00:00,%,85.7631578947368,Preliminar
21206990,TIBAITATA - AUT [21206990],HUM RELATIVA,Humedad relativa del aire a 2 metros media diaria,2011-12-10 00:00,%,84.6470588235294,Preliminar
21206990,TIBAITATA - AUT [21206990],HUM RELATIVA,Humedad relativa del aire a 2 metros media diaria,2011-12-11 00:00,%,89.7,Preliminar
21206990,TIBAITATA - AUT [21206990],HUM RELATIVA,Humedad relativa del aire a 2 metros media diaria,2011-12-12 00:00,%,87.304347826087,Preliminar
21206990,TIBAITATA - AUT [21206990],HUM RELATIVA,Humedad relativa del aire a 2 metros media diaria,2011-12-13 00:00,%,84.1875,Preliminar
21206990,TIBAITATA - AUT [21206990],HUM RELATIVA,Humedad relativa del aire a 2 metros media diaria,2011-12-14 00:00,%,83.9318181818182,Preliminar
21206990,TIBAITATA - AUT [21206990],HUM RELATIVA,Humedad relativa del aire a 2 metros media diaria,2011-12-15 00:00,%,86.2727272727273,Preliminar
21206990,TIBAITATA - AUT [21206990],HUM RELATIVA,Humedad relativa del aire a 2 metros media diaria,2011-12-16 00:00,%,88.55,Preliminar
21206990,TIBAITATA - AUT [21206990],HUM RELATIVA,Humedad relativa del aire a 2 metros media diaria,2011-12-17 00:00,%,88.8541666666667,Preliminar
21206990,TIBAITATA - AUT [21206990],HUM RELATIVA,Humedad relativa del aire a 2 metros media diaria,2011-12-18 00:00,%,85.6818181818182,Preliminar
21206990,TIBAITATA - AUT [21206990],HUM RELATIVA,Humedad relativa del aire a 2 metros media diaria,2011-12-19 00:00,%,84.2708333333333,Preliminar
21206990,TIBAITATA - AUT [21206990],HUM RELATIVA,Humedad relativa del aire a 2 metros media diaria,2011-12-20 00:00,%,75.8125,Preliminar
21206990,TIBAITATA - AUT [21206990],HUM RELATIVA,Humedad relativa del aire a 2 metros media diaria,2011-12-21 00:00,%,75.7105263157895,Preliminar
21206990,TIBAITATA - AUT [21206990],HUM RELATIVA,Humedad relativa del aire a 2 metros media diaria,2011-12-22 00:00,%,75.5,Preliminar
21206990,TIBAITATA - AUT [21206990],HUM RELATIVA,Humedad relativa del aire a 2 metros media diaria,2011-12-23 00:00,%,80,Preliminar
21206990,TIBAITATA - AUT [21206990],HUM RELATIVA,Humedad relativa del aire a 2 metros media diaria,2011-12-24 00:00,%,78.4090909090909,Preliminar
21206990,TIBAITATA - AUT [21206990],HUM RELATIVA,Humedad relativa del aire a 2 metros media diaria,2011-12-25 00:00,%,79.5277777777778,Preliminar
21206990,TIBAITATA - AUT [21206990],HUM RELATIVA,Humedad relativa del aire a 2 metros media diaria,2011-12-26 00:00,%,77.0416666666667,Preliminar
21206990,TIBAITATA - AUT [21206990],HUM RELATIVA,Humedad relativa del aire a 2 metros media diaria,2011-12-27 00:00,%,77.6363636363636,Preliminar
21206990,TIBAITATA - AUT [21206990],HUM RELATIVA,Humedad relativa del aire a 2 metros media diaria,2011-12-28 00:00,%,77.8235294117647,Preliminar
21206990,TIBAITATA - AUT [21206990],HUM RELATIVA,Humedad relativa del aire a 2 metros media diaria,2011-12-29 00:00,%,80.625,Preliminar
21206990,TIBAITATA - AUT [21206990],HUM RELATIVA,Humedad relativa del aire a 2 metros media diaria,2011-12-30 00:00,%,78.71875,Preliminar
21206990,TIBAITATA - AUT [21206990],HUM RELATIVA,Humedad relativa del aire a 2 metros media diaria,2011-12-31 00:00,%,69.0454545454546,Preliminar
21206990,TIBAITATA - AUT [21206990],HUM RELATIVA,Humedad relativa del aire a 2 metros media diaria,2012-01-01 00:00,%,82.275,Preliminar
21206990,TIBAITATA - AUT [21206990],HUM RELATIVA,Humedad relativa del aire a 2 metros media diaria,2012-01-02 00:00,%,83.3181818181818,Preliminar
21206990,TIBAITATA - AUT [21206990],HUM RELATIVA,Humedad relativa del aire a 2 metros media diaria,2012-01-03 00:00,%,85.6041666666667,Preliminar
21206990,TIBAITATA - AUT [21206990],HUM RELATIVA,Humedad relativa del aire a 2 metros media diaria,2012-01-04 00:00,%,82.5681818181818,Preliminar
21206990,TIBAITATA - AUT [21206990],HUM RELATIVA,Humedad relativa del aire a 2 metros media diaria,2012-01-05 00:00,%,77.8823529411765,Preliminar
21206990,TIBAITATA - AUT [21206990],HUM RELATIVA,Humedad relativa del aire a 2 metros media diaria,2012-01-06 00:00,%,85.35,Preliminar
21206990,TIBAITATA - AUT [21206990],HUM RELATIVA,Humedad relativa del aire a 2 metros media diaria,2012-01-07 00:00,%,82.7857142857143,Preliminar
21206990,TIBAITATA - AUT [21206990],HUM RELATIVA,Humedad relativa del aire a 2 metros media diaria,2012-01-08 00:00,%,85.4,Preliminar
21206990,TIBAITATA - AUT [21206990],HUM RELATIVA,Humedad relativa del aire a 2 metros media diaria,2012-01-09 00:00,%,83.775,Preliminar
21206990,TIBAITATA - AUT [21206990],HUM RELATIVA,Humedad relativa del aire a 2 metros media diaria,2012-01-10 00:00,%,83.5238095238095,Preliminar
21206990,TIBAITATA - AUT [21206990],HUM RELATIVA,Humedad relativa del aire a 2 metros media diaria,2012-01-11 00:00,%,86.7,Preliminar
21206990,TIBAITATA - AUT [21206990],HUM RELATIVA,Humedad relativa del aire a 2 metros media diaria,2012-01-12 00:00,%,83.6470588235294,Preliminar
21206990,TIBAITATA - AUT [21206990],HUM RELATIVA,Humedad relativa del aire a 2 metros media diaria,2012-01-13 00:00,%,75.7954545454546,Preliminar
21206990,TIBAITATA - AUT [21206990],HUM RELATIVA,Humedad relativa del aire a 2 metros media diaria,2012-01-14 00:00,%,75.55,Preliminar
21206990,TIBAITATA - AUT [21206990],HUM RELATIVA,Humedad relativa del aire a 2 metros media diaria,2012-01-15 00:00,%,79.53125,Preliminar
21206990,TIBAITATA - AUT [21206990],HUM RELATIVA,Humedad relativa del aire a 2 metros media diaria,2012-01-16 00:00,%,81,Preliminar
21206990,TIBAITATA - AUT [21206990],HUM RELATIVA,Humedad relativa del aire a 2 metros media diaria,2012-01-18 00:00,%,85.2857142857143,Preliminar
21206990,TIBAITATA - AUT [21206990],HUM RELATIVA,Humedad relativa del aire a 2 metros media diaria,2012-01-19 00:00,%,90,Preliminar
21206990,TIBAITATA - AUT [21206990],HUM RELATIVA,Humedad relativa del aire a 2 metros media diaria,2012-01-20 00:00,%,83,Preliminar
21206990,TIBAITATA - AUT [21206990],HUM RELATIVA,Humedad relativa del aire a 2 metros media diaria,2012-01-21 00:00,%,90.775,Preliminar
21206990,TIBAITATA - AUT [21206990],HUM RELATIVA,Humedad relativa del aire a 2 metros media diaria,2012-01-22 00:00,%,86,Preliminar
21206990,TIBAITATA - AUT [21206990],HUM RELATIVA,Humedad relativa del aire a 2 metros media diaria,2012-01-23 00:00,%,82.5,Preliminar
21206990,TIBAITATA - AUT [21206990],HUM RELATIVA,Humedad relativa del aire a 2 metros media diaria,2012-01-24 00:00,%,85.5588235294118,Preliminar
21206990,TIBAITATA - AUT [21206990],HUM RELATIVA,Humedad relativa del aire a 2 metros media diaria,2012-01-25 00:00,%,84.3,Preliminar
21206990,TIBAITATA - AUT [21206990],HUM RELATIVA,Humedad relativa del aire a 2 metros media diaria,2012-01-26 00:00,%,83.3157894736842,Preliminar
21206990,TIBAITATA - AUT [21206990],HUM RELATIVA,Humedad relativa del aire a 2 metros media diaria,2012-01-27 00:00,%,86.1666666666667,Preliminar
21206990,TIBAITATA - AUT [21206990],HUM RELATIVA,Humedad relativa del aire a 2 metros media diaria,2012-01-28 00:00,%,80.1176470588235,Preliminar
21206990,TIBAITATA - AUT [21206990],HUM RELATIVA,Humedad relativa del aire a 2 metros media diaria,2012-01-29 00:00,%,81.1666666666667,Preliminar
21206990,TIBAITATA - AUT [21206990],HUM RELATIVA,Humedad relativa del aire a 2 metros media diaria,2012-01-30 00:00,%,86.9375,Preliminar
21206990,TIBAITATA - AUT [21206990],HUM RELATIVA,Humedad relativa del aire a 2 metros media diaria,2012-01-31 00:00,%,87.7954545454546,Preliminar
21206990,TIBAITATA - AUT [21206990],HUM RELATIVA,Humedad relativa del aire a 2 metros media diaria,2012-02-01 00:00,%,84.6071428571429,Preliminar
21206990,TIBAITATA - AUT [21206990],HUM RELATIVA,Humedad relativa del aire a 2 metros media diaria,2012-02-02 00:00,%,80.6428571428571,Preliminar
21206990,TIBAITATA - AUT [21206990],HUM RELATIVA,Humedad relativa del aire a 2 metros media diaria,2012-02-03 00:00,%,80.0294117647059,Preliminar
21206990,TIBAITATA - AUT [21206990],HUM RELATIVA,Humedad relativa del aire a 2 metros media diaria,2012-02-04 00:00,%,77.45,Preliminar
21206990,TIBAITATA - AUT [21206990],HUM RELATIVA,Humedad relativa del aire a 2 metros media diaria,2012-02-05 00:00,%,83.9375,Preliminar
21206990,TIBAITATA - AUT [21206990],HUM RELATIVA,Humedad relativa del aire a 2 metros media diaria,2012-02-06 00:00,%,91.0833333333333,Preliminar
21206990,TIBAITATA - AUT [21206990],HUM RELATIVA,Humedad relativa del aire a 2 metros media diaria,2012-02-07 00:00,%,82.2916666666667,Preliminar
21206990,TIBAITATA - AUT [21206990],HUM RELATIVA,Humedad relativa del aire a 2 metros media diaria,2012-02-08 00:00,%,84.4318181818182,Preliminar
21206990,TIBAITATA - AUT [21206990],HUM RELATIVA,Humedad relativa del aire a 2 metros media diaria,2012-02-09 00:00,%,82.9583333333333,Preliminar
21206990,TIBAITATA - AUT [21206990],HUM RELATIVA,Humedad relativa del aire a 2 metros media diaria,2012-02-10 00:00,%,85.0625,Preliminar
21206990,TIBAITATA - AUT [21206990],HUM RELATIVA,Humedad relativa del aire a 2 metros media diaria,2012-02-11 00:00,%,84.6818181818182,Preliminar
21206990,TIBAITATA - AUT [21206990],HUM RELATIVA,Humedad relativa del aire a 2 metros media diaria,2012-02-12 00:00,%,83.7708333333333,Preliminar
21206990,TIBAITATA - AUT [21206990],HUM RELATIVA,Humedad relativa del aire a 2 metros media diaria,2012-02-13 00:00,%,84.6136363636364,Preliminar
21206990,TIBAITATA - AUT [21206990],HUM RELATIVA,Humedad relativa del aire a 2 metros media diaria,2012-02-14 00:00,%,84.9090909090909,Preliminar
21206990,TIBAITATA - AUT [21206990],HUM RELATIVA,Humedad relativa del aire a 2 metros media diaria,2012-02-15 00:00,%,80.9791666666667,Preliminar
21206990,TIBAITATA - AUT [21206990],HUM RELATIVA,Humedad relativa del aire a 2 metros media diaria,2012-02-16 00:00,%,77.975,Preliminar
21206990,TIBAITATA - AUT [21206990],HUM RELATIVA,Humedad relativa del aire a 2 metros media diaria,2012-02-17 00:00,%,82.5833333333333,Preliminar
21206990,TIBAITATA - AUT [21206990],HUM RELATIVA,Humedad relativa del aire a 2 metros media diaria,2012-02-18 00:00,%,85.6875,Preliminar
21206990,TIBAITATA - AUT [21206990],HUM RELATIVA,Humedad relativa del aire a 2 metros media diaria,2012-02-19 00:00,%,84.4722222222222,Preliminar
21206990,TIBAITATA - AUT [21206990],HUM RELATIVA,Humedad relativa del aire a 2 metros media diaria,2012-02-20 00:00,%,84.5416666666667,Preliminar
21206990,TIBAITATA - AUT [21206990],HUM RELATIVA,Humedad relativa del aire a 2 metros media diaria,2012-02-21 00:00,%,84.3409090909091,Preliminar
21206990,TIBAITATA - AUT [21206990],HUM RELATIVA,Humedad relativa del aire a 2 metros media diaria,2012-02-22 00:00,%,78.9772727272727,Preliminar
21206990,TIBAITATA - AUT [21206990],HUM RELATIVA,Humedad relativa del aire a 2 metros media diaria,2012-02-23 00:00,%,76.3181818181818,Preliminar
21206990,TIBAITATA - AUT [21206990],HUM RELATIVA,Humedad relativa del aire a 2 metros media diaria,2012-02-24 00:00,%,70.8333333333333,Preliminar
21206990,TIBAITATA - AUT [21206990],HUM RELATIVA,Humedad relativa del aire a 2 metros media diaria,2012-02-25 00:00,%,82.6041666666667,Preliminar
21206990,TIBAITATA - AUT [21206990],HUM RELATIVA,Humedad relativa del aire a 2 metros media diaria,2012-02-26 00:00,%,87.9772727272727,Preliminar
21206990,TIBAITATA - AUT [21206990],HUM RELATIVA,Humedad relativa del aire a 2 metros media diaria,2012-02-27 00:00,%,76.53125,Preliminar
21206990,TIBAITATA - AUT [21206990],HUM RELATIVA,Humedad relativa del aire a 2 metros media diaria,2012-02-28 00:00,%,78.6041666666667,Preliminar
21206990,TIBAITATA - AUT [21206990],HUM RELATIVA,Humedad relativa del aire a 2 metros media diaria,2012-02-29 00:00,%,81.2380952380952,Preliminar
21206990,TIBAITATA - AUT [21206990],HUM RELATIVA,Humedad relativa del aire a 2 metros media diaria,2012-03-01 00:00,%,79.2045454545454,Preliminar
21206990,TIBAITATA - AUT [21206990],HUM RELATIVA,Humedad relativa del aire a 2 metros media diaria,2012-03-02 00:00,%,77.6363636363636,Preliminar
21206990,TIBAITATA - AUT [21206990],HUM RELATIVA,Humedad relativa del aire a 2 metros media diaria,2012-03-04 00:00,%,77.0681818181818,Preliminar
21206990,TIBAITATA - AUT [21206990],HUM RELATIVA,Humedad relativa del aire a 2 metros media diaria,2012-03-05 00:00,%,71.6041666666667,Preliminar
21206990,TIBAITATA - AUT [21206990],HUM RELATIVA,Humedad relativa del aire a 2 metros media diaria,2012-03-06 00:00,%,74.625,Preliminar
21206990,TIBAITATA - AUT [21206990],HUM RELATIVA,Humedad relativa del aire a 2 metros media diaria,2012-03-07 00:00,%,74.2045454545454,Preliminar
21206990,TIBAITATA - AUT [21206990],HUM RELATIVA,Humedad relativa del aire a 2 metros media diaria,2012-03-08 00:00,%,74.9375,Preliminar
21206990,TIBAITATA - AUT [21206990],HUM RELATIVA,Humedad relativa del aire a 2 metros media diaria,2012-03-09 00:00,%,82.7727272727273,Preliminar
21206990,TIBAITATA - AUT [21206990],HUM RELATIVA,Humedad relativa del aire a 2 metros media diaria,2012-03-10 00:00,%,91.375,Preliminar
21206990,TIBAITATA - AUT [21206990],HUM RELATIVA,Humedad relativa del aire a 2 metros media diaria,2012-03-11 00:00,%,80.3636363636364,Preliminar
21206990,TIBAITATA - AUT [21206990],HUM RELATIVA,Humedad relativa del aire a 2 metros media diaria,2012-03-12 00:00,%,77.6521739130435,Preliminar
21206990,TIBAITATA - AUT [21206990],HUM RELATIVA,Humedad relativa del aire a 2 metros media diaria,2012-03-13 00:00,%,80.3260869565217,Preliminar
21206990,TIBAITATA - AUT [21206990],HUM RELATIVA,Humedad relativa del aire a 2 metros media diaria,2012-03-14 00:00,%,77.53125,Preliminar
21206990,TIBAITATA - AUT [21206990],HUM RELATIVA,Humedad relativa del aire a 2 metros media diaria,2012-03-15 00:00,%,75.8947368421053,Preliminar
21206990,TIBAITATA - AUT [21206990],HUM RELATIVA,Humedad relativa del aire a 2 metros media diaria,2012-03-16 00:00,%,78.547619047619,Preliminar
21206990,TIBAITATA - AUT [21206990],HUM RELATIVA,Humedad relativa del aire a 2 metros media diaria,2012-03-17 00:00,%,85.55,Preliminar
21206990,TIBAITATA - AUT [21206990],HUM RELATIVA,Humedad relativa del aire a 2 metros media diaria,2012-03-18 00:00,%,85.2708333333333,Preliminar
21206990,TIBAITATA - AUT [21206990],HUM RELATIVA,Humedad relativa del aire a 2 metros media diaria,2012-03-19 00:00,%,88.3157894736842,Preliminar
21206990,TIBAITATA - AUT [21206990],HUM RELATIVA,Humedad relativa del aire a 2 metros media diaria,2012-03-20 00:00,%,87.5263157894737,Preliminar
21206990,TIBAITATA - AUT [21206990],HUM RELATIVA,Humedad relativa del aire a 2 metros media diaria,2012-03-21 00:00,%,83.5,Preliminar
21206990,TIBAITATA - AUT [21206990],HUM RELATIVA,Humedad relativa del aire a 2 metros media diaria,2012-03-22 00:00,%,91.4772727272727,Preliminar
21206990,TIBAITATA - AUT [21206990],HUM RELATIVA,Humedad relativa del aire a 2 metros media diaria,2012-03-23 00:00,%,80.5555555555556,Preliminar
21206990,TIBAITATA - AUT [21206990],HUM RELATIVA,Humedad relativa del aire a 2 metros media diaria,2012-03-24 00:00,%,84.1388888888889,Preliminar
21206990,TIBAITATA - AUT [21206990],HUM RELATIVA,Humedad relativa del aire a 2 metros media diaria,2012-03-25 00:00,%,89.2045454545454,Preliminar
21206990,TIBAITATA - AUT [21206990],HUM RELATIVA,Humedad relativa del aire a 2 metros media diaria,2012-03-26 00:00,%,90.5263157894737,Preliminar
21206990,TIBAITATA - AUT [21206990],HUM RELATIVA,Humedad relativa del aire a 2 metros media diaria,2012-03-27 00:00,%,89.2380952380952,Preliminar
21206990,TIBAITATA - AUT [21206990],HUM RELATIVA,Humedad relativa del aire a 2 metros media diaria,2012-03-28 00:00,%,85.675,Preliminar
21206990,TIBAITATA - AUT [21206990],HUM RELATIVA,Humedad relativa del aire a 2 metros media diaria,2012-03-29 00:00,%,86.2058823529412,Preliminar
21206990,TIBAITATA - AUT [21206990],HUM RELATIVA,Humedad relativa del aire a 2 metros media diaria,2012-03-30 00:00,%,83.8421052631579,Preliminar
21206990,TIBAITATA - AUT [21206990],HUM RELATIVA,Humedad relativa del aire a 2 metros media diaria,2012-03-31 00:00,%,76.7727272727273,Preliminar
21206990,TIBAITATA - AUT [21206990],HUM RELATIVA,Humedad relativa del aire a 2 metros media diaria,2012-04-01 00:00,%,74.95,Preliminar
21206990,TIBAITATA - AUT [21206990],HUM RELATIVA,Humedad relativa del aire a 2 metros media diaria,2012-04-02 00:00,%,83.1470588235294,Preliminar
21206990,TIBAITATA - AUT [21206990],HUM RELATIVA,Humedad relativa del aire a 2 metros media diaria,2012-04-03 00:00,%,83.5277777777778,Preliminar
21206990,TIBAITATA - AUT [21206990],HUM RELATIVA,Humedad relativa del aire a 2 metros media diaria,2012-04-04 00:00,%,73.7941176470588,Preliminar
21206990,TIBAITATA - AUT [21206990],HUM RELATIVA,Humedad relativa del aire a 2 metros media diaria,2012-04-05 00:00,%,85.8636363636364,Preliminar
21206990,TIBAITATA - AUT [21206990],HUM RELATIVA,Humedad relativa del aire a 2 metros media diaria,2012-04-06 00:00,%,86.8214285714286,Preliminar
21206990,TIBAITATA - AUT [21206990],HUM RELATIVA,Humedad relativa del aire a 2 metros media diaria,2012-04-07 00:00,%,85.0526315789474,Preliminar
21206990,TIBAITATA - AUT [21206990],HUM RELATIVA,Humedad relativa del aire a 2 metros media diaria,2012-04-08 00:00,%,89.05,Preliminar
21206990,TIBAITATA - AUT [21206990],HUM RELATIVA,Humedad relativa del aire a 2 metros media diaria,2012-04-09 00:00,%,88.53125,Preliminar
21206990,TIBAITATA - AUT [21206990],HUM RELATIVA,Humedad relativa del aire a 2 metros media diaria,2012-04-10 00:00,%,88.65,Preliminar
21206990,TIBAITATA - AUT [21206990],HUM RELATIVA,Humedad relativa del aire a 2 metros media diaria,2012-04-11 00:00,%,88.3913043478261,Preliminar
21206990,TIBAITATA - AUT [21206990],HUM RELATIVA,Humedad relativa del aire a 2 metros media diaria,2012-04-12 00:00,%,95.5294117647059,Preliminar
21206990,TIBAITATA - AUT [21206990],HUM RELATIVA,Humedad relativa del aire a 2 metros media diaria,2012-04-13 00:00,%,87.6041666666667,Preliminar
21206990,TIBAITATA - AUT [21206990],HUM RELATIVA,Humedad relativa del aire a 2 metros media diaria,2012-04-14 00:00,%,93.25,Preliminar
21206990,TIBAITATA - AUT [21206990],HUM RELATIVA,Humedad relativa del aire a 2 metros media diaria,2012-04-15 00:00,%,95.84375,Preliminar
21206990,TIBAITATA - AUT [21206990],HUM RELATIVA,Humedad relativa del aire a 2 metros media diaria,2012-04-16 00:00,%,86.5,Preliminar
21206990,TIBAITATA - AUT [21206990],HUM RELATIVA,Humedad relativa del aire a 2 metros media diaria,2012-04-17 00:00,%,87.7222222222222,Preliminar
21206990,TIBAITATA - AUT [21206990],HUM RELATIVA,Humedad relativa del aire a 2 metros media diaria,2012-04-18 00:00,%,88.1944444444444,Preliminar
21206990,TIBAITATA - AUT [21206990],HUM RELATIVA,Humedad relativa del aire a 2 metros media diaria,2012-04-19 00:00,%,88.0909090909091,Preliminar
21206990,TIBAITATA - AUT [21206990],HUM RELATIVA,Humedad relativa del aire a 2 metros media diaria,2012-04-20 00:00,%,91.7727272727273,Preliminar
21206990,TIBAITATA - AUT [21206990],HUM RELATIVA,Humedad relativa del aire a 2 metros media diaria,2012-04-21 00:00,%,85.9166666666667,Preliminar
21206990,TIBAITATA - AUT [21206990],HUM RELATIVA,Humedad relativa del aire a 2 metros media diaria,2012-04-22 00:00,%,86.1590909090909,Preliminar
21206990,TIBAITATA - AUT [21206990],HUM RELATIVA,Humedad relativa del aire a 2 metros media diaria,2012-04-23 00:00,%,86.9411764705882,Preliminar
21206990,TIBAITATA - AUT [21206990],HUM RELATIVA,Humedad relativa del aire a 2 metros media diaria,2012-04-24 00:00,%,81.2,Preliminar
21206990,TIBAITATA - AUT [21206990],HUM RELATIVA,Humedad relativa del aire a 2 metros media diaria,2012-04-25 00:00,%,72.2,Preliminar
21206990,TIBAITATA - AUT [21206990],HUM RELATIVA,Humedad relativa del aire a 2 metros media diaria,2012-04-26 00:00,%,85.2,Preliminar
21206990,TIBAITATA - AUT [21206990],HUM RELATIVA,Humedad relativa del aire a 2 metros media diaria,2012-04-27 00:00,%,81.8076923076923,Preliminar
21206990,TIBAITATA - AUT [21206990],HUM RELATIVA,Humedad relativa del aire a 2 metros media diaria,2012-04-28 00:00,%,84.6944444444444,Preliminar
21206990,TIBAITATA - AUT [21206990],HUM RELATIVA,Humedad relativa del aire a 2 metros media diaria,2012-04-29 00:00,%,84.0909090909091,Preliminar
21206990,TIBAITATA - AUT [21206990],HUM RELATIVA,Humedad relativa del aire a 2 metros media diaria,2012-04-30 00:00,%,88.90625,Preliminar
21206990,TIBAITATA - AUT [21206990],HUM RELATIVA,Humedad relativa del aire a 2 metros media diaria,2012-05-01 00:00,%,92.75,Preliminar
21206990,TIBAITATA - AUT [21206990],HUM RELATIVA,Humedad relativa del aire a 2 metros media diaria,2012-05-02 00:00,%,86.6666666666667,Preliminar
21206990,TIBAITATA - AUT [21206990],HUM RELATIVA,Humedad relativa del aire a 2 metros media diaria,2012-05-03 00:00,%,79.7105263157895,Preliminar
21206990,TIBAITATA - AUT [21206990],HUM RELATIVA,Humedad relativa del aire a 2 metros media diaria,2012-05-04 00:00,%,84.8863636363636,Preliminar
21206990,TIBAITATA - AUT [21206990],HUM RELATIVA,Humedad relativa del aire a 2 metros media diaria,2012-05-05 00:00,%,89.7,Preliminar
21206990,TIBAITATA - AUT [21206990],HUM RELATIVA,Humedad relativa del aire a 2 metros media diaria,2012-05-06 00:00,%,90.1071428571429,Preliminar
21206990,TIBAITATA - AUT [21206990],HUM RELATIVA,Humedad relativa del aire a 2 metros media diaria,2012-05-07 00:00,%,89.6470588235294,Preliminar
21206990,TIBAITATA - AUT [21206990],HUM RELATIVA,Humedad relativa del aire a 2 metros media diaria,2012-05-08 00:00,%,82.4444444444444,Preliminar
21206990,TIBAITATA - AUT [21206990],HUM RELATIVA,Humedad relativa del aire a 2 metros media diaria,2012-05-09 00:00,%,87.375,Preliminar
21206990,TIBAITATA - AUT [21206990],HUM RELATIVA,Humedad relativa del aire a 2 metros media diaria,2012-05-10 00:00,%,89.4583333333333,Preliminar
21206990,TIBAITATA - AUT [21206990],HUM RELATIVA,Humedad relativa del aire a 2 metros media diaria,2012-05-11 00:00,%,86.3235294117647,Preliminar
21206990,TIBAITATA - AUT [21206990],HUM RELATIVA,Humedad relativa del aire a 2 metros media diaria,2012-05-13 00:00,%,77.5,Preliminar
21206990,TIBAITATA - AUT [21206990],HUM RELATIVA,Humedad relativa del aire a 2 metros media diaria,2012-05-14 00:00,%,77.3333333333333,Preliminar
21206990,TIBAITATA - AUT [21206990],HUM RELATIVA,Humedad relativa del aire a 2 metros media diaria,2012-05-19 00:00,%,86.275,Preliminar
21206990,TIBAITATA - AUT [21206990],HUM RELATIVA,Humedad relativa del aire a 2 metros media diaria,2012-05-20 00:00,%,81.3636363636364,Preliminar
21206990,TIBAITATA - AUT [21206990],HUM RELATIVA,Humedad relativa del aire a 2 metros media diaria,2012-05-23 00:00,%,83.0714285714286,Preliminar
21206990,TIBAITATA - AUT [21206990],HUM RELATIVA,Humedad relativa del aire a 2 metros media diaria,2012-05-24 00:00,%,73.8214285714286,Preliminar
21206990,TIBAITATA - AUT [21206990],HUM RELATIVA,Humedad relativa del aire a 2 metros media diaria,2012-05-25 00:00,%,77.4166666666667,Preliminar
21206990,TIBAITATA - AUT [21206990],HUM RELATIVA,Humedad relativa del aire a 2 metros media diaria,2012-05-26 00:00,%,85.9117647058824,Preliminar
21206990,TIBAITATA - AUT [21206990],HUM RELATIVA,Humedad relativa del aire a 2 metros media diaria,2012-05-27 00:00,%,81.5416666666667,Preliminar
21206990,TIBAITATA - AUT [21206990],HUM RELATIVA,Humedad relativa del aire a 2 metros media diaria,2012-05-28 00:00,%,80.225,Preliminar
21206990,TIBAITATA - AUT [21206990],HUM RELATIVA,Humedad relativa del aire a 2 metros media diaria,2012-05-29 00:00,%,78.9444444444444,Preliminar
21206990,TIBAITATA - AUT [21206990],HUM RELATIVA,Humedad relativa del aire a 2 metros media diaria,2012-06-01 00:00,%,85.6818181818182,Preliminar
21206990,TIBAITATA - AUT [21206990],HUM RELATIVA,Humedad relativa del aire a 2 metros media diaria,2012-06-02 00:00,%,70.8333333333333,Preliminar
21206990,TIBAITATA - AUT [21206990],HUM RELATIVA,Humedad relativa del aire a 2 metros media diaria,2012-06-03 00:00,%,78.7142857142857,Preliminar
21206990,TIBAITATA - AUT [21206990],HUM RELATIVA,Humedad relativa del aire a 2 metros media diaria,2012-06-09 00:00,%,70.5,Preliminar
21206990,TIBAITATA - AUT [21206990],HUM RELATIVA,Humedad relativa del aire a 2 metros media diaria,2012-06-10 00:00,%,73.7666666666667,Preliminar
21206990,TIBAITATA - AUT [21206990],HUM RELATIVA,Humedad relativa del aire a 2 metros media diaria,2012-06-11 00:00,%,83.6666666666667,Preliminar
21206990,TIBAITATA - AUT [21206990],HUM RELATIVA,Humedad relativa del aire a 2 metros media diaria,2012-06-13 00:00,%,90.9285714285714,Preliminar
21206990,TIBAITATA - AUT [21206990],HUM RELATIVA,Humedad relativa del aire a 2 metros media diaria,2012-06-14 00:00,%,77.5,Preliminar
21206990,TIBAITATA - AUT [21206990],HUM RELATIVA,Humedad relativa del aire a 2 metros media diaria,2012-06-15 00:00,%,86.9375,Preliminar
21206990,TIBAITATA - AUT [21206990],HUM RELATIVA,Humedad relativa del aire a 2 metros media diaria,2012-06-16 00:00,%,91.6666666666667,Preliminar
21206990,TIBAITATA - AUT [21206990],HUM RELATIVA,Humedad relativa del aire a 2 metros media diaria,2012-06-17 00:00,%,81.0714285714286,Preliminar
21206990,TIBAITATA - AUT [21206990],HUM RELATIVA,Humedad relativa del aire a 2 metros media diaria,2012-06-18 00:00,%,79.9666666666667,Preliminar
21206990,TIBAITATA - AUT [21206990],HUM RELATIVA,Humedad relativa del aire a 2 metros media diaria,2012-06-19 00:00,%,78.6666666666667,Preliminar
21206990,TIBAITATA - AUT [21206990],HUM RELATIVA,Humedad relativa del aire a 2 metros media diaria,2012-06-20 00:00,%,77.6538461538462,Preliminar
21206990,TIBAITATA - AUT [21206990],HUM RELATIVA,Humedad relativa del aire a 2 metros media diaria,2012-06-21 00:00,%,76.625,Preliminar
21206990,TIBAITATA - AUT [21206990],HUM RELATIVA,Humedad relativa del aire a 2 metros media diaria,2012-06-22 00:00,%,72.1071428571429,Preliminar
21206990,TIBAITATA - AUT [21206990],HUM RELATIVA,Humedad relativa del aire a 2 metros media diaria,2012-06-23 00:00,%,83.1875,Preliminar
21206990,TIBAITATA - AUT [21206990],HUM RELATIVA,Humedad relativa del aire a 2 metros media diaria,2012-06-24 00:00,%,76.4285714285714,Preliminar
21206990,TIBAITATA - AUT [21206990],HUM RELATIVA,Humedad relativa del aire a 2 metros media diaria,2012-06-25 00:00,%,84.4642857142857,Preliminar
21206990,TIBAITATA - AUT [21206990],HUM RELATIVA,Humedad relativa del aire a 2 metros media diaria,2012-06-26 00:00,%,72.45,Preliminar
21206990,TIBAITATA - AUT [21206990],HUM RELATIVA,Humedad relativa del aire a 2 metros media diaria,2012-06-27 00:00,%,75.71875,Preliminar
21206990,TIBAITATA - AUT [21206990],HUM RELATIVA,Humedad relativa del aire a 2 metros media diaria,2012-06-28 00:00,%,78.875,Preliminar
21206990,TIBAITATA - AUT [21206990],HUM RELATIVA,Humedad relativa del aire a 2 metros media diaria,2012-06-29 00:00,%,74.275,Preliminar
21206990,TIBAITATA - AUT [21206990],HUM RELATIVA,Humedad relativa del aire a 2 metros media diaria,2012-07-03 00:00,%,81.2631578947368,Preliminar
21206990,TIBAITATA - AUT [21206990],HUM RELATIVA,Humedad relativa del aire a 2 metros media diaria,2012-07-04 00:00,%,83.125,Preliminar
21206990,TIBAITATA - AUT [21206990],HUM RELATIVA,Humedad relativa del aire a 2 metros media diaria,2012-07-05 00:00,%,85.1818181818182,Preliminar
21206990,TIBAITATA - AUT [21206990],HUM RELATIVA,Humedad relativa del aire a 2 metros media diaria,2012-07-06 00:00,%,83.625,Preliminar
21206990,TIBAITATA - AUT [21206990],HUM RELATIVA,Humedad relativa del aire a 2 metros media diaria,2012-07-07 00:00,%,76.0263157894737,Preliminar
21206990,TIBAITATA - AUT [21206990],HUM RELATIVA,Humedad relativa del aire a 2 metros media diaria,2012-07-08 00:00,%,73.7291666666667,Preliminar
21206990,TIBAITATA - AUT [21206990],HUM RELATIVA,Humedad relativa del aire a 2 metros media diaria,2012-07-09 00:00,%,70.0526315789474,Preliminar
21206990,TIBAITATA - AUT [21206990],HUM RELATIVA,Humedad relativa del aire a 2 metros media diaria,2012-07-13 00:00,%,86.375,Preliminar
21206990,TIBAITATA - AUT [21206990],HUM RELATIVA,Humedad relativa del aire a 2 metros media diaria,2012-07-21 00:00,%,75,Preliminar
21206990,TIBAITATA - AUT [21206990],HUM RELATIVA,Humedad relativa del aire a 2 metros media diaria,2012-07-26 00:00,%,78.0909090909091,Preliminar
21206990,TIBAITATA - AUT [21206990],HUM RELATIVA,Humedad relativa del aire a 2 metros media diaria,2012-08-01 00:00,%,87.375,Preliminar
21206990,TIBAITATA - AUT [21206990],HUM RELATIVA,Humedad relativa del aire a 2 metros media diaria,2012-08-03 00:00,%,78.7272727272727,Preliminar
21206990,TIBAITATA - AUT [21206990],HUM RELATIVA,Humedad relativa del aire a 2 metros media diaria,2012-08-04 00:00,%,86.8,Preliminar
21206990,TIBAITATA - AUT [21206990],HUM RELATIVA,Humedad relativa del aire a 2 metros media diaria,2012-08-05 00:00,%,81.8846153846154,Preliminar
21206990,TIBAITATA - AUT [21206990],HUM RELATIVA,Humedad relativa del aire a 2 metros media diaria,2012-08-07 00:00,%,79.9090909090909,Preliminar
21206990,TIBAITATA - AUT [21206990],HUM RELATIVA,Humedad relativa del aire a 2 metros media diaria,2012-08-10 00:00,%,76.75,Preliminar
21206990,TIBAITATA - AUT [21206990],HUM RELATIVA,Humedad relativa del aire a 2 metros media diaria,2012-08-12 00:00,%,83.2777777777778,Preliminar
21206990,TIBAITATA - AUT [21206990],HUM RELATIVA,Humedad relativa del aire a 2 metros media diaria,2012-08-14 00:00,%,78.6538461538462,Preliminar
21206990,TIBAITATA - AUT [21206990],HUM RELATIVA,Humedad relativa del aire a 2 metros media diaria,2012-08-20 00:00,%,84.5416666666667,Preliminar
21206990,TIBAITATA - AUT [21206990],HUM RELATIVA,Humedad relativa del aire a 2 metros media diaria,2012-08-23 00:00,%,77.2666666666667,Preliminar
21206990,TIBAITATA - AUT [21206990],HUM RELATIVA,Humedad relativa del aire a 2 metros media diaria,2012-08-24 00:00,%,84.6578947368421,Preliminar
21206990,TIBAITATA - AUT [21206990],HUM RELATIVA,Humedad relativa del aire a 2 metros media diaria,2012-08-26 00:00,%,77.9666666666667,Preliminar
21206990,TIBAITATA - AUT [21206990],HUM RELATIVA,Humedad relativa del aire a 2 metros media diaria,2012-08-27 00:00,%,79.5333333333333,Preliminar
21206990,TIBAITATA - AUT [21206990],HUM RELATIVA,Humedad relativa del aire a 2 metros media diaria,2012-08-28 00:00,%,65.5,Preliminar
21206990,TIBAITATA - AUT [21206990],HUM RELATIVA,Humedad relativa del aire a 2 metros media diaria,2012-09-01 00:00,%,78.05,Preliminar
21206990,TIBAITATA - AUT [21206990],HUM RELATIVA,Humedad relativa del aire a 2 metros media diaria,2012-09-03 00:00,%,82.15,Preliminar
21206990,TIBAITATA - AUT [21206990],HUM RELATIVA,Humedad relativa del aire a 2 metros media diaria,2012-09-18 00:00,%,81.6923076923077,Preliminar
21206990,TIBAITATA - AUT [21206990],HUM RELATIVA,Humedad relativa del aire a 2 metros media diaria,2012-09-20 00:00,%,77.9545454545454,Preliminar
21206990,TIBAITATA - AUT [21206990],HUM RELATIVA,Humedad relativa del aire a 2 metros media diaria,2012-09-22 00:00,%,76.2,Preliminar
21206990,TIBAITATA - AUT [21206990],HUM RELATIVA,Humedad relativa del aire a 2 metros media diaria,2012-09-23 00:00,%,77.3214285714286,Preliminar
21206990,TIBAITATA - AUT [21206990],HUM RELATIVA,Humedad relativa del aire a 2 metros media diaria,2012-09-24 00:00,%,80.1428571428571,Preliminar
21206990,TIBAITATA - AUT [21206990],HUM RELATIVA,Humedad relativa del aire a 2 metros media diaria,2012-09-25 00:00,%,77.6176470588235,Preliminar
21206990,TIBAITATA - AUT [21206990],HUM RELATIVA,Humedad relativa del aire a 2 metros media diaria,2012-09-26 00:00,%,69.7916666666667,Preliminar
21206990,TIBAITATA - AUT [21206990],HUM RELATIVA,Humedad relativa del aire a 2 metros media diaria,2012-10-01 00:00,%,78.9791666666667,Preliminar
21206990,TIBAITATA - AUT [21206990],HUM RELATIVA,Humedad relativa del aire a 2 metros media diaria,2012-10-02 00:00,%,79.8181818181818,Preliminar
21206990,TIBAITATA - AUT [21206990],HUM RELATIVA,Humedad relativa del aire a 2 metros media diaria,2012-10-03 00:00,%,78.75,Preliminar
21206990,TIBAITATA - AUT [21206990],HUM RELATIVA,Humedad relativa del aire a 2 metros media diaria,2012-10-09 00:00,%,72.375,Preliminar
21206990,TIBAITATA - AUT [21206990],HUM RELATIVA,Humedad relativa del aire a 2 metros media diaria,2012-10-11 00:00,%,82.5454545454546,Preliminar
21206990,TIBAITATA - AUT [21206990],HUM RELATIVA,Humedad relativa del aire a 2 metros media diaria,2012-10-13 00:00,%,89.9615384615385,Preliminar
21206990,TIBAITATA - AUT [21206990],HUM RELATIVA,Humedad relativa del aire a 2 metros media diaria,2012-10-14 00:00,%,93.2,Preliminar
21206990,TIBAITATA - AUT [21206990],HUM RELATIVA,Humedad relativa del aire a 2 metros media diaria,2012-10-18 00:00,%,89.6470588235294,Preliminar
21206990,TIBAITATA - AUT [21206990],HUM RELATIVA,Humedad relativa del aire a 2 metros media diaria,2012-10-31 00:00,%,83.6,Preliminar
21206990,TIBAITATA - AUT [21206990],HUM RELATIVA,Humedad relativa del aire a 2 metros media diaria,2012-11-01 00:00,%,74.8235294117647,Preliminar
21206990,TIBAITATA - AUT [21206990],HUM RELATIVA,Humedad relativa del aire a 2 metros media diaria,2012-11-02 00:00,%,89.1538461538462,Preliminar
21206990,TIBAITATA - AUT [21206990],HUM RELATIVA,Humedad relativa del aire a 2 metros media diaria,2012-11-05 00:00,%,85.5384615384615,Preliminar
21206990,TIBAITATA - AUT [21206990],HUM RELATIVA,Humedad relativa del aire a 2 metros media diaria,2012-11-08 00:00,%,83.1666666666667,Preliminar
21206990,TIBAITATA - AUT [21206990],HUM RELATIVA,Humedad relativa del aire a 2 metros media diaria,2012-11-09 00:00,%,82.0555555555556,Preliminar
21206990,TIBAITATA - AUT [21206990],HUM RELATIVA,Humedad relativa del aire a 2 metros media diaria,2012-11-11 00:00,%,80.6071428571429,Preliminar
21206990,TIBAITATA - AUT [21206990],HUM RELATIVA,Humedad relativa del aire a 2 metros media diaria,2012-11-12 00:00,%,89.1666666666667,Preliminar
21206990,TIBAITATA - AUT [21206990],HUM RELATIVA,Humedad relativa del aire a 2 metros media diaria,2012-11-13 00:00,%,96.8181818181818,Preliminar
21206990,TIBAITATA - AUT [21206990],HUM RELATIVA,Humedad relativa del aire a 2 metros media diaria,2012-11-27 00:00,%,87.5909090909091,Preliminar
21206990,TIBAITATA - AUT [21206990],HUM RELATIVA,Humedad relativa del aire a 2 metros media diaria,2012-12-13 00:00,%,89.55,Preliminar
21206990,TIBAITATA - AUT [21206990],HUM RELATIVA,Humedad relativa del aire a 2 metros media diaria,2013-01-19 00:00,%,72.6785714285714,Preliminar
21206990,TIBAITATA - AUT [21206990],HUM RELATIVA,Humedad relativa del aire a 2 metros media diaria,2013-01-20 00:00,%,80.3571428571429,Preliminar
21206990,TIBAITATA - AUT [21206990],HUM RELATIVA,Humedad relativa del aire a 2 metros media diaria,2013-01-23 00:00,%,82.2954545454546,Preliminar
21206990,TIBAITATA - AUT [21206990],HUM RELATIVA,Humedad relativa del aire a 2 metros media diaria,2013-01-24 00:00,%,81.875,Preliminar
21206990,TIBAITATA - AUT [21206990],HUM RELATIVA,Humedad relativa del aire a 2 metros media diaria,2013-01-25 00:00,%,87.8,Preliminar
21206990,TIBAITATA - AUT [21206990],HUM RELATIVA,Humedad relativa del aire a 2 metros media diaria,2013-01-27 00:00,%,90.71875,Preliminar
21206990,TIBAITATA - AUT [21206990],HUM RELATIVA,Humedad relativa del aire a 2 metros media diaria,2013-01-29 00:00,%,77.1153846153846,Preliminar
21206990,TIBAITATA - AUT [21206990],HUM RELATIVA,Humedad relativa del aire a 2 metros media diaria,2013-01-31 00:00,%,77.1666666666667,Preliminar
21206990,TIBAITATA - AUT [21206990],HUM RELATIVA,Humedad relativa del aire a 2 metros media diaria,2013-02-02 00:00,%,83.6521739130435,Preliminar
21206990,TIBAITATA - AUT [21206990],HUM RELATIVA,Humedad relativa del aire a 2 metros media diaria,2013-02-04 00:00,%,86.4791666666667,Preliminar
21206990,TIBAITATA - AUT [21206990],HUM RELATIVA,Humedad relativa del aire a 2 metros media diaria,2013-02-05 00:00,%,95.4411764705882,Preliminar
21206990,TIBAITATA - AUT [21206990],HUM RELATIVA,Humedad relativa del aire a 2 metros media diaria,2013-02-06 00:00,%,86.8333333333333,Preliminar
21206990,TIBAITATA - AUT [21206990],HUM RELATIVA,Humedad relativa del aire a 2 metros media diaria,2013-02-07 00:00,%,85,Preliminar
21206990,TIBAITATA - AUT [21206990],HUM RELATIVA,Humedad relativa del aire a 2 metros media diaria,2013-02-08 00:00,%,81.8421052631579,Preliminar
21206990,TIBAITATA - AUT [21206990],HUM RELATIVA,Humedad relativa del aire a 2 metros media diaria,2013-02-09 00:00,%,84.7291666666667,Preliminar
21206990,TIBAITATA - AUT [21206990],HUM RELATIVA,Humedad relativa del aire a 2 metros media diaria,2013-02-10 00:00,%,87.9230769230769,Preliminar
21206990,TIBAITATA - AUT [21206990],HUM RELATIVA,Humedad relativa del aire a 2 metros media diaria,2013-02-11 00:00,%,91.4090909090909,Preliminar
21206990,TIBAITATA - AUT [21206990],HUM RELATIVA,Humedad relativa del aire a 2 metros media diaria,2013-02-12 00:00,%,86.3541666666667,Preliminar
21206990,TIBAITATA - AUT [21206990],HUM RELATIVA,Humedad relativa del aire a 2 metros media diaria,2013-02-13 00:00,%,82.1363636363636,Preliminar
21206990,TIBAITATA - AUT [21206990],HUM RELATIVA,Humedad relativa del aire a 2 metros media diaria,2013-02-14 00:00,%,86.9545454545454,Preliminar
21206990,TIBAITATA - AUT [21206990],HUM RELATIVA,Humedad relativa del aire a 2 metros media diaria,2013-02-15 00:00,%,81.9772727272727,Preliminar
21206990,TIBAITATA - AUT [21206990],HUM RELATIVA,Humedad relativa del aire a 2 metros media diaria,2013-02-16 00:00,%,82.2916666666667,Preliminar
21206990,TIBAITATA - AUT [21206990],HUM RELATIVA,Humedad relativa del aire a 2 metros media diaria,2013-02-17 00:00,%,88.6458333333333,Preliminar
21206990,TIBAITATA - AUT [21206990],HUM RELATIVA,Humedad relativa del aire a 2 metros media diaria,2013-02-18 00:00,%,84.9791666666667,Preliminar
21206990,TIBAITATA - AUT [21206990],HUM RELATIVA,Humedad relativa del aire a 2 metros media diaria,2013-02-19 00:00,%,77.4285714285714,Preliminar
21206990,TIBAITATA - AUT [21206990],HUM RELATIVA,Humedad relativa del aire a 2 metros media diaria,2013-02-20 00:00,%,72.875,Preliminar
21206990,TIBAITATA - AUT [21206990],HUM RELATIVA,Humedad relativa del aire a 2 metros media diaria,2013-02-21 00:00,%,78.9791666666667,Preliminar
21206990,TIBAITATA - AUT [21206990],HUM RELATIVA,Humedad relativa del aire a 2 metros media diaria,2013-02-22 00:00,%,77.3125,Preliminar
21206990,TIBAITATA - AUT [21206990],HUM RELATIVA,Humedad relativa del aire a 2 metros media diaria,2013-02-23 00:00,%,75.9583333333333,Preliminar
21206990,TIBAITATA - AUT [21206990],HUM RELATIVA,Humedad relativa del aire a 2 metros media diaria,2013-02-24 00:00,%,82.1875,Preliminar
21206990,TIBAITATA - AUT [21206990],HUM RELATIVA,Humedad relativa del aire a 2 metros media diaria,2013-02-25 00:00,%,80.9791666666667,Preliminar
21206990,TIBAITATA - AUT [21206990],HUM RELATIVA,Humedad relativa del aire a 2 metros media diaria,2013-02-26 00:00,%,75.1363636363636,Preliminar
21206990,TIBAITATA - AUT [21206990],HUM RELATIVA,Humedad relativa del aire a 2 metros media diaria,2013-02-27 00:00,%,77.1818181818182,Preliminar
21206990,TIBAITATA - AUT [21206990],HUM RELATIVA,Humedad relativa del aire a 2 metros media diaria,2013-02-28 00:00,%,80.0625,Preliminar
21206990,TIBAITATA - AUT [21206990],HUM RELATIVA,Humedad relativa del aire a 2 metros media diaria,2013-03-01 00:00,%,78.5833333333333,Preliminar
21206990,TIBAITATA - AUT [21206990],HUM RELATIVA,Humedad relativa del aire a 2 metros media diaria,2013-03-02 00:00,%,75.3541666666667,Preliminar
21206990,TIBAITATA - AUT [21206990],HUM RELATIVA,Humedad relativa del aire a 2 metros media diaria,2013-03-03 00:00,%,80.875,Preliminar
21206990,TIBAITATA - AUT [21206990],HUM RELATIVA,Humedad relativa del aire a 2 metros media diaria,2013-03-04 00:00,%,85.7708333333333,Preliminar
21206990,TIBAITATA - AUT [21206990],HUM RELATIVA,Humedad relativa del aire a 2 metros media diaria,2013-03-05 00:00,%,73.9583333333333,Preliminar
21206990,TIBAITATA - AUT [21206990],HUM RELATIVA,Humedad relativa del aire a 2 metros media diaria,2013-03-06 00:00,%,72.0681818181818,Preliminar
21206990,TIBAITATA - AUT [21206990],HUM RELATIVA,Humedad relativa del aire a 2 metros media diaria,2013-03-07 00:00,%,77,Preliminar
21206990,TIBAITATA - AUT [21206990],HUM RELATIVA,Humedad relativa del aire a 2 metros media diaria,2013-03-08 00:00,%,74.625,Preliminar
21206990,TIBAITATA - AUT [21206990],HUM RELATIVA,Humedad relativa del aire a 2 metros media diaria,2013-03-09 00:00,%,77.9285714285714,Preliminar
21206990,TIBAITATA - AUT [21206990],HUM RELATIVA,Humedad relativa del aire a 2 metros media diaria,2013-03-10 00:00,%,82.7727272727273,Preliminar
21206990,TIBAITATA - AUT [21206990],HUM RELATIVA,Humedad relativa del aire a 2 metros media diaria,2013-03-11 00:00,%,79.9545454545454,Preliminar
21206990,TIBAITATA - AUT [21206990],HUM RELATIVA,Humedad relativa del aire a 2 metros media diaria,2013-03-12 00:00,%,83.625,Preliminar
21206990,TIBAITATA - AUT [21206990],HUM RELATIVA,Humedad relativa del aire a 2 metros media diaria,2013-03-13 00:00,%,79.6136363636364,Preliminar
21206990,TIBAITATA - AUT [21206990],HUM RELATIVA,Humedad relativa del aire a 2 metros media diaria,2013-03-14 00:00,%,83,Preliminar
21206990,TIBAITATA - AUT [21206990],HUM RELATIVA,Humedad relativa del aire a 2 metros media diaria,2013-03-15 00:00,%,92.75,Preliminar
21206990,TIBAITATA - AUT [21206990],HUM RELATIVA,Humedad relativa del aire a 2 metros media diaria,2013-03-16 00:00,%,84.25,Preliminar
21206990,TIBAITATA - AUT [21206990],HUM RELATIVA,Humedad relativa del aire a 2 metros media diaria,2013-03-17 00:00,%,86.3333333333333,Preliminar
21206990,TIBAITATA - AUT [21206990],HUM RELATIVA,Humedad relativa del aire a 2 metros media diaria,2013-03-18 00:00,%,85.4545454545454,Preliminar
21206990,TIBAITATA - AUT [21206990],HUM RELATIVA,Humedad relativa del aire a 2 metros media diaria,2013-03-19 00:00,%,89.075,Preliminar
21206990,TIBAITATA - AUT [21206990],HUM RELATIVA,Humedad relativa del aire a 2 metros media diaria,2013-03-20 00:00,%,82.8125,Preliminar
21206990,TIBAITATA - AUT [21206990],HUM RELATIVA,Humedad relativa del aire a 2 metros media diaria,2013-03-21 00:00,%,90.25,Preliminar
21206990,TIBAITATA - AUT [21206990],HUM RELATIVA,Humedad relativa del aire a 2 metros media diaria,2013-03-22 00:00,%,89.5909090909091,Preliminar
21206990,TIBAITATA - AUT [21206990],HUM RELATIVA,Humedad relativa del aire a 2 metros media diaria,2013-03-23 00:00,%,87.9583333333333,Preliminar
21206990,TIBAITATA - AUT [21206990],HUM RELATIVA,Humedad relativa del aire a 2 metros media diaria,2013-03-24 00:00,%,80.4791666666667,Preliminar
21206990,TIBAITATA - AUT [21206990],HUM RELATIVA,Humedad relativa del aire a 2 metros media diaria,2013-03-25 00:00,%,83.5454545454546,Preliminar
21206990,TIBAITATA - AUT [21206990],HUM RELATIVA,Humedad relativa del aire a 2 metros media diaria,2013-03-26 00:00,%,80.8333333333333,Preliminar
21206990,TIBAITATA - AUT [21206990],HUM RELATIVA,Humedad relativa del aire a 2 metros media diaria,2013-03-27 00:00,%,76.6666666666667,Preliminar
21206990,TIBAITATA - AUT [21206990],HUM RELATIVA,Humedad relativa del aire a 2 metros media diaria,2013-03-28 00:00,%,78.525,Preliminar
21206990,TIBAITATA - AUT [21206990],HUM RELATIVA,Humedad relativa del aire a 2 metros media diaria,2013-03-29 00:00,%,81.3958333333333,Preliminar
21206990,TIBAITATA - AUT [21206990],HUM RELATIVA,Humedad relativa del aire a 2 metros media diaria,2013-03-30 00:00,%,76.7708333333333,Preliminar
21206990,TIBAITATA - AUT [21206990],HUM RELATIVA,Humedad relativa del aire a 2 metros media diaria,2013-03-31 00:00,%,78.4318181818182,Preliminar
21206990,TIBAITATA - AUT [21206990],HUM RELATIVA,Humedad relativa del aire a 2 metros media diaria,2013-04-01 00:00,%,77.4791666666667,Preliminar
21206990,TIBAITATA - AUT [21206990],HUM RELATIVA,Humedad relativa del aire a 2 metros media diaria,2013-04-02 00:00,%,83.4583333333333,Preliminar
21206990,TIBAITATA - AUT [21206990],HUM RELATIVA,Humedad relativa del aire a 2 metros media diaria,2013-04-03 00:00,%,86.2272727272727,Preliminar
21206990,TIBAITATA - AUT [21206990],HUM RELATIVA,Humedad relativa del aire a 2 metros media diaria,2013-04-04 00:00,%,82.0588235294118,Preliminar
21206990,TIBAITATA - AUT [21206990],HUM RELATIVA,Humedad relativa del aire a 2 metros media diaria,2013-04-05 00:00,%,82.6666666666667,Preliminar
21206990,TIBAITATA - AUT [21206990],HUM RELATIVA,Humedad relativa del aire a 2 metros media diaria,2013-04-06 00:00,%,81.2727272727273,Preliminar
21206990,TIBAITATA - AUT [21206990],HUM RELATIVA,Humedad relativa del aire a 2 metros media diaria,2013-04-07 00:00,%,79.3181818181818,Preliminar
21206990,TIBAITATA - AUT [21206990],HUM RELATIVA,Humedad relativa del aire a 2 metros media diaria,2013-04-08 00:00,%,82.0625,Preliminar
21206990,TIBAITATA - AUT [21206990],HUM RELATIVA,Humedad relativa del aire a 2 metros media diaria,2013-04-09 00:00,%,75.3541666666667,Preliminar
21206990,TIBAITATA - AUT [21206990],HUM RELATIVA,Humedad relativa del aire a 2 metros media diaria,2013-04-10 00:00,%,80.5217391304348,Preliminar
21206990,TIBAITATA - AUT [21206990],HUM RELATIVA,Humedad relativa del aire a 2 metros media diaria,2013-04-11 00:00,%,81.9130434782609,Preliminar
21206990,TIBAITATA - AUT [21206990],HUM RELATIVA,Humedad relativa del aire a 2 metros media diaria,2013-04-12 00:00,%,80.2708333333333,Preliminar
21206990,TIBAITATA - AUT [21206990],HUM RELATIVA,Humedad relativa del aire a 2 metros media diaria,2013-04-14 00:00,%,77.09375,Preliminar
21206990,TIBAITATA - AUT [21206990],HUM RELATIVA,Humedad relativa del aire a 2 metros media diaria,2013-04-15 00:00,%,83.075,Preliminar
21206990,TIBAITATA - AUT [21206990],HUM RELATIVA,Humedad relativa del aire a 2 metros media diaria,2013-04-16 00:00,%,77.2708333333333,Preliminar
21206990,TIBAITATA - AUT [21206990],HUM RELATIVA,Humedad relativa del aire a 2 metros media diaria,2013-04-17 00:00,%,79.5681818181818,Preliminar
21206990,TIBAITATA - AUT [21206990],HUM RELATIVA,Humedad relativa del aire a 2 metros media diaria,2013-04-18 00:00,%,82.4583333333333,Preliminar
21206990,TIBAITATA - AUT [21206990],HUM RELATIVA,Humedad relativa del aire a 2 metros media diaria,2013-04-19 00:00,%,89.0208333333333,Preliminar
21206990,TIBAITATA - AUT [21206990],HUM RELATIVA,Humedad relativa del aire a 2 metros media diaria,2013-04-20 00:00,%,86.4583333333333,Preliminar
21206990,TIBAITATA - AUT [21206990],HUM RELATIVA,Humedad relativa del aire a 2 metros media diaria,2013-04-21 00:00,%,88.7708333333333,Preliminar
21206990,TIBAITATA - AUT [21206990],HUM RELATIVA,Humedad relativa del aire a 2 metros media diaria,2013-04-22 00:00,%,86.7708333333333,Preliminar
21206990,TIBAITATA - AUT [21206990],HUM RELATIVA,Humedad relativa del aire a 2 metros media diaria,2013-04-23 00:00,%,83.5208333333333,Preliminar
21206990,TIBAITATA - AUT [21206990],HUM RELATIVA,Humedad relativa del aire a 2 metros media diaria,2013-04-24 00:00,%,82.6666666666667,Preliminar
21206990,TIBAITATA - AUT [21206990],HUM RELATIVA,Humedad relativa del aire a 2 metros media diaria,2013-04-25 00:00,%,80.5208333333333,Preliminar
21206990,TIBAITATA - AUT [21206990],HUM RELATIVA,Humedad relativa del aire a 2 metros media diaria,2013-04-26 00:00,%,78.1458333333333,Preliminar
21206990,TIBAITATA - AUT [21206990],HUM RELATIVA,Humedad relativa del aire a 2 metros media diaria,2013-05-14 00:00,%,79.78125,Preliminar
21206990,TIBAITATA - AUT [21206990],HUM RELATIVA,Humedad relativa del aire a 2 metros media diaria,2013-05-15 00:00,%,86,Preliminar
21206990,TIBAITATA - AUT [21206990],HUM RELATIVA,Humedad relativa del aire a 2 metros media diaria,2013-05-16 00:00,%,84.0416666666667,Preliminar
21206990,TIBAITATA - AUT [21206990],HUM RELATIVA,Humedad relativa del aire a 2 metros media diaria,2013-05-17 00:00,%,89.0208333333333,Preliminar
21206990,TIBAITATA - AUT [21206990],HUM RELATIVA,Humedad relativa del aire a 2 metros media diaria,2013-05-18 00:00,%,80,Preliminar
21206990,TIBAITATA - AUT [21206990],HUM RELATIVA,Humedad relativa del aire a 2 metros media diaria,2013-05-19 00:00,%,78.3333333333333,Preliminar
21206990,TIBAITATA - AUT [21206990],HUM RELATIVA,Humedad relativa del aire a 2 metros media diaria,2013-05-20 00:00,%,84.1875,Preliminar
21206990,TIBAITATA - AUT [21206990],HUM RELATIVA,Humedad relativa del aire a 2 metros media diaria,2013-05-21 00:00,%,91.3333333333333,Preliminar
21206990,TIBAITATA - AUT [21206990],HUM RELATIVA,Humedad relativa del aire a 2 metros media diaria,2013-05-22 00:00,%,89.6666666666667,Preliminar
21206990,TIBAITATA - AUT [21206990],HUM RELATIVA,Humedad relativa del aire a 2 metros media diaria,2013-05-24 00:00,%,85.8260869565217,Preliminar
21206990,TIBAITATA - AUT [21206990],HUM RELATIVA,Humedad relativa del aire a 2 metros media diaria,2013-05-25 00:00,%,79.6363636363636,Preliminar
21206990,TIBAITATA - AUT [21206990],HUM RELATIVA,Humedad relativa del aire a 2 metros media diaria,2013-05-26 00:00,%,85.7708333333333,Preliminar
21206990,TIBAITATA - AUT [21206990],HUM RELATIVA,Humedad relativa del aire a 2 metros media diaria,2013-05-27 00:00,%,83.8333333333333,Preliminar
21206990,TIBAITATA - AUT [21206990],HUM RELATIVA,Humedad relativa del aire a 2 metros media diaria,2013-05-28 00:00,%,87.9166666666667,Preliminar
21206990,TIBAITATA - AUT [21206990],HUM RELATIVA,Humedad relativa del aire a 2 metros media diaria,2013-05-29 00:00,%,88.4583333333333,Preliminar
21206990,TIBAITATA - AUT [21206990],HUM RELATIVA,Humedad relativa del aire a 2 metros media diaria,2013-05-30 00:00,%,84.7708333333333,Preliminar
21206990,TIBAITATA - AUT [21206990],HUM RELATIVA,Humedad relativa del aire a 2 metros media diaria,2013-05-31 00:00,%,86.2083333333333,Preliminar
21206990,TIBAITATA - AUT [21206990],HUM RELATIVA,Humedad relativa del aire a 2 metros media diaria,2013-06-01 00:00,%,93.9736842105263,Preliminar
21206990,TIBAITATA - AUT [21206990],HUM RELATIVA,Humedad relativa del aire a 2 metros media diaria,2013-06-02 00:00,%,80.875,Preliminar
21206990,TIBAITATA - AUT [21206990],HUM RELATIVA,Humedad relativa del aire a 2 metros media diaria,2013-06-03 00:00,%,81.0625,Preliminar
21206990,TIBAITATA - AUT [21206990],HUM RELATIVA,Humedad relativa del aire a 2 metros media diaria,2013-06-04 00:00,%,75.7083333333333,Preliminar
21206990,TIBAITATA - AUT [21206990],HUM RELATIVA,Humedad relativa del aire a 2 metros media diaria,2013-06-05 00:00,%,74.9166666666667,Preliminar
21206990,TIBAITATA - AUT [21206990],HUM RELATIVA,Humedad relativa del aire a 2 metros media diaria,2013-06-06 00:00,%,81.1458333333333,Preliminar
21206990,TIBAITATA - AUT [21206990],HUM RELATIVA,Humedad relativa del aire a 2 metros media diaria,2013-06-07 00:00,%,81.2708333333333,Preliminar
21206990,TIBAITATA - AUT [21206990],HUM RELATIVA,Humedad relativa del aire a 2 metros media diaria,2013-06-08 00:00,%,76.3541666666667,Preliminar
21206990,TIBAITATA - AUT [21206990],HUM RELATIVA,Humedad relativa del aire a 2 metros media diaria,2013-06-09 00:00,%,74.375,Preliminar
21206990,TIBAITATA - AUT [21206990],HUM RELATIVA,Humedad relativa del aire a 2 metros media diaria,2013-06-10 00:00,%,76.3333333333333,Preliminar
21206990,TIBAITATA - AUT [21206990],HUM RELATIVA,Humedad relativa del aire a 2 metros media diaria,2013-06-11 00:00,%,77.4583333333333,Preliminar
21206990,TIBAITATA - AUT [21206990],HUM RELATIVA,Humedad relativa del aire a 2 metros media diaria,2013-06-12 00:00,%,82.5625,Preliminar
21206990,TIBAITATA - AUT [21206990],HUM RELATIVA,Humedad relativa del aire a 2 metros media diaria,2013-06-13 00:00,%,84.0625,Preliminar
21206990,TIBAITATA - AUT [21206990],HUM RELATIVA,Humedad relativa del aire a 2 metros media diaria,2013-06-14 00:00,%,78,Preliminar
21206990,TIBAITATA - AUT [21206990],HUM RELATIVA,Humedad relativa del aire a 2 metros media diaria,2013-06-15 00:00,%,79.1666666666667,Preliminar
21206990,TIBAITATA - AUT [21206990],HUM RELATIVA,Humedad relativa del aire a 2 metros media diaria,2013-06-16 00:00,%,78.5625,Preliminar
21206990,TIBAITATA - AUT [21206990],HUM RELATIVA,Humedad relativa del aire a 2 metros media diaria,2013-06-17 00:00,%,84.8571428571429,Preliminar
21206990,TIBAITATA - AUT [21206990],HUM RELATIVA,Humedad relativa del aire a 2 metros media diaria,2013-06-18 00:00,%,75.3958333333333,Preliminar
21206990,TIBAITATA - AUT [21206990],HUM RELATIVA,Humedad relativa del aire a 2 metros media diaria,2013-06-19 00:00,%,76.1666666666667,Preliminar
21206990,TIBAITATA - AUT [21206990],HUM RELATIVA,Humedad relativa del aire a 2 metros media diaria,2013-06-20 00:00,%,76.1458333333333,Preliminar
21206990,TIBAITATA - AUT [21206990],HUM RELATIVA,Humedad relativa del aire a 2 metros media diaria,2013-06-21 00:00,%,78.625,Preliminar
21206990,TIBAITATA - AUT [21206990],HUM RELATIVA,Humedad relativa del aire a 2 metros media diaria,2013-06-22 00:00,%,77.3333333333333,Preliminar
21206990,TIBAITATA - AUT [21206990],HUM RELATIVA,Humedad relativa del aire a 2 metros media diaria,2013-06-23 00:00,%,75.375,Preliminar
21206990,TIBAITATA - AUT [21206990],HUM RELATIVA,Humedad relativa del aire a 2 metros media diaria,2013-06-24 00:00,%,81.1666666666667,Preliminar
21206990,TIBAITATA - AUT [21206990],HUM RELATIVA,Humedad relativa del aire a 2 metros media diaria,2013-06-25 00:00,%,85.8125,Preliminar
21206990,TIBAITATA - AUT [21206990],HUM RELATIVA,Humedad relativa del aire a 2 metros media diaria,2013-06-26 00:00,%,80.3333333333333,Preliminar
21206990,TIBAITATA - AUT [21206990],HUM RELATIVA,Humedad relativa del aire a 2 metros media diaria,2013-06-27 00:00,%,79.25,Preliminar
21206990,TIBAITATA - AUT [21206990],HUM RELATIVA,Humedad relativa del aire a 2 metros media diaria,2013-06-28 00:00,%,78.5833333333333,Preliminar
21206990,TIBAITATA - AUT [21206990],HUM RELATIVA,Humedad relativa del aire a 2 metros media diaria,2013-06-29 00:00,%,86.4166666666667,Preliminar
21206990,TIBAITATA - AUT [21206990],HUM RELATIVA,Humedad relativa del aire a 2 metros media diaria,2013-06-30 00:00,%,85.4583333333333,Preliminar
21206990,TIBAITATA - AUT [21206990],HUM RELATIVA,Humedad relativa del aire a 2 metros media diaria,2013-07-01 00:00,%,87.4791666666667,Preliminar
21206990,TIBAITATA - AUT [21206990],HUM RELATIVA,Humedad relativa del aire a 2 metros media diaria,2013-07-02 00:00,%,81,Preliminar
21206990,TIBAITATA - AUT [21206990],HUM RELATIVA,Humedad relativa del aire a 2 metros media diaria,2013-07-03 00:00,%,78.6458333333333,Preliminar
21206990,TIBAITATA - AUT [21206990],HUM RELATIVA,Humedad relativa del aire a 2 metros media diaria,2013-07-04 00:00,%,83.7708333333333,Preliminar
21206990,TIBAITATA - AUT [21206990],HUM RELATIVA,Humedad relativa del aire a 2 metros media diaria,2013-07-05 00:00,%,78.4791666666667,Preliminar
21206990,TIBAITATA - AUT [21206990],HUM RELATIVA,Humedad relativa del aire a 2 metros media diaria,2013-07-06 00:00,%,74.125,Preliminar
21206990,TIBAITATA - AUT [21206990],HUM RELATIVA,Humedad relativa del aire a 2 metros media diaria,2013-07-07 00:00,%,73.5625,Preliminar
21206990,TIBAITATA - AUT [21206990],HUM RELATIVA,Humedad relativa del aire a 2 metros media diaria,2013-07-08 00:00,%,67.8541666666667,Preliminar
21206990,TIBAITATA - AUT [21206990],HUM RELATIVA,Humedad relativa del aire a 2 metros media diaria,2013-07-09 00:00,%,80.5833333333333,Preliminar
21206990,TIBAITATA - AUT [21206990],HUM RELATIVA,Humedad relativa del aire a 2 metros media diaria,2013-07-10 00:00,%,78.3958333333333,Preliminar
21206990,TIBAITATA - AUT [21206990],HUM RELATIVA,Humedad relativa del aire a 2 metros media diaria,2013-07-11 00:00,%,78.0833333333333,Preliminar
21206990,TIBAITATA - AUT [21206990],HUM RELATIVA,Humedad relativa del aire a 2 metros media diaria,2013-07-12 00:00,%,70.625,Preliminar
21206990,TIBAITATA - AUT [21206990],HUM RELATIVA,Humedad relativa del aire a 2 metros media diaria,2013-07-13 00:00,%,74.9375,Preliminar
21206990,TIBAITATA - AUT [21206990],HUM RELATIVA,Humedad relativa del aire a 2 metros media diaria,2013-07-14 00:00,%,77.2916666666667,Preliminar
21206990,TIBAITATA - AUT [21206990],HUM RELATIVA,Humedad relativa del aire a 2 metros media diaria,2013-07-15 00:00,%,80.375,Preliminar
21206990,TIBAITATA - AUT [21206990],HUM RELATIVA,Humedad relativa del aire a 2 metros media diaria,2013-07-16 00:00,%,78.7291666666667,Preliminar
21206990,TIBAITATA - AUT [21206990],HUM RELATIVA,Humedad relativa del aire a 2 metros media diaria,2013-07-17 00:00,%,74.8125,Preliminar
21206990,TIBAITATA - AUT [21206990],HUM RELATIVA,Humedad relativa del aire a 2 metros media diaria,2013-07-18 00:00,%,77.9583333333333,Preliminar
21206990,TIBAITATA - AUT [21206990],HUM RELATIVA,Humedad relativa del aire a 2 metros media diaria,2013-07-19 00:00,%,77.8125,Preliminar
21206990,TIBAITATA - AUT [21206990],HUM RELATIVA,Humedad relativa del aire a 2 metros media diaria,2013-07-20 00:00,%,77.9375,Preliminar
21206990,TIBAITATA - AUT [21206990],HUM RELATIVA,Humedad relativa del aire a 2 metros media diaria,2013-07-21 00:00,%,74.1666666666667,Preliminar
21206990,TIBAITATA - AUT [21206990],HUM RELATIVA,Humedad relativa del aire a 2 metros media diaria,2013-07-22 00:00,%,81.7083333333333,Preliminar
21206990,TIBAITATA - AUT [21206990],HUM RELATIVA,Humedad relativa del aire a 2 metros media diaria,2013-07-23 00:00,%,77.9583333333333,Preliminar
21206990,TIBAITATA - AUT [21206990],HUM RELATIVA,Humedad relativa del aire a 2 metros media diaria,2013-07-24 00:00,%,74.2708333333333,Preliminar
21206990,TIBAITATA - AUT [21206990],HUM RELATIVA,Humedad relativa del aire a 2 metros media diaria,2013-07-25 00:00,%,76.4166666666667,Preliminar
21206990,TIBAITATA - AUT [21206990],HUM RELATIVA,Humedad relativa del aire a 2 metros media diaria,2013-07-26 00:00,%,77.8541666666667,Preliminar
21206990,TIBAITATA - AUT [21206990],HUM RELATIVA,Humedad relativa del aire a 2 metros media diaria,2013-07-27 00:00,%,73.1458333333333,Preliminar
21206990,TIBAITATA - AUT [21206990],HUM RELATIVA,Humedad relativa del aire a 2 metros media diaria,2013-07-28 00:00,%,72.4583333333333,Preliminar
21206990,TIBAITATA - AUT [21206990],HUM RELATIVA,Humedad relativa del aire a 2 metros media diaria,2013-07-29 00:00,%,77.2708333333333,Preliminar
21206990,TIBAITATA - AUT [21206990],HUM RELATIVA,Humedad relativa del aire a 2 metros media diaria,2013-07-30 00:00,%,79.9791666666667,Preliminar
21206990,TIBAITATA - AUT [21206990],HUM RELATIVA,Humedad relativa del aire a 2 metros media diaria,2013-07-31 00:00,%,81.0625,Preliminar
21206990,TIBAITATA - AUT [21206990],HUM RELATIVA,Humedad relativa del aire a 2 metros media diaria,2013-08-01 00:00,%,80.3333333333333,Preliminar
21206990,TIBAITATA - AUT [21206990],HUM RELATIVA,Humedad relativa del aire a 2 metros media diaria,2013-08-02 00:00,%,79.8541666666667,Preliminar
21206990,TIBAITATA - AUT [21206990],HUM RELATIVA,Humedad relativa del aire a 2 metros media diaria,2013-08-03 00:00,%,76.4166666666667,Preliminar
21206990,TIBAITATA - AUT [21206990],HUM RELATIVA,Humedad relativa del aire a 2 metros media diaria,2013-08-04 00:00,%,81.7291666666667,Preliminar
21206990,TIBAITATA - AUT [21206990],HUM RELATIVA,Humedad relativa del aire a 2 metros media diaria,2013-08-05 00:00,%,71.5416666666667,Preliminar
21206990,TIBAITATA - AUT [21206990],HUM RELATIVA,Humedad relativa del aire a 2 metros media diaria,2013-08-06 00:00,%,74.3958333333333,Preliminar
21206990,TIBAITATA - AUT [21206990],HUM RELATIVA,Humedad relativa del aire a 2 metros media diaria,2013-08-07 00:00,%,81.6041666666667,Preliminar
21206990,TIBAITATA - AUT [21206990],HUM RELATIVA,Humedad relativa del aire a 2 metros media diaria,2013-08-08 00:00,%,88.2916666666667,Preliminar
21206990,TIBAITATA - AUT [21206990],HUM RELATIVA,Humedad relativa del aire a 2 metros media diaria,2013-08-09 00:00,%,90.75,Preliminar
21206990,TIBAITATA - AUT [21206990],HUM RELATIVA,Humedad relativa del aire a 2 metros media diaria,2013-08-10 00:00,%,82.0625,Preliminar
21206990,TIBAITATA - AUT [21206990],HUM RELATIVA,Humedad relativa del aire a 2 metros media diaria,2013-08-11 00:00,%,88.5208333333333,Preliminar
21206990,TIBAITATA - AUT [21206990],HUM RELATIVA,Humedad relativa del aire a 2 metros media diaria,2013-08-12 00:00,%,87.125,Preliminar
21206990,TIBAITATA - AUT [21206990],HUM RELATIVA,Humedad relativa del aire a 2 metros media diaria,2013-08-13 00:00,%,88.1666666666667,Preliminar
21206990,TIBAITATA - AUT [21206990],HUM RELATIVA,Humedad relativa del aire a 2 metros media diaria,2013-08-14 00:00,%,73.9166666666667,Preliminar
21206990,TIBAITATA - AUT [21206990],HUM RELATIVA,Humedad relativa del aire a 2 metros media diaria,2013-08-15 00:00,%,76.0416666666667,Preliminar
21206990,TIBAITATA - AUT [21206990],HUM RELATIVA,Humedad relativa del aire a 2 metros media diaria,2013-08-16 00:00,%,73.5,Preliminar
21206990,TIBAITATA - AUT [21206990],HUM RELATIVA,Humedad relativa del aire a 2 metros media diaria,2013-08-17 00:00,%,78.0833333333333,Preliminar
21206990,TIBAITATA - AUT [21206990],HUM RELATIVA,Humedad relativa del aire a 2 metros media diaria,2013-08-18 00:00,%,89.1458333333333,Preliminar
21206990,TIBAITATA - AUT [21206990],HUM RELATIVA,Humedad relativa del aire a 2 metros media diaria,2013-08-19 00:00,%,86.0208333333333,Preliminar
21206990,TIBAITATA - AUT [21206990],HUM RELATIVA,Humedad relativa del aire a 2 metros media diaria,2013-08-20 00:00,%,82.6875,Preliminar
21206990,TIBAITATA - AUT [21206990],HUM RELATIVA,Humedad relativa del aire a 2 metros media diaria,2013-08-21 00:00,%,78.5833333333333,Preliminar
21206990,TIBAITATA - AUT [21206990],HUM RELATIVA,Humedad relativa del aire a 2 metros media diaria,2013-08-22 00:00,%,74.5208333333333,Preliminar
21206990,TIBAITATA - AUT [21206990],HUM RELATIVA,Humedad relativa del aire a 2 metros media diaria,2013-08-23 00:00,%,76.9166666666667,Preliminar
21206990,TIBAITATA - AUT [21206990],HUM RELATIVA,Humedad relativa del aire a 2 metros media diaria,2013-08-24 00:00,%,83.5416666666667,Preliminar
21206990,TIBAITATA - AUT [21206990],HUM RELATIVA,Humedad relativa del aire a 2 metros media diaria,2013-08-25 00:00,%,81.2083333333333,Preliminar
21206990,TIBAITATA - AUT [21206990],HUM RELATIVA,Humedad relativa del aire a 2 metros media diaria,2013-08-26 00:00,%,77.7083333333333,Preliminar
21206990,TIBAITATA - AUT [21206990],HUM RELATIVA,Humedad relativa del aire a 2 metros media diaria,2013-08-27 00:00,%,76.3125,Preliminar
21206990,TIBAITATA - AUT [21206990],HUM RELATIVA,Humedad relativa del aire a 2 metros media diaria,2013-08-28 00:00,%,74.25,Preliminar
21206990,TIBAITATA - AUT [21206990],HUM RELATIVA,Humedad relativa del aire a 2 metros media diaria,2013-08-29 00:00,%,82.9166666666667,Preliminar
21206990,TIBAITATA - AUT [21206990],HUM RELATIVA,Humedad relativa del aire a 2 metros media diaria,2013-08-30 00:00,%,81.1666666666667,Preliminar
21206990,TIBAITATA - AUT [21206990],HUM RELATIVA,Humedad relativa del aire a 2 metros media diaria,2013-08-31 00:00,%,75.1875,Preliminar
21206990,TIBAITATA - AUT [21206990],HUM RELATIVA,Humedad relativa del aire a 2 metros media diaria,2013-09-01 00:00,%,70.5,Preliminar
21206990,TIBAITATA - AUT [21206990],HUM RELATIVA,Humedad relativa del aire a 2 metros media diaria,2013-09-02 00:00,%,83.3958333333333,Preliminar
21206990,TIBAITATA - AUT [21206990],HUM RELATIVA,Humedad relativa del aire a 2 metros media diaria,2013-09-03 00:00,%,88.2916666666667,Preliminar
21206990,TIBAITATA - AUT [21206990],HUM RELATIVA,Humedad relativa del aire a 2 metros media diaria,2013-09-04 00:00,%,88.4791666666667,Preliminar
21206990,TIBAITATA - AUT [21206990],HUM RELATIVA,Humedad relativa del aire a 2 metros media diaria,2013-09-05 00:00,%,84.3541666666667,Preliminar
21206990,TIBAITATA - AUT [21206990],HUM RELATIVA,Humedad relativa del aire a 2 metros media diaria,2013-09-06 00:00,%,81.5416666666667,Preliminar
21206990,TIBAITATA - AUT [21206990],HUM RELATIVA,Humedad relativa del aire a 2 metros media diaria,2013-09-07 00:00,%,82.75,Preliminar
21206990,TIBAITATA - AUT [21206990],HUM RELATIVA,Humedad relativa del aire a 2 metros media diaria,2013-09-08 00:00,%,78.1458333333333,Preliminar
21206990,TIBAITATA - AUT [21206990],HUM RELATIVA,Humedad relativa del aire a 2 metros media diaria,2013-09-09 00:00,%,78.5416666666667,Preliminar
21206990,TIBAITATA - AUT [21206990],HUM RELATIVA,Humedad relativa del aire a 2 metros media diaria,2013-09-10 00:00,%,79.9375,Preliminar
21206990,TIBAITATA - AUT [21206990],HUM RELATIVA,Humedad relativa del aire a 2 metros media diaria,2013-09-11 00:00,%,84.625,Preliminar
21206990,TIBAITATA - AUT [21206990],HUM RELATIVA,Humedad relativa del aire a 2 metros media diaria,2013-09-12 00:00,%,88.2916666666667,Preliminar
21206990,TIBAITATA - AUT [21206990],HUM RELATIVA,Humedad relativa del aire a 2 metros media diaria,2013-09-13 00:00,%,87.5833333333333,Preliminar
21206990,TIBAITATA - AUT [21206990],HUM RELATIVA,Humedad relativa del aire a 2 metros media diaria,2013-09-14 00:00,%,76,Preliminar
21206990,TIBAITATA - AUT [21206990],HUM RELATIVA,Humedad relativa del aire a 2 metros media diaria,2013-09-15 00:00,%,79.6875,Preliminar
21206990,TIBAITATA - AUT [21206990],HUM RELATIVA,Humedad relativa del aire a 2 metros media diaria,2013-09-16 00:00,%,74.8541666666667,Preliminar
21206990,TIBAITATA - AUT [21206990],HUM RELATIVA,Humedad relativa del aire a 2 metros media diaria,2013-09-17 00:00,%,81.5208333333333,Preliminar
21206990,TIBAITATA - AUT [21206990],HUM RELATIVA,Humedad relativa del aire a 2 metros media diaria,2013-09-18 00:00,%,80.0625,Preliminar
21206990,TIBAITATA - AUT [21206990],HUM RELATIVA,Humedad relativa del aire a 2 metros media diaria,2013-09-19 00:00,%,75.75,Preliminar
21206990,TIBAITATA - AUT [21206990],HUM RELATIVA,Humedad relativa del aire a 2 metros media diaria,2013-09-20 00:00,%,74.5,Preliminar
21206990,TIBAITATA - AUT [21206990],HUM RELATIVA,Humedad relativa del aire a 2 metros media diaria,2013-09-21 00:00,%,75.5,Preliminar
21206990,TIBAITATA - AUT [21206990],HUM RELATIVA,Humedad relativa del aire a 2 metros media diaria,2013-09-22 00:00,%,74.0208333333333,Preliminar
21206990,TIBAITATA - AUT [21206990],HUM RELATIVA,Humedad relativa del aire a 2 metros media diaria,2013-09-23 00:00,%,69.1458333333333,Preliminar
21206990,TIBAITATA - AUT [21206990],HUM RELATIVA,Humedad relativa del aire a 2 metros media diaria,2013-09-24 00:00,%,71.5625,Preliminar
21206990,TIBAITATA - AUT [21206990],HUM RELATIVA,Humedad relativa del aire a 2 metros media diaria,2013-09-25 00:00,%,72.7916666666667,Preliminar
21206990,TIBAITATA - AUT [21206990],HUM RELATIVA,Humedad relativa del aire a 2 metros media diaria,2013-09-26 00:00,%,77.3125,Preliminar
21206990,TIBAITATA - AUT [21206990],HUM RELATIVA,Humedad relativa del aire a 2 metros media diaria,2013-09-27 00:00,%,75.4166666666667,Preliminar
21206990,TIBAITATA - AUT [21206990],HUM RELATIVA,Humedad relativa del aire a 2 metros media diaria,2013-09-28 00:00,%,74.125,Preliminar
21206990,TIBAITATA - AUT [21206990],HUM RELATIVA,Humedad relativa del aire a 2 metros media diaria,2013-09-29 00:00,%,73.0625,Preliminar
21206990,TIBAITATA - AUT [21206990],HUM RELATIVA,Humedad relativa del aire a 2 metros media diaria,2013-09-30 00:00,%,74.25,Preliminar
21206990,TIBAITATA - AUT [21206990],HUM RELATIVA,Humedad relativa del aire a 2 metros media diaria,2013-10-03 00:00,%,38.5666666666667,Preliminar
21206990,TIBAITATA - AUT [21206990],HUM RELATIVA,Humedad relativa del aire a 2 metros media diaria,2013-10-04 00:00,%,12.9285714285714,Preliminar
21206990,TIBAITATA - AUT [21206990],HUM RELATIVA,Humedad relativa del aire a 2 metros media diaria,2013-12-05 00:00,%,75.4117647058824,Preliminar
21206990,TIBAITATA - AUT [21206990],HUM RELATIVA,Humedad relativa del aire a 2 metros media diaria,2013-12-06 00:00,%,79.7045454545454,Preliminar
21206990,TIBAITATA - AUT [21206990],HUM RELATIVA,Humedad relativa del aire a 2 metros media diaria,2013-12-08 00:00,%,85.2631578947368,Preliminar
21206990,TIBAITATA - AUT [21206990],HUM RELATIVA,Humedad relativa del aire a 2 metros media diaria,2013-12-09 00:00,%,81,Preliminar
21206990,TIBAITATA - AUT [21206990],HUM RELATIVA,Humedad relativa del aire a 2 metros media diaria,2013-12-10 00:00,%,75.1111111111111,Preliminar
21206990,TIBAITATA - AUT [21206990],HUM RELATIVA,Humedad relativa del aire a 2 metros media diaria,2013-12-11 00:00,%,80.1458333333333,Preliminar
21206990,TIBAITATA - AUT [21206990],HUM RELATIVA,Humedad relativa del aire a 2 metros media diaria,2013-12-12 00:00,%,81,Preliminar
21206990,TIBAITATA - AUT [21206990],HUM RELATIVA,Humedad relativa del aire a 2 metros media diaria,2013-12-13 00:00,%,73.4333333333334,Preliminar
21206990,TIBAITATA - AUT [21206990],HUM RELATIVA,Humedad relativa del aire a 2 metros media diaria,2013-12-14 00:00,%,76.2619047619048,Preliminar
21206990,TIBAITATA - AUT [21206990],HUM RELATIVA,Humedad relativa del aire a 2 metros media diaria,2013-12-15 00:00,%,80.9791666666667,Preliminar
21206990,TIBAITATA - AUT [21206990],HUM RELATIVA,Humedad relativa del aire a 2 metros media diaria,2013-12-16 00:00,%,81.5625,Preliminar
21206990,TIBAITATA - AUT [21206990],HUM RELATIVA,Humedad relativa del aire a 2 metros media diaria,2013-12-17 00:00,%,84.6590909090909,Preliminar
21206990,TIBAITATA - AUT [21206990],HUM RELATIVA,Humedad relativa del aire a 2 metros media diaria,2013-12-18 00:00,%,88.9166666666667,Preliminar
21206990,TIBAITATA - AUT [21206990],HUM RELATIVA,Humedad relativa del aire a 2 metros media diaria,2013-12-19 00:00,%,84.9791666666667,Preliminar
21206990,TIBAITATA - AUT [21206990],HUM RELATIVA,Humedad relativa del aire a 2 metros media diaria,2013-12-20 00:00,%,84.5714285714286,Preliminar
21206990,TIBAITATA - AUT [21206990],HUM RELATIVA,Humedad relativa del aire a 2 metros media diaria,2013-12-21 00:00,%,82.9166666666667,Preliminar
21206990,TIBAITATA - AUT [21206990],HUM RELATIVA,Humedad relativa del aire a 2 metros media diaria,2013-12-22 00:00,%,82.6590909090909,Preliminar
21206990,TIBAITATA - AUT [21206990],HUM RELATIVA,Humedad relativa del aire a 2 metros media diaria,2013-12-23 00:00,%,92.3181818181818,Preliminar
21206990,TIBAITATA - AUT [21206990],HUM RELATIVA,Humedad relativa del aire a 2 metros media diaria,2013-12-24 00:00,%,90.9285714285714,Preliminar
21206990,TIBAITATA - AUT [21206990],HUM RELATIVA,Humedad relativa del aire a 2 metros media diaria,2013-12-25 00:00,%,86.952380952381,Preliminar
21206990,TIBAITATA - AUT [21206990],HUM RELATIVA,Humedad relativa del aire a 2 metros media diaria,2013-12-26 00:00,%,82.40625,Preliminar
21206990,TIBAITATA - AUT [21206990],HUM RELATIVA,Humedad relativa del aire a 2 metros media diaria,2013-12-28 00:00,%,70.8636363636364,Preliminar
21206990,TIBAITATA - AUT [21206990],HUM RELATIVA,Humedad relativa del aire a 2 metros media diaria,2013-12-29 00:00,%,75.375,Preliminar
21206990,TIBAITATA - AUT [21206990],HUM RELATIVA,Humedad relativa del aire a 2 metros media diaria,2013-12-30 00:00,%,71.6875,Preliminar
21206990,TIBAITATA - AUT [21206990],HUM RELATIVA,Humedad relativa del aire a 2 metros media diaria,2013-12-31 00:00,%,75.0625,Preliminar
21206990,TIBAITATA - AUT [21206990],HUM RELATIVA,Humedad relativa del aire a 2 metros media diaria,2014-01-01 00:00,%,72.925,Preliminar
21206990,TIBAITATA - AUT [21206990],HUM RELATIVA,Humedad relativa del aire a 2 metros media diaria,2014-01-02 00:00,%,79.2291666666667,Preliminar
21206990,TIBAITATA - AUT [21206990],HUM RELATIVA,Humedad relativa del aire a 2 metros media diaria,2014-01-03 00:00,%,77.2857142857143,Preliminar
21206990,TIBAITATA - AUT [21206990],HUM RELATIVA,Humedad relativa del aire a 2 metros media diaria,2014-01-04 00:00,%,80.625,Preliminar
21206990,TIBAITATA - AUT [21206990],HUM RELATIVA,Humedad relativa del aire a 2 metros media diaria,2014-01-05 00:00,%,80,Preliminar
21206990,TIBAITATA - AUT [21206990],HUM RELATIVA,Humedad relativa del aire a 2 metros media diaria,2014-01-06 00:00,%,87.875,Preliminar
21206990,TIBAITATA - AUT [21206990],HUM RELATIVA,Humedad relativa del aire a 2 metros media diaria,2014-01-07 00:00,%,90.3958333333333,Preliminar
21206990,TIBAITATA - AUT [21206990],HUM RELATIVA,Humedad relativa del aire a 2 metros media diaria,2014-01-08 00:00,%,88.875,Preliminar
21206990,TIBAITATA - AUT [21206990],HUM RELATIVA,Humedad relativa del aire a 2 metros media diaria,2014-01-09 00:00,%,81.4,Preliminar
21206990,TIBAITATA - AUT [21206990],HUM RELATIVA,Humedad relativa del aire a 2 metros media diaria,2014-01-10 00:00,%,81.4166666666667,Preliminar
21206990,TIBAITATA - AUT [21206990],HUM RELATIVA,Humedad relativa del aire a 2 metros media diaria,2014-01-11 00:00,%,77.452380952381,Preliminar
21206990,TIBAITATA - AUT [21206990],HUM RELATIVA,Humedad relativa del aire a 2 metros media diaria,2014-01-12 00:00,%,84.3125,Preliminar
21206990,TIBAITATA - AUT [21206990],HUM RELATIVA,Humedad relativa del aire a 2 metros media diaria,2014-01-13 00:00,%,79.6190476190476,Preliminar
21206990,TIBAITATA - AUT [21206990],HUM RELATIVA,Humedad relativa del aire a 2 metros media diaria,2014-01-14 00:00,%,77.9090909090909,Preliminar
21206990,TIBAITATA - AUT [21206990],HUM RELATIVA,Humedad relativa del aire a 2 metros media diaria,2014-01-15 00:00,%,78.5526315789474,Preliminar
21206990,TIBAITATA - AUT [21206990],HUM RELATIVA,Humedad relativa del aire a 2 metros media diaria,2014-01-16 00:00,%,81.9583333333333,Preliminar
21206990,TIBAITATA - AUT [21206990],HUM RELATIVA,Humedad relativa del aire a 2 metros media diaria,2014-01-17 00:00,%,76.1041666666667,Preliminar
21206990,TIBAITATA - AUT [21206990],HUM RELATIVA,Humedad relativa del aire a 2 metros media diaria,2014-01-18 00:00,%,75.3571428571429,Preliminar
21206990,TIBAITATA - AUT [21206990],HUM RELATIVA,Humedad relativa del aire a 2 metros media diaria,2014-01-19 00:00,%,75.25,Preliminar
21206990,TIBAITATA - AUT [21206990],HUM RELATIVA,Humedad relativa del aire a 2 metros media diaria,2014-01-20 00:00,%,76.1190476190476,Preliminar
21206990,TIBAITATA - AUT [21206990],HUM RELATIVA,Humedad relativa del aire a 2 metros media diaria,2014-01-21 00:00,%,81.2045454545454,Preliminar
21206990,TIBAITATA - AUT [21206990],HUM RELATIVA,Humedad relativa del aire a 2 metros media diaria,2014-01-22 00:00,%,82.4210526315789,Preliminar
21206990,TIBAITATA - AUT [21206990],HUM RELATIVA,Humedad relativa del aire a 2 metros media diaria,2014-01-23 00:00,%,78.3157894736842,Preliminar
21206990,TIBAITATA - AUT [21206990],HUM RELATIVA,Humedad relativa del aire a 2 metros media diaria,2014-01-24 00:00,%,79.5263157894737,Preliminar
21206990,TIBAITATA - AUT [21206990],HUM RELATIVA,Humedad relativa del aire a 2 metros media diaria,2014-01-25 00:00,%,84.0416666666667,Preliminar
21206990,TIBAITATA - AUT [21206990],HUM RELATIVA,Humedad relativa del aire a 2 metros media diaria,2014-01-26 00:00,%,88.2272727272727,Preliminar
21206990,TIBAITATA - AUT [21206990],HUM RELATIVA,Humedad relativa del aire a 2 metros media diaria,2014-01-27 00:00,%,81.75,Preliminar
21206990,TIBAITATA - AUT [21206990],HUM RELATIVA,Humedad relativa del aire a 2 metros media diaria,2014-01-28 00:00,%,80.0238095238095,Preliminar
21206990,TIBAITATA - AUT [21206990],HUM RELATIVA,Humedad relativa del aire a 2 metros media diaria,2014-01-29 00:00,%,75.6176470588235,Preliminar
21206990,TIBAITATA - AUT [21206990],HUM RELATIVA,Humedad relativa del aire a 2 metros media diaria,2014-01-30 00:00,%,81.9210526315789,Preliminar
21206990,TIBAITATA - AUT [21206990],HUM RELATIVA,Humedad relativa del aire a 2 metros media diaria,2014-01-31 00:00,%,78.175,Preliminar
21206990,TIBAITATA - AUT [21206990],HUM RELATIVA,Humedad relativa del aire a 2 metros media diaria,2014-02-01 00:00,%,80.375,Preliminar
21206990,TIBAITATA - AUT [21206990],HUM RELATIVA,Humedad relativa del aire a 2 metros media diaria,2014-02-02 00:00,%,85.7142857142857,Preliminar
21206990,TIBAITATA - AUT [21206990],HUM RELATIVA,Humedad relativa del aire a 2 metros media diaria,2014-02-03 00:00,%,80.3333333333333,Preliminar
21206990,TIBAITATA - AUT [21206990],HUM RELATIVA,Humedad relativa del aire a 2 metros media diaria,2014-02-04 00:00,%,82.2916666666667,Preliminar
21206990,TIBAITATA - AUT [21206990],HUM RELATIVA,Humedad relativa del aire a 2 metros media diaria,2014-02-05 00:00,%,81.025,Preliminar
21206990,TIBAITATA - AUT [21206990],HUM RELATIVA,Humedad relativa del aire a 2 metros media diaria,2014-02-06 00:00,%,80.3181818181818,Preliminar
21206990,TIBAITATA - AUT [21206990],HUM RELATIVA,Humedad relativa del aire a 2 metros media diaria,2014-02-07 00:00,%,83.9791666666667,Preliminar
21206990,TIBAITATA - AUT [21206990],HUM RELATIVA,Humedad relativa del aire a 2 metros media diaria,2014-02-08 00:00,%,73.4583333333333,Preliminar
21206990,TIBAITATA - AUT [21206990],HUM RELATIVA,Humedad relativa del aire a 2 metros media diaria,2014-02-09 00:00,%,82.75,Preliminar
21206990,TIBAITATA - AUT [21206990],HUM RELATIVA,Humedad relativa del aire a 2 metros media diaria,2014-02-10 00:00,%,75.8863636363636,Preliminar
21206990,TIBAITATA - AUT [21206990],HUM RELATIVA,Humedad relativa del aire a 2 metros media diaria,2014-02-11 00:00,%,78.3958333333333,Preliminar
21206990,TIBAITATA - AUT [21206990],HUM RELATIVA,Humedad relativa del aire a 2 metros media diaria,2014-02-12 00:00,%,83.3125,Preliminar
21206990,TIBAITATA - AUT [21206990],HUM RELATIVA,Humedad relativa del aire a 2 metros media diaria,2014-02-13 00:00,%,82.5208333333333,Preliminar
21206990,TIBAITATA - AUT [21206990],HUM RELATIVA,Humedad relativa del aire a 2 metros media diaria,2014-02-14 00:00,%,80.1904761904762,Preliminar
21206990,TIBAITATA - AUT [21206990],HUM RELATIVA,Humedad relativa del aire a 2 metros media diaria,2014-02-15 00:00,%,76.8545454545454,Preliminar
21206990,TIBAITATA - AUT [21206990],HUM RELATIVA,Humedad relativa del aire a 2 metros media diaria,2014-02-16 00:00,%,82.1818181818182,Preliminar
21206990,TIBAITATA - AUT [21206990],HUM RELATIVA,Humedad relativa del aire a 2 metros media diaria,2014-02-17 00:00,%,81.3958333333333,Preliminar
21206990,TIBAITATA - AUT [21206990],HUM RELATIVA,Humedad relativa del aire a 2 metros media diaria,2014-02-18 00:00,%,81.5277777777778,Preliminar
21206990,TIBAITATA - AUT [21206990],HUM RELATIVA,Humedad relativa del aire a 2 metros media diaria,2014-02-19 00:00,%,87.25,Preliminar
21206990,TIBAITATA - AUT [21206990],HUM RELATIVA,Humedad relativa del aire a 2 metros media diaria,2014-02-20 00:00,%,84.0227272727273,Preliminar
21206990,TIBAITATA - AUT [21206990],HUM RELATIVA,Humedad relativa del aire a 2 metros media diaria,2014-02-21 00:00,%,89.4,Preliminar
21206990,TIBAITATA - AUT [21206990],HUM RELATIVA,Humedad relativa del aire a 2 metros media diaria,2014-02-22 00:00,%,86.9375,Preliminar
21206990,TIBAITATA - AUT [21206990],HUM RELATIVA,Humedad relativa del aire a 2 metros media diaria,2014-02-23 00:00,%,84.925,Preliminar
21206990,TIBAITATA - AUT [21206990],HUM RELATIVA,Humedad relativa del aire a 2 metros media diaria,2014-02-24 00:00,%,79.40625,Preliminar
21206990,TIBAITATA - AUT [21206990],HUM RELATIVA,Humedad relativa del aire a 2 metros media diaria,2014-02-26 00:00,%,86.9545454545454,Preliminar
21206990,TIBAITATA - AUT [21206990],HUM RELATIVA,Humedad relativa del aire a 2 metros media diaria,2014-02-27 00:00,%,89.1111111111111,Preliminar
21206990,TIBAITATA - AUT [21206990],HUM RELATIVA,Humedad relativa del aire a 2 metros media diaria,2014-02-28 00:00,%,88.15625,Preliminar
21206990,TIBAITATA - AUT [21206990],HUM RELATIVA,Humedad relativa del aire a 2 metros media diaria,2014-03-02 00:00,%,87.6333333333334,Preliminar
21206990,TIBAITATA - AUT [21206990],HUM RELATIVA,Humedad relativa del aire a 2 metros media diaria,2014-03-03 00:00,%,84.6190476190476,Preliminar
21206990,TIBAITATA - AUT [21206990],HUM RELATIVA,Humedad relativa del aire a 2 metros media diaria,2014-03-06 00:00,%,85.5833333333333,Preliminar
21206990,TIBAITATA - AUT [21206990],HUM RELATIVA,Humedad relativa del aire a 2 metros media diaria,2014-03-07 00:00,%,86.3863636363636,Preliminar
21206990,TIBAITATA - AUT [21206990],HUM RELATIVA,Humedad relativa del aire a 2 metros media diaria,2014-03-08 00:00,%,85.3958333333333,Preliminar
21206990,TIBAITATA - AUT [21206990],HUM RELATIVA,Humedad relativa del aire a 2 metros media diaria,2014-03-09 00:00,%,83.7708333333333,Preliminar
21206990,TIBAITATA - AUT [21206990],HUM RELATIVA,Humedad relativa del aire a 2 metros media diaria,2014-03-10 00:00,%,83.0238095238095,Preliminar
21206990,TIBAITATA - AUT [21206990],HUM RELATIVA,Humedad relativa del aire a 2 metros media diaria,2014-03-11 00:00,%,84.9047619047619,Preliminar
21206990,TIBAITATA - AUT [21206990],HUM RELATIVA,Humedad relativa del aire a 2 metros media diaria,2014-03-12 00:00,%,85.3235294117647,Preliminar
21206990,TIBAITATA - AUT [21206990],HUM RELATIVA,Humedad relativa del aire a 2 metros media diaria,2014-03-13 00:00,%,87.5416666666667,Preliminar
21206990,TIBAITATA - AUT [21206990],HUM RELATIVA,Humedad relativa del aire a 2 metros media diaria,2014-03-14 00:00,%,88.8611111111111,Preliminar
21206990,TIBAITATA - AUT [21206990],HUM RELATIVA,Humedad relativa del aire a 2 metros media diaria,2014-03-15 00:00,%,87.95,Preliminar
21206990,TIBAITATA - AUT [21206990],HUM RELATIVA,Humedad relativa del aire a 2 metros media diaria,2014-03-16 00:00,%,84.6333333333334,Preliminar
21206990,TIBAITATA - AUT [21206990],HUM RELATIVA,Humedad relativa del aire a 2 metros media diaria,2014-03-17 00:00,%,79.5,Preliminar
21206990,TIBAITATA - AUT [21206990],HUM RELATIVA,Humedad relativa del aire a 2 metros media diaria,2014-03-18 00:00,%,76.65,Preliminar
21206990,TIBAITATA - AUT [21206990],HUM RELATIVA,Humedad relativa del aire a 2 metros media diaria,2014-03-19 00:00,%,79.175,Preliminar
21206990,TIBAITATA - AUT [21206990],HUM RELATIVA,Humedad relativa del aire a 2 metros media diaria,2014-03-20 00:00,%,75.25,Preliminar
21206990,TIBAITATA - AUT [21206990],HUM RELATIVA,Humedad relativa del aire a 2 metros media diaria,2014-03-21 00:00,%,83.9473684210526,Preliminar
21206990,TIBAITATA - AUT [21206990],HUM RELATIVA,Humedad relativa del aire a 2 metros media diaria,2014-03-22 00:00,%,74.2,Preliminar
21206990,TIBAITATA - AUT [21206990],HUM RELATIVA,Humedad relativa del aire a 2 metros media diaria,2014-03-23 00:00,%,76.59375,Preliminar
21206990,TIBAITATA - AUT [21206990],HUM RELATIVA,Humedad relativa del aire a 2 metros media diaria,2014-03-24 00:00,%,83.5789473684211,Preliminar
21206990,TIBAITATA - AUT [21206990],HUM RELATIVA,Humedad relativa del aire a 2 metros media diaria,2014-03-26 00:00,%,79.3611111111111,Preliminar
21206990,TIBAITATA - AUT [21206990],HUM RELATIVA,Humedad relativa del aire a 2 metros media diaria,2014-03-27 00:00,%,77.6818181818182,Preliminar
21206990,TIBAITATA - AUT [21206990],HUM RELATIVA,Humedad relativa del aire a 2 metros media diaria,2014-03-30 00:00,%,83.75,Preliminar
21206990,TIBAITATA - AUT [21206990],HUM RELATIVA,Humedad relativa del aire a 2 metros media diaria,2014-03-31 00:00,%,80.2291666666667,Preliminar
21206990,TIBAITATA - AUT [21206990],HUM RELATIVA,Humedad relativa del aire a 2 metros media diaria,2014-04-01 00:00,%,73.9375,Preliminar
21206990,TIBAITATA - AUT [21206990],HUM RELATIVA,Humedad relativa del aire a 2 metros media diaria,2014-04-02 00:00,%,74.1111111111111,Preliminar
21206990,TIBAITATA - AUT [21206990],HUM RELATIVA,Humedad relativa del aire a 2 metros media diaria,2014-04-04 00:00,%,73.5769230769231,Preliminar
21206990,TIBAITATA - AUT [21206990],HUM RELATIVA,Humedad relativa del aire a 2 metros media diaria,2014-04-05 00:00,%,74.7352941176471,Preliminar
21206990,TIBAITATA - AUT [21206990],HUM RELATIVA,Humedad relativa del aire a 2 metros media diaria,2014-04-06 00:00,%,73.804347826087,Preliminar
21206990,TIBAITATA - AUT [21206990],HUM RELATIVA,Humedad relativa del aire a 2 metros media diaria,2014-04-07 00:00,%,70.9666666666667,Preliminar
21206990,TIBAITATA - AUT [21206990],HUM RELATIVA,Humedad relativa del aire a 2 metros media diaria,2014-04-08 00:00,%,75.03125,Preliminar
21206990,TIBAITATA - AUT [21206990],HUM RELATIVA,Humedad relativa del aire a 2 metros media diaria,2014-04-09 00:00,%,75.9444444444444,Preliminar
21206990,TIBAITATA - AUT [21206990],HUM RELATIVA,Humedad relativa del aire a 2 metros media diaria,2014-04-10 00:00,%,75.775,Preliminar
21206990,TIBAITATA - AUT [21206990],HUM RELATIVA,Humedad relativa del aire a 2 metros media diaria,2014-04-12 00:00,%,72.4444444444444,Preliminar
21206990,TIBAITATA - AUT [21206990],HUM RELATIVA,Humedad relativa del aire a 2 metros media diaria,2014-04-13 00:00,%,73.3181818181818,Preliminar
21206990,TIBAITATA - AUT [21206990],HUM RELATIVA,Humedad relativa del aire a 2 metros media diaria,2014-04-14 00:00,%,77.125,Preliminar
21206990,TIBAITATA - AUT [21206990],HUM RELATIVA,Humedad relativa del aire a 2 metros media diaria,2014-04-15 00:00,%,88.8823529411765,Preliminar
21206990,TIBAITATA - AUT [21206990],HUM RELATIVA,Humedad relativa del aire a 2 metros media diaria,2014-04-16 00:00,%,84.2222222222222,Preliminar
21206990,TIBAITATA - AUT [21206990],HUM RELATIVA,Humedad relativa del aire a 2 metros media diaria,2014-04-17 00:00,%,79.0769230769231,Preliminar
21206990,TIBAITATA - AUT [21206990],HUM RELATIVA,Humedad relativa del aire a 2 metros media diaria,2014-04-18 00:00,%,82,Preliminar
21206990,TIBAITATA - AUT [21206990],HUM RELATIVA,Humedad relativa del aire a 2 metros media diaria,2014-04-19 00:00,%,86.3958333333333,Preliminar
21206990,TIBAITATA - AUT [21206990],HUM RELATIVA,Humedad relativa del aire a 2 metros media diaria,2014-04-20 00:00,%,78.75,Preliminar
21206990,TIBAITATA - AUT [21206990],HUM RELATIVA,Humedad relativa del aire a 2 metros media diaria,2014-04-21 00:00,%,91.225,Preliminar
21206990,TIBAITATA - AUT [21206990],HUM RELATIVA,Humedad relativa del aire a 2 metros media diaria,2014-04-22 00:00,%,89.5208333333333,Preliminar
21206990,TIBAITATA - AUT [21206990],HUM RELATIVA,Humedad relativa del aire a 2 metros media diaria,2014-04-23 00:00,%,83.2272727272727,Preliminar
21206990,TIBAITATA - AUT [21206990],HUM RELATIVA,Humedad relativa del aire a 2 metros media diaria,2014-04-24 00:00,%,86.875,Preliminar
21206990,TIBAITATA - AUT [21206990],HUM RELATIVA,Humedad relativa del aire a 2 metros media diaria,2014-04-25 00:00,%,80.5227272727273,Preliminar
21206990,TIBAITATA - AUT [21206990],HUM RELATIVA,Humedad relativa del aire a 2 metros media diaria,2014-04-26 00:00,%,82,Preliminar
21206990,TIBAITATA - AUT [21206990],HUM RELATIVA,Humedad relativa del aire a 2 metros media diaria,2014-04-27 00:00,%,80.2631578947368,Preliminar
21206990,TIBAITATA - AUT [21206990],HUM RELATIVA,Humedad relativa del aire a 2 metros media diaria,2014-04-28 00:00,%,78.4,Preliminar
21206990,TIBAITATA - AUT [21206990],HUM RELATIVA,Humedad relativa del aire a 2 metros media diaria,2014-04-29 00:00,%,80.8541666666667,Preliminar
21206990,TIBAITATA - AUT [21206990],HUM RELATIVA,Humedad relativa del aire a 2 metros media diaria,2014-04-30 00:00,%,87.0789473684211,Preliminar
21206990,TIBAITATA - AUT [21206990],HUM RELATIVA,Humedad relativa del aire a 2 metros media diaria,2014-05-01 00:00,%,83.5833333333333,Preliminar
21206990,TIBAITATA - AUT [21206990],HUM RELATIVA,Humedad relativa del aire a 2 metros media diaria,2014-05-02 00:00,%,78.1458333333333,Preliminar
21206990,TIBAITATA - AUT [21206990],HUM RELATIVA,Humedad relativa del aire a 2 metros media diaria,2014-05-03 00:00,%,74.9583333333333,Preliminar
21206990,TIBAITATA - AUT [21206990],HUM RELATIVA,Humedad relativa del aire a 2 metros media diaria,2014-05-04 00:00,%,81.875,Preliminar
21206990,TIBAITATA - AUT [21206990],HUM RELATIVA,Humedad relativa del aire a 2 metros media diaria,2014-05-05 00:00,%,83.9375,Preliminar
21206990,TIBAITATA - AUT [21206990],HUM RELATIVA,Humedad relativa del aire a 2 metros media diaria,2014-05-06 00:00,%,84.9,Preliminar
21206990,TIBAITATA - AUT [21206990],HUM RELATIVA,Humedad relativa del aire a 2 metros media diaria,2014-05-07 00:00,%,87.4318181818182,Preliminar
21206990,TIBAITATA - AUT [21206990],HUM RELATIVA,Humedad relativa del aire a 2 metros media diaria,2014-05-08 00:00,%,90.3541666666667,Preliminar
21206990,TIBAITATA - AUT [21206990],HUM RELATIVA,Humedad relativa del aire a 2 metros media diaria,2014-05-09 00:00,%,88.875,Preliminar
21206990,TIBAITATA - AUT [21206990],HUM RELATIVA,Humedad relativa del aire a 2 metros media diaria,2014-05-10 00:00,%,88.4166666666667,Preliminar
21206990,TIBAITATA - AUT [21206990],HUM RELATIVA,Humedad relativa del aire a 2 metros media diaria,2014-05-11 00:00,%,89.6458333333333,Preliminar
21206990,TIBAITATA - AUT [21206990],HUM RELATIVA,Humedad relativa del aire a 2 metros media diaria,2014-05-12 00:00,%,87.6875,Preliminar
21206990,TIBAITATA - AUT [21206990],HUM RELATIVA,Humedad relativa del aire a 2 metros media diaria,2014-05-13 00:00,%,78.3541666666667,Preliminar
21206990,TIBAITATA - AUT [21206990],HUM RELATIVA,Humedad relativa del aire a 2 metros media diaria,2014-05-14 00:00,%,77.2708333333333,Preliminar
21206990,TIBAITATA - AUT [21206990],HUM RELATIVA,Humedad relativa del aire a 2 metros media diaria,2014-05-15 00:00,%,87.0833333333333,Preliminar
21206990,TIBAITATA - AUT [21206990],HUM RELATIVA,Humedad relativa del aire a 2 metros media diaria,2014-05-16 00:00,%,88.5,Preliminar
21206990,TIBAITATA - AUT [21206990],HUM RELATIVA,Humedad relativa del aire a 2 metros media diaria,2014-05-17 00:00,%,90.0833333333333,Preliminar
21206990,TIBAITATA - AUT [21206990],HUM RELATIVA,Humedad relativa del aire a 2 metros media diaria,2014-05-18 00:00,%,84.9583333333333,Preliminar
21206990,TIBAITATA - AUT [21206990],HUM RELATIVA,Humedad relativa del aire a 2 metros media diaria,2014-05-19 00:00,%,87.6315789473684,Preliminar
21206990,TIBAITATA - AUT [21206990],HUM RELATIVA,Humedad relativa del aire a 2 metros media diaria,2014-05-20 00:00,%,76.5,Preliminar
21206990,TIBAITATA - AUT [21206990],HUM RELATIVA,Humedad relativa del aire a 2 metros media diaria,2014-05-21 00:00,%,81.5,Preliminar
21206990,TIBAITATA - AUT [21206990],HUM RELATIVA,Humedad relativa del aire a 2 metros media diaria,2014-05-22 00:00,%,89.8928571428571,Preliminar
21206990,TIBAITATA - AUT [21206990],HUM RELATIVA,Humedad relativa del aire a 2 metros media diaria,2014-05-23 00:00,%,90.2045454545454,Preliminar
21206990,TIBAITATA - AUT [21206990],HUM RELATIVA,Humedad relativa del aire a 2 metros media diaria,2014-05-24 00:00,%,76.5277777777778,Preliminar
21206990,TIBAITATA - AUT [21206990],HUM RELATIVA,Humedad relativa del aire a 2 metros media diaria,2014-05-25 00:00,%,76.4375,Preliminar
21206990,TIBAITATA - AUT [21206990],HUM RELATIVA,Humedad relativa del aire a 2 metros media diaria,2014-05-26 00:00,%,82.125,Preliminar
21206990,TIBAITATA - AUT [21206990],HUM RELATIVA,Humedad relativa del aire a 2 metros media diaria,2014-05-27 00:00,%,91.8235294117647,Preliminar
21206990,TIBAITATA - AUT [21206990],HUM RELATIVA,Humedad relativa del aire a 2 metros media diaria,2014-05-28 00:00,%,88.2727272727273,Preliminar
21206990,TIBAITATA - AUT [21206990],HUM RELATIVA,Humedad relativa del aire a 2 metros media diaria,2014-05-29 00:00,%,85.8541666666667,Preliminar
21206990,TIBAITATA - AUT [21206990],HUM RELATIVA,Humedad relativa del aire a 2 metros media diaria,2014-05-30 00:00,%,86.3863636363636,Preliminar
21206990,TIBAITATA - AUT [21206990],HUM RELATIVA,Humedad relativa del aire a 2 metros media diaria,2014-05-31 00:00,%,81.6590909090909,Preliminar
21206990,TIBAITATA - AUT [21206990],HUM RELATIVA,Humedad relativa del aire a 2 metros media diaria,2014-06-01 00:00,%,76.875,Preliminar
21206990,TIBAITATA - AUT [21206990],HUM RELATIVA,Humedad relativa del aire a 2 metros media diaria,2014-06-02 00:00,%,85.8125,Preliminar
21206990,TIBAITATA - AUT [21206990],HUM RELATIVA,Humedad relativa del aire a 2 metros media diaria,2014-06-03 00:00,%,90.3421052631579,Preliminar
21206990,TIBAITATA - AUT [21206990],HUM RELATIVA,Humedad relativa del aire a 2 metros media diaria,2014-06-04 00:00,%,79.5625,Preliminar
21206990,TIBAITATA - AUT [21206990],HUM RELATIVA,Humedad relativa del aire a 2 metros media diaria,2014-06-05 00:00,%,78.4583333333333,Preliminar
21206990,TIBAITATA - AUT [21206990],HUM RELATIVA,Humedad relativa del aire a 2 metros media diaria,2014-06-08 00:00,%,81.0952380952381,Preliminar
21206990,TIBAITATA - AUT [21206990],HUM RELATIVA,Humedad relativa del aire a 2 metros media diaria,2014-06-10 00:00,%,82.0833333333333,Preliminar
21206990,TIBAITATA - AUT [21206990],HUM RELATIVA,Humedad relativa del aire a 2 metros media diaria,2014-06-11 00:00,%,75.6041666666667,Preliminar
21206990,TIBAITATA - AUT [21206990],HUM RELATIVA,Humedad relativa del aire a 2 metros media diaria,2014-06-12 00:00,%,80.125,Preliminar
21206990,TIBAITATA - AUT [21206990],HUM RELATIVA,Humedad relativa del aire a 2 metros media diaria,2014-06-13 00:00,%,83.7647058823529,Preliminar
21206990,TIBAITATA - AUT [21206990],HUM RELATIVA,Humedad relativa del aire a 2 metros media diaria,2014-06-14 00:00,%,85.1923076923077,Preliminar
21206990,TIBAITATA - AUT [21206990],HUM RELATIVA,Humedad relativa del aire a 2 metros media diaria,2014-06-15 00:00,%,80.6923076923077,Preliminar
21206990,TIBAITATA - AUT [21206990],HUM RELATIVA,Humedad relativa del aire a 2 metros media diaria,2014-06-17 00:00,%,76.6363636363636,Preliminar
21206990,TIBAITATA - AUT [21206990],HUM RELATIVA,Humedad relativa del aire a 2 metros media diaria,2014-06-18 00:00,%,76.6363636363636,Preliminar
21206990,TIBAITATA - AUT [21206990],HUM RELATIVA,Humedad relativa del aire a 2 metros media diaria,2014-06-19 00:00,%,80.95,Preliminar
21206990,TIBAITATA - AUT [21206990],HUM RELATIVA,Humedad relativa del aire a 2 metros media diaria,2014-06-20 00:00,%,81,Preliminar
21206990,TIBAITATA - AUT [21206990],HUM RELATIVA,Humedad relativa del aire a 2 metros media diaria,2014-06-21 00:00,%,85.7272727272727,Preliminar
21206990,TIBAITATA - AUT [21206990],HUM RELATIVA,Humedad relativa del aire a 2 metros media diaria,2014-06-22 00:00,%,86.0227272727273,Preliminar
21206990,TIBAITATA - AUT [21206990],HUM RELATIVA,Humedad relativa del aire a 2 metros media diaria,2014-06-23 00:00,%,83.9444444444444,Preliminar
21206990,TIBAITATA - AUT [21206990],HUM RELATIVA,Humedad relativa del aire a 2 metros media diaria,2014-06-24 00:00,%,88.7916666666667,Preliminar
21206990,TIBAITATA - AUT [21206990],HUM RELATIVA,Humedad relativa del aire a 2 metros media diaria,2014-06-25 00:00,%,86.4444444444444,Preliminar
21206990,TIBAITATA - AUT [21206990],HUM RELATIVA,Humedad relativa del aire a 2 metros media diaria,2014-06-26 00:00,%,79.2916666666667,Preliminar
21206990,TIBAITATA - AUT [21206990],HUM RELATIVA,Humedad relativa del aire a 2 metros media diaria,2014-06-27 00:00,%,70.375,Preliminar
21206990,TIBAITATA - AUT [21206990],HUM RELATIVA,Humedad relativa del aire a 2 metros media diaria,2014-06-29 00:00,%,77.3157894736842,Preliminar
21206990,TIBAITATA - AUT [21206990],HUM RELATIVA,Humedad relativa del aire a 2 metros media diaria,2014-06-30 00:00,%,83.6458333333333,Preliminar
21206990,TIBAITATA - AUT [21206990],HUM RELATIVA,Humedad relativa del aire a 2 metros media diaria,2014-07-01 00:00,%,84.075,Preliminar
21206990,TIBAITATA - AUT [21206990],HUM RELATIVA,Humedad relativa del aire a 2 metros media diaria,2014-07-02 00:00,%,79.6428571428571,Preliminar
21206990,TIBAITATA - AUT [21206990],HUM RELATIVA,Humedad relativa del aire a 2 metros media diaria,2014-07-03 00:00,%,75.6111111111111,Preliminar
21206990,TIBAITATA - AUT [21206990],HUM RELATIVA,Humedad relativa del aire a 2 metros media diaria,2014-07-04 00:00,%,83,Preliminar
21206990,TIBAITATA - AUT [21206990],HUM RELATIVA,Humedad relativa del aire a 2 metros media diaria,2014-07-05 00:00,%,79.425,Preliminar
21206990,TIBAITATA - AUT [21206990],HUM RELATIVA,Humedad relativa del aire a 2 metros media diaria,2014-07-06 00:00,%,76.4,Preliminar
21206990,TIBAITATA - AUT [21206990],HUM RELATIVA,Humedad relativa del aire a 2 metros media diaria,2014-07-07 00:00,%,87.9583333333333,Preliminar
21206990,TIBAITATA - AUT [21206990],HUM RELATIVA,Humedad relativa del aire a 2 metros media diaria,2014-07-08 00:00,%,83.0833333333333,Preliminar
21206990,TIBAITATA - AUT [21206990],HUM RELATIVA,Humedad relativa del aire a 2 metros media diaria,2014-07-09 00:00,%,84.2708333333333,Preliminar
21206990,TIBAITATA - AUT [21206990],HUM RELATIVA,Humedad relativa del aire a 2 metros media diaria,2014-07-10 00:00,%,81.0625,Preliminar
21206990,TIBAITATA - AUT [21206990],HUM RELATIVA,Humedad relativa del aire a 2 metros media diaria,2014-07-11 00:00,%,80.925,Preliminar
21206990,TIBAITATA - AUT [21206990],HUM RELATIVA,Humedad relativa del aire a 2 metros media diaria,2014-07-12 00:00,%,78.8333333333333,Preliminar
21206990,TIBAITATA - AUT [21206990],HUM RELATIVA,Humedad relativa del aire a 2 metros media diaria,2014-07-13 00:00,%,82.6875,Preliminar
21206990,TIBAITATA - AUT [21206990],HUM RELATIVA,Humedad relativa del aire a 2 metros media diaria,2014-07-14 00:00,%,83.1875,Preliminar
21206990,TIBAITATA - AUT [21206990],HUM RELATIVA,Humedad relativa del aire a 2 metros media diaria,2014-07-15 00:00,%,85.3541666666667,Preliminar
21206990,TIBAITATA - AUT [21206990],HUM RELATIVA,Humedad relativa del aire a 2 metros media diaria,2014-07-16 00:00,%,79.5,Preliminar
21206990,TIBAITATA - AUT [21206990],HUM RELATIVA,Humedad relativa del aire a 2 metros media diaria,2014-07-17 00:00,%,75.8636363636364,Preliminar
21206990,TIBAITATA - AUT [21206990],HUM RELATIVA,Humedad relativa del aire a 2 metros media diaria,2014-07-18 00:00,%,74.1470588235294,Preliminar
21206990,TIBAITATA - AUT [21206990],HUM RELATIVA,Humedad relativa del aire a 2 metros media diaria,2014-07-19 00:00,%,78.0625,Preliminar
21206990,TIBAITATA - AUT [21206990],HUM RELATIVA,Humedad relativa del aire a 2 metros media diaria,2014-07-20 00:00,%,78.9375,Preliminar
21206990,TIBAITATA - AUT [21206990],HUM RELATIVA,Humedad relativa del aire a 2 metros media diaria,2014-07-21 00:00,%,74.8095238095238,Preliminar
21206990,TIBAITATA - AUT [21206990],HUM RELATIVA,Humedad relativa del aire a 2 metros media diaria,2014-07-22 00:00,%,76.8333333333333,Preliminar
21206990,TIBAITATA - AUT [21206990],HUM RELATIVA,Humedad relativa del aire a 2 metros media diaria,2014-07-27 00:00,%,74.1666666666667,Preliminar
21206990,TIBAITATA - AUT [21206990],HUM RELATIVA,Humedad relativa del aire a 2 metros media diaria,2014-07-28 00:00,%,69.575,Preliminar
21206990,TIBAITATA - AUT [21206990],HUM RELATIVA,Humedad relativa del aire a 2 metros media diaria,2014-07-30 00:00,%,78.9772727272727,Preliminar
21206990,TIBAITATA - AUT [21206990],HUM RELATIVA,Humedad relativa del aire a 2 metros media diaria,2014-07-31 00:00,%,77,Preliminar
21206990,TIBAITATA - AUT [21206990],HUM RELATIVA,Humedad relativa del aire a 2 metros media diaria,2014-08-01 00:00,%,78.75,Preliminar
21206990,TIBAITATA - AUT [21206990],HUM RELATIVA,Humedad relativa del aire a 2 metros media diaria,2014-08-02 00:00,%,79.0909090909091,Preliminar
21206990,TIBAITATA - AUT [21206990],HUM RELATIVA,Humedad relativa del aire a 2 metros media diaria,2014-08-03 00:00,%,79.8541666666667,Preliminar
21206990,TIBAITATA - AUT [21206990],HUM RELATIVA,Humedad relativa del aire a 2 metros media diaria,2014-08-04 00:00,%,73.1875,Preliminar
21206990,TIBAITATA - AUT [21206990],HUM RELATIVA,Humedad relativa del aire a 2 metros media diaria,2014-08-05 00:00,%,79.75,Preliminar
21206990,TIBAITATA - AUT [21206990],HUM RELATIVA,Humedad relativa del aire a 2 metros media diaria,2014-08-06 00:00,%,79.6041666666667,Preliminar
21206990,TIBAITATA - AUT [21206990],HUM RELATIVA,Humedad relativa del aire a 2 metros media diaria,2014-08-07 00:00,%,80.7916666666667,Preliminar
21206990,TIBAITATA - AUT [21206990],HUM RELATIVA,Humedad relativa del aire a 2 metros media diaria,2014-08-08 00:00,%,84.0208333333333,Preliminar
21206990,TIBAITATA - AUT [21206990],HUM RELATIVA,Humedad relativa del aire a 2 metros media diaria,2014-08-09 00:00,%,85.8541666666667,Preliminar
21206990,TIBAITATA - AUT [21206990],HUM RELATIVA,Humedad relativa del aire a 2 metros media diaria,2014-08-10 00:00,%,82.5416666666667,Preliminar
21206990,TIBAITATA - AUT [21206990],HUM RELATIVA,Humedad relativa del aire a 2 metros media diaria,2014-08-11 00:00,%,77.875,Preliminar
21206990,TIBAITATA - AUT [21206990],HUM RELATIVA,Humedad relativa del aire a 2 metros media diaria,2014-08-12 00:00,%,80.3409090909091,Preliminar
21206990,TIBAITATA - AUT [21206990],HUM RELATIVA,Humedad relativa del aire a 2 metros media diaria,2014-08-13 00:00,%,74.7708333333333,Preliminar
21206990,TIBAITATA - AUT [21206990],HUM RELATIVA,Humedad relativa del aire a 2 metros media diaria,2014-08-14 00:00,%,74.4166666666667,Preliminar
21206990,TIBAITATA - AUT [21206990],HUM RELATIVA,Humedad relativa del aire a 2 metros media diaria,2014-08-15 00:00,%,72.1666666666667,Preliminar
21206990,TIBAITATA - AUT [21206990],HUM RELATIVA,Humedad relativa del aire a 2 metros media diaria,2014-08-16 00:00,%,78.1041666666667,Preliminar
21206990,TIBAITATA - AUT [21206990],HUM RELATIVA,Humedad relativa del aire a 2 metros media diaria,2014-08-17 00:00,%,76.75,Preliminar
21206990,TIBAITATA - AUT [21206990],HUM RELATIVA,Humedad relativa del aire a 2 metros media diaria,2014-08-18 00:00,%,77.125,Preliminar
21206990,TIBAITATA - AUT [21206990],HUM RELATIVA,Humedad relativa del aire a 2 metros media diaria,2014-08-19 00:00,%,82.875,Preliminar
21206990,TIBAITATA - AUT [21206990],HUM RELATIVA,Humedad relativa del aire a 2 metros media diaria,2014-08-20 00:00,%,80.75,Preliminar
21206990,TIBAITATA - AUT [21206990],HUM RELATIVA,Humedad relativa del aire a 2 metros media diaria,2014-08-21 00:00,%,81.875,Preliminar
21206990,TIBAITATA - AUT [21206990],HUM RELATIVA,Humedad relativa del aire a 2 metros media diaria,2014-08-22 00:00,%,81.625,Preliminar
21206990,TIBAITATA - AUT [21206990],HUM RELATIVA,Humedad relativa del aire a 2 metros media diaria,2014-08-23 00:00,%,81.8541666666667,Preliminar
21206990,TIBAITATA - AUT [21206990],HUM RELATIVA,Humedad relativa del aire a 2 metros media diaria,2014-08-24 00:00,%,78.0625,Preliminar
21206990,TIBAITATA - AUT [21206990],HUM RELATIVA,Humedad relativa del aire a 2 metros media diaria,2014-08-25 00:00,%,83.1666666666667,Preliminar
21206990,TIBAITATA - AUT [21206990],HUM RELATIVA,Humedad relativa del aire a 2 metros media diaria,2014-08-26 00:00,%,82.5416666666667,Preliminar
21206990,TIBAITATA - AUT [21206990],HUM RELATIVA,Humedad relativa del aire a 2 metros media diaria,2014-08-27 00:00,%,84.6041666666667,Preliminar
21206990,TIBAITATA - AUT [21206990],HUM RELATIVA,Humedad relativa del aire a 2 metros media diaria,2014-08-28 00:00,%,82.1041666666667,Preliminar
21206990,TIBAITATA - AUT [21206990],HUM RELATIVA,Humedad relativa del aire a 2 metros media diaria,2014-08-29 00:00,%,74.7291666666667,Preliminar
21206990,TIBAITATA - AUT [21206990],HUM RELATIVA,Humedad relativa del aire a 2 metros media diaria,2014-08-30 00:00,%,68.2291666666667,Preliminar
21206990,TIBAITATA - AUT [21206990],HUM RELATIVA,Humedad relativa del aire a 2 metros media diaria,2014-08-31 00:00,%,68.0833333333333,Preliminar
21206990,TIBAITATA - AUT [21206990],HUM RELATIVA,Humedad relativa del aire a 2 metros media diaria,2014-09-01 00:00,%,70.7708333333333,Preliminar
21206990,TIBAITATA - AUT [21206990],HUM RELATIVA,Humedad relativa del aire a 2 metros media diaria,2014-09-02 00:00,%,84.5416666666667,Preliminar
21206990,TIBAITATA - AUT [21206990],HUM RELATIVA,Humedad relativa del aire a 2 metros media diaria,2014-09-03 00:00,%,80.2708333333333,Preliminar
21206990,TIBAITATA - AUT [21206990],HUM RELATIVA,Humedad relativa del aire a 2 metros media diaria,2014-09-04 00:00,%,77.75,Preliminar
21206990,TIBAITATA - AUT [21206990],HUM RELATIVA,Humedad relativa del aire a 2 metros media diaria,2014-09-05 00:00,%,79.9666666666667,Preliminar
21206990,TIBAITATA - AUT [21206990],HUM RELATIVA,Humedad relativa del aire a 2 metros media diaria,2014-09-06 00:00,%,79.3958333333333,Preliminar
21206990,TIBAITATA - AUT [21206990],HUM RELATIVA,Humedad relativa del aire a 2 metros media diaria,2014-09-10 00:00,%,86.2222222222222,Preliminar
21206990,TIBAITATA - AUT [21206990],HUM RELATIVA,Humedad relativa del aire a 2 metros media diaria,2014-09-11 00:00,%,81.2083333333333,Preliminar
21206990,TIBAITATA - AUT [21206990],HUM RELATIVA,Humedad relativa del aire a 2 metros media diaria,2014-09-12 00:00,%,79.75,Preliminar
21206990,TIBAITATA - AUT [21206990],HUM RELATIVA,Humedad relativa del aire a 2 metros media diaria,2014-09-13 00:00,%,75.75,Preliminar
21206990,TIBAITATA - AUT [21206990],HUM RELATIVA,Humedad relativa del aire a 2 metros media diaria,2014-09-14 00:00,%,75.2045454545454,Preliminar
21206990,TIBAITATA - AUT [21206990],HUM RELATIVA,Humedad relativa del aire a 2 metros media diaria,2014-09-15 00:00,%,72.475,Preliminar
21206990,TIBAITATA - AUT [21206990],HUM RELATIVA,Humedad relativa del aire a 2 metros media diaria,2014-09-16 00:00,%,78.0909090909091,Preliminar
21206990,TIBAITATA - AUT [21206990],HUM RELATIVA,Humedad relativa del aire a 2 metros media diaria,2014-09-17 00:00,%,80.3333333333333,Preliminar
21206990,TIBAITATA - AUT [21206990],HUM RELATIVA,Humedad relativa del aire a 2 metros media diaria,2014-09-18 00:00,%,81.4117647058824,Preliminar
21206990,TIBAITATA - AUT [21206990],HUM RELATIVA,Humedad relativa del aire a 2 metros media diaria,2014-09-19 00:00,%,85.525,Preliminar
21206990,TIBAITATA - AUT [21206990],HUM RELATIVA,Humedad relativa del aire a 2 metros media diaria,2014-09-20 00:00,%,87.3,Preliminar
21206990,TIBAITATA - AUT [21206990],HUM RELATIVA,Humedad relativa del aire a 2 metros media diaria,2014-09-21 00:00,%,85.2083333333333,Preliminar
21206990,TIBAITATA - AUT [21206990],HUM RELATIVA,Humedad relativa del aire a 2 metros media diaria,2014-09-22 00:00,%,79.8409090909091,Preliminar
21206990,TIBAITATA - AUT [21206990],HUM RELATIVA,Humedad relativa del aire a 2 metros media diaria,2014-09-23 00:00,%,82.3666666666666,Preliminar
21206990,TIBAITATA - AUT [21206990],HUM RELATIVA,Humedad relativa del aire a 2 metros media diaria,2014-09-24 00:00,%,77.1,Preliminar
21206990,TIBAITATA - AUT [21206990],HUM RELATIVA,Humedad relativa del aire a 2 metros media diaria,2014-09-25 00:00,%,79.5454545454546,Preliminar
21206990,TIBAITATA - AUT [21206990],HUM RELATIVA,Humedad relativa del aire a 2 metros media diaria,2014-09-26 00:00,%,77.0238095238095,Preliminar
21206990,TIBAITATA - AUT [21206990],HUM RELATIVA,Humedad relativa del aire a 2 metros media diaria,2014-09-27 00:00,%,71.9444444444444,Preliminar
21206990,TIBAITATA - AUT [21206990],HUM RELATIVA,Humedad relativa del aire a 2 metros media diaria,2014-09-28 00:00,%,71.6363636363636,Preliminar
21206990,TIBAITATA - AUT [21206990],HUM RELATIVA,Humedad relativa del aire a 2 metros media diaria,2014-09-30 00:00,%,66.4791666666667,Preliminar
21206990,TIBAITATA - AUT [21206990],HUM RELATIVA,Humedad relativa del aire a 2 metros media diaria,2014-10-01 00:00,%,72.3,Preliminar
21206990,TIBAITATA - AUT [21206990],HUM RELATIVA,Humedad relativa del aire a 2 metros media diaria,2014-10-02 00:00,%,75.75,Preliminar
21206990,TIBAITATA - AUT [21206990],HUM RELATIVA,Humedad relativa del aire a 2 metros media diaria,2014-10-03 00:00,%,77.625,Preliminar
21206990,TIBAITATA - AUT [21206990],HUM RELATIVA,Humedad relativa del aire a 2 metros media diaria,2014-10-04 00:00,%,84.3541666666667,Preliminar
21206990,TIBAITATA - AUT [21206990],HUM RELATIVA,Humedad relativa del aire a 2 metros media diaria,2014-10-05 00:00,%,85.9583333333333,Preliminar
21206990,TIBAITATA - AUT [21206990],HUM RELATIVA,Humedad relativa del aire a 2 metros media diaria,2014-10-06 00:00,%,83.1363636363636,Preliminar
21206990,TIBAITATA - AUT [21206990],HUM RELATIVA,Humedad relativa del aire a 2 metros media diaria,2014-10-07 00:00,%,83.5625,Preliminar
21206990,TIBAITATA - AUT [21206990],HUM RELATIVA,Humedad relativa del aire a 2 metros media diaria,2014-10-08 00:00,%,92.3076923076923,Preliminar
21206990,TIBAITATA - AUT [21206990],HUM RELATIVA,Humedad relativa del aire a 2 metros media diaria,2014-10-09 00:00,%,89.5208333333333,Preliminar
21206990,TIBAITATA - AUT [21206990],HUM RELATIVA,Humedad relativa del aire a 2 metros media diaria,2014-10-10 00:00,%,86.55,Preliminar
21206990,TIBAITATA - AUT [21206990],HUM RELATIVA,Humedad relativa del aire a 2 metros media diaria,2014-10-11 00:00,%,90.1875,Preliminar
21206990,TIBAITATA - AUT [21206990],HUM RELATIVA,Humedad relativa del aire a 2 metros media diaria,2014-10-12 00:00,%,79.4583333333333,Preliminar
21206990,TIBAITATA - AUT [21206990],HUM RELATIVA,Humedad relativa del aire a 2 metros media diaria,2014-10-13 00:00,%,77.8157894736842,Preliminar
21206990,TIBAITATA - AUT [21206990],HUM RELATIVA,Humedad relativa del aire a 2 metros media diaria,2014-10-14 00:00,%,77.9772727272727,Preliminar
21206990,TIBAITATA - AUT [21206990],HUM RELATIVA,Humedad relativa del aire a 2 metros media diaria,2014-10-15 00:00,%,74.8823529411765,Preliminar
21206990,TIBAITATA - AUT [21206990],HUM RELATIVA,Humedad relativa del aire a 2 metros media diaria,2014-10-16 00:00,%,81.525,Preliminar
21206990,TIBAITATA - AUT [21206990],HUM RELATIVA,Humedad relativa del aire a 2 metros media diaria,2014-10-17 00:00,%,84.7777777777778,Preliminar
21206990,TIBAITATA - AUT [21206990],HUM RELATIVA,Humedad relativa del aire a 2 metros media diaria,2014-10-18 00:00,%,82.2619047619048,Preliminar
21206990,TIBAITATA - AUT [21206990],HUM RELATIVA,Humedad relativa del aire a 2 metros media diaria,2014-10-19 00:00,%,86.8181818181818,Preliminar
21206990,TIBAITATA - AUT [21206990],HUM RELATIVA,Humedad relativa del aire a 2 metros media diaria,2014-10-21 00:00,%,79.9047619047619,Preliminar
21206990,TIBAITATA - AUT [21206990],HUM RELATIVA,Humedad relativa del aire a 2 metros media diaria,2014-10-22 00:00,%,93.7777777777778,Preliminar
21206990,TIBAITATA - AUT [21206990],HUM RELATIVA,Humedad relativa del aire a 2 metros media diaria,2014-10-23 00:00,%,84.7272727272727,Preliminar
21206990,TIBAITATA - AUT [21206990],HUM RELATIVA,Humedad relativa del aire a 2 metros media diaria,2014-10-24 00:00,%,82.4666666666667,Preliminar
21206990,TIBAITATA - AUT [21206990],HUM RELATIVA,Humedad relativa del aire a 2 metros media diaria,2014-10-26 00:00,%,88.65,Preliminar
21206990,TIBAITATA - AUT [21206990],HUM RELATIVA,Humedad relativa del aire a 2 metros media diaria,2014-10-27 00:00,%,86.6785714285714,Preliminar
21206990,TIBAITATA - AUT [21206990],HUM RELATIVA,Humedad relativa del aire a 2 metros media diaria,2014-10-28 00:00,%,85.2,Preliminar
21206990,TIBAITATA - AUT [21206990],HUM RELATIVA,Humedad relativa del aire a 2 metros media diaria,2014-10-29 00:00,%,95.3333333333333,Preliminar
21206990,TIBAITATA - AUT [21206990],HUM RELATIVA,Humedad relativa del aire a 2 metros media diaria,2014-10-30 00:00,%,86.3181818181818,Preliminar
21206990,TIBAITATA - AUT [21206990],HUM RELATIVA,Humedad relativa del aire a 2 metros media diaria,2014-10-31 00:00,%,83.6458333333333,Preliminar
21206990,TIBAITATA - AUT [21206990],HUM RELATIVA,Humedad relativa del aire a 2 metros media diaria,2014-11-01 00:00,%,89.9,Preliminar
21206990,TIBAITATA - AUT [21206990],HUM RELATIVA,Humedad relativa del aire a 2 metros media diaria,2014-11-02 00:00,%,82.5238095238095,Preliminar
21206990,TIBAITATA - AUT [21206990],HUM RELATIVA,Humedad relativa del aire a 2 metros media diaria,2014-11-03 00:00,%,82.6458333333333,Preliminar
21206990,TIBAITATA - AUT [21206990],HUM RELATIVA,Humedad relativa del aire a 2 metros media diaria,2014-11-04 00:00,%,82.9375,Preliminar
21206990,TIBAITATA - AUT [21206990],HUM RELATIVA,Humedad relativa del aire a 2 metros media diaria,2014-11-05 00:00,%,87.1363636363636,Preliminar
21206990,TIBAITATA - AUT [21206990],HUM RELATIVA,Humedad relativa del aire a 2 metros media diaria,2014-11-06 00:00,%,92.6904761904762,Preliminar
21206990,TIBAITATA - AUT [21206990],HUM RELATIVA,Humedad relativa del aire a 2 metros media diaria,2014-11-07 00:00,%,85.6904761904762,Preliminar
21206990,TIBAITATA - AUT [21206990],HUM RELATIVA,Humedad relativa del aire a 2 metros media diaria,2014-11-08 00:00,%,87.9583333333333,Preliminar
21206990,TIBAITATA - AUT [21206990],HUM RELATIVA,Humedad relativa del aire a 2 metros media diaria,2014-11-09 00:00,%,86.0454545454546,Preliminar
21206990,TIBAITATA - AUT [21206990],HUM RELATIVA,Humedad relativa del aire a 2 metros media diaria,2014-11-10 00:00,%,94.0263157894737,Preliminar
21206990,TIBAITATA - AUT [21206990],HUM RELATIVA,Humedad relativa del aire a 2 metros media diaria,2014-11-11 00:00,%,84.9583333333333,Preliminar
21206990,TIBAITATA - AUT [21206990],HUM RELATIVA,Humedad relativa del aire a 2 metros media diaria,2014-11-12 00:00,%,85.4761904761905,Preliminar
21206990,TIBAITATA - AUT [21206990],HUM RELATIVA,Humedad relativa del aire a 2 metros media diaria,2014-11-13 00:00,%,83.6785714285714,Preliminar
21206990,TIBAITATA - AUT [21206990],HUM RELATIVA,Humedad relativa del aire a 2 metros media diaria,2014-11-14 00:00,%,83.25,Preliminar
21206990,TIBAITATA - AUT [21206990],HUM RELATIVA,Humedad relativa del aire a 2 metros media diaria,2014-11-15 00:00,%,86.725,Preliminar
21206990,TIBAITATA - AUT [21206990],HUM RELATIVA,Humedad relativa del aire a 2 metros media diaria,2014-11-16 00:00,%,86.0263157894737,Preliminar
21206990,TIBAITATA - AUT [21206990],HUM RELATIVA,Humedad relativa del aire a 2 metros media diaria,2014-11-17 00:00,%,74.6,Preliminar
21206990,TIBAITATA - AUT [21206990],HUM RELATIVA,Humedad relativa del aire a 2 metros media diaria,2014-11-18 00:00,%,79.3055555555556,Preliminar
21206990,TIBAITATA - AUT [21206990],HUM RELATIVA,Humedad relativa del aire a 2 metros media diaria,2014-11-19 00:00,%,88.1666666666667,Preliminar
21206990,TIBAITATA - AUT [21206990],HUM RELATIVA,Humedad relativa del aire a 2 metros media diaria,2014-11-20 00:00,%,83.8636363636364,Preliminar
21206990,TIBAITATA - AUT [21206990],HUM RELATIVA,Humedad relativa del aire a 2 metros media diaria,2014-11-21 00:00,%,89.3636363636364,Preliminar
21206990,TIBAITATA - AUT [21206990],HUM RELATIVA,Humedad relativa del aire a 2 metros media diaria,2014-11-22 00:00,%,86.6136363636364,Preliminar
21206990,TIBAITATA - AUT [21206990],HUM RELATIVA,Humedad relativa del aire a 2 metros media diaria,2014-11-23 00:00,%,74.3333333333333,Preliminar
21206990,TIBAITATA - AUT [21206990],HUM RELATIVA,Humedad relativa del aire a 2 metros media diaria,2014-11-24 00:00,%,75.4444444444444,Preliminar
21206990,TIBAITATA - AUT [21206990],HUM RELATIVA,Humedad relativa del aire a 2 metros media diaria,2014-11-25 00:00,%,79.7045454545454,Preliminar
21206990,TIBAITATA - AUT [21206990],HUM RELATIVA,Humedad relativa del aire a 2 metros media diaria,2014-11-26 00:00,%,86,Preliminar
21206990,TIBAITATA - AUT [21206990],HUM RELATIVA,Humedad relativa del aire a 2 metros media diaria,2014-11-27 00:00,%,87.5833333333333,Preliminar
21206990,TIBAITATA - AUT [21206990],HUM RELATIVA,Humedad relativa del aire a 2 metros media diaria,2014-11-28 00:00,%,82.575,Preliminar
21206990,TIBAITATA - AUT [21206990],HUM RELATIVA,Humedad relativa del aire a 2 metros media diaria,2014-11-29 00:00,%,77.1111111111111,Preliminar
21206990,TIBAITATA - AUT [21206990],HUM RELATIVA,Humedad relativa del aire a 2 metros media diaria,2014-11-30 00:00,%,78.6041666666667,Preliminar
21206990,TIBAITATA - AUT [21206990],HUM RELATIVA,Humedad relativa del aire a 2 metros media diaria,2014-12-01 00:00,%,79.4705882352941,Preliminar
21206990,TIBAITATA - AUT [21206990],HUM RELATIVA,Humedad relativa del aire a 2 metros media diaria,2014-12-04 00:00,%,82.0833333333333,Preliminar
21206990,TIBAITATA - AUT [21206990],HUM RELATIVA,Humedad relativa del aire a 2 metros media diaria,2014-12-05 00:00,%,82.0681818181818,Preliminar
21206990,TIBAITATA - AUT [21206990],HUM RELATIVA,Humedad relativa del aire a 2 metros media diaria,2014-12-06 00:00,%,88.65,Preliminar
21206990,TIBAITATA - AUT [21206990],HUM RELATIVA,Humedad relativa del aire a 2 metros media diaria,2014-12-07 00:00,%,93.1190476190476,Preliminar
21206990,TIBAITATA - AUT [21206990],HUM RELATIVA,Humedad relativa del aire a 2 metros media diaria,2014-12-08 00:00,%,84.2142857142857,Preliminar
21206990,TIBAITATA - AUT [21206990],HUM RELATIVA,Humedad relativa del aire a 2 metros media diaria,2014-12-09 00:00,%,88.75,Preliminar
21206990,TIBAITATA - AUT [21206990],HUM RELATIVA,Humedad relativa del aire a 2 metros media diaria,2014-12-10 00:00,%,85.3611111111111,Preliminar
21206990,TIBAITATA - AUT [21206990],HUM RELATIVA,Humedad relativa del aire a 2 metros media diaria,2014-12-11 00:00,%,85.15625,Preliminar
21206990,TIBAITATA - AUT [21206990],HUM RELATIVA,Humedad relativa del aire a 2 metros media diaria,2014-12-12 00:00,%,84.3809523809524,Preliminar
21206990,TIBAITATA - AUT [21206990],HUM RELATIVA,Humedad relativa del aire a 2 metros media diaria,2014-12-13 00:00,%,90.25,Preliminar
21206990,TIBAITATA - AUT [21206990],HUM RELATIVA,Humedad relativa del aire a 2 metros media diaria,2014-12-14 00:00,%,87.3333333333333,Preliminar
21206990,TIBAITATA - AUT [21206990],HUM RELATIVA,Humedad relativa del aire a 2 metros media diaria,2014-12-15 00:00,%,90.275,Preliminar
21206990,TIBAITATA - AUT [21206990],HUM RELATIVA,Humedad relativa del aire a 2 metros media diaria,2014-12-16 00:00,%,88.2222222222222,Preliminar
21206990,TIBAITATA - AUT [21206990],HUM RELATIVA,Humedad relativa del aire a 2 metros media diaria,2014-12-17 00:00,%,86.1590909090909,Preliminar
21206990,TIBAITATA - AUT [21206990],HUM RELATIVA,Humedad relativa del aire a 2 metros media diaria,2014-12-18 00:00,%,86,Preliminar
21206990,TIBAITATA - AUT [21206990],HUM RELATIVA,Humedad relativa del aire a 2 metros media diaria,2014-12-19 00:00,%,84.2777777777778,Preliminar
21206990,TIBAITATA - AUT [21206990],HUM RELATIVA,Humedad relativa del aire a 2 metros media diaria,2014-12-20 00:00,%,81.6666666666667,Preliminar
21206990,TIBAITATA - AUT [21206990],HUM RELATIVA,Humedad relativa del aire a 2 metros media diaria,2014-12-21 00:00,%,83.6578947368421,Preliminar
21206990,TIBAITATA - AUT [21206990],HUM RELATIVA,Humedad relativa del aire a 2 metros media diaria,2014-12-22 00:00,%,72.6875,Preliminar
21206990,TIBAITATA - AUT [21206990],HUM RELATIVA,Humedad relativa del aire a 2 metros media diaria,2014-12-23 00:00,%,75.3333333333333,Preliminar
21206990,TIBAITATA - AUT [21206990],HUM RELATIVA,Humedad relativa del aire a 2 metros media diaria,2014-12-24 00:00,%,76.6875,Preliminar
21206990,TIBAITATA - AUT [21206990],HUM RELATIVA,Humedad relativa del aire a 2 metros media diaria,2014-12-25 00:00,%,84.8333333333333,Preliminar
21206990,TIBAITATA - AUT [21206990],HUM RELATIVA,Humedad relativa del aire a 2 metros media diaria,2014-12-26 00:00,%,72,Preliminar
21206990,TIBAITATA - AUT [21206990],HUM RELATIVA,Humedad relativa del aire a 2 metros media diaria,2014-12-27 00:00,%,65.1333333333334,Preliminar
21206990,TIBAITATA - AUT [21206990],HUM RELATIVA,Humedad relativa del aire a 2 metros media diaria,2014-12-28 00:00,%,75.0227272727273,Preliminar
21206990,TIBAITATA - AUT [21206990],HUM RELATIVA,Humedad relativa del aire a 2 metros media diaria,2014-12-29 00:00,%,77.8333333333333,Preliminar
21206990,TIBAITATA - AUT [21206990],HUM RELATIVA,Humedad relativa del aire a 2 metros media diaria,2014-12-30 00:00,%,77.975,Preliminar
21206990,TIBAITATA - AUT [21206990],HUM RELATIVA,Humedad relativa del aire a 2 metros media diaria,2014-12-31 00:00,%,72.9318181818182,Preliminar
21206990,TIBAITATA - AUT [21206990],HUM RELATIVA,Humedad relativa del aire a 2 metros media diaria,2015-01-01 00:00,%,69.5,Preliminar
21206990,TIBAITATA - AUT [21206990],HUM RELATIVA,Humedad relativa del aire a 2 metros media diaria,2015-01-02 00:00,%,69.2708333333333,Preliminar
21206990,TIBAITATA - AUT [21206990],HUM RELATIVA,Humedad relativa del aire a 2 metros media diaria,2015-01-03 00:00,%,71.125,Preliminar
21206990,TIBAITATA - AUT [21206990],HUM RELATIVA,Humedad relativa del aire a 2 metros media diaria,2015-01-04 00:00,%,70.4318181818182,Preliminar
21206990,TIBAITATA - AUT [21206990],HUM RELATIVA,Humedad relativa del aire a 2 metros media diaria,2015-01-05 00:00,%,68.4375,Preliminar
21206990,TIBAITATA - AUT [21206990],HUM RELATIVA,Humedad relativa del aire a 2 metros media diaria,2015-01-06 00:00,%,69,Preliminar
21206990,TIBAITATA - AUT [21206990],HUM RELATIVA,Humedad relativa del aire a 2 metros media diaria,2015-01-07 00:00,%,69,Preliminar
21206990,TIBAITATA - AUT [21206990],HUM RELATIVA,Humedad relativa del aire a 2 metros media diaria,2015-01-08 00:00,%,73.9583333333333,Preliminar
21206990,TIBAITATA - AUT [21206990],HUM RELATIVA,Humedad relativa del aire a 2 metros media diaria,2015-01-09 00:00,%,75.125,Preliminar
21206990,TIBAITATA - AUT [21206990],HUM RELATIVA,Humedad relativa del aire a 2 metros media diaria,2015-01-10 00:00,%,73.4583333333333,Preliminar
21206990,TIBAITATA - AUT [21206990],HUM RELATIVA,Humedad relativa del aire a 2 metros media diaria,2015-01-11 00:00,%,74.6666666666667,Preliminar
21206990,TIBAITATA - AUT [21206990],HUM RELATIVA,Humedad relativa del aire a 2 metros media diaria,2015-01-12 00:00,%,70.4375,Preliminar
21206990,TIBAITATA - AUT [21206990],HUM RELATIVA,Humedad relativa del aire a 2 metros media diaria,2015-01-13 00:00,%,76.25,Preliminar
21206990,TIBAITATA - AUT [21206990],HUM RELATIVA,Humedad relativa del aire a 2 metros media diaria,2015-01-14 00:00,%,79.0454545454546,Preliminar
21206990,TIBAITATA - AUT [21206990],HUM RELATIVA,Humedad relativa del aire a 2 metros media diaria,2015-01-15 00:00,%,80,Preliminar
21206990,TIBAITATA - AUT [21206990],HUM RELATIVA,Humedad relativa del aire a 2 metros media diaria,2015-01-16 00:00,%,83.3055555555556,Preliminar
21206990,TIBAITATA - AUT [21206990],HUM RELATIVA,Humedad relativa del aire a 2 metros media diaria,2015-01-17 00:00,%,83.3421052631579,Preliminar
21206990,TIBAITATA - AUT [21206990],HUM RELATIVA,Humedad relativa del aire a 2 metros media diaria,2015-01-18 00:00,%,86.1458333333333,Preliminar
21206990,TIBAITATA - AUT [21206990],HUM RELATIVA,Humedad relativa del aire a 2 metros media diaria,2015-01-19 00:00,%,84.2105263157895,Preliminar
21206990,TIBAITATA - AUT [21206990],HUM RELATIVA,Humedad relativa del aire a 2 metros media diaria,2015-01-20 00:00,%,77.2727272727273,Preliminar
21206990,TIBAITATA - AUT [21206990],HUM RELATIVA,Humedad relativa del aire a 2 metros media diaria,2015-01-21 00:00,%,85.8541666666667,Preliminar
21206990,TIBAITATA - AUT [21206990],HUM RELATIVA,Humedad relativa del aire a 2 metros media diaria,2015-01-22 00:00,%,92.2045454545454,Preliminar
21206990,TIBAITATA - AUT [21206990],HUM RELATIVA,Humedad relativa del aire a 2 metros media diaria,2015-01-23 00:00,%,84.1904761904762,Preliminar
21206990,TIBAITATA - AUT [21206990],HUM RELATIVA,Humedad relativa del aire a 2 metros media diaria,2015-01-24 00:00,%,87.8823529411765,Preliminar
21206990,TIBAITATA - AUT [21206990],HUM RELATIVA,Humedad relativa del aire a 2 metros media diaria,2015-01-25 00:00,%,79.7291666666667,Preliminar
21206990,TIBAITATA - AUT [21206990],HUM RELATIVA,Humedad relativa del aire a 2 metros media diaria,2015-01-26 00:00,%,79.3958333333333,Preliminar
21206990,TIBAITATA - AUT [21206990],HUM RELATIVA,Humedad relativa del aire a 2 metros media diaria,2015-01-27 00:00,%,83.7954545454546,Preliminar
21206990,TIBAITATA - AUT [21206990],HUM RELATIVA,Humedad relativa del aire a 2 metros media diaria,2015-01-28 00:00,%,79.8809523809524,Preliminar
21206990,TIBAITATA - AUT [21206990],HUM RELATIVA,Humedad relativa del aire a 2 metros media diaria,2015-01-29 00:00,%,77.4375,Preliminar
21206990,TIBAITATA - AUT [21206990],HUM RELATIVA,Humedad relativa del aire a 2 metros media diaria,2015-01-30 00:00,%,84.3076923076923,Preliminar
21206990,TIBAITATA - AUT [21206990],HUM RELATIVA,Humedad relativa del aire a 2 metros media diaria,2015-01-31 00:00,%,79,Preliminar
21206990,TIBAITATA - AUT [21206990],HUM RELATIVA,Humedad relativa del aire a 2 metros media diaria,2015-02-01 00:00,%,77.8958333333333,Preliminar
21206990,TIBAITATA - AUT [21206990],HUM RELATIVA,Humedad relativa del aire a 2 metros media diaria,2015-02-02 00:00,%,76.4318181818182,Preliminar
21206990,TIBAITATA - AUT [21206990],HUM RELATIVA,Humedad relativa del aire a 2 metros media diaria,2015-02-03 00:00,%,73.4736842105263,Preliminar
21206990,TIBAITATA - AUT [21206990],HUM RELATIVA,Humedad relativa del aire a 2 metros media diaria,2015-02-04 00:00,%,71.55,Preliminar
21206990,TIBAITATA - AUT [21206990],HUM RELATIVA,Humedad relativa del aire a 2 metros media diaria,2015-02-05 00:00,%,73.0208333333333,Preliminar
21206990,TIBAITATA - AUT [21206990],HUM RELATIVA,Humedad relativa del aire a 2 metros media diaria,2015-02-06 00:00,%,84.625,Preliminar
21206990,TIBAITATA - AUT [21206990],HUM RELATIVA,Humedad relativa del aire a 2 metros media diaria,2015-02-07 00:00,%,85.1458333333333,Preliminar
21206990,TIBAITATA - AUT [21206990],HUM RELATIVA,Humedad relativa del aire a 2 metros media diaria,2015-02-08 00:00,%,91.2727272727273,Preliminar
21206990,TIBAITATA - AUT [21206990],HUM RELATIVA,Humedad relativa del aire a 2 metros media diaria,2015-02-09 00:00,%,87.2727272727273,Preliminar
21206990,TIBAITATA - AUT [21206990],HUM RELATIVA,Humedad relativa del aire a 2 metros media diaria,2015-02-10 00:00,%,87.3409090909091,Preliminar
21206990,TIBAITATA - AUT [21206990],HUM RELATIVA,Humedad relativa del aire a 2 metros media diaria,2015-02-11 00:00,%,85.8529411764706,Preliminar
21206990,TIBAITATA - AUT [21206990],HUM RELATIVA,Humedad relativa del aire a 2 metros media diaria,2015-02-12 00:00,%,83.3409090909091,Preliminar
21206990,TIBAITATA - AUT [21206990],HUM RELATIVA,Humedad relativa del aire a 2 metros media diaria,2015-02-15 00:00,%,75.0625,Preliminar
21206990,TIBAITATA - AUT [21206990],HUM RELATIVA,Humedad relativa del aire a 2 metros media diaria,2015-02-16 00:00,%,84.2857142857143,Preliminar
21206990,TIBAITATA - AUT [21206990],HUM RELATIVA,Humedad relativa del aire a 2 metros media diaria,2015-02-17 00:00,%,79.0681818181818,Preliminar
21206990,TIBAITATA - AUT [21206990],HUM RELATIVA,Humedad relativa del aire a 2 metros media diaria,2015-02-18 00:00,%,80.4772727272727,Preliminar
21206990,TIBAITATA - AUT [21206990],HUM RELATIVA,Humedad relativa del aire a 2 metros media diaria,2015-02-19 00:00,%,80.5454545454546,Preliminar
21206990,TIBAITATA - AUT [21206990],HUM RELATIVA,Humedad relativa del aire a 2 metros media diaria,2015-02-20 00:00,%,77.5,Preliminar
21206990,TIBAITATA - AUT [21206990],HUM RELATIVA,Humedad relativa del aire a 2 metros media diaria,2015-02-21 00:00,%,79.9318181818182,Preliminar
21206990,TIBAITATA - AUT [21206990],HUM RELATIVA,Humedad relativa del aire a 2 metros media diaria,2015-02-22 00:00,%,71.2916666666667,Preliminar
21206990,TIBAITATA - AUT [21206990],HUM RELATIVA,Humedad relativa del aire a 2 metros media diaria,2015-02-23 00:00,%,74.2083333333333,Preliminar
21206990,TIBAITATA - AUT [21206990],HUM RELATIVA,Humedad relativa del aire a 2 metros media diaria,2015-02-24 00:00,%,78.4318181818182,Preliminar
21206990,TIBAITATA - AUT [21206990],HUM RELATIVA,Humedad relativa del aire a 2 metros media diaria,2015-02-25 00:00,%,83.1666666666667,Preliminar
21206990,TIBAITATA - AUT [21206990],HUM RELATIVA,Humedad relativa del aire a 2 metros media diaria,2015-02-26 00:00,%,74.0681818181818,Preliminar
21206990,TIBAITATA - AUT [21206990],HUM RELATIVA,Humedad relativa del aire a 2 metros media diaria,2015-02-27 00:00,%,73.25,Preliminar
21206990,TIBAITATA - AUT [21206990],HUM RELATIVA,Humedad relativa del aire a 2 metros media diaria,2015-02-28 00:00,%,74.25,Preliminar
21206990,TIBAITATA - AUT [21206990],HUM RELATIVA,Humedad relativa del aire a 2 metros media diaria,2015-03-01 00:00,%,80.7105263157895,Preliminar
21206990,TIBAITATA - AUT [21206990],HUM RELATIVA,Humedad relativa del aire a 2 metros media diaria,2015-03-02 00:00,%,79.6666666666667,Preliminar
21206990,TIBAITATA - AUT [21206990],HUM RELATIVA,Humedad relativa del aire a 2 metros media diaria,2015-03-03 00:00,%,79.7954545454546,Preliminar
21206990,TIBAITATA - AUT [21206990],HUM RELATIVA,Humedad relativa del aire a 2 metros media diaria,2015-03-04 00:00,%,81.3958333333333,Preliminar
21206990,TIBAITATA - AUT [21206990],HUM RELATIVA,Humedad relativa del aire a 2 metros media diaria,2015-03-05 00:00,%,75.5,Preliminar
21206990,TIBAITATA - AUT [21206990],HUM RELATIVA,Humedad relativa del aire a 2 metros media diaria,2015-03-06 00:00,%,77.3888888888889,Preliminar
21206990,TIBAITATA - AUT [21206990],HUM RELATIVA,Humedad relativa del aire a 2 metros media diaria,2015-03-07 00:00,%,76.1875,Preliminar
21206990,TIBAITATA - AUT [21206990],HUM RELATIVA,Humedad relativa del aire a 2 metros media diaria,2015-03-08 00:00,%,72.8888888888889,Preliminar
21206990,TIBAITATA - AUT [21206990],HUM RELATIVA,Humedad relativa del aire a 2 metros media diaria,2015-03-09 00:00,%,78.5208333333333,Preliminar
21206990,TIBAITATA - AUT [21206990],HUM RELATIVA,Humedad relativa del aire a 2 metros media diaria,2015-03-10 00:00,%,76.6590909090909,Preliminar
21206990,TIBAITATA - AUT [21206990],HUM RELATIVA,Humedad relativa del aire a 2 metros media diaria,2015-03-11 00:00,%,74.8125,Preliminar
21206990,TIBAITATA - AUT [21206990],HUM RELATIVA,Humedad relativa del aire a 2 metros media diaria,2015-03-12 00:00,%,79.6818181818182,Preliminar
21206990,TIBAITATA - AUT [21206990],HUM RELATIVA,Humedad relativa del aire a 2 metros media diaria,2015-03-13 00:00,%,83.175,Preliminar
21206990,TIBAITATA - AUT [21206990],HUM RELATIVA,Humedad relativa del aire a 2 metros media diaria,2015-03-14 00:00,%,82.2083333333333,Preliminar
21206990,TIBAITATA - AUT [21206990],HUM RELATIVA,Humedad relativa del aire a 2 metros media diaria,2015-03-15 00:00,%,78.3125,Preliminar
21206990,TIBAITATA - AUT [21206990],HUM RELATIVA,Humedad relativa del aire a 2 metros media diaria,2015-03-16 00:00,%,80.2307692307692,Preliminar
21206990,TIBAITATA - AUT [21206990],HUM RELATIVA,Humedad relativa del aire a 2 metros media diaria,2015-03-17 00:00,%,81.7954545454546,Preliminar
21206990,TIBAITATA - AUT [21206990],HUM RELATIVA,Humedad relativa del aire a 2 metros media diaria,2015-03-18 00:00,%,86.7222222222222,Preliminar
21206990,TIBAITATA - AUT [21206990],HUM RELATIVA,Humedad relativa del aire a 2 metros media diaria,2015-03-20 00:00,%,87.3333333333333,Preliminar
21206990,TIBAITATA - AUT [21206990],HUM RELATIVA,Humedad relativa del aire a 2 metros media diaria,2015-03-21 00:00,%,82.6041666666667,Preliminar
21206990,TIBAITATA - AUT [21206990],HUM RELATIVA,Humedad relativa del aire a 2 metros media diaria,2015-03-22 00:00,%,88.9411764705882,Preliminar
21206990,TIBAITATA - AUT [21206990],HUM RELATIVA,Humedad relativa del aire a 2 metros media diaria,2015-03-23 00:00,%,82.9583333333333,Preliminar
21206990,TIBAITATA - AUT [21206990],HUM RELATIVA,Humedad relativa del aire a 2 metros media diaria,2015-03-24 00:00,%,82.6041666666667,Preliminar
21206990,TIBAITATA - AUT [21206990],HUM RELATIVA,Humedad relativa del aire a 2 metros media diaria,2015-03-25 00:00,%,82.9772727272727,Preliminar
21206990,TIBAITATA - AUT [21206990],HUM RELATIVA,Humedad relativa del aire a 2 metros media diaria,2015-03-26 00:00,%,84.05,Preliminar
21206990,TIBAITATA - AUT [21206990],HUM RELATIVA,Humedad relativa del aire a 2 metros media diaria,2015-03-27 00:00,%,76.9791666666667,Preliminar
21206990,TIBAITATA - AUT [21206990],HUM RELATIVA,Humedad relativa del aire a 2 metros media diaria,2015-03-28 00:00,%,84.2380952380952,Preliminar
21206990,TIBAITATA - AUT [21206990],HUM RELATIVA,Humedad relativa del aire a 2 metros media diaria,2015-03-29 00:00,%,91.2291666666667,Preliminar
21206990,TIBAITATA - AUT [21206990],HUM RELATIVA,Humedad relativa del aire a 2 metros media diaria,2015-03-30 00:00,%,94.7058823529412,Preliminar
21206990,TIBAITATA - AUT [21206990],HUM RELATIVA,Humedad relativa del aire a 2 metros media diaria,2015-03-31 00:00,%,93.4642857142857,Preliminar
21206990,TIBAITATA - AUT [21206990],HUM RELATIVA,Humedad relativa del aire a 2 metros media diaria,2015-04-01 00:00,%,75.9166666666667,Preliminar
21206990,TIBAITATA - AUT [21206990],HUM RELATIVA,Humedad relativa del aire a 2 metros media diaria,2015-04-02 00:00,%,80.5833333333333,Preliminar
21206990,TIBAITATA - AUT [21206990],HUM RELATIVA,Humedad relativa del aire a 2 metros media diaria,2015-04-03 00:00,%,88.3409090909091,Preliminar
21206990,TIBAITATA - AUT [21206990],HUM RELATIVA,Humedad relativa del aire a 2 metros media diaria,2015-04-04 00:00,%,86.9545454545454,Preliminar
21206990,TIBAITATA - AUT [21206990],HUM RELATIVA,Humedad relativa del aire a 2 metros media diaria,2015-04-05 00:00,%,88.7058823529412,Preliminar
21206990,TIBAITATA - AUT [21206990],HUM RELATIVA,Humedad relativa del aire a 2 metros media diaria,2015-04-06 00:00,%,77.2619047619048,Preliminar
21206990,TIBAITATA - AUT [21206990],HUM RELATIVA,Humedad relativa del aire a 2 metros media diaria,2015-04-07 00:00,%,78.09375,Preliminar
21206990,TIBAITATA - AUT [21206990],HUM RELATIVA,Humedad relativa del aire a 2 metros media diaria,2015-04-08 00:00,%,76.5227272727273,Preliminar
21206990,TIBAITATA - AUT [21206990],HUM RELATIVA,Humedad relativa del aire a 2 metros media diaria,2015-04-09 00:00,%,74.825,Preliminar
21206990,TIBAITATA - AUT [21206990],HUM RELATIVA,Humedad relativa del aire a 2 metros media diaria,2015-04-10 00:00,%,75,Preliminar
21206990,TIBAITATA - AUT [21206990],HUM RELATIVA,Humedad relativa del aire a 2 metros media diaria,2015-04-12 00:00,%,68.9444444444444,Preliminar
21206990,TIBAITATA - AUT [21206990],HUM RELATIVA,Humedad relativa del aire a 2 metros media diaria,2015-04-13 00:00,%,81.0909090909091,Preliminar
21206990,TIBAITATA - AUT [21206990],HUM RELATIVA,Humedad relativa del aire a 2 metros media diaria,2015-04-14 00:00,%,84,Preliminar
21206990,TIBAITATA - AUT [21206990],HUM RELATIVA,Humedad relativa del aire a 2 metros media diaria,2015-04-15 00:00,%,80.7916666666667,Preliminar
21206990,TIBAITATA - AUT [21206990],HUM RELATIVA,Humedad relativa del aire a 2 metros media diaria,2015-04-16 00:00,%,88.7941176470588,Preliminar
21206990,TIBAITATA - AUT [21206990],HUM RELATIVA,Humedad relativa del aire a 2 metros media diaria,2015-04-20 00:00,%,79.8888888888889,Preliminar
21206990,TIBAITATA - AUT [21206990],HUM RELATIVA,Humedad relativa del aire a 2 metros media diaria,2015-04-21 00:00,%,76.5833333333333,Preliminar
21206990,TIBAITATA - AUT [21206990],HUM RELATIVA,Humedad relativa del aire a 2 metros media diaria,2015-04-22 00:00,%,78.6136363636364,Preliminar
21206990,TIBAITATA - AUT [21206990],HUM RELATIVA,Humedad relativa del aire a 2 metros media diaria,2015-04-23 00:00,%,78,Preliminar
21206990,TIBAITATA - AUT [21206990],HUM RELATIVA,Humedad relativa del aire a 2 metros media diaria,2015-04-24 00:00,%,76.7291666666667,Preliminar
21206990,TIBAITATA - AUT [21206990],HUM RELATIVA,Humedad relativa del aire a 2 metros media diaria,2015-04-25 00:00,%,83.0909090909091,Preliminar
21206990,TIBAITATA - AUT [21206990],HUM RELATIVA,Humedad relativa del aire a 2 metros media diaria,2015-04-26 00:00,%,77.125,Preliminar
21206990,TIBAITATA - AUT [21206990],HUM RELATIVA,Humedad relativa del aire a 2 metros media diaria,2015-04-27 00:00,%,74.2727272727273,Preliminar
21206990,TIBAITATA - AUT [21206990],HUM RELATIVA,Humedad relativa del aire a 2 metros media diaria,2015-04-28 00:00,%,70.9166666666667,Preliminar
21206990,TIBAITATA - AUT [21206990],HUM RELATIVA,Humedad relativa del aire a 2 metros media diaria,2015-04-29 00:00,%,73.3333333333333,Preliminar
21206990,TIBAITATA - AUT [21206990],HUM RELATIVA,Humedad relativa del aire a 2 metros media diaria,2015-04-30 00:00,%,78.9791666666667,Preliminar
21206990,TIBAITATA - AUT [21206990],HUM RELATIVA,Humedad relativa del aire a 2 metros media diaria,2015-05-01 00:00,%,86.75,Preliminar
21206990,TIBAITATA - AUT [21206990],HUM RELATIVA,Humedad relativa del aire a 2 metros media diaria,2015-05-03 00:00,%,73.0208333333333,Preliminar
21206990,TIBAITATA - AUT [21206990],HUM RELATIVA,Humedad relativa del aire a 2 metros media diaria,2015-05-04 00:00,%,77.9583333333333,Preliminar
21206990,TIBAITATA - AUT [21206990],HUM RELATIVA,Humedad relativa del aire a 2 metros media diaria,2015-05-05 00:00,%,78.5454545454546,Preliminar
21206990,TIBAITATA - AUT [21206990],HUM RELATIVA,Humedad relativa del aire a 2 metros media diaria,2015-05-06 00:00,%,76.1818181818182,Preliminar
21206990,TIBAITATA - AUT [21206990],HUM RELATIVA,Humedad relativa del aire a 2 metros media diaria,2015-05-07 00:00,%,72.25,Preliminar
21206990,TIBAITATA - AUT [21206990],HUM RELATIVA,Humedad relativa del aire a 2 metros media diaria,2015-05-08 00:00,%,73.5,Preliminar
21206990,TIBAITATA - AUT [21206990],HUM RELATIVA,Humedad relativa del aire a 2 metros media diaria,2015-05-09 00:00,%,73.2083333333333,Preliminar
21206990,TIBAITATA - AUT [21206990],HUM RELATIVA,Humedad relativa del aire a 2 metros media diaria,2015-05-10 00:00,%,76.2708333333333,Preliminar
21206990,TIBAITATA - AUT [21206990],HUM RELATIVA,Humedad relativa del aire a 2 metros media diaria,2015-05-11 00:00,%,66.2727272727273,Preliminar
21206990,TIBAITATA - AUT [21206990],HUM RELATIVA,Humedad relativa del aire a 2 metros media diaria,2015-05-12 00:00,%,69.5208333333333,Preliminar
21206990,TIBAITATA - AUT [21206990],HUM RELATIVA,Humedad relativa del aire a 2 metros media diaria,2015-05-13 00:00,%,71.8863636363636,Preliminar
21206990,TIBAITATA - AUT [21206990],HUM RELATIVA,Humedad relativa del aire a 2 metros media diaria,2015-05-14 00:00,%,73.5,Preliminar
21206990,TIBAITATA - AUT [21206990],HUM RELATIVA,Humedad relativa del aire a 2 metros media diaria,2015-05-15 00:00,%,80.1363636363636,Preliminar
21206990,TIBAITATA - AUT [21206990],HUM RELATIVA,Humedad relativa del aire a 2 metros media diaria,2015-05-16 00:00,%,81.2291666666667,Preliminar
21206990,TIBAITATA - AUT [21206990],HUM RELATIVA,Humedad relativa del aire a 2 metros media diaria,2015-05-17 00:00,%,87.9166666666667,Preliminar
21206990,TIBAITATA - AUT [21206990],HUM RELATIVA,Humedad relativa del aire a 2 metros media diaria,2015-05-18 00:00,%,78.5208333333333,Preliminar
21206990,TIBAITATA - AUT [21206990],HUM RELATIVA,Humedad relativa del aire a 2 metros media diaria,2015-05-19 00:00,%,83.2954545454546,Preliminar
21206990,TIBAITATA - AUT [21206990],HUM RELATIVA,Humedad relativa del aire a 2 metros media diaria,2015-05-20 00:00,%,79.3541666666667,Preliminar
21206990,TIBAITATA - AUT [21206990],HUM RELATIVA,Humedad relativa del aire a 2 metros media diaria,2015-05-21 00:00,%,78.8181818181818,Preliminar
21206990,TIBAITATA - AUT [21206990],HUM RELATIVA,Humedad relativa del aire a 2 metros media diaria,2015-05-22 00:00,%,81.2954545454546,Preliminar
21206990,TIBAITATA - AUT [21206990],HUM RELATIVA,Humedad relativa del aire a 2 metros media diaria,2015-05-23 00:00,%,76.3409090909091,Preliminar
21206990,TIBAITATA - AUT [21206990],HUM RELATIVA,Humedad relativa del aire a 2 metros media diaria,2015-05-24 00:00,%,75.6041666666667,Preliminar
21206990,TIBAITATA - AUT [21206990],HUM RELATIVA,Humedad relativa del aire a 2 metros media diaria,2015-05-25 00:00,%,78.0714285714286,Preliminar
21206990,TIBAITATA - AUT [21206990],HUM RELATIVA,Humedad relativa del aire a 2 metros media diaria,2015-05-26 00:00,%,78.2045454545454,Preliminar
21206990,TIBAITATA - AUT [21206990],HUM RELATIVA,Humedad relativa del aire a 2 metros media diaria,2015-05-27 00:00,%,76.9318181818182,Preliminar
21206990,TIBAITATA - AUT [21206990],HUM RELATIVA,Humedad relativa del aire a 2 metros media diaria,2015-05-28 00:00,%,87.2,Preliminar
21206990,TIBAITATA - AUT [21206990],HUM RELATIVA,Humedad relativa del aire a 2 metros media diaria,2015-05-29 00:00,%,90.7142857142857,Preliminar
21206990,TIBAITATA - AUT [21206990],HUM RELATIVA,Humedad relativa del aire a 2 metros media diaria,2015-05-30 00:00,%,86.4375,Preliminar
21206990,TIBAITATA - AUT [21206990],HUM RELATIVA,Humedad relativa del aire a 2 metros media diaria,2015-05-31 00:00,%,84.375,Preliminar
21206990,TIBAITATA - AUT [21206990],HUM RELATIVA,Humedad relativa del aire a 2 metros media diaria,2015-06-01 00:00,%,81.5227272727273,Preliminar
21206990,TIBAITATA - AUT [21206990],HUM RELATIVA,Humedad relativa del aire a 2 metros media diaria,2015-06-02 00:00,%,77.625,Preliminar
21206990,TIBAITATA - AUT [21206990],HUM RELATIVA,Humedad relativa del aire a 2 metros media diaria,2015-06-03 00:00,%,75.03125,Preliminar
21206990,TIBAITATA - AUT [21206990],HUM RELATIVA,Humedad relativa del aire a 2 metros media diaria,2015-06-04 00:00,%,80.5625,Preliminar
21206990,TIBAITATA - AUT [21206990],HUM RELATIVA,Humedad relativa del aire a 2 metros media diaria,2015-06-05 00:00,%,85.8846153846154,Preliminar
21206990,TIBAITATA - AUT [21206990],HUM RELATIVA,Humedad relativa del aire a 2 metros media diaria,2015-06-06 00:00,%,83.2083333333333,Preliminar
21206990,TIBAITATA - AUT [21206990],HUM RELATIVA,Humedad relativa del aire a 2 metros media diaria,2015-06-07 00:00,%,85.9166666666667,Preliminar
21206990,TIBAITATA - AUT [21206990],HUM RELATIVA,Humedad relativa del aire a 2 metros media diaria,2015-06-08 00:00,%,84.6818181818182,Preliminar
21206990,TIBAITATA - AUT [21206990],HUM RELATIVA,Humedad relativa del aire a 2 metros media diaria,2015-06-09 00:00,%,85.1363636363636,Preliminar
21206990,TIBAITATA - AUT [21206990],HUM RELATIVA,Humedad relativa del aire a 2 metros media diaria,2015-06-10 00:00,%,71.1666666666667,Preliminar
21206990,TIBAITATA - AUT [21206990],HUM RELATIVA,Humedad relativa del aire a 2 metros media diaria,2015-06-12 00:00,%,79.1666666666667,Preliminar
21206990,TIBAITATA - AUT [21206990],HUM RELATIVA,Humedad relativa del aire a 2 metros media diaria,2015-06-13 00:00,%,80.5625,Preliminar
21206990,TIBAITATA - AUT [21206990],HUM RELATIVA,Humedad relativa del aire a 2 metros media diaria,2015-06-14 00:00,%,83.2708333333333,Preliminar
21206990,TIBAITATA - AUT [21206990],HUM RELATIVA,Humedad relativa del aire a 2 metros media diaria,2015-06-16 00:00,%,73.175,Preliminar
21206990,TIBAITATA - AUT [21206990],HUM RELATIVA,Humedad relativa del aire a 2 metros media diaria,2015-06-17 00:00,%,76.1818181818182,Preliminar
21206990,TIBAITATA - AUT [21206990],HUM RELATIVA,Humedad relativa del aire a 2 metros media diaria,2015-06-18 00:00,%,79.8541666666667,Preliminar
21206990,TIBAITATA - AUT [21206990],HUM RELATIVA,Humedad relativa del aire a 2 metros media diaria,2015-06-19 00:00,%,75.6875,Preliminar
21206990,TIBAITATA - AUT [21206990],HUM RELATIVA,Humedad relativa del aire a 2 metros media diaria,2015-06-20 00:00,%,70.2291666666667,Preliminar
21206990,TIBAITATA - AUT [21206990],HUM RELATIVA,Humedad relativa del aire a 2 metros media diaria,2015-06-21 00:00,%,82,Preliminar
21206990,TIBAITATA - AUT [21206990],HUM RELATIVA,Humedad relativa del aire a 2 metros media diaria,2015-06-22 00:00,%,83.7727272727273,Preliminar
21206990,TIBAITATA - AUT [21206990],HUM RELATIVA,Humedad relativa del aire a 2 metros media diaria,2015-06-23 00:00,%,78,Preliminar
21206990,TIBAITATA - AUT [21206990],HUM RELATIVA,Humedad relativa del aire a 2 metros media diaria,2015-06-24 00:00,%,76,Preliminar
21206990,TIBAITATA - AUT [21206990],HUM RELATIVA,Humedad relativa del aire a 2 metros media diaria,2015-06-25 00:00,%,80.7954545454546,Preliminar
21206990,TIBAITATA - AUT [21206990],HUM RELATIVA,Humedad relativa del aire a 2 metros media diaria,2015-06-26 00:00,%,83.325,Preliminar
21206990,TIBAITATA - AUT [21206990],HUM RELATIVA,Humedad relativa del aire a 2 metros media diaria,2015-06-27 00:00,%,82.7954545454546,Preliminar
21206990,TIBAITATA - AUT [21206990],HUM RELATIVA,Humedad relativa del aire a 2 metros media diaria,2015-06-28 00:00,%,80.7291666666667,Preliminar
21206990,TIBAITATA - AUT [21206990],HUM RELATIVA,Humedad relativa del aire a 2 metros media diaria,2015-06-29 00:00,%,76.7708333333333,Preliminar
21206990,TIBAITATA - AUT [21206990],HUM RELATIVA,Humedad relativa del aire a 2 metros media diaria,2015-06-30 00:00,%,76.3333333333333,Preliminar
21206990,TIBAITATA - AUT [21206990],HUM RELATIVA,Humedad relativa del aire a 2 metros media diaria,2015-07-01 00:00,%,80.1041666666667,Preliminar
21206990,TIBAITATA - AUT [21206990],HUM RELATIVA,Humedad relativa del aire a 2 metros media diaria,2015-07-02 00:00,%,72.8181818181818,Preliminar
21206990,TIBAITATA - AUT [21206990],HUM RELATIVA,Humedad relativa del aire a 2 metros media diaria,2015-07-03 00:00,%,76.8125,Preliminar
21206990,TIBAITATA - AUT [21206990],HUM RELATIVA,Humedad relativa del aire a 2 metros media diaria,2015-07-04 00:00,%,72.4166666666667,Preliminar
21206990,TIBAITATA - AUT [21206990],HUM RELATIVA,Humedad relativa del aire a 2 metros media diaria,2015-07-05 00:00,%,70.5416666666667,Preliminar
21206990,TIBAITATA - AUT [21206990],HUM RELATIVA,Humedad relativa del aire a 2 metros media diaria,2015-07-06 00:00,%,79.8958333333333,Preliminar
21206990,TIBAITATA - AUT [21206990],HUM RELATIVA,Humedad relativa del aire a 2 metros media diaria,2015-07-07 00:00,%,77.4791666666667,Preliminar
21206990,TIBAITATA - AUT [21206990],HUM RELATIVA,Humedad relativa del aire a 2 metros media diaria,2015-07-08 00:00,%,76.2291666666667,Preliminar
21206990,TIBAITATA - AUT [21206990],HUM RELATIVA,Humedad relativa del aire a 2 metros media diaria,2015-07-09 00:00,%,78.5909090909091,Preliminar
21206990,TIBAITATA - AUT [21206990],HUM RELATIVA,Humedad relativa del aire a 2 metros media diaria,2015-07-10 00:00,%,81.75,Preliminar
21206990,TIBAITATA - AUT [21206990],HUM RELATIVA,Humedad relativa del aire a 2 metros media diaria,2015-07-11 00:00,%,72.375,Preliminar
21206990,TIBAITATA - AUT [21206990],HUM RELATIVA,Humedad relativa del aire a 2 metros media diaria,2015-07-12 00:00,%,79.8333333333333,Preliminar
21206990,TIBAITATA - AUT [21206990],HUM RELATIVA,Humedad relativa del aire a 2 metros media diaria,2015-07-13 00:00,%,88.3157894736842,Preliminar
21206990,TIBAITATA - AUT [21206990],HUM RELATIVA,Humedad relativa del aire a 2 metros media diaria,2015-07-14 00:00,%,85.6,Preliminar
21206990,TIBAITATA - AUT [21206990],HUM RELATIVA,Humedad relativa del aire a 2 metros media diaria,2015-07-15 00:00,%,83.1363636363636,Preliminar
21206990,TIBAITATA - AUT [21206990],HUM RELATIVA,Humedad relativa del aire a 2 metros media diaria,2015-07-16 00:00,%,68.975,Preliminar
21206990,TIBAITATA - AUT [21206990],HUM RELATIVA,Humedad relativa del aire a 2 metros media diaria,2015-07-18 00:00,%,80.1739130434783,Preliminar
21206990,TIBAITATA - AUT [21206990],HUM RELATIVA,Humedad relativa del aire a 2 metros media diaria,2015-07-19 00:00,%,87.3541666666667,Preliminar
21206990,TIBAITATA - AUT [21206990],HUM RELATIVA,Humedad relativa del aire a 2 metros media diaria,2015-07-20 00:00,%,88.5,Preliminar
21206990,TIBAITATA - AUT [21206990],HUM RELATIVA,Humedad relativa del aire a 2 metros media diaria,2015-07-21 00:00,%,86.3863636363636,Preliminar
21206990,TIBAITATA - AUT [21206990],HUM RELATIVA,Humedad relativa del aire a 2 metros media diaria,2015-07-22 00:00,%,85.5882352941176,Preliminar
21206990,TIBAITATA - AUT [21206990],HUM RELATIVA,Humedad relativa del aire a 2 metros media diaria,2015-07-23 00:00,%,79.5454545454546,Preliminar
21206990,TIBAITATA - AUT [21206990],HUM RELATIVA,Humedad relativa del aire a 2 metros media diaria,2015-07-24 00:00,%,76.7916666666667,Preliminar
21206990,TIBAITATA - AUT [21206990],HUM RELATIVA,Humedad relativa del aire a 2 metros media diaria,2015-07-25 00:00,%,76.7954545454546,Preliminar
21206990,TIBAITATA - AUT [21206990],HUM RELATIVA,Humedad relativa del aire a 2 metros media diaria,2015-07-26 00:00,%,76.5625,Preliminar
21206990,TIBAITATA - AUT [21206990],HUM RELATIVA,Humedad relativa del aire a 2 metros media diaria,2015-07-27 00:00,%,78.4166666666667,Preliminar
21206990,TIBAITATA - AUT [21206990],HUM RELATIVA,Humedad relativa del aire a 2 metros media diaria,2015-07-28 00:00,%,76.6875,Preliminar
21206990,TIBAITATA - AUT [21206990],HUM RELATIVA,Humedad relativa del aire a 2 metros media diaria,2015-07-29 00:00,%,76.7727272727273,Preliminar
21206990,TIBAITATA - AUT [21206990],HUM RELATIVA,Humedad relativa del aire a 2 metros media diaria,2015-07-30 00:00,%,81.6363636363636,Preliminar
21206990,TIBAITATA - AUT [21206990],HUM RELATIVA,Humedad relativa del aire a 2 metros media diaria,2015-07-31 00:00,%,76.9791666666667,Preliminar
21206990,TIBAITATA - AUT [21206990],HUM RELATIVA,Humedad relativa del aire a 2 metros media diaria,2015-08-01 00:00,%,78.9375,Preliminar
21206990,TIBAITATA - AUT [21206990],HUM RELATIVA,Humedad relativa del aire a 2 metros media diaria,2015-08-02 00:00,%,76.3333333333333,Preliminar
21206990,TIBAITATA - AUT [21206990],HUM RELATIVA,Humedad relativa del aire a 2 metros media diaria,2015-08-03 00:00,%,78.4545454545454,Preliminar
21206990,TIBAITATA - AUT [21206990],HUM RELATIVA,Humedad relativa del aire a 2 metros media diaria,2015-08-04 00:00,%,72.46875,Preliminar
21206990,TIBAITATA - AUT [21206990],HUM RELATIVA,Humedad relativa del aire a 2 metros media diaria,2015-08-05 00:00,%,71.3863636363636,Preliminar
21206990,TIBAITATA - AUT [21206990],HUM RELATIVA,Humedad relativa del aire a 2 metros media diaria,2015-08-06 00:00,%,74.7916666666667,Preliminar
21206990,TIBAITATA - AUT [21206990],HUM RELATIVA,Humedad relativa del aire a 2 metros media diaria,2015-08-07 00:00,%,77.125,Preliminar
21206990,TIBAITATA - AUT [21206990],HUM RELATIVA,Humedad relativa del aire a 2 metros media diaria,2015-08-08 00:00,%,77.6041666666667,Preliminar
21206990,TIBAITATA - AUT [21206990],HUM RELATIVA,Humedad relativa del aire a 2 metros media diaria,2015-08-09 00:00,%,78.0416666666667,Preliminar
21206990,TIBAITATA - AUT [21206990],HUM RELATIVA,Humedad relativa del aire a 2 metros media diaria,2015-08-10 00:00,%,85.7,Preliminar
21206990,TIBAITATA - AUT [21206990],HUM RELATIVA,Humedad relativa del aire a 2 metros media diaria,2015-08-11 00:00,%,75.2954545454546,Preliminar
21206990,TIBAITATA - AUT [21206990],HUM RELATIVA,Humedad relativa del aire a 2 metros media diaria,2015-08-12 00:00,%,77.4375,Preliminar
21206990,TIBAITATA - AUT [21206990],HUM RELATIVA,Humedad relativa del aire a 2 metros media diaria,2015-08-13 00:00,%,82.0625,Preliminar
21206990,TIBAITATA - AUT [21206990],HUM RELATIVA,Humedad relativa del aire a 2 metros media diaria,2015-08-14 00:00,%,83.5833333333333,Preliminar
21206990,TIBAITATA - AUT [21206990],HUM RELATIVA,Humedad relativa del aire a 2 metros media diaria,2015-08-15 00:00,%,87.3666666666666,Preliminar
21206990,TIBAITATA - AUT [21206990],HUM RELATIVA,Humedad relativa del aire a 2 metros media diaria,2015-08-16 00:00,%,84.3541666666667,Preliminar
21206990,TIBAITATA - AUT [21206990],HUM RELATIVA,Humedad relativa del aire a 2 metros media diaria,2015-08-17 00:00,%,72.2045454545454,Preliminar
21206990,TIBAITATA - AUT [21206990],HUM RELATIVA,Humedad relativa del aire a 2 metros media diaria,2015-08-19 00:00,%,74.28125,Preliminar
21206990,TIBAITATA - AUT [21206990],HUM RELATIVA,Humedad relativa del aire a 2 metros media diaria,2015-08-20 00:00,%,75.4583333333333,Preliminar
21206990,TIBAITATA - AUT [21206990],HUM RELATIVA,Humedad relativa del aire a 2 metros media diaria,2015-08-21 00:00,%,77.3571428571429,Preliminar
21206990,TIBAITATA - AUT [21206990],HUM RELATIVA,Humedad relativa del aire a 2 metros media diaria,2015-08-22 00:00,%,83.7272727272727,Preliminar
21206990,TIBAITATA - AUT [21206990],HUM RELATIVA,Humedad relativa del aire a 2 metros media diaria,2015-08-23 00:00,%,82.6458333333333,Preliminar
21206990,TIBAITATA - AUT [21206990],HUM RELATIVA,Humedad relativa del aire a 2 metros media diaria,2015-08-24 00:00,%,79.9791666666667,Preliminar
21206990,TIBAITATA - AUT [21206990],HUM RELATIVA,Humedad relativa del aire a 2 metros media diaria,2015-08-25 00:00,%,78.1458333333333,Preliminar
21206990,TIBAITATA - AUT [21206990],HUM RELATIVA,Humedad relativa del aire a 2 metros media diaria,2015-08-26 00:00,%,82.5227272727273,Preliminar
21206990,TIBAITATA - AUT [21206990],HUM RELATIVA,Humedad relativa del aire a 2 metros media diaria,2015-08-27 00:00,%,86.8863636363636,Preliminar
21206990,TIBAITATA - AUT [21206990],HUM RELATIVA,Humedad relativa del aire a 2 metros media diaria,2015-08-28 00:00,%,76.3636363636364,Preliminar
21206990,TIBAITATA - AUT [21206990],HUM RELATIVA,Humedad relativa del aire a 2 metros media diaria,2015-08-29 00:00,%,69.5625,Preliminar
21206990,TIBAITATA - AUT [21206990],HUM RELATIVA,Humedad relativa del aire a 2 metros media diaria,2015-08-30 00:00,%,76.2708333333333,Preliminar
21206990,TIBAITATA - AUT [21206990],HUM RELATIVA,Humedad relativa del aire a 2 metros media diaria,2015-08-31 00:00,%,75.3409090909091,Preliminar
21206990,TIBAITATA - AUT [21206990],HUM RELATIVA,Humedad relativa del aire a 2 metros media diaria,2015-09-01 00:00,%,77.4736842105263,Preliminar
21206990,TIBAITATA - AUT [21206990],HUM RELATIVA,Humedad relativa del aire a 2 metros media diaria,2015-09-02 00:00,%,85.75,Preliminar
21206990,TIBAITATA - AUT [21206990],HUM RELATIVA,Humedad relativa del aire a 2 metros media diaria,2015-09-04 00:00,%,87.0277777777778,Preliminar
21206990,TIBAITATA - AUT [21206990],HUM RELATIVA,Humedad relativa del aire a 2 metros media diaria,2015-09-05 00:00,%,79.0416666666667,Preliminar
21206990,TIBAITATA - AUT [21206990],HUM RELATIVA,Humedad relativa del aire a 2 metros media diaria,2015-09-06 00:00,%,87.5,Preliminar
21206990,TIBAITATA - AUT [21206990],HUM RELATIVA,Humedad relativa del aire a 2 metros media diaria,2015-09-07 00:00,%,81.5208333333333,Preliminar
21206990,TIBAITATA - AUT [21206990],HUM RELATIVA,Humedad relativa del aire a 2 metros media diaria,2015-09-08 00:00,%,72.1875,Preliminar
21206990,TIBAITATA - AUT [21206990],HUM RELATIVA,Humedad relativa del aire a 2 metros media diaria,2015-09-09 00:00,%,80.9285714285714,Preliminar
21206990,TIBAITATA - AUT [21206990],HUM RELATIVA,Humedad relativa del aire a 2 metros media diaria,2015-09-10 00:00,%,80.3541666666667,Preliminar
21206990,TIBAITATA - AUT [21206990],HUM RELATIVA,Humedad relativa del aire a 2 metros media diaria,2015-09-11 00:00,%,73.7272727272727,Preliminar
21206990,TIBAITATA - AUT [21206990],HUM RELATIVA,Humedad relativa del aire a 2 metros media diaria,2015-09-16 00:00,%,86.0588235294118,Preliminar
21206990,TIBAITATA - AUT [21206990],HUM RELATIVA,Humedad relativa del aire a 2 metros media diaria,2015-09-17 00:00,%,78.1666666666667,Preliminar
21206990,TIBAITATA - AUT [21206990],HUM RELATIVA,Humedad relativa del aire a 2 metros media diaria,2015-09-18 00:00,%,75.25,Preliminar
21206990,TIBAITATA - AUT [21206990],HUM RELATIVA,Humedad relativa del aire a 2 metros media diaria,2015-09-19 00:00,%,75.9318181818182,Preliminar
21206990,TIBAITATA - AUT [21206990],HUM RELATIVA,Humedad relativa del aire a 2 metros media diaria,2015-09-20 00:00,%,75.1041666666667,Preliminar
21206990,TIBAITATA - AUT [21206990],HUM RELATIVA,Humedad relativa del aire a 2 metros media diaria,2015-09-21 00:00,%,80.7058823529412,Preliminar
21206990,TIBAITATA - AUT [21206990],HUM RELATIVA,Humedad relativa del aire a 2 metros media diaria,2015-09-22 00:00,%,65.6666666666667,Preliminar
21206990,TIBAITATA - AUT [21206990],HUM RELATIVA,Humedad relativa del aire a 2 metros media diaria,2015-09-23 00:00,%,74.3958333333333,Preliminar
21206990,TIBAITATA - AUT [21206990],HUM RELATIVA,Humedad relativa del aire a 2 metros media diaria,2015-09-24 00:00,%,76.55,Preliminar
21206990,TIBAITATA - AUT [21206990],HUM RELATIVA,Humedad relativa del aire a 2 metros media diaria,2015-09-25 00:00,%,76.025,Preliminar
21206990,TIBAITATA - AUT [21206990],HUM RELATIVA,Humedad relativa del aire a 2 metros media diaria,2015-09-26 00:00,%,67.0625,Preliminar
21206990,TIBAITATA - AUT [21206990],HUM RELATIVA,Humedad relativa del aire a 2 metros media diaria,2015-09-27 00:00,%,66.4545454545454,Preliminar
21206990,TIBAITATA - AUT [21206990],HUM RELATIVA,Humedad relativa del aire a 2 metros media diaria,2015-09-28 00:00,%,67.3958333333333,Preliminar
21206990,TIBAITATA - AUT [21206990],HUM RELATIVA,Humedad relativa del aire a 2 metros media diaria,2015-09-29 00:00,%,90.1875,Preliminar
21206990,TIBAITATA - AUT [21206990],HUM RELATIVA,Humedad relativa del aire a 2 metros media diaria,2015-09-30 00:00,%,74.75,Preliminar
21206990,TIBAITATA - AUT [21206990],HUM RELATIVA,Humedad relativa del aire a 2 metros media diaria,2015-10-01 00:00,%,87.6363636363636,Preliminar
21206990,TIBAITATA - AUT [21206990],HUM RELATIVA,Humedad relativa del aire a 2 metros media diaria,2015-10-02 00:00,%,79.6818181818182,Preliminar
21206990,TIBAITATA - AUT [21206990],HUM RELATIVA,Humedad relativa del aire a 2 metros media diaria,2015-10-03 00:00,%,78.9375,Preliminar
21206990,TIBAITATA - AUT [21206990],HUM RELATIVA,Humedad relativa del aire a 2 metros media diaria,2015-10-04 00:00,%,69.5833333333333,Preliminar
21206990,TIBAITATA - AUT [21206990],HUM RELATIVA,Humedad relativa del aire a 2 metros media diaria,2015-10-05 00:00,%,70.5227272727273,Preliminar
21206990,TIBAITATA - AUT [21206990],HUM RELATIVA,Humedad relativa del aire a 2 metros media diaria,2015-10-06 00:00,%,73.6136363636364,Preliminar
21206990,TIBAITATA - AUT [21206990],HUM RELATIVA,Humedad relativa del aire a 2 metros media diaria,2015-10-07 00:00,%,77.1041666666667,Preliminar
21206990,TIBAITATA - AUT [21206990],HUM RELATIVA,Humedad relativa del aire a 2 metros media diaria,2015-10-08 00:00,%,75.9166666666667,Preliminar
21206990,TIBAITATA - AUT [21206990],HUM RELATIVA,Humedad relativa del aire a 2 metros media diaria,2015-10-09 00:00,%,76.875,Preliminar
21206990,TIBAITATA - AUT [21206990],HUM RELATIVA,Humedad relativa del aire a 2 metros media diaria,2015-10-10 00:00,%,77.4791666666667,Preliminar
21206990,TIBAITATA - AUT [21206990],HUM RELATIVA,Humedad relativa del aire a 2 metros media diaria,2015-10-11 00:00,%,82,Preliminar
21206990,TIBAITATA - AUT [21206990],HUM RELATIVA,Humedad relativa del aire a 2 metros media diaria,2015-10-12 00:00,%,84.1458333333333,Preliminar
21206990,TIBAITATA - AUT [21206990],HUM RELATIVA,Humedad relativa del aire a 2 metros media diaria,2015-10-13 00:00,%,85.9791666666667,Preliminar
21206990,TIBAITATA - AUT [21206990],HUM RELATIVA,Humedad relativa del aire a 2 metros media diaria,2015-10-14 00:00,%,81.9090909090909,Preliminar
21206990,TIBAITATA - AUT [21206990],HUM RELATIVA,Humedad relativa del aire a 2 metros media diaria,2015-10-15 00:00,%,77.6875,Preliminar
21206990,TIBAITATA - AUT [21206990],HUM RELATIVA,Humedad relativa del aire a 2 metros media diaria,2015-10-17 00:00,%,70.9318181818182,Preliminar
21206990,TIBAITATA - AUT [21206990],HUM RELATIVA,Humedad relativa del aire a 2 metros media diaria,2015-10-18 00:00,%,77.4375,Preliminar
21206990,TIBAITATA - AUT [21206990],HUM RELATIVA,Humedad relativa del aire a 2 metros media diaria,2015-10-19 00:00,%,79.3947368421053,Preliminar
21206990,TIBAITATA - AUT [21206990],HUM RELATIVA,Humedad relativa del aire a 2 metros media diaria,2015-10-20 00:00,%,64.9318181818182,Preliminar
21206990,TIBAITATA - AUT [21206990],HUM RELATIVA,Humedad relativa del aire a 2 metros media diaria,2015-10-21 00:00,%,71.575,Preliminar
21206990,TIBAITATA - AUT [21206990],HUM RELATIVA,Humedad relativa del aire a 2 metros media diaria,2015-10-22 00:00,%,81.4411764705882,Preliminar
21206990,TIBAITATA - AUT [21206990],HUM RELATIVA,Humedad relativa del aire a 2 metros media diaria,2015-10-23 00:00,%,79.8409090909091,Preliminar
21206990,TIBAITATA - AUT [21206990],HUM RELATIVA,Humedad relativa del aire a 2 metros media diaria,2015-10-24 00:00,%,81.25,Preliminar
21206990,TIBAITATA - AUT [21206990],HUM RELATIVA,Humedad relativa del aire a 2 metros media diaria,2015-10-25 00:00,%,82.2619047619048,Preliminar
21206990,TIBAITATA - AUT [21206990],HUM RELATIVA,Humedad relativa del aire a 2 metros media diaria,2015-10-26 00:00,%,78.2083333333333,Preliminar
21206990,TIBAITATA - AUT [21206990],HUM RELATIVA,Humedad relativa del aire a 2 metros media diaria,2015-10-27 00:00,%,89.0882352941176,Preliminar
21206990,TIBAITATA - AUT [21206990],HUM RELATIVA,Humedad relativa del aire a 2 metros media diaria,2015-10-28 00:00,%,76.9722222222222,Preliminar
21206990,TIBAITATA - AUT [21206990],HUM RELATIVA,Humedad relativa del aire a 2 metros media diaria,2015-10-30 00:00,%,76.8636363636364,Preliminar
21206990,TIBAITATA - AUT [21206990],HUM RELATIVA,Humedad relativa del aire a 2 metros media diaria,2015-11-01 00:00,%,90.3409090909091,Preliminar
21206990,TIBAITATA - AUT [21206990],HUM RELATIVA,Humedad relativa del aire a 2 metros media diaria,2015-11-02 00:00,%,92.0277777777778,Preliminar
21206990,TIBAITATA - AUT [21206990],HUM RELATIVA,Humedad relativa del aire a 2 metros media diaria,2015-11-03 00:00,%,84.7708333333333,Preliminar
21206990,TIBAITATA - AUT [21206990],HUM RELATIVA,Humedad relativa del aire a 2 metros media diaria,2015-11-04 00:00,%,91.25,Preliminar
21206990,TIBAITATA - AUT [21206990],HUM RELATIVA,Humedad relativa del aire a 2 metros media diaria,2015-11-05 00:00,%,87,Preliminar
21206990,TIBAITATA - AUT [21206990],HUM RELATIVA,Humedad relativa del aire a 2 metros media diaria,2015-11-06 00:00,%,88.4791666666667,Preliminar
21206990,TIBAITATA - AUT [21206990],HUM RELATIVA,Humedad relativa del aire a 2 metros media diaria,2015-11-07 00:00,%,94.3181818181818,Preliminar
21206990,TIBAITATA - AUT [21206990],HUM RELATIVA,Humedad relativa del aire a 2 metros media diaria,2015-11-10 00:00,%,78,Preliminar
21206990,TIBAITATA - AUT [21206990],HUM RELATIVA,Humedad relativa del aire a 2 metros media diaria,2015-11-11 00:00,%,74.7291666666667,Preliminar
21206990,TIBAITATA - AUT [21206990],HUM RELATIVA,Humedad relativa del aire a 2 metros media diaria,2015-11-12 00:00,%,79.2619047619048,Preliminar
21206990,TIBAITATA - AUT [21206990],HUM RELATIVA,Humedad relativa del aire a 2 metros media diaria,2015-11-13 00:00,%,89.6785714285714,Preliminar
21206990,TIBAITATA - AUT [21206990],HUM RELATIVA,Humedad relativa del aire a 2 metros media diaria,2015-11-14 00:00,%,80.4090909090909,Preliminar
21206990,TIBAITATA - AUT [21206990],HUM RELATIVA,Humedad relativa del aire a 2 metros media diaria,2015-11-15 00:00,%,76.625,Preliminar
21206990,TIBAITATA - AUT [21206990],HUM RELATIVA,Humedad relativa del aire a 2 metros media diaria,2015-11-16 00:00,%,75.625,Preliminar
21206990,TIBAITATA - AUT [21206990],HUM RELATIVA,Humedad relativa del aire a 2 metros media diaria,2015-11-17 00:00,%,77.9666666666667,Preliminar
21206990,TIBAITATA - AUT [21206990],HUM RELATIVA,Humedad relativa del aire a 2 metros media diaria,2015-11-18 00:00,%,78.8571428571429,Preliminar
21206990,TIBAITATA - AUT [21206990],HUM RELATIVA,Humedad relativa del aire a 2 metros media diaria,2015-11-19 00:00,%,81.9772727272727,Preliminar
21206990,TIBAITATA - AUT [21206990],HUM RELATIVA,Humedad relativa del aire a 2 metros media diaria,2015-11-20 00:00,%,82.175,Preliminar
21206990,TIBAITATA - AUT [21206990],HUM RELATIVA,Humedad relativa del aire a 2 metros media diaria,2015-11-21 00:00,%,85.0681818181818,Preliminar
21206990,TIBAITATA - AUT [21206990],HUM RELATIVA,Humedad relativa del aire a 2 metros media diaria,2015-11-22 00:00,%,77.6041666666667,Preliminar
21206990,TIBAITATA - AUT [21206990],HUM RELATIVA,Humedad relativa del aire a 2 metros media diaria,2015-11-23 00:00,%,82.75,Preliminar
21206990,TIBAITATA - AUT [21206990],HUM RELATIVA,Humedad relativa del aire a 2 metros media diaria,2015-11-24 00:00,%,82.4090909090909,Preliminar
21206990,TIBAITATA - AUT [21206990],HUM RELATIVA,Humedad relativa del aire a 2 metros media diaria,2015-11-25 00:00,%,80.4444444444444,Preliminar
21206990,TIBAITATA - AUT [21206990],HUM RELATIVA,Humedad relativa del aire a 2 metros media diaria,2015-11-26 00:00,%,81.4583333333333,Preliminar
21206990,TIBAITATA - AUT [21206990],HUM RELATIVA,Humedad relativa del aire a 2 metros media diaria,2015-11-27 00:00,%,83.2727272727273,Preliminar
21206990,TIBAITATA - AUT [21206990],HUM RELATIVA,Humedad relativa del aire a 2 metros media diaria,2015-11-28 00:00,%,81.3125,Preliminar
21206990,TIBAITATA - AUT [21206990],HUM RELATIVA,Humedad relativa del aire a 2 metros media diaria,2015-11-29 00:00,%,83.9583333333333,Preliminar
21206990,TIBAITATA - AUT [21206990],HUM RELATIVA,Humedad relativa del aire a 2 metros media diaria,2015-11-30 00:00,%,87.4666666666667,Preliminar
21206990,TIBAITATA - AUT [21206990],HUM RELATIVA,Humedad relativa del aire a 2 metros media diaria,2015-12-01 00:00,%,74,Preliminar
21206990,TIBAITATA - AUT [21206990],HUM RELATIVA,Humedad relativa del aire a 2 metros media diaria,2015-12-02 00:00,%,74.5238095238095,Preliminar
21206990,TIBAITATA - AUT [21206990],HUM RELATIVA,Humedad relativa del aire a 2 metros media diaria,2015-12-03 00:00,%,81.6875,Preliminar
21206990,TIBAITATA - AUT [21206990],HUM RELATIVA,Humedad relativa del aire a 2 metros media diaria,2015-12-04 00:00,%,88.5277777777778,Preliminar
21206990,TIBAITATA - AUT [21206990],HUM RELATIVA,Humedad relativa del aire a 2 metros media diaria,2015-12-05 00:00,%,81.1818181818182,Preliminar
21206990,TIBAITATA - AUT [21206990],HUM RELATIVA,Humedad relativa del aire a 2 metros media diaria,2015-12-06 00:00,%,79.1041666666667,Preliminar
21206990,TIBAITATA - AUT [21206990],HUM RELATIVA,Humedad relativa del aire a 2 metros media diaria,2015-12-07 00:00,%,75.8636363636364,Preliminar
21206990,TIBAITATA - AUT [21206990],HUM RELATIVA,Humedad relativa del aire a 2 metros media diaria,2015-12-08 00:00,%,84.6333333333334,Preliminar
21206990,TIBAITATA - AUT [21206990],HUM RELATIVA,Humedad relativa del aire a 2 metros media diaria,2015-12-09 00:00,%,76.2954545454546,Preliminar
21206990,TIBAITATA - AUT [21206990],HUM RELATIVA,Humedad relativa del aire a 2 metros media diaria,2015-12-10 00:00,%,76.0454545454546,Preliminar
21206990,TIBAITATA - AUT [21206990],HUM RELATIVA,Humedad relativa del aire a 2 metros media diaria,2015-12-11 00:00,%,69.8333333333333,Preliminar
21206990,TIBAITATA - AUT [21206990],HUM RELATIVA,Humedad relativa del aire a 2 metros media diaria,2015-12-12 00:00,%,78.3636363636364,Preliminar
21206990,TIBAITATA - AUT [21206990],HUM RELATIVA,Humedad relativa del aire a 2 metros media diaria,2015-12-13 00:00,%,76.1875,Preliminar
21206990,TIBAITATA - AUT [21206990],HUM RELATIVA,Humedad relativa del aire a 2 metros media diaria,2015-12-14 00:00,%,81.7954545454546,Preliminar
21206990,TIBAITATA - AUT [21206990],HUM RELATIVA,Humedad relativa del aire a 2 metros media diaria,2015-12-15 00:00,%,80.375,Preliminar
21206990,TIBAITATA - AUT [21206990],HUM RELATIVA,Humedad relativa del aire a 2 metros media diaria,2015-12-16 00:00,%,76.4583333333333,Preliminar
21206990,TIBAITATA - AUT [21206990],HUM RELATIVA,Humedad relativa del aire a 2 metros media diaria,2015-12-17 00:00,%,78.0208333333333,Preliminar
21206990,TIBAITATA - AUT [21206990],HUM RELATIVA,Humedad relativa del aire a 2 metros media diaria,2015-12-18 00:00,%,81,Preliminar
21206990,TIBAITATA - AUT [21206990],HUM RELATIVA,Humedad relativa del aire a 2 metros media diaria,2015-12-19 00:00,%,74.4583333333333,Preliminar
21206990,TIBAITATA - AUT [21206990],HUM RELATIVA,Humedad relativa del aire a 2 metros media diaria,2015-12-20 00:00,%,71.2083333333333,Preliminar
21206990,TIBAITATA - AUT [21206990],HUM RELATIVA,Humedad relativa del aire a 2 metros media diaria,2015-12-21 00:00,%,69.7058823529412,Preliminar
21206990,TIBAITATA - AUT [21206990],HUM RELATIVA,Humedad relativa del aire a 2 metros media diaria,2015-12-22 00:00,%,68.6388888888889,Preliminar
21206990,TIBAITATA - AUT [21206990],HUM RELATIVA,Humedad relativa del aire a 2 metros media diaria,2015-12-23 00:00,%,71.3125,Preliminar
21206990,TIBAITATA - AUT [21206990],HUM RELATIVA,Humedad relativa del aire a 2 metros media diaria,2015-12-24 00:00,%,73.025,Preliminar
21206990,TIBAITATA - AUT [21206990],HUM RELATIVA,Humedad relativa del aire a 2 metros media diaria,2015-12-25 00:00,%,71.9583333333333,Preliminar
21206990,TIBAITATA - AUT [21206990],HUM RELATIVA,Humedad relativa del aire a 2 metros media diaria,2015-12-26 00:00,%,63.8125,Preliminar
21206990,TIBAITATA - AUT [21206990],HUM RELATIVA,Humedad relativa del aire a 2 metros media diaria,2015-12-27 00:00,%,69.1818181818182,Preliminar
21206990,TIBAITATA - AUT [21206990],HUM RELATIVA,Humedad relativa del aire a 2 metros media diaria,2015-12-28 00:00,%,67.1875,Preliminar
21206990,TIBAITATA - AUT [21206990],HUM RELATIVA,Humedad relativa del aire a 2 metros media diaria,2015-12-29 00:00,%,69.7291666666667,Preliminar
21206990,TIBAITATA - AUT [21206990],HUM RELATIVA,Humedad relativa del aire a 2 metros media diaria,2015-12-30 00:00,%,73.2291666666667,Preliminar
21206990,TIBAITATA - AUT [21206990],HUM RELATIVA,Humedad relativa del aire a 2 metros media diaria,2015-12-31 00:00,%,76.5909090909091,Preliminar
21206990,TIBAITATA - AUT [21206990],HUM RELATIVA,Humedad relativa del aire a 2 metros media diaria,2016-01-01 00:00,%,70.3181818181818,Preliminar
21206990,TIBAITATA - AUT [21206990],HUM RELATIVA,Humedad relativa del aire a 2 metros media diaria,2016-01-02 00:00,%,83.0416666666667,Preliminar
21206990,TIBAITATA - AUT [21206990],HUM RELATIVA,Humedad relativa del aire a 2 metros media diaria,2016-01-03 00:00,%,78.7272727272727,Preliminar
21206990,TIBAITATA - AUT [21206990],HUM RELATIVA,Humedad relativa del aire a 2 metros media diaria,2016-01-04 00:00,%,82.375,Preliminar
21206990,TIBAITATA - AUT [21206990],HUM RELATIVA,Humedad relativa del aire a 2 metros media diaria,2016-01-05 00:00,%,80.6363636363636,Preliminar
21206990,TIBAITATA - AUT [21206990],HUM RELATIVA,Humedad relativa del aire a 2 metros media diaria,2016-01-06 00:00,%,85.5833333333333,Preliminar
21206990,TIBAITATA - AUT [21206990],HUM RELATIVA,Humedad relativa del aire a 2 metros media diaria,2016-01-07 00:00,%,84.3541666666667,Preliminar
21206990,TIBAITATA - AUT [21206990],HUM RELATIVA,Humedad relativa del aire a 2 metros media diaria,2016-01-08 00:00,%,85,Preliminar
21206990,TIBAITATA - AUT [21206990],HUM RELATIVA,Humedad relativa del aire a 2 metros media diaria,2016-01-09 00:00,%,83.6875,Preliminar
21206990,TIBAITATA - AUT [21206990],HUM RELATIVA,Humedad relativa del aire a 2 metros media diaria,2016-01-10 00:00,%,84.4375,Preliminar
21206990,TIBAITATA - AUT [21206990],HUM RELATIVA,Humedad relativa del aire a 2 metros media diaria,2016-01-11 00:00,%,83.0208333333333,Preliminar
21206990,TIBAITATA - AUT [21206990],HUM RELATIVA,Humedad relativa del aire a 2 metros media diaria,2016-01-12 00:00,%,77,Preliminar
21206990,TIBAITATA - AUT [21206990],HUM RELATIVA,Humedad relativa del aire a 2 metros media diaria,2016-01-13 00:00,%,81.4166666666667,Preliminar
21206990,TIBAITATA - AUT [21206990],HUM RELATIVA,Humedad relativa del aire a 2 metros media diaria,2016-01-14 00:00,%,83.5625,Preliminar
21206990,TIBAITATA - AUT [21206990],HUM RELATIVA,Humedad relativa del aire a 2 metros media diaria,2016-01-15 00:00,%,83.1041666666667,Preliminar
21206990,TIBAITATA - AUT [21206990],HUM RELATIVA,Humedad relativa del aire a 2 metros media diaria,2016-01-16 00:00,%,83.3636363636364,Preliminar
21206990,TIBAITATA - AUT [21206990],HUM RELATIVA,Humedad relativa del aire a 2 metros media diaria,2016-01-17 00:00,%,82.1136363636364,Preliminar
21206990,TIBAITATA - AUT [21206990],HUM RELATIVA,Humedad relativa del aire a 2 metros media diaria,2016-01-18 00:00,%,79.9318181818182,Preliminar
21206990,TIBAITATA - AUT [21206990],HUM RELATIVA,Humedad relativa del aire a 2 metros media diaria,2016-01-19 00:00,%,79.2045454545454,Preliminar
21206990,TIBAITATA - AUT [21206990],HUM RELATIVA,Humedad relativa del aire a 2 metros media diaria,2016-01-20 00:00,%,82.3,Preliminar
21206990,TIBAITATA - AUT [21206990],HUM RELATIVA,Humedad relativa del aire a 2 metros media diaria,2016-01-21 00:00,%,85.3333333333333,Preliminar
21206990,TIBAITATA - AUT [21206990],HUM RELATIVA,Humedad relativa del aire a 2 metros media diaria,2016-01-22 00:00,%,84.3125,Preliminar
21206990,TIBAITATA - AUT [21206990],HUM RELATIVA,Humedad relativa del aire a 2 metros media diaria,2016-01-23 00:00,%,81.4166666666667,Preliminar
21206990,TIBAITATA - AUT [21206990],HUM RELATIVA,Humedad relativa del aire a 2 metros media diaria,2016-01-24 00:00,%,78.547619047619,Preliminar
21206990,TIBAITATA - AUT [21206990],HUM RELATIVA,Humedad relativa del aire a 2 metros media diaria,2016-01-25 00:00,%,81.6666666666667,Preliminar
21206990,TIBAITATA - AUT [21206990],HUM RELATIVA,Humedad relativa del aire a 2 metros media diaria,2016-01-26 00:00,%,83.6590909090909,Preliminar
21206990,TIBAITATA - AUT [21206990],HUM RELATIVA,Humedad relativa del aire a 2 metros media diaria,2016-01-27 00:00,%,75.7916666666667,Preliminar
21206990,TIBAITATA - AUT [21206990],HUM RELATIVA,Humedad relativa del aire a 2 metros media diaria,2016-01-28 00:00,%,78.3333333333333,Preliminar
21206990,TIBAITATA - AUT [21206990],HUM RELATIVA,Humedad relativa del aire a 2 metros media diaria,2016-01-29 00:00,%,80.7083333333333,Preliminar
21206990,TIBAITATA - AUT [21206990],HUM RELATIVA,Humedad relativa del aire a 2 metros media diaria,2016-01-30 00:00,%,81.6590909090909,Preliminar
21206990,TIBAITATA - AUT [21206990],HUM RELATIVA,Humedad relativa del aire a 2 metros media diaria,2016-01-31 00:00,%,82.1666666666667,Preliminar
21206990,TIBAITATA - AUT [21206990],HUM RELATIVA,Humedad relativa del aire a 2 metros media diaria,2016-02-01 00:00,%,76.7291666666667,Preliminar
21206990,TIBAITATA - AUT [21206990],HUM RELATIVA,Humedad relativa del aire a 2 metros media diaria,2016-02-02 00:00,%,79.1875,Preliminar
21206990,TIBAITATA - AUT [21206990],HUM RELATIVA,Humedad relativa del aire a 2 metros media diaria,2016-02-03 00:00,%,80.6875,Preliminar
21206990,TIBAITATA - AUT [21206990],HUM RELATIVA,Humedad relativa del aire a 2 metros media diaria,2016-02-04 00:00,%,83.7727272727273,Preliminar
21206990,TIBAITATA - AUT [21206990],HUM RELATIVA,Humedad relativa del aire a 2 metros media diaria,2016-02-05 00:00,%,87.1875,Preliminar
21206990,TIBAITATA - AUT [21206990],HUM RELATIVA,Humedad relativa del aire a 2 metros media diaria,2016-02-06 00:00,%,76.0625,Preliminar
21206990,TIBAITATA - AUT [21206990],HUM RELATIVA,Humedad relativa del aire a 2 metros media diaria,2016-02-07 00:00,%,76.5789473684211,Preliminar
21206990,TIBAITATA - AUT [21206990],HUM RELATIVA,Humedad relativa del aire a 2 metros media diaria,2016-02-08 00:00,%,76.2142857142857,Preliminar
21206990,TIBAITATA - AUT [21206990],HUM RELATIVA,Humedad relativa del aire a 2 metros media diaria,2016-02-09 00:00,%,72.7083333333333,Preliminar
21206990,TIBAITATA - AUT [21206990],HUM RELATIVA,Humedad relativa del aire a 2 metros media diaria,2016-02-10 00:00,%,74.25,Preliminar
21206990,TIBAITATA - AUT [21206990],HUM RELATIVA,Humedad relativa del aire a 2 metros media diaria,2016-02-11 00:00,%,70.375,Preliminar
21206990,TIBAITATA - AUT [21206990],HUM RELATIVA,Humedad relativa del aire a 2 metros media diaria,2016-02-12 00:00,%,72.5208333333333,Preliminar
21206990,TIBAITATA - AUT [21206990],HUM RELATIVA,Humedad relativa del aire a 2 metros media diaria,2016-02-13 00:00,%,73.725,Preliminar
21206990,TIBAITATA - AUT [21206990],HUM RELATIVA,Humedad relativa del aire a 2 metros media diaria,2016-02-14 00:00,%,72.975,Preliminar
21206990,TIBAITATA - AUT [21206990],HUM RELATIVA,Humedad relativa del aire a 2 metros media diaria,2016-02-15 00:00,%,77.0208333333333,Preliminar
21206990,TIBAITATA - AUT [21206990],HUM RELATIVA,Humedad relativa del aire a 2 metros media diaria,2016-02-16 00:00,%,73.125,Preliminar
21206990,TIBAITATA - AUT [21206990],HUM RELATIVA,Humedad relativa del aire a 2 metros media diaria,2016-02-17 00:00,%,82.1458333333333,Preliminar
21206990,TIBAITATA - AUT [21206990],HUM RELATIVA,Humedad relativa del aire a 2 metros media diaria,2016-02-18 00:00,%,83.5227272727273,Preliminar
21206990,TIBAITATA - AUT [21206990],HUM RELATIVA,Humedad relativa del aire a 2 metros media diaria,2016-02-19 00:00,%,81.9791666666667,Preliminar
21206990,TIBAITATA - AUT [21206990],HUM RELATIVA,Humedad relativa del aire a 2 metros media diaria,2016-02-20 00:00,%,80.9375,Preliminar
21206990,TIBAITATA - AUT [21206990],HUM RELATIVA,Humedad relativa del aire a 2 metros media diaria,2016-02-21 00:00,%,85.9736842105263,Preliminar
21206990,TIBAITATA - AUT [21206990],HUM RELATIVA,Humedad relativa del aire a 2 metros media diaria,2016-02-22 00:00,%,85.8611111111111,Preliminar
21206990,TIBAITATA - AUT [21206990],HUM RELATIVA,Humedad relativa del aire a 2 metros media diaria,2016-02-23 00:00,%,89.275,Preliminar
21206990,TIBAITATA - AUT [21206990],HUM RELATIVA,Humedad relativa del aire a 2 metros media diaria,2016-02-24 00:00,%,85.3409090909091,Preliminar
21206990,TIBAITATA - AUT [21206990],HUM RELATIVA,Humedad relativa del aire a 2 metros media diaria,2016-02-25 00:00,%,87.2291666666667,Preliminar
21206990,TIBAITATA - AUT [21206990],HUM RELATIVA,Humedad relativa del aire a 2 metros media diaria,2016-02-26 00:00,%,84.125,Preliminar
21206990,TIBAITATA - AUT [21206990],HUM RELATIVA,Humedad relativa del aire a 2 metros media diaria,2016-02-27 00:00,%,82.1666666666667,Preliminar
21206990,TIBAITATA - AUT [21206990],HUM RELATIVA,Humedad relativa del aire a 2 metros media diaria,2016-02-28 00:00,%,80.0217391304348,Preliminar
21206990,TIBAITATA - AUT [21206990],HUM RELATIVA,Humedad relativa del aire a 2 metros media diaria,2016-02-29 00:00,%,79.4347826086956,Preliminar
21206990,TIBAITATA - AUT [21206990],HUM RELATIVA,Humedad relativa del aire a 2 metros media diaria,2016-03-01 00:00,%,80.8541666666667,Preliminar
21206990,TIBAITATA - AUT [21206990],HUM RELATIVA,Humedad relativa del aire a 2 metros media diaria,2016-03-02 00:00,%,82.375,Preliminar
21206990,TIBAITATA - AUT [21206990],HUM RELATIVA,Humedad relativa del aire a 2 metros media diaria,2016-03-03 00:00,%,85.75,Preliminar
21206990,TIBAITATA - AUT [21206990],HUM RELATIVA,Humedad relativa del aire a 2 metros media diaria,2016-03-04 00:00,%,85.0625,Preliminar
21206990,TIBAITATA - AUT [21206990],HUM RELATIVA,Humedad relativa del aire a 2 metros media diaria,2016-03-05 00:00,%,86.2083333333333,Preliminar
21206990,TIBAITATA - AUT [21206990],HUM RELATIVA,Humedad relativa del aire a 2 metros media diaria,2016-03-06 00:00,%,85.3333333333333,Preliminar
21206990,TIBAITATA - AUT [21206990],HUM RELATIVA,Humedad relativa del aire a 2 metros media diaria,2016-03-07 00:00,%,82.0416666666667,Preliminar
21206990,TIBAITATA - AUT [21206990],HUM RELATIVA,Humedad relativa del aire a 2 metros media diaria,2016-03-08 00:00,%,81.2083333333333,Preliminar
21206990,TIBAITATA - AUT [21206990],HUM RELATIVA,Humedad relativa del aire a 2 metros media diaria,2016-03-09 00:00,%,81.5625,Preliminar
21206990,TIBAITATA - AUT [21206990],HUM RELATIVA,Humedad relativa del aire a 2 metros media diaria,2016-03-10 00:00,%,82.4791666666667,Preliminar
21206990,TIBAITATA - AUT [21206990],HUM RELATIVA,Humedad relativa del aire a 2 metros media diaria,2016-03-11 00:00,%,82,Preliminar
21206990,TIBAITATA - AUT [21206990],HUM RELATIVA,Humedad relativa del aire a 2 metros media diaria,2016-03-12 00:00,%,80.2954545454546,Preliminar
21206990,TIBAITATA - AUT [21206990],HUM RELATIVA,Humedad relativa del aire a 2 metros media diaria,2016-03-13 00:00,%,84.875,Preliminar
21206990,TIBAITATA - AUT [21206990],HUM RELATIVA,Humedad relativa del aire a 2 metros media diaria,2016-03-14 00:00,%,85.5238095238095,Preliminar
21206990,TIBAITATA - AUT [21206990],HUM RELATIVA,Humedad relativa del aire a 2 metros media diaria,2016-03-15 00:00,%,83.6458333333333,Preliminar
21206990,TIBAITATA - AUT [21206990],HUM RELATIVA,Humedad relativa del aire a 2 metros media diaria,2016-03-16 00:00,%,86.6666666666667,Preliminar
21206990,TIBAITATA - AUT [21206990],HUM RELATIVA,Humedad relativa del aire a 2 metros media diaria,2016-03-17 00:00,%,84.375,Preliminar
21206990,TIBAITATA - AUT [21206990],HUM RELATIVA,Humedad relativa del aire a 2 metros media diaria,2016-03-18 00:00,%,81.3333333333333,Preliminar
21206990,TIBAITATA - AUT [21206990],HUM RELATIVA,Humedad relativa del aire a 2 metros media diaria,2016-03-19 00:00,%,76.1666666666667,Preliminar
21206990,TIBAITATA - AUT [21206990],HUM RELATIVA,Humedad relativa del aire a 2 metros media diaria,2016-03-20 00:00,%,70.7291666666667,Preliminar
21206990,TIBAITATA - AUT [21206990],HUM RELATIVA,Humedad relativa del aire a 2 metros media diaria,2016-03-21 00:00,%,73.5208333333333,Preliminar
21206990,TIBAITATA - AUT [21206990],HUM RELATIVA,Humedad relativa del aire a 2 metros media diaria,2016-03-22 00:00,%,80.7916666666667,Preliminar
21206990,TIBAITATA - AUT [21206990],HUM RELATIVA,Humedad relativa del aire a 2 metros media diaria,2016-03-23 00:00,%,81.1666666666667,Preliminar
21206990,TIBAITATA - AUT [21206990],HUM RELATIVA,Humedad relativa del aire a 2 metros media diaria,2016-03-24 00:00,%,76.0625,Preliminar
21206990,TIBAITATA - AUT [21206990],HUM RELATIVA,Humedad relativa del aire a 2 metros media diaria,2016-03-25 00:00,%,73.9166666666667,Preliminar
21206990,TIBAITATA - AUT [21206990],HUM RELATIVA,Humedad relativa del aire a 2 metros media diaria,2016-03-26 00:00,%,75.9791666666667,Preliminar
21206990,TIBAITATA - AUT [21206990],HUM RELATIVA,Humedad relativa del aire a 2 metros media diaria,2016-03-27 00:00,%,79.3541666666667,Preliminar
21206990,TIBAITATA - AUT [21206990],HUM RELATIVA,Humedad relativa del aire a 2 metros media diaria,2016-03-28 00:00,%,81.0208333333333,Preliminar
21206990,TIBAITATA - AUT [21206990],HUM RELATIVA,Humedad relativa del aire a 2 metros media diaria,2016-03-29 00:00,%,79.8809523809524,Preliminar
21206990,TIBAITATA - AUT [21206990],HUM RELATIVA,Humedad relativa del aire a 2 metros media diaria,2016-03-30 00:00,%,86.1041666666667,Preliminar
21206990,TIBAITATA - AUT [21206990],HUM RELATIVA,Humedad relativa del aire a 2 metros media diaria,2016-03-31 00:00,%,86.8958333333333,Preliminar
21206990,TIBAITATA - AUT [21206990],HUM RELATIVA,Humedad relativa del aire a 2 metros media diaria,2016-04-01 00:00,%,86.8958333333333,Preliminar
21206990,TIBAITATA - AUT [21206990],HUM RELATIVA,Humedad relativa del aire a 2 metros media diaria,2016-04-02 00:00,%,91.3333333333333,Preliminar
21206990,TIBAITATA - AUT [21206990],HUM RELATIVA,Humedad relativa del aire a 2 metros media diaria,2016-04-03 00:00,%,89.9,Preliminar
21206990,TIBAITATA - AUT [21206990],HUM RELATIVA,Humedad relativa del aire a 2 metros media diaria,2016-04-04 00:00,%,93.1041666666667,Preliminar
21206990,TIBAITATA - AUT [21206990],HUM RELATIVA,Humedad relativa del aire a 2 metros media diaria,2016-04-05 00:00,%,93.3235294117647,Preliminar
21206990,TIBAITATA - AUT [21206990],HUM RELATIVA,Humedad relativa del aire a 2 metros media diaria,2016-04-06 00:00,%,91.6,Preliminar
21206990,TIBAITATA - AUT [21206990],HUM RELATIVA,Humedad relativa del aire a 2 metros media diaria,2016-04-07 00:00,%,79.4583333333333,Preliminar
21206990,TIBAITATA - AUT [21206990],HUM RELATIVA,Humedad relativa del aire a 2 metros media diaria,2016-04-08 00:00,%,81.9166666666667,Preliminar
21206990,TIBAITATA - AUT [21206990],HUM RELATIVA,Humedad relativa del aire a 2 metros media diaria,2016-04-09 00:00,%,87.3541666666667,Preliminar
21206990,TIBAITATA - AUT [21206990],HUM RELATIVA,Humedad relativa del aire a 2 metros media diaria,2016-04-10 00:00,%,86.125,Preliminar
21206990,TIBAITATA - AUT [21206990],HUM RELATIVA,Humedad relativa del aire a 2 metros media diaria,2016-04-11 00:00,%,86.7291666666667,Preliminar
21206990,TIBAITATA - AUT [21206990],HUM RELATIVA,Humedad relativa del aire a 2 metros media diaria,2016-04-12 00:00,%,89.575,Preliminar
21206990,TIBAITATA - AUT [21206990],HUM RELATIVA,Humedad relativa del aire a 2 metros media diaria,2016-04-13 00:00,%,90,Preliminar
21206990,TIBAITATA - AUT [21206990],HUM RELATIVA,Humedad relativa del aire a 2 metros media diaria,2016-04-14 00:00,%,86.7916666666667,Preliminar
21206990,TIBAITATA - AUT [21206990],HUM RELATIVA,Humedad relativa del aire a 2 metros media diaria,2016-04-15 00:00,%,83.9090909090909,Preliminar
21206990,TIBAITATA - AUT [21206990],HUM RELATIVA,Humedad relativa del aire a 2 metros media diaria,2016-04-16 00:00,%,80.1875,Preliminar
21206990,TIBAITATA - AUT [21206990],HUM RELATIVA,Humedad relativa del aire a 2 metros media diaria,2016-04-17 00:00,%,79.75,Preliminar
21206990,TIBAITATA - AUT [21206990],HUM RELATIVA,Humedad relativa del aire a 2 metros media diaria,2016-04-18 00:00,%,75.75,Preliminar
21206990,TIBAITATA - AUT [21206990],HUM RELATIVA,Humedad relativa del aire a 2 metros media diaria,2016-04-19 00:00,%,77.6875,Preliminar
21206990,TIBAITATA - AUT [21206990],HUM RELATIVA,Humedad relativa del aire a 2 metros media diaria,2016-04-21 00:00,%,76.3541666666667,Preliminar
21206990,TIBAITATA - AUT [21206990],HUM RELATIVA,Humedad relativa del aire a 2 metros media diaria,2016-04-22 00:00,%,82.6052631578947,Preliminar
21206990,TIBAITATA - AUT [21206990],HUM RELATIVA,Humedad relativa del aire a 2 metros media diaria,2016-04-23 00:00,%,82.9583333333333,Preliminar
21206990,TIBAITATA - AUT [21206990],HUM RELATIVA,Humedad relativa del aire a 2 metros media diaria,2016-04-24 00:00,%,89.1458333333333,Preliminar
21206990,TIBAITATA - AUT [21206990],HUM RELATIVA,Humedad relativa del aire a 2 metros media diaria,2016-04-25 00:00,%,87.0208333333333,Preliminar
21206990,TIBAITATA - AUT [21206990],HUM RELATIVA,Humedad relativa del aire a 2 metros media diaria,2016-04-26 00:00,%,89.2647058823529,Preliminar
21206990,TIBAITATA - AUT [21206990],HUM RELATIVA,Humedad relativa del aire a 2 metros media diaria,2016-04-27 00:00,%,88,Preliminar
21206990,TIBAITATA - AUT [21206990],HUM RELATIVA,Humedad relativa del aire a 2 metros media diaria,2016-04-28 00:00,%,88.1458333333333,Preliminar
21206990,TIBAITATA - AUT [21206990],HUM RELATIVA,Humedad relativa del aire a 2 metros media diaria,2016-04-29 00:00,%,92.2142857142857,Preliminar
21206990,TIBAITATA - AUT [21206990],HUM RELATIVA,Humedad relativa del aire a 2 metros media diaria,2016-04-30 00:00,%,85.2272727272727,Preliminar
21206990,TIBAITATA - AUT [21206990],HUM RELATIVA,Humedad relativa del aire a 2 metros media diaria,2016-05-01 00:00,%,86.6458333333333,Preliminar
21206990,TIBAITATA - AUT [21206990],HUM RELATIVA,Humedad relativa del aire a 2 metros media diaria,2016-05-02 00:00,%,88.3333333333333,Preliminar
21206990,TIBAITATA - AUT [21206990],HUM RELATIVA,Humedad relativa del aire a 2 metros media diaria,2016-05-03 00:00,%,91.8666666666666,Preliminar
21206990,TIBAITATA - AUT [21206990],HUM RELATIVA,Humedad relativa del aire a 2 metros media diaria,2016-05-04 00:00,%,91.9722222222222,Preliminar
21206990,TIBAITATA - AUT [21206990],HUM RELATIVA,Humedad relativa del aire a 2 metros media diaria,2016-05-05 00:00,%,83.75,Preliminar
21206990,TIBAITATA - AUT [21206990],HUM RELATIVA,Humedad relativa del aire a 2 metros media diaria,2016-05-06 00:00,%,88.25,Preliminar
21206990,TIBAITATA - AUT [21206990],HUM RELATIVA,Humedad relativa del aire a 2 metros media diaria,2016-05-07 00:00,%,86,Preliminar
21206990,TIBAITATA - AUT [21206990],HUM RELATIVA,Humedad relativa del aire a 2 metros media diaria,2016-05-08 00:00,%,86.4791666666667,Preliminar
21206990,TIBAITATA - AUT [21206990],HUM RELATIVA,Humedad relativa del aire a 2 metros media diaria,2016-05-09 00:00,%,84.6818181818182,Preliminar
21206990,TIBAITATA - AUT [21206990],HUM RELATIVA,Humedad relativa del aire a 2 metros media diaria,2016-05-10 00:00,%,85.925,Preliminar
21206990,TIBAITATA - AUT [21206990],HUM RELATIVA,Humedad relativa del aire a 2 metros media diaria,2016-05-11 00:00,%,77.525,Preliminar
21206990,TIBAITATA - AUT [21206990],HUM RELATIVA,Humedad relativa del aire a 2 metros media diaria,2016-05-12 00:00,%,80.5833333333333,Preliminar
21206990,TIBAITATA - AUT [21206990],HUM RELATIVA,Humedad relativa del aire a 2 metros media diaria,2016-05-13 00:00,%,87.9791666666667,Preliminar
21206990,TIBAITATA - AUT [21206990],HUM RELATIVA,Humedad relativa del aire a 2 metros media diaria,2016-05-14 00:00,%,81.8125,Preliminar
21206990,TIBAITATA - AUT [21206990],HUM RELATIVA,Humedad relativa del aire a 2 metros media diaria,2016-05-15 00:00,%,77.9375,Preliminar
21206990,TIBAITATA - AUT [21206990],HUM RELATIVA,Humedad relativa del aire a 2 metros media diaria,2016-05-16 00:00,%,80.2083333333333,Preliminar
21206990,TIBAITATA - AUT [21206990],HUM RELATIVA,Humedad relativa del aire a 2 metros media diaria,2016-05-17 00:00,%,77.0714285714286,Preliminar
21206990,TIBAITATA - AUT [21206990],HUM RELATIVA,Humedad relativa del aire a 2 metros media diaria,2016-05-18 00:00,%,86.3863636363636,Preliminar
21206990,TIBAITATA - AUT [21206990],HUM RELATIVA,Humedad relativa del aire a 2 metros media diaria,2016-05-19 00:00,%,81.625,Preliminar
21206990,TIBAITATA - AUT [21206990],HUM RELATIVA,Humedad relativa del aire a 2 metros media diaria,2016-05-20 00:00,%,78,Preliminar
21206990,TIBAITATA - AUT [21206990],HUM RELATIVA,Humedad relativa del aire a 2 metros media diaria,2016-05-21 00:00,%,75.8333333333333,Preliminar
21206990,TIBAITATA - AUT [21206990],HUM RELATIVA,Humedad relativa del aire a 2 metros media diaria,2016-05-22 00:00,%,74.6818181818182,Preliminar
21206990,TIBAITATA - AUT [21206990],HUM RELATIVA,Humedad relativa del aire a 2 metros media diaria,2016-05-23 00:00,%,77.0833333333333,Preliminar
21206990,TIBAITATA - AUT [21206990],HUM RELATIVA,Humedad relativa del aire a 2 metros media diaria,2016-05-24 00:00,%,85.3181818181818,Preliminar
21206990,TIBAITATA - AUT [21206990],HUM RELATIVA,Humedad relativa del aire a 2 metros media diaria,2016-05-25 00:00,%,86.2045454545454,Preliminar
21206990,TIBAITATA - AUT [21206990],HUM RELATIVA,Humedad relativa del aire a 2 metros media diaria,2016-05-26 00:00,%,92.3809523809524,Preliminar
21206990,TIBAITATA - AUT [21206990],HUM RELATIVA,Humedad relativa del aire a 2 metros media diaria,2016-05-27 00:00,%,84.5909090909091,Preliminar
21206990,TIBAITATA - AUT [21206990],HUM RELATIVA,Humedad relativa del aire a 2 metros media diaria,2016-05-28 00:00,%,84.1666666666667,Preliminar
21206990,TIBAITATA - AUT [21206990],HUM RELATIVA,Humedad relativa del aire a 2 metros media diaria,2016-05-29 00:00,%,84.4791666666667,Preliminar
21206990,TIBAITATA - AUT [21206990],HUM RELATIVA,Humedad relativa del aire a 2 metros media diaria,2016-05-30 00:00,%,86.1041666666667,Preliminar
21206990,TIBAITATA - AUT [21206990],HUM RELATIVA,Humedad relativa del aire a 2 metros media diaria,2016-05-31 00:00,%,84.4166666666667,Preliminar
21206990,TIBAITATA - AUT [21206990],HUM RELATIVA,Humedad relativa del aire a 2 metros media diaria,2016-06-01 00:00,%,80.25,Preliminar
21206990,TIBAITATA - AUT [21206990],HUM RELATIVA,Humedad relativa del aire a 2 metros media diaria,2016-06-02 00:00,%,84.1875,Preliminar
21206990,TIBAITATA - AUT [21206990],HUM RELATIVA,Humedad relativa del aire a 2 metros media diaria,2016-06-03 00:00,%,83.7916666666667,Preliminar
21206990,TIBAITATA - AUT [21206990],HUM RELATIVA,Humedad relativa del aire a 2 metros media diaria,2016-06-04 00:00,%,77.3125,Preliminar
21206990,TIBAITATA - AUT [21206990],HUM RELATIVA,Humedad relativa del aire a 2 metros media diaria,2016-06-05 00:00,%,75.3863636363636,Preliminar
21206990,TIBAITATA - AUT [21206990],HUM RELATIVA,Humedad relativa del aire a 2 metros media diaria,2016-06-06 00:00,%,84.8541666666667,Preliminar
21206990,TIBAITATA - AUT [21206990],HUM RELATIVA,Humedad relativa del aire a 2 metros media diaria,2016-06-07 00:00,%,87.8541666666667,Preliminar
21206990,TIBAITATA - AUT [21206990],HUM RELATIVA,Humedad relativa del aire a 2 metros media diaria,2016-06-08 00:00,%,75.7916666666667,Preliminar
21206990,TIBAITATA - AUT [21206990],HUM RELATIVA,Humedad relativa del aire a 2 metros media diaria,2016-06-09 00:00,%,86.3958333333333,Preliminar
21206990,TIBAITATA - AUT [21206990],HUM RELATIVA,Humedad relativa del aire a 2 metros media diaria,2016-06-10 00:00,%,81.2083333333333,Preliminar
21206990,TIBAITATA - AUT [21206990],HUM RELATIVA,Humedad relativa del aire a 2 metros media diaria,2016-06-11 00:00,%,76.4166666666667,Preliminar
21206990,TIBAITATA - AUT [21206990],HUM RELATIVA,Humedad relativa del aire a 2 metros media diaria,2016-06-12 00:00,%,76.8541666666667,Preliminar
21206990,TIBAITATA - AUT [21206990],HUM RELATIVA,Humedad relativa del aire a 2 metros media diaria,2016-06-13 00:00,%,76.8125,Preliminar
21206990,TIBAITATA - AUT [21206990],HUM RELATIVA,Humedad relativa del aire a 2 metros media diaria,2016-06-14 00:00,%,80.2916666666667,Preliminar
21206990,TIBAITATA - AUT [21206990],HUM RELATIVA,Humedad relativa del aire a 2 metros media diaria,2016-06-15 00:00,%,78.875,Preliminar
21206990,TIBAITATA - AUT [21206990],HUM RELATIVA,Humedad relativa del aire a 2 metros media diaria,2016-06-16 00:00,%,76.0416666666667,Preliminar
21206990,TIBAITATA - AUT [21206990],HUM RELATIVA,Humedad relativa del aire a 2 metros media diaria,2016-06-17 00:00,%,73.3636363636364,Preliminar
21206990,TIBAITATA - AUT [21206990],HUM RELATIVA,Humedad relativa del aire a 2 metros media diaria,2016-06-18 00:00,%,82.2916666666667,Preliminar
21206990,TIBAITATA - AUT [21206990],HUM RELATIVA,Humedad relativa del aire a 2 metros media diaria,2016-06-19 00:00,%,86.75,Preliminar
21206990,TIBAITATA - AUT [21206990],HUM RELATIVA,Humedad relativa del aire a 2 metros media diaria,2016-06-20 00:00,%,79.6666666666667,Preliminar
21206990,TIBAITATA - AUT [21206990],HUM RELATIVA,Humedad relativa del aire a 2 metros media diaria,2016-06-21 00:00,%,78.0208333333333,Preliminar
21206990,TIBAITATA - AUT [21206990],HUM RELATIVA,Humedad relativa del aire a 2 metros media diaria,2016-06-22 00:00,%,79.2708333333333,Preliminar
21206990,TIBAITATA - AUT [21206990],HUM RELATIVA,Humedad relativa del aire a 2 metros media diaria,2016-06-23 00:00,%,79.8958333333333,Preliminar
21206990,TIBAITATA - AUT [21206990],HUM RELATIVA,Humedad relativa del aire a 2 metros media diaria,2016-06-24 00:00,%,85.5,Preliminar
21206990,TIBAITATA - AUT [21206990],HUM RELATIVA,Humedad relativa del aire a 2 metros media diaria,2016-06-25 00:00,%,80.7954545454546,Preliminar
21206990,TIBAITATA - AUT [21206990],HUM RELATIVA,Humedad relativa del aire a 2 metros media diaria,2016-06-26 00:00,%,80.5909090909091,Preliminar
21206990,TIBAITATA - AUT [21206990],HUM RELATIVA,Humedad relativa del aire a 2 metros media diaria,2016-06-27 00:00,%,75.5208333333333,Preliminar
21206990,TIBAITATA - AUT [21206990],HUM RELATIVA,Humedad relativa del aire a 2 metros media diaria,2016-06-28 00:00,%,74.1458333333333,Preliminar
21206990,TIBAITATA - AUT [21206990],HUM RELATIVA,Humedad relativa del aire a 2 metros media diaria,2016-06-29 00:00,%,77.9375,Preliminar
21206990,TIBAITATA - AUT [21206990],HUM RELATIVA,Humedad relativa del aire a 2 metros media diaria,2016-06-30 00:00,%,84.7941176470588,Preliminar
21206990,TIBAITATA - AUT [21206990],HUM RELATIVA,Humedad relativa del aire a 2 metros media diaria,2016-07-01 00:00,%,83.3958333333333,Preliminar
21206990,TIBAITATA - AUT [21206990],HUM RELATIVA,Humedad relativa del aire a 2 metros media diaria,2016-07-02 00:00,%,80.2083333333333,Preliminar
21206990,TIBAITATA - AUT [21206990],HUM RELATIVA,Humedad relativa del aire a 2 metros media diaria,2016-07-03 00:00,%,80.5208333333333,Preliminar
21206990,TIBAITATA - AUT [21206990],HUM RELATIVA,Humedad relativa del aire a 2 metros media diaria,2016-07-04 00:00,%,71.8958333333333,Preliminar
21206990,TIBAITATA - AUT [21206990],HUM RELATIVA,Humedad relativa del aire a 2 metros media diaria,2016-07-05 00:00,%,81.4791666666667,Preliminar
21206990,TIBAITATA - AUT [21206990],HUM RELATIVA,Humedad relativa del aire a 2 metros media diaria,2016-07-06 00:00,%,91.5208333333333,Preliminar
21206990,TIBAITATA - AUT [21206990],HUM RELATIVA,Humedad relativa del aire a 2 metros media diaria,2016-07-07 00:00,%,79.1666666666667,Preliminar
21206990,TIBAITATA - AUT [21206990],HUM RELATIVA,Humedad relativa del aire a 2 metros media diaria,2016-07-08 00:00,%,72.575,Preliminar
21206990,TIBAITATA - AUT [21206990],HUM RELATIVA,Humedad relativa del aire a 2 metros media diaria,2016-07-09 00:00,%,69.7291666666667,Preliminar
21206990,TIBAITATA - AUT [21206990],HUM RELATIVA,Humedad relativa del aire a 2 metros media diaria,2016-07-10 00:00,%,74.25,Preliminar
21206990,TIBAITATA - AUT [21206990],HUM RELATIVA,Humedad relativa del aire a 2 metros media diaria,2016-07-11 00:00,%,84.4090909090909,Preliminar
21206990,TIBAITATA - AUT [21206990],HUM RELATIVA,Humedad relativa del aire a 2 metros media diaria,2016-07-12 00:00,%,83.9318181818182,Preliminar
21206990,TIBAITATA - AUT [21206990],HUM RELATIVA,Humedad relativa del aire a 2 metros media diaria,2016-07-13 00:00,%,74.6041666666667,Preliminar
21206990,TIBAITATA - AUT [21206990],HUM RELATIVA,Humedad relativa del aire a 2 metros media diaria,2016-07-14 00:00,%,79.6666666666667,Preliminar
21206990,TIBAITATA - AUT [21206990],HUM RELATIVA,Humedad relativa del aire a 2 metros media diaria,2016-07-15 00:00,%,86.8125,Preliminar
21206990,TIBAITATA - AUT [21206990],HUM RELATIVA,Humedad relativa del aire a 2 metros media diaria,2016-07-16 00:00,%,87.2708333333333,Preliminar
21206990,TIBAITATA - AUT [21206990],HUM RELATIVA,Humedad relativa del aire a 2 metros media diaria,2016-07-17 00:00,%,76.0833333333333,Preliminar
21206990,TIBAITATA - AUT [21206990],HUM RELATIVA,Humedad relativa del aire a 2 metros media diaria,2016-07-18 00:00,%,83.9166666666667,Preliminar
21206990,TIBAITATA - AUT [21206990],HUM RELATIVA,Humedad relativa del aire a 2 metros media diaria,2016-07-19 00:00,%,83.4375,Preliminar
21206990,TIBAITATA - AUT [21206990],HUM RELATIVA,Humedad relativa del aire a 2 metros media diaria,2016-07-20 00:00,%,81.95,Preliminar
21206990,TIBAITATA - AUT [21206990],HUM RELATIVA,Humedad relativa del aire a 2 metros media diaria,2016-07-21 00:00,%,82.7954545454546,Preliminar
21206990,TIBAITATA - AUT [21206990],HUM RELATIVA,Humedad relativa del aire a 2 metros media diaria,2016-07-22 00:00,%,83.4791666666667,Preliminar
21206990,TIBAITATA - AUT [21206990],HUM RELATIVA,Humedad relativa del aire a 2 metros media diaria,2016-07-23 00:00,%,84.0208333333333,Preliminar
21206990,TIBAITATA - AUT [21206990],HUM RELATIVA,Humedad relativa del aire a 2 metros media diaria,2016-07-24 00:00,%,86.6666666666667,Preliminar
21206990,TIBAITATA - AUT [21206990],HUM RELATIVA,Humedad relativa del aire a 2 metros media diaria,2016-07-25 00:00,%,76.9791666666667,Preliminar
21206990,TIBAITATA - AUT [21206990],HUM RELATIVA,Humedad relativa del aire a 2 metros media diaria,2016-07-26 00:00,%,76.775,Preliminar
21206990,TIBAITATA - AUT [21206990],HUM RELATIVA,Humedad relativa del aire a 2 metros media diaria,2016-07-27 00:00,%,81.3333333333333,Preliminar
21206990,TIBAITATA - AUT [21206990],HUM RELATIVA,Humedad relativa del aire a 2 metros media diaria,2016-07-28 00:00,%,75.375,Preliminar
21206990,TIBAITATA - AUT [21206990],HUM RELATIVA,Humedad relativa del aire a 2 metros media diaria,2016-07-29 00:00,%,71.2666666666667,Preliminar
21206990,TIBAITATA - AUT [21206990],HUM RELATIVA,Humedad relativa del aire a 2 metros media diaria,2016-07-30 00:00,%,77.46875,Preliminar
21206990,TIBAITATA - AUT [21206990],HUM RELATIVA,Humedad relativa del aire a 2 metros media diaria,2016-07-31 00:00,%,79.5208333333333,Preliminar
21206990,TIBAITATA - AUT [21206990],HUM RELATIVA,Humedad relativa del aire a 2 metros media diaria,2016-08-01 00:00,%,79.75,Preliminar
21206990,TIBAITATA - AUT [21206990],HUM RELATIVA,Humedad relativa del aire a 2 metros media diaria,2016-08-02 00:00,%,80.8409090909091,Preliminar
21206990,TIBAITATA - AUT [21206990],HUM RELATIVA,Humedad relativa del aire a 2 metros media diaria,2016-08-03 00:00,%,78.2291666666667,Preliminar
21206990,TIBAITATA - AUT [21206990],HUM RELATIVA,Humedad relativa del aire a 2 metros media diaria,2016-08-04 00:00,%,75.7916666666667,Preliminar
21206990,TIBAITATA - AUT [21206990],HUM RELATIVA,Humedad relativa del aire a 2 metros media diaria,2016-08-05 00:00,%,78.7727272727273,Preliminar
21206990,TIBAITATA - AUT [21206990],HUM RELATIVA,Humedad relativa del aire a 2 metros media diaria,2016-08-06 00:00,%,75.6041666666667,Preliminar
21206990,TIBAITATA - AUT [21206990],HUM RELATIVA,Humedad relativa del aire a 2 metros media diaria,2016-08-07 00:00,%,74.9375,Preliminar
21206990,TIBAITATA - AUT [21206990],HUM RELATIVA,Humedad relativa del aire a 2 metros media diaria,2016-08-08 00:00,%,74.875,Preliminar
21206990,TIBAITATA - AUT [21206990],HUM RELATIVA,Humedad relativa del aire a 2 metros media diaria,2016-08-09 00:00,%,80.75,Preliminar
21206990,TIBAITATA - AUT [21206990],HUM RELATIVA,Humedad relativa del aire a 2 metros media diaria,2016-08-10 00:00,%,77.547619047619,Preliminar
21206990,TIBAITATA - AUT [21206990],HUM RELATIVA,Humedad relativa del aire a 2 metros media diaria,2016-08-11 00:00,%,73.4117647058824,Preliminar
21206990,TIBAITATA - AUT [21206990],HUM RELATIVA,Humedad relativa del aire a 2 metros media diaria,2016-08-12 00:00,%,78.3611111111111,Preliminar
21206990,TIBAITATA - AUT [21206990],HUM RELATIVA,Humedad relativa del aire a 2 metros media diaria,2016-08-13 00:00,%,75.5,Preliminar
21206990,TIBAITATA - AUT [21206990],HUM RELATIVA,Humedad relativa del aire a 2 metros media diaria,2016-08-14 00:00,%,74.6176470588235,Preliminar
21206990,TIBAITATA - AUT [21206990],HUM RELATIVA,Humedad relativa del aire a 2 metros media diaria,2016-08-15 00:00,%,79.5833333333333,Preliminar
21206990,TIBAITATA - AUT [21206990],HUM RELATIVA,Humedad relativa del aire a 2 metros media diaria,2016-08-16 00:00,%,78.3333333333333,Preliminar
21206990,TIBAITATA - AUT [21206990],HUM RELATIVA,Humedad relativa del aire a 2 metros media diaria,2016-08-17 00:00,%,78.8333333333333,Preliminar
21206990,TIBAITATA - AUT [21206990],HUM RELATIVA,Humedad relativa del aire a 2 metros media diaria,2016-08-18 00:00,%,86.8333333333333,Preliminar
21206990,TIBAITATA - AUT [21206990],HUM RELATIVA,Humedad relativa del aire a 2 metros media diaria,2016-08-21 00:00,%,75.4583333333333,Preliminar
21206990,TIBAITATA - AUT [21206990],HUM RELATIVA,Humedad relativa del aire a 2 metros media diaria,2016-08-22 00:00,%,79.5681818181818,Preliminar
21206990,TIBAITATA - AUT [21206990],HUM RELATIVA,Humedad relativa del aire a 2 metros media diaria,2016-08-23 00:00,%,79.8125,Preliminar
21206990,TIBAITATA - AUT [21206990],HUM RELATIVA,Humedad relativa del aire a 2 metros media diaria,2016-08-24 00:00,%,85.2916666666667,Preliminar
21206990,TIBAITATA - AUT [21206990],HUM RELATIVA,Humedad relativa del aire a 2 metros media diaria,2016-08-25 00:00,%,82.125,Preliminar
21206990,TIBAITATA - AUT [21206990],HUM RELATIVA,Humedad relativa del aire a 2 metros media diaria,2016-08-26 00:00,%,80.6666666666667,Preliminar
21206990,TIBAITATA - AUT [21206990],HUM RELATIVA,Humedad relativa del aire a 2 metros media diaria,2016-08-27 00:00,%,80.4791666666667,Preliminar
21206990,TIBAITATA - AUT [21206990],HUM RELATIVA,Humedad relativa del aire a 2 metros media diaria,2016-08-28 00:00,%,76.2916666666667,Preliminar
21206990,TIBAITATA - AUT [21206990],HUM RELATIVA,Humedad relativa del aire a 2 metros media diaria,2016-08-29 00:00,%,77.4375,Preliminar
21206990,TIBAITATA - AUT [21206990],HUM RELATIVA,Humedad relativa del aire a 2 metros media diaria,2016-08-30 00:00,%,74.2272727272727,Preliminar
21206990,TIBAITATA - AUT [21206990],HUM RELATIVA,Humedad relativa del aire a 2 metros media diaria,2016-08-31 00:00,%,82.7291666666667,Preliminar
21206990,TIBAITATA - AUT [21206990],HUM RELATIVA,Humedad relativa del aire a 2 metros media diaria,2016-09-01 00:00,%,81.0625,Preliminar
21206990,TIBAITATA - AUT [21206990],HUM RELATIVA,Humedad relativa del aire a 2 metros media diaria,2016-09-02 00:00,%,86.3541666666667,Preliminar
21206990,TIBAITATA - AUT [21206990],HUM RELATIVA,Humedad relativa del aire a 2 metros media diaria,2016-09-04 00:00,%,87.4782608695652,Preliminar
21206990,TIBAITATA - AUT [21206990],HUM RELATIVA,Humedad relativa del aire a 2 metros media diaria,2016-09-05 00:00,%,78.0294117647059,Preliminar
21206990,TIBAITATA - AUT [21206990],HUM RELATIVA,Humedad relativa del aire a 2 metros media diaria,2016-09-06 00:00,%,73.0833333333333,Preliminar
21206990,TIBAITATA - AUT [21206990],HUM RELATIVA,Humedad relativa del aire a 2 metros media diaria,2016-09-08 00:00,%,71.0333333333333,Preliminar
21206990,TIBAITATA - AUT [21206990],HUM RELATIVA,Humedad relativa del aire a 2 metros media diaria,2016-09-09 00:00,%,76,Preliminar
21206990,TIBAITATA - AUT [21206990],HUM RELATIVA,Humedad relativa del aire a 2 metros media diaria,2016-09-10 00:00,%,85.9166666666667,Preliminar
21206990,TIBAITATA - AUT [21206990],HUM RELATIVA,Humedad relativa del aire a 2 metros media diaria,2016-09-11 00:00,%,85.875,Preliminar
21206990,TIBAITATA - AUT [21206990],HUM RELATIVA,Humedad relativa del aire a 2 metros media diaria,2016-09-12 00:00,%,85.4473684210526,Preliminar
21206990,TIBAITATA - AUT [21206990],HUM RELATIVA,Humedad relativa del aire a 2 metros media diaria,2016-09-13 00:00,%,90.5,Preliminar
21206990,TIBAITATA - AUT [21206990],HUM RELATIVA,Humedad relativa del aire a 2 metros media diaria,2016-09-14 00:00,%,83.2894736842105,Preliminar
21206990,TIBAITATA - AUT [21206990],HUM RELATIVA,Humedad relativa del aire a 2 metros media diaria,2016-09-15 00:00,%,78.5526315789474,Preliminar
21206990,TIBAITATA - AUT [21206990],HUM RELATIVA,Humedad relativa del aire a 2 metros media diaria,2016-09-17 00:00,%,70.9791666666667,Preliminar
21206990,TIBAITATA - AUT [21206990],HUM RELATIVA,Humedad relativa del aire a 2 metros media diaria,2016-09-18 00:00,%,76.9375,Preliminar
21206990,TIBAITATA - AUT [21206990],HUM RELATIVA,Humedad relativa del aire a 2 metros media diaria,2016-09-19 00:00,%,74.3333333333333,Preliminar
21206990,TIBAITATA - AUT [21206990],HUM RELATIVA,Humedad relativa del aire a 2 metros media diaria,2016-09-20 00:00,%,71.7954545454546,Preliminar
21206990,TIBAITATA - AUT [21206990],HUM RELATIVA,Humedad relativa del aire a 2 metros media diaria,2016-09-21 00:00,%,79.4166666666667,Preliminar
21206990,TIBAITATA - AUT [21206990],HUM RELATIVA,Humedad relativa del aire a 2 metros media diaria,2016-09-22 00:00,%,86.25,Preliminar
21206990,TIBAITATA - AUT [21206990],HUM RELATIVA,Humedad relativa del aire a 2 metros media diaria,2016-09-24 00:00,%,79.5208333333333,Preliminar
21206990,TIBAITATA - AUT [21206990],HUM RELATIVA,Humedad relativa del aire a 2 metros media diaria,2016-09-25 00:00,%,77.5681818181818,Preliminar
21206990,TIBAITATA - AUT [21206990],HUM RELATIVA,Humedad relativa del aire a 2 metros media diaria,2016-09-26 00:00,%,73.5,Preliminar
21206990,TIBAITATA - AUT [21206990],HUM RELATIVA,Humedad relativa del aire a 2 metros media diaria,2016-09-27 00:00,%,71.9791666666667,Preliminar
21206990,TIBAITATA - AUT [21206990],HUM RELATIVA,Humedad relativa del aire a 2 metros media diaria,2016-09-28 00:00,%,79.4761904761905,Preliminar
21206990,TIBAITATA - AUT [21206990],HUM RELATIVA,Humedad relativa del aire a 2 metros media diaria,2016-09-29 00:00,%,84.0416666666667,Preliminar
21206990,TIBAITATA - AUT [21206990],HUM RELATIVA,Humedad relativa del aire a 2 metros media diaria,2016-09-30 00:00,%,84.1666666666667,Preliminar
21206990,TIBAITATA - AUT [21206990],HUM RELATIVA,Humedad relativa del aire a 2 metros media diaria,2016-10-01 00:00,%,84.4791666666667,Preliminar
21206990,TIBAITATA - AUT [21206990],HUM RELATIVA,Humedad relativa del aire a 2 metros media diaria,2016-10-02 00:00,%,83.3333333333333,Preliminar
21206990,TIBAITATA - AUT [21206990],HUM RELATIVA,Humedad relativa del aire a 2 metros media diaria,2016-10-03 00:00,%,79.3611111111111,Preliminar
21206990,TIBAITATA - AUT [21206990],HUM RELATIVA,Humedad relativa del aire a 2 metros media diaria,2016-10-06 00:00,%,81.4545454545454,Preliminar
21206990,TIBAITATA - AUT [21206990],HUM RELATIVA,Humedad relativa del aire a 2 metros media diaria,2016-10-07 00:00,%,85.9375,Preliminar
21206990,TIBAITATA - AUT [21206990],HUM RELATIVA,Humedad relativa del aire a 2 metros media diaria,2016-10-08 00:00,%,88.2708333333333,Preliminar
21206990,TIBAITATA - AUT [21206990],HUM RELATIVA,Humedad relativa del aire a 2 metros media diaria,2016-10-09 00:00,%,80.2083333333333,Preliminar
21206990,TIBAITATA - AUT [21206990],HUM RELATIVA,Humedad relativa del aire a 2 metros media diaria,2016-10-10 00:00,%,81.1666666666667,Preliminar
21206990,TIBAITATA - AUT [21206990],HUM RELATIVA,Humedad relativa del aire a 2 metros media diaria,2016-10-11 00:00,%,85.4375,Preliminar
21206990,TIBAITATA - AUT [21206990],HUM RELATIVA,Humedad relativa del aire a 2 metros media diaria,2016-10-12 00:00,%,89.2083333333333,Preliminar
21206990,TIBAITATA - AUT [21206990],HUM RELATIVA,Humedad relativa del aire a 2 metros media diaria,2016-10-13 00:00,%,83.0454545454546,Preliminar
21206990,TIBAITATA - AUT [21206990],HUM RELATIVA,Humedad relativa del aire a 2 metros media diaria,2016-10-14 00:00,%,78.7708333333333,Preliminar
21206990,TIBAITATA - AUT [21206990],HUM RELATIVA,Humedad relativa del aire a 2 metros media diaria,2016-10-15 00:00,%,77.0208333333333,Preliminar
21206990,TIBAITATA - AUT [21206990],HUM RELATIVA,Humedad relativa del aire a 2 metros media diaria,2016-10-16 00:00,%,77.3409090909091,Preliminar
21206990,TIBAITATA - AUT [21206990],HUM RELATIVA,Humedad relativa del aire a 2 metros media diaria,2016-10-17 00:00,%,82.5208333333333,Preliminar
21206990,TIBAITATA - AUT [21206990],HUM RELATIVA,Humedad relativa del aire a 2 metros media diaria,2016-10-18 00:00,%,77.125,Preliminar
21206990,TIBAITATA - AUT [21206990],HUM RELATIVA,Humedad relativa del aire a 2 metros media diaria,2016-10-19 00:00,%,77.925,Preliminar
21206990,TIBAITATA - AUT [21206990],HUM RELATIVA,Humedad relativa del aire a 2 metros media diaria,2016-10-20 00:00,%,74.6666666666667,Preliminar
21206990,TIBAITATA - AUT [21206990],HUM RELATIVA,Humedad relativa del aire a 2 metros media diaria,2016-10-21 00:00,%,80.9791666666667,Preliminar
21206990,TIBAITATA - AUT [21206990],HUM RELATIVA,Humedad relativa del aire a 2 metros media diaria,2016-10-22 00:00,%,83.3125,Preliminar
21206990,TIBAITATA - AUT [21206990],HUM RELATIVA,Humedad relativa del aire a 2 metros media diaria,2016-10-23 00:00,%,81.2083333333333,Preliminar
21206990,TIBAITATA - AUT [21206990],HUM RELATIVA,Humedad relativa del aire a 2 metros media diaria,2016-10-24 00:00,%,81.8421052631579,Preliminar
21206990,TIBAITATA - AUT [21206990],HUM RELATIVA,Humedad relativa del aire a 2 metros media diaria,2016-10-25 00:00,%,86.5625,Preliminar
21206990,TIBAITATA - AUT [21206990],HUM RELATIVA,Humedad relativa del aire a 2 metros media diaria,2016-10-26 00:00,%,85.3958333333333,Preliminar
21206990,TIBAITATA - AUT [21206990],HUM RELATIVA,Humedad relativa del aire a 2 metros media diaria,2016-10-27 00:00,%,85.8333333333333,Preliminar
21206990,TIBAITATA - AUT [21206990],HUM RELATIVA,Humedad relativa del aire a 2 metros media diaria,2016-10-28 00:00,%,87.4130434782609,Preliminar
21206990,TIBAITATA - AUT [21206990],HUM RELATIVA,Humedad relativa del aire a 2 metros media diaria,2016-10-29 00:00,%,93.547619047619,Preliminar
21206990,TIBAITATA - AUT [21206990],HUM RELATIVA,Humedad relativa del aire a 2 metros media diaria,2016-10-30 00:00,%,83.9545454545454,Preliminar
21206990,TIBAITATA - AUT [21206990],HUM RELATIVA,Humedad relativa del aire a 2 metros media diaria,2016-10-31 00:00,%,88.625,Preliminar
21206990,TIBAITATA - AUT [21206990],HUM RELATIVA,Humedad relativa del aire a 2 metros media diaria,2016-11-01 00:00,%,86,Preliminar
21206990,TIBAITATA - AUT [21206990],HUM RELATIVA,Humedad relativa del aire a 2 metros media diaria,2016-11-02 00:00,%,86.0833333333333,Preliminar
21206990,TIBAITATA - AUT [21206990],HUM RELATIVA,Humedad relativa del aire a 2 metros media diaria,2016-11-03 00:00,%,83.7954545454546,Preliminar
21206990,TIBAITATA - AUT [21206990],HUM RELATIVA,Humedad relativa del aire a 2 metros media diaria,2016-11-04 00:00,%,75.9090909090909,Preliminar
21206990,TIBAITATA - AUT [21206990],HUM RELATIVA,Humedad relativa del aire a 2 metros media diaria,2016-11-05 00:00,%,78.5833333333333,Preliminar
21206990,TIBAITATA - AUT [21206990],HUM RELATIVA,Humedad relativa del aire a 2 metros media diaria,2016-11-06 00:00,%,82.0208333333333,Preliminar
21206990,TIBAITATA - AUT [21206990],HUM RELATIVA,Humedad relativa del aire a 2 metros media diaria,2016-11-07 00:00,%,85.8333333333333,Preliminar
21206990,TIBAITATA - AUT [21206990],HUM RELATIVA,Humedad relativa del aire a 2 metros media diaria,2016-11-08 00:00,%,87.2916666666667,Preliminar
21206990,TIBAITATA - AUT [21206990],HUM RELATIVA,Humedad relativa del aire a 2 metros media diaria,2016-11-09 00:00,%,84.3125,Preliminar
21206990,TIBAITATA - AUT [21206990],HUM RELATIVA,Humedad relativa del aire a 2 metros media diaria,2016-11-10 00:00,%,87.2291666666667,Preliminar
21206990,TIBAITATA - AUT [21206990],HUM RELATIVA,Humedad relativa del aire a 2 metros media diaria,2016-11-11 00:00,%,90.1875,Preliminar
21206990,TIBAITATA - AUT [21206990],HUM RELATIVA,Humedad relativa del aire a 2 metros media diaria,2016-11-12 00:00,%,85.25,Preliminar
21206990,TIBAITATA - AUT [21206990],HUM RELATIVA,Humedad relativa del aire a 2 metros media diaria,2016-11-13 00:00,%,84.9375,Preliminar
21206990,TIBAITATA - AUT [21206990],HUM RELATIVA,Humedad relativa del aire a 2 metros media diaria,2016-11-14 00:00,%,86.3181818181818,Preliminar
21206990,TIBAITATA - AUT [21206990],HUM RELATIVA,Humedad relativa del aire a 2 metros media diaria,2016-11-15 00:00,%,83.8611111111111,Preliminar
21206990,TIBAITATA - AUT [21206990],HUM RELATIVA,Humedad relativa del aire a 2 metros media diaria,2016-11-16 00:00,%,85.3181818181818,Preliminar
21206990,TIBAITATA - AUT [21206990],HUM RELATIVA,Humedad relativa del aire a 2 metros media diaria,2016-11-17 00:00,%,86.9375,Preliminar
21206990,TIBAITATA - AUT [21206990],HUM RELATIVA,Humedad relativa del aire a 2 metros media diaria,2016-11-18 00:00,%,90.875,Preliminar
21206990,TIBAITATA - AUT [21206990],HUM RELATIVA,Humedad relativa del aire a 2 metros media diaria,2016-11-19 00:00,%,92.3333333333333,Preliminar
21206990,TIBAITATA - AUT [21206990],HUM RELATIVA,Humedad relativa del aire a 2 metros media diaria,2016-11-20 00:00,%,86.9791666666667,Preliminar
21206990,TIBAITATA - AUT [21206990],HUM RELATIVA,Humedad relativa del aire a 2 metros media diaria,2016-11-21 00:00,%,81.0227272727273,Preliminar
21206990,TIBAITATA - AUT [21206990],HUM RELATIVA,Humedad relativa del aire a 2 metros media diaria,2016-11-22 00:00,%,83.5227272727273,Preliminar
21206990,TIBAITATA - AUT [21206990],HUM RELATIVA,Humedad relativa del aire a 2 metros media diaria,2016-11-23 00:00,%,86.1875,Preliminar
21206990,TIBAITATA - AUT [21206990],HUM RELATIVA,Humedad relativa del aire a 2 metros media diaria,2016-11-24 00:00,%,89.9375,Preliminar
21206990,TIBAITATA - AUT [21206990],HUM RELATIVA,Humedad relativa del aire a 2 metros media diaria,2016-11-25 00:00,%,88.1458333333333,Preliminar
21206990,TIBAITATA - AUT [21206990],HUM RELATIVA,Humedad relativa del aire a 2 metros media diaria,2016-11-26 00:00,%,91.1041666666667,Preliminar
21206990,TIBAITATA - AUT [21206990],HUM RELATIVA,Humedad relativa del aire a 2 metros media diaria,2016-11-27 00:00,%,90.3333333333333,Preliminar
21206990,TIBAITATA - AUT [21206990],HUM RELATIVA,Humedad relativa del aire a 2 metros media diaria,2016-11-28 00:00,%,88.375,Preliminar
21206990,TIBAITATA - AUT [21206990],HUM RELATIVA,Humedad relativa del aire a 2 metros media diaria,2016-11-29 00:00,%,89.9375,Preliminar
21206990,TIBAITATA - AUT [21206990],HUM RELATIVA,Humedad relativa del aire a 2 metros media diaria,2016-11-30 00:00,%,86.3333333333333,Preliminar
21206990,TIBAITATA - AUT [21206990],HUM RELATIVA,Humedad relativa del aire a 2 metros media diaria,2016-12-01 00:00,%,84.8541666666667,Preliminar
21206990,TIBAITATA - AUT [21206990],HUM RELATIVA,Humedad relativa del aire a 2 metros media diaria,2016-12-02 00:00,%,88.4791666666667,Preliminar
21206990,TIBAITATA - AUT [21206990],HUM RELATIVA,Humedad relativa del aire a 2 metros media diaria,2016-12-03 00:00,%,91.5833333333333,Preliminar
21206990,TIBAITATA - AUT [21206990],HUM RELATIVA,Humedad relativa del aire a 2 metros media diaria,2016-12-04 00:00,%,85.4791666666667,Preliminar
21206990,TIBAITATA - AUT [21206990],HUM RELATIVA,Humedad relativa del aire a 2 metros media diaria,2016-12-05 00:00,%,81.4090909090909,Preliminar
21206990,TIBAITATA - AUT [21206990],HUM RELATIVA,Humedad relativa del aire a 2 metros media diaria,2016-12-06 00:00,%,81.7291666666667,Preliminar
21206990,TIBAITATA - AUT [21206990],HUM RELATIVA,Humedad relativa del aire a 2 metros media diaria,2016-12-07 00:00,%,79.3541666666667,Preliminar
21206990,TIBAITATA - AUT [21206990],HUM RELATIVA,Humedad relativa del aire a 2 metros media diaria,2016-12-08 00:00,%,84.8958333333333,Preliminar
21206990,TIBAITATA - AUT [21206990],HUM RELATIVA,Humedad relativa del aire a 2 metros media diaria,2016-12-09 00:00,%,87.6041666666667,Preliminar
21206990,TIBAITATA - AUT [21206990],HUM RELATIVA,Humedad relativa del aire a 2 metros media diaria,2016-12-10 00:00,%,78.9791666666667,Preliminar
21206990,TIBAITATA - AUT [21206990],HUM RELATIVA,Humedad relativa del aire a 2 metros media diaria,2016-12-11 00:00,%,76.3125,Preliminar
21206990,TIBAITATA - AUT [21206990],HUM RELATIVA,Humedad relativa del aire a 2 metros media diaria,2016-12-12 00:00,%,78.8958333333333,Preliminar
21206990,TIBAITATA - AUT [21206990],HUM RELATIVA,Humedad relativa del aire a 2 metros media diaria,2016-12-13 00:00,%,85.3636363636364,Preliminar
21206990,TIBAITATA - AUT [21206990],HUM RELATIVA,Humedad relativa del aire a 2 metros media diaria,2016-12-14 00:00,%,83.9166666666667,Preliminar
21206990,TIBAITATA - AUT [21206990],HUM RELATIVA,Humedad relativa del aire a 2 metros media diaria,2016-12-15 00:00,%,81.3125,Preliminar
21206990,TIBAITATA - AUT [21206990],HUM RELATIVA,Humedad relativa del aire a 2 metros media diaria,2016-12-16 00:00,%,85.0625,Preliminar
21206990,TIBAITATA - AUT [21206990],HUM RELATIVA,Humedad relativa del aire a 2 metros media diaria,2016-12-17 00:00,%,82.125,Preliminar
21206990,TIBAITATA - AUT [21206990],HUM RELATIVA,Humedad relativa del aire a 2 metros media diaria,2016-12-18 00:00,%,81.1666666666667,Preliminar
21206990,TIBAITATA - AUT [21206990],HUM RELATIVA,Humedad relativa del aire a 2 metros media diaria,2016-12-19 00:00,%,84.625,Preliminar
21206990,TIBAITATA - AUT [21206990],HUM RELATIVA,Humedad relativa del aire a 2 metros media diaria,2016-12-20 00:00,%,87.5,Preliminar
21206990,TIBAITATA - AUT [21206990],HUM RELATIVA,Humedad relativa del aire a 2 metros media diaria,2016-12-21 00:00,%,90.625,Preliminar
21206990,TIBAITATA - AUT [21206990],HUM RELATIVA,Humedad relativa del aire a 2 metros media diaria,2016-12-22 00:00,%,87.1458333333333,Preliminar
21206990,TIBAITATA - AUT [21206990],HUM RELATIVA,Humedad relativa del aire a 2 metros media diaria,2016-12-23 00:00,%,86.7291666666667,Preliminar
21206990,TIBAITATA - AUT [21206990],HUM RELATIVA,Humedad relativa del aire a 2 metros media diaria,2016-12-24 00:00,%,82.625,Preliminar
21206990,TIBAITATA - AUT [21206990],HUM RELATIVA,Humedad relativa del aire a 2 metros media diaria,2016-12-25 00:00,%,83.4375,Preliminar
21206990,TIBAITATA - AUT [21206990],HUM RELATIVA,Humedad relativa del aire a 2 metros media diaria,2016-12-26 00:00,%,87.2708333333333,Preliminar
21206990,TIBAITATA - AUT [21206990],HUM RELATIVA,Humedad relativa del aire a 2 metros media diaria,2016-12-27 00:00,%,87.5,Preliminar
21206990,TIBAITATA - AUT [21206990],HUM RELATIVA,Humedad relativa del aire a 2 metros media diaria,2016-12-28 00:00,%,83.1818181818182,Preliminar
21206990,TIBAITATA - AUT [21206990],HUM RELATIVA,Humedad relativa del aire a 2 metros media diaria,2016-12-29 00:00,%,80.5416666666667,Preliminar
21206990,TIBAITATA - AUT [21206990],HUM RELATIVA,Humedad relativa del aire a 2 metros media diaria,2016-12-30 00:00,%,84.1041666666667,Preliminar
21206990,TIBAITATA - AUT [21206990],HUM RELATIVA,Humedad relativa del aire a 2 metros media diaria,2016-12-31 00:00,%,86.125,Preliminar
21206990,TIBAITATA - AUT [21206990],HUM RELATIVA,Humedad relativa del aire a 2 metros media diaria,2017-01-01 00:00,%,75.0208333333333,Preliminar
21206990,TIBAITATA - AUT [21206990],HUM RELATIVA,Humedad relativa del aire a 2 metros media diaria,2017-01-02 00:00,%,68.8333333333333,Preliminar
21206990,TIBAITATA - AUT [21206990],HUM RELATIVA,Humedad relativa del aire a 2 metros media diaria,2017-01-03 00:00,%,78.625,Preliminar
21206990,TIBAITATA - AUT [21206990],HUM RELATIVA,Humedad relativa del aire a 2 metros media diaria,2017-01-04 00:00,%,83.1875,Preliminar
21206990,TIBAITATA - AUT [21206990],HUM RELATIVA,Humedad relativa del aire a 2 metros media diaria,2017-01-05 00:00,%,87.0833333333333,Preliminar
21206990,TIBAITATA - AUT [21206990],HUM RELATIVA,Humedad relativa del aire a 2 metros media diaria,2017-01-06 00:00,%,79.4375,Preliminar
21206990,TIBAITATA - AUT [21206990],HUM RELATIVA,Humedad relativa del aire a 2 metros media diaria,2017-01-07 00:00,%,81.25,Preliminar
21206990,TIBAITATA - AUT [21206990],HUM RELATIVA,Humedad relativa del aire a 2 metros media diaria,2017-01-08 00:00,%,85.2708333333333,Preliminar
21206990,TIBAITATA - AUT [21206990],HUM RELATIVA,Humedad relativa del aire a 2 metros media diaria,2017-01-09 00:00,%,86.4166666666667,Preliminar
21206990,TIBAITATA - AUT [21206990],HUM RELATIVA,Humedad relativa del aire a 2 metros media diaria,2017-01-10 00:00,%,87.4375,Preliminar
21206990,TIBAITATA - AUT [21206990],HUM RELATIVA,Humedad relativa del aire a 2 metros media diaria,2017-01-11 00:00,%,84.3333333333333,Preliminar
21206990,TIBAITATA - AUT [21206990],HUM RELATIVA,Humedad relativa del aire a 2 metros media diaria,2017-01-12 00:00,%,80.125,Preliminar
21206990,TIBAITATA - AUT [21206990],HUM RELATIVA,Humedad relativa del aire a 2 metros media diaria,2017-01-13 00:00,%,83.1458333333333,Preliminar
21206990,TIBAITATA - AUT [21206990],HUM RELATIVA,Humedad relativa del aire a 2 metros media diaria,2017-01-14 00:00,%,86.1458333333333,Preliminar
21206990,TIBAITATA - AUT [21206990],HUM RELATIVA,Humedad relativa del aire a 2 metros media diaria,2017-01-15 00:00,%,87.0208333333333,Preliminar
21206990,TIBAITATA - AUT [21206990],HUM RELATIVA,Humedad relativa del aire a 2 metros media diaria,2017-01-16 00:00,%,83.0416666666667,Preliminar
21206990,TIBAITATA - AUT [21206990],HUM RELATIVA,Humedad relativa del aire a 2 metros media diaria,2017-01-17 00:00,%,84.3958333333333,Preliminar
21206990,TIBAITATA - AUT [21206990],HUM RELATIVA,Humedad relativa del aire a 2 metros media diaria,2017-01-18 00:00,%,89.2291666666667,Preliminar
21206990,TIBAITATA - AUT [21206990],HUM RELATIVA,Humedad relativa del aire a 2 metros media diaria,2017-01-19 00:00,%,86.0208333333333,Preliminar
21206990,TIBAITATA - AUT [21206990],HUM RELATIVA,Humedad relativa del aire a 2 metros media diaria,2017-01-20 00:00,%,83.9166666666667,Preliminar
21206990,TIBAITATA - AUT [21206990],HUM RELATIVA,Humedad relativa del aire a 2 metros media diaria,2017-01-21 00:00,%,76.6458333333333,Preliminar
21206990,TIBAITATA - AUT [21206990],HUM RELATIVA,Humedad relativa del aire a 2 metros media diaria,2017-01-22 00:00,%,78.0625,Preliminar
21206990,TIBAITATA - AUT [21206990],HUM RELATIVA,Humedad relativa del aire a 2 metros media diaria,2017-01-23 00:00,%,81.4791666666667,Preliminar
21206990,TIBAITATA - AUT [21206990],HUM RELATIVA,Humedad relativa del aire a 2 metros media diaria,2017-01-24 00:00,%,81.7083333333333,Preliminar
21206990,TIBAITATA - AUT [21206990],HUM RELATIVA,Humedad relativa del aire a 2 metros media diaria,2017-01-25 00:00,%,76.5416666666667,Preliminar
21206990,TIBAITATA - AUT [21206990],HUM RELATIVA,Humedad relativa del aire a 2 metros media diaria,2017-01-26 00:00,%,73.8529411764706,Preliminar
21206990,TIBAITATA - AUT [21206990],HUM RELATIVA,Humedad relativa del aire a 2 metros media diaria,2017-01-27 00:00,%,47.3571428571429,Preliminar
21206990,TIBAITATA - AUT [21206990],HUM RELATIVA,Humedad relativa del aire a 2 metros media diaria,2017-01-30 00:00,%,81.5208333333333,Preliminar
21206990,TIBAITATA - AUT [21206990],HUM RELATIVA,Humedad relativa del aire a 2 metros media diaria,2017-02-02 00:00,%,46.875,Preliminar
21206990,TIBAITATA - AUT [21206990],HUM RELATIVA,Humedad relativa del aire a 2 metros media diaria,2017-02-03 00:00,%,56.3541666666667,Preliminar
21206990,TIBAITATA - AUT [21206990],HUM RELATIVA,Humedad relativa del aire a 2 metros media diaria,2017-02-04 00:00,%,61.1041666666667,Preliminar
21206990,TIBAITATA - AUT [21206990],HUM RELATIVA,Humedad relativa del aire a 2 metros media diaria,2017-02-05 00:00,%,48.75,Preliminar
21206990,TIBAITATA - AUT [21206990],HUM RELATIVA,Humedad relativa del aire a 2 metros media diaria,2017-02-06 00:00,%,55.7045454545455,Preliminar
21206990,TIBAITATA - AUT [21206990],HUM RELATIVA,Humedad relativa del aire a 2 metros media diaria,2017-02-07 00:00,%,63.9583333333333,Preliminar
21206990,TIBAITATA - AUT [21206990],HUM RELATIVA,Humedad relativa del aire a 2 metros media diaria,2017-02-08 00:00,%,70.9583333333333,Preliminar
21206990,TIBAITATA - AUT [21206990],HUM RELATIVA,Humedad relativa del aire a 2 metros media diaria,2017-02-09 00:00,%,79.2708333333333,Preliminar
21206990,TIBAITATA - AUT [21206990],HUM RELATIVA,Humedad relativa del aire a 2 metros media diaria,2017-02-10 00:00,%,80.4375,Preliminar
21206990,TIBAITATA - AUT [21206990],HUM RELATIVA,Humedad relativa del aire a 2 metros media diaria,2017-02-11 00:00,%,83.125,Preliminar
21206990,TIBAITATA - AUT [21206990],HUM RELATIVA,Humedad relativa del aire a 2 metros media diaria,2017-02-12 00:00,%,82.2083333333333,Preliminar
21206990,TIBAITATA - AUT [21206990],HUM RELATIVA,Humedad relativa del aire a 2 metros media diaria,2017-02-13 00:00,%,81.5,Preliminar
21206990,TIBAITATA - AUT [21206990],HUM RELATIVA,Humedad relativa del aire a 2 metros media diaria,2017-02-14 00:00,%,83.1363636363636,Preliminar
21206990,TIBAITATA - AUT [21206990],HUM RELATIVA,Humedad relativa del aire a 2 metros media diaria,2017-02-15 00:00,%,78.1458333333333,Preliminar
21206990,TIBAITATA - AUT [21206990],HUM RELATIVA,Humedad relativa del aire a 2 metros media diaria,2017-02-16 00:00,%,82.0625,Preliminar
21206990,TIBAITATA - AUT [21206990],HUM RELATIVA,Humedad relativa del aire a 2 metros media diaria,2017-02-17 00:00,%,85.6666666666667,Preliminar
21206990,TIBAITATA - AUT [21206990],HUM RELATIVA,Humedad relativa del aire a 2 metros media diaria,2017-02-18 00:00,%,81.8333333333333,Preliminar
21206990,TIBAITATA - AUT [21206990],HUM RELATIVA,Humedad relativa del aire a 2 metros media diaria,2017-02-19 00:00,%,84.7083333333333,Preliminar
21206990,TIBAITATA - AUT [21206990],HUM RELATIVA,Humedad relativa del aire a 2 metros media diaria,2017-02-20 00:00,%,84.4375,Preliminar
21206990,TIBAITATA - AUT [21206990],HUM RELATIVA,Humedad relativa del aire a 2 metros media diaria,2017-02-21 00:00,%,82.6875,Preliminar
21206990,TIBAITATA - AUT [21206990],HUM RELATIVA,Humedad relativa del aire a 2 metros media diaria,2017-02-22 00:00,%,78.9583333333333,Preliminar
21206990,TIBAITATA - AUT [21206990],HUM RELATIVA,Humedad relativa del aire a 2 metros media diaria,2017-02-23 00:00,%,79.5208333333333,Preliminar
21206990,TIBAITATA - AUT [21206990],HUM RELATIVA,Humedad relativa del aire a 2 metros media diaria,2017-02-24 00:00,%,87.1041666666667,Preliminar
21206990,TIBAITATA - AUT [21206990],HUM RELATIVA,Humedad relativa del aire a 2 metros media diaria,2017-02-25 00:00,%,90.8333333333333,Preliminar
21206990,TIBAITATA - AUT [21206990],HUM RELATIVA,Humedad relativa del aire a 2 metros media diaria,2017-02-27 00:00,%,84.7647058823529,Preliminar
21206990,TIBAITATA - AUT [21206990],HUM RELATIVA,Humedad relativa del aire a 2 metros media diaria,2017-02-28 00:00,%,83.2708333333333,Preliminar
21206990,TIBAITATA - AUT [21206990],HUM RELATIVA,Humedad relativa del aire a 2 metros media diaria,2017-03-01 00:00,%,90.875,Preliminar
21206990,TIBAITATA - AUT [21206990],HUM RELATIVA,Humedad relativa del aire a 2 metros media diaria,2017-03-02 00:00,%,84,Preliminar
21206990,TIBAITATA - AUT [21206990],HUM RELATIVA,Humedad relativa del aire a 2 metros media diaria,2017-03-03 00:00,%,76.1136363636364,Preliminar
21206990,TIBAITATA - AUT [21206990],HUM RELATIVA,Humedad relativa del aire a 2 metros media diaria,2017-03-04 00:00,%,78.0416666666667,Preliminar
21206990,TIBAITATA - AUT [21206990],HUM RELATIVA,Humedad relativa del aire a 2 metros media diaria,2017-03-05 00:00,%,81.3333333333333,Preliminar
21206990,TIBAITATA - AUT [21206990],HUM RELATIVA,Humedad relativa del aire a 2 metros media diaria,2017-03-06 00:00,%,83.8958333333333,Preliminar
21206990,TIBAITATA - AUT [21206990],HUM RELATIVA,Humedad relativa del aire a 2 metros media diaria,2017-03-07 00:00,%,85.4375,Preliminar
21206990,TIBAITATA - AUT [21206990],HUM RELATIVA,Humedad relativa del aire a 2 metros media diaria,2017-03-08 00:00,%,90.0833333333333,Preliminar
21206990,TIBAITATA - AUT [21206990],HUM RELATIVA,Humedad relativa del aire a 2 metros media diaria,2017-03-09 00:00,%,79.0833333333333,Preliminar
21206990,TIBAITATA - AUT [21206990],HUM RELATIVA,Humedad relativa del aire a 2 metros media diaria,2017-03-10 00:00,%,79.9791666666667,Preliminar
21206990,TIBAITATA - AUT [21206990],HUM RELATIVA,Humedad relativa del aire a 2 metros media diaria,2017-03-11 00:00,%,83.9166666666667,Preliminar
21206990,TIBAITATA - AUT [21206990],HUM RELATIVA,Humedad relativa del aire a 2 metros media diaria,2017-03-12 00:00,%,90.9375,Preliminar
21206990,TIBAITATA - AUT [21206990],HUM RELATIVA,Humedad relativa del aire a 2 metros media diaria,2017-03-13 00:00,%,89.125,Preliminar
21206990,TIBAITATA - AUT [21206990],HUM RELATIVA,Humedad relativa del aire a 2 metros media diaria,2017-03-14 00:00,%,85.4791666666667,Preliminar
21206990,TIBAITATA - AUT [21206990],HUM RELATIVA,Humedad relativa del aire a 2 metros media diaria,2017-03-15 00:00,%,88.5208333333333,Preliminar
21206990,TIBAITATA - AUT [21206990],HUM RELATIVA,Humedad relativa del aire a 2 metros media diaria,2017-03-16 00:00,%,84.0416666666667,Preliminar
21206990,TIBAITATA - AUT [21206990],HUM RELATIVA,Humedad relativa del aire a 2 metros media diaria,2017-03-17 00:00,%,85.4375,Preliminar
21206990,TIBAITATA - AUT [21206990],HUM RELATIVA,Humedad relativa del aire a 2 metros media diaria,2017-03-18 00:00,%,85.7727272727273,Preliminar
21206990,TIBAITATA - AUT [21206990],HUM RELATIVA,Humedad relativa del aire a 2 metros media diaria,2017-03-19 00:00,%,84.5625,Preliminar
21206990,TIBAITATA - AUT [21206990],HUM RELATIVA,Humedad relativa del aire a 2 metros media diaria,2017-03-20 00:00,%,85.2083333333333,Preliminar
21206990,TIBAITATA - AUT [21206990],HUM RELATIVA,Humedad relativa del aire a 2 metros media diaria,2017-03-21 00:00,%,86.0625,Preliminar
21206990,TIBAITATA - AUT [21206990],HUM RELATIVA,Humedad relativa del aire a 2 metros media diaria,2017-03-22 00:00,%,87.3125,Preliminar
21206990,TIBAITATA - AUT [21206990],HUM RELATIVA,Humedad relativa del aire a 2 metros media diaria,2017-03-23 00:00,%,88.75,Preliminar
21206990,TIBAITATA - AUT [21206990],HUM RELATIVA,Humedad relativa del aire a 2 metros media diaria,2017-03-24 00:00,%,90.8125,Preliminar
21206990,TIBAITATA - AUT [21206990],HUM RELATIVA,Humedad relativa del aire a 2 metros media diaria,2017-03-25 00:00,%,88.1041666666667,Preliminar
21206990,TIBAITATA - AUT [21206990],HUM RELATIVA,Humedad relativa del aire a 2 metros media diaria,2017-03-26 00:00,%,87.75,Preliminar
21206990,TIBAITATA - AUT [21206990],HUM RELATIVA,Humedad relativa del aire a 2 metros media diaria,2017-03-27 00:00,%,86.75,Preliminar
21206990,TIBAITATA - AUT [21206990],HUM RELATIVA,Humedad relativa del aire a 2 metros media diaria,2017-03-28 00:00,%,84.6190476190476,Preliminar
21206990,TIBAITATA - AUT [21206990],HUM RELATIVA,Humedad relativa del aire a 2 metros media diaria,2017-03-29 00:00,%,86.2916666666667,Preliminar
21206990,TIBAITATA - AUT [21206990],HUM RELATIVA,Humedad relativa del aire a 2 metros media diaria,2017-03-30 00:00,%,90.3541666666667,Preliminar
21206990,TIBAITATA - AUT [21206990],HUM RELATIVA,Humedad relativa del aire a 2 metros media diaria,2017-03-31 00:00,%,82.8333333333333,Preliminar
21206990,TIBAITATA - AUT [21206990],HUM RELATIVA,Humedad relativa del aire a 2 metros media diaria,2017-04-01 00:00,%,76.25,Preliminar
21206990,TIBAITATA - AUT [21206990],HUM RELATIVA,Humedad relativa del aire a 2 metros media diaria,2017-04-02 00:00,%,74,Preliminar
21206990,TIBAITATA - AUT [21206990],HUM RELATIVA,Humedad relativa del aire a 2 metros media diaria,2017-04-03 00:00,%,74.925,Preliminar
21206990,TIBAITATA - AUT [21206990],HUM RELATIVA,Humedad relativa del aire a 2 metros media diaria,2017-04-04 00:00,%,71.7916666666667,Preliminar
21206990,TIBAITATA - AUT [21206990],HUM RELATIVA,Humedad relativa del aire a 2 metros media diaria,2017-04-05 00:00,%,74.5625,Preliminar
21206990,TIBAITATA - AUT [21206990],HUM RELATIVA,Humedad relativa del aire a 2 metros media diaria,2017-04-06 00:00,%,76.9375,Preliminar
21206990,TIBAITATA - AUT [21206990],HUM RELATIVA,Humedad relativa del aire a 2 metros media diaria,2017-04-07 00:00,%,80.2291666666667,Preliminar
21206990,TIBAITATA - AUT [21206990],HUM RELATIVA,Humedad relativa del aire a 2 metros media diaria,2017-04-08 00:00,%,85.7954545454546,Preliminar
21206990,TIBAITATA - AUT [21206990],HUM RELATIVA,Humedad relativa del aire a 2 metros media diaria,2017-04-09 00:00,%,89.3541666666667,Preliminar
21206990,TIBAITATA - AUT [21206990],HUM RELATIVA,Humedad relativa del aire a 2 metros media diaria,2017-04-10 00:00,%,87.2291666666667,Preliminar
21206990,TIBAITATA - AUT [21206990],HUM RELATIVA,Humedad relativa del aire a 2 metros media diaria,2017-04-11 00:00,%,86.5208333333333,Preliminar
21206990,TIBAITATA - AUT [21206990],HUM RELATIVA,Humedad relativa del aire a 2 metros media diaria,2017-04-12 00:00,%,85.3541666666667,Preliminar
21206990,TIBAITATA - AUT [21206990],HUM RELATIVA,Humedad relativa del aire a 2 metros media diaria,2017-04-13 00:00,%,81.5416666666667,Preliminar
21206990,TIBAITATA - AUT [21206990],HUM RELATIVA,Humedad relativa del aire a 2 metros media diaria,2017-04-14 00:00,%,86.8958333333333,Preliminar
21206990,TIBAITATA - AUT [21206990],HUM RELATIVA,Humedad relativa del aire a 2 metros media diaria,2017-04-15 00:00,%,78.125,Preliminar
21206990,TIBAITATA - AUT [21206990],HUM RELATIVA,Humedad relativa del aire a 2 metros media diaria,2017-04-16 00:00,%,80.4583333333333,Preliminar
21206990,TIBAITATA - AUT [21206990],HUM RELATIVA,Humedad relativa del aire a 2 metros media diaria,2017-04-17 00:00,%,80.7916666666667,Preliminar
21206990,TIBAITATA - AUT [21206990],HUM RELATIVA,Humedad relativa del aire a 2 metros media diaria,2017-04-18 00:00,%,85.2291666666667,Preliminar
21206990,TIBAITATA - AUT [21206990],HUM RELATIVA,Humedad relativa del aire a 2 metros media diaria,2017-04-19 00:00,%,81.9375,Preliminar
21206990,TIBAITATA - AUT [21206990],HUM RELATIVA,Humedad relativa del aire a 2 metros media diaria,2017-04-20 00:00,%,91.7916666666667,Preliminar
21206990,TIBAITATA - AUT [21206990],HUM RELATIVA,Humedad relativa del aire a 2 metros media diaria,2017-04-21 00:00,%,85.8333333333333,Preliminar
21206990,TIBAITATA - AUT [21206990],HUM RELATIVA,Humedad relativa del aire a 2 metros media diaria,2017-04-22 00:00,%,81.6666666666667,Preliminar
21206990,TIBAITATA - AUT [21206990],HUM RELATIVA,Humedad relativa del aire a 2 metros media diaria,2017-04-23 00:00,%,77.2916666666667,Preliminar
21206990,TIBAITATA - AUT [21206990],HUM RELATIVA,Humedad relativa del aire a 2 metros media diaria,2017-04-24 00:00,%,78.5833333333333,Preliminar
21206990,TIBAITATA - AUT [21206990],HUM RELATIVA,Humedad relativa del aire a 2 metros media diaria,2017-04-25 00:00,%,83.3541666666667,Preliminar
21206990,TIBAITATA - AUT [21206990],HUM RELATIVA,Humedad relativa del aire a 2 metros media diaria,2017-04-26 00:00,%,82.5416666666667,Preliminar
21206990,TIBAITATA - AUT [21206990],HUM RELATIVA,Humedad relativa del aire a 2 metros media diaria,2017-04-27 00:00,%,80.7916666666667,Preliminar
21206990,TIBAITATA - AUT [21206990],HUM RELATIVA,Humedad relativa del aire a 2 metros media diaria,2017-04-28 00:00,%,78.7083333333333,Preliminar
21206990,TIBAITATA - AUT [21206990],HUM RELATIVA,Humedad relativa del aire a 2 metros media diaria,2017-04-29 00:00,%,79.1458333333333,Preliminar
21206990,TIBAITATA - AUT [21206990],HUM RELATIVA,Humedad relativa del aire a 2 metros media diaria,2017-04-30 00:00,%,80.2083333333333,Preliminar
21206990,TIBAITATA - AUT [21206990],HUM RELATIVA,Humedad relativa del aire a 2 metros media diaria,2017-05-01 00:00,%,81.6458333333333,Preliminar
21206990,TIBAITATA - AUT [21206990],HUM RELATIVA,Humedad relativa del aire a 2 metros media diaria,2017-05-02 00:00,%,87.9375,Preliminar
21206990,TIBAITATA - AUT [21206990],HUM RELATIVA,Humedad relativa del aire a 2 metros media diaria,2017-05-03 00:00,%,90.625,Preliminar
21206990,TIBAITATA - AUT [21206990],HUM RELATIVA,Humedad relativa del aire a 2 metros media diaria,2017-05-04 00:00,%,85.7083333333333,Preliminar
21206990,TIBAITATA - AUT [21206990],HUM RELATIVA,Humedad relativa del aire a 2 metros media diaria,2017-05-05 00:00,%,89.2083333333333,Preliminar
21206990,TIBAITATA - AUT [21206990],HUM RELATIVA,Humedad relativa del aire a 2 metros media diaria,2017-05-06 00:00,%,89.2708333333333,Preliminar
21206990,TIBAITATA - AUT [21206990],HUM RELATIVA,Humedad relativa del aire a 2 metros media diaria,2017-05-07 00:00,%,89.1666666666667,Preliminar
21206990,TIBAITATA - AUT [21206990],HUM RELATIVA,Humedad relativa del aire a 2 metros media diaria,2017-05-08 00:00,%,87.7708333333333,Preliminar
21206990,TIBAITATA - AUT [21206990],HUM RELATIVA,Humedad relativa del aire a 2 metros media diaria,2017-05-09 00:00,%,91.9791666666667,Preliminar
21206990,TIBAITATA - AUT [21206990],HUM RELATIVA,Humedad relativa del aire a 2 metros media diaria,2017-05-10 00:00,%,91.1458333333333,Preliminar
21206990,TIBAITATA - AUT [21206990],HUM RELATIVA,Humedad relativa del aire a 2 metros media diaria,2017-05-11 00:00,%,90.375,Preliminar
21206990,TIBAITATA - AUT [21206990],HUM RELATIVA,Humedad relativa del aire a 2 metros media diaria,2017-05-12 00:00,%,87.9791666666667,Preliminar
21206990,TIBAITATA - AUT [21206990],HUM RELATIVA,Humedad relativa del aire a 2 metros media diaria,2017-05-13 00:00,%,87.8125,Preliminar
21206990,TIBAITATA - AUT [21206990],HUM RELATIVA,Humedad relativa del aire a 2 metros media diaria,2017-05-14 00:00,%,87.8333333333333,Preliminar
21206990,TIBAITATA - AUT [21206990],HUM RELATIVA,Humedad relativa del aire a 2 metros media diaria,2017-05-15 00:00,%,91.0227272727273,Preliminar
21206990,TIBAITATA - AUT [21206990],HUM RELATIVA,Humedad relativa del aire a 2 metros media diaria,2017-05-16 00:00,%,82.3333333333333,Preliminar
21206990,TIBAITATA - AUT [21206990],HUM RELATIVA,Humedad relativa del aire a 2 metros media diaria,2017-05-17 00:00,%,89.4791666666667,Preliminar
21206990,TIBAITATA - AUT [21206990],HUM RELATIVA,Humedad relativa del aire a 2 metros media diaria,2017-05-18 00:00,%,82.8541666666667,Preliminar
21206990,TIBAITATA - AUT [21206990],HUM RELATIVA,Humedad relativa del aire a 2 metros media diaria,2017-05-19 00:00,%,80.0227272727273,Preliminar
21206990,TIBAITATA - AUT [21206990],HUM RELATIVA,Humedad relativa del aire a 2 metros media diaria,2017-05-20 00:00,%,79.3958333333333,Preliminar
21206990,TIBAITATA - AUT [21206990],HUM RELATIVA,Humedad relativa del aire a 2 metros media diaria,2017-05-21 00:00,%,82.0208333333333,Preliminar
21206990,TIBAITATA - AUT [21206990],HUM RELATIVA,Humedad relativa del aire a 2 metros media diaria,2017-05-22 00:00,%,89.0625,Preliminar
21206990,TIBAITATA - AUT [21206990],HUM RELATIVA,Humedad relativa del aire a 2 metros media diaria,2017-05-23 00:00,%,82.875,Preliminar
21206990,TIBAITATA - AUT [21206990],HUM RELATIVA,Humedad relativa del aire a 2 metros media diaria,2017-05-24 00:00,%,83.4583333333333,Preliminar
21206990,TIBAITATA - AUT [21206990],HUM RELATIVA,Humedad relativa del aire a 2 metros media diaria,2017-05-25 00:00,%,73.4791666666667,Preliminar
21206990,TIBAITATA - AUT [21206990],HUM RELATIVA,Humedad relativa del aire a 2 metros media diaria,2017-05-26 00:00,%,76.2083333333333,Preliminar
21206990,TIBAITATA - AUT [21206990],HUM RELATIVA,Humedad relativa del aire a 2 metros media diaria,2017-05-27 00:00,%,78.0625,Preliminar
21206990,TIBAITATA - AUT [21206990],HUM RELATIVA,Humedad relativa del aire a 2 metros media diaria,2017-05-28 00:00,%,76.6041666666667,Preliminar
21206990,TIBAITATA - AUT [21206990],HUM RELATIVA,Humedad relativa del aire a 2 metros media diaria,2017-05-29 00:00,%,79.125,Preliminar
21206990,TIBAITATA - AUT [21206990],HUM RELATIVA,Humedad relativa del aire a 2 metros media diaria,2017-05-30 00:00,%,78.4166666666667,Preliminar
21206990,TIBAITATA - AUT [21206990],HUM RELATIVA,Humedad relativa del aire a 2 metros media diaria,2017-05-31 00:00,%,77.4583333333333,Preliminar
21206990,TIBAITATA - AUT [21206990],HUM RELATIVA,Humedad relativa del aire a 2 metros media diaria,2017-06-01 00:00,%,80.8958333333333,Preliminar
21206990,TIBAITATA - AUT [21206990],HUM RELATIVA,Humedad relativa del aire a 2 metros media diaria,2017-06-02 00:00,%,78.6041666666667,Preliminar
21206990,TIBAITATA - AUT [21206990],HUM RELATIVA,Humedad relativa del aire a 2 metros media diaria,2017-06-03 00:00,%,76.375,Preliminar
21206990,TIBAITATA - AUT [21206990],HUM RELATIVA,Humedad relativa del aire a 2 metros media diaria,2017-06-04 00:00,%,81.4166666666667,Preliminar
21206990,TIBAITATA - AUT [21206990],HUM RELATIVA,Humedad relativa del aire a 2 metros media diaria,2017-06-05 00:00,%,73.1458333333333,Preliminar
21206990,TIBAITATA - AUT [21206990],HUM RELATIVA,Humedad relativa del aire a 2 metros media diaria,2017-06-06 00:00,%,81.0416666666667,Preliminar
21206990,TIBAITATA - AUT [21206990],HUM RELATIVA,Humedad relativa del aire a 2 metros media diaria,2017-06-07 00:00,%,88.5833333333333,Preliminar
21206990,TIBAITATA - AUT [21206990],HUM RELATIVA,Humedad relativa del aire a 2 metros media diaria,2017-06-08 00:00,%,90.6041666666667,Preliminar
21206990,TIBAITATA - AUT [21206990],HUM RELATIVA,Humedad relativa del aire a 2 metros media diaria,2017-06-09 00:00,%,88.3333333333333,Preliminar
21206990,TIBAITATA - AUT [21206990],HUM RELATIVA,Humedad relativa del aire a 2 metros media diaria,2017-06-10 00:00,%,80.9166666666667,Preliminar
21206990,TIBAITATA - AUT [21206990],HUM RELATIVA,Humedad relativa del aire a 2 metros media diaria,2017-06-11 00:00,%,87.4318181818182,Preliminar
21206990,TIBAITATA - AUT [21206990],HUM RELATIVA,Humedad relativa del aire a 2 metros media diaria,2017-06-12 00:00,%,90.3958333333333,Preliminar
21206990,TIBAITATA - AUT [21206990],HUM RELATIVA,Humedad relativa del aire a 2 metros media diaria,2017-06-13 00:00,%,87.8125,Preliminar
21206990,TIBAITATA - AUT [21206990],HUM RELATIVA,Humedad relativa del aire a 2 metros media diaria,2017-06-14 00:00,%,84.1875,Preliminar
21206990,TIBAITATA - AUT [21206990],HUM RELATIVA,Humedad relativa del aire a 2 metros media diaria,2017-06-15 00:00,%,86.7083333333333,Preliminar
21206990,TIBAITATA - AUT [21206990],HUM RELATIVA,Humedad relativa del aire a 2 metros media diaria,2017-06-16 00:00,%,79.7708333333333,Preliminar
21206990,TIBAITATA - AUT [21206990],HUM RELATIVA,Humedad relativa del aire a 2 metros media diaria,2017-06-17 00:00,%,87.0625,Preliminar
21206990,TIBAITATA - AUT [21206990],HUM RELATIVA,Humedad relativa del aire a 2 metros media diaria,2017-06-18 00:00,%,88.4583333333333,Preliminar
21206990,TIBAITATA - AUT [21206990],HUM RELATIVA,Humedad relativa del aire a 2 metros media diaria,2017-06-19 00:00,%,88.0833333333333,Preliminar
21206990,TIBAITATA - AUT [21206990],HUM RELATIVA,Humedad relativa del aire a 2 metros media diaria,2017-06-20 00:00,%,83.4375,Preliminar
21206990,TIBAITATA - AUT [21206990],HUM RELATIVA,Humedad relativa del aire a 2 metros media diaria,2017-06-21 00:00,%,82.5,Preliminar
21206990,TIBAITATA - AUT [21206990],HUM RELATIVA,Humedad relativa del aire a 2 metros media diaria,2017-06-22 00:00,%,84.7083333333333,Preliminar
21206990,TIBAITATA - AUT [21206990],HUM RELATIVA,Humedad relativa del aire a 2 metros media diaria,2017-06-23 00:00,%,86.7291666666667,Preliminar
21206990,TIBAITATA - AUT [21206990],HUM RELATIVA,Humedad relativa del aire a 2 metros media diaria,2017-06-24 00:00,%,78.4090909090909,Preliminar
21206990,TIBAITATA - AUT [21206990],HUM RELATIVA,Humedad relativa del aire a 2 metros media diaria,2017-06-25 00:00,%,77.1666666666667,Preliminar
21206990,TIBAITATA - AUT [21206990],HUM RELATIVA,Humedad relativa del aire a 2 metros media diaria,2017-06-28 00:00,%,84.5833333333333,Preliminar
21206990,TIBAITATA - AUT [21206990],HUM RELATIVA,Humedad relativa del aire a 2 metros media diaria,2017-06-29 00:00,%,76.3958333333333,Preliminar
21206990,TIBAITATA - AUT [21206990],HUM RELATIVA,Humedad relativa del aire a 2 metros media diaria,2017-06-30 00:00,%,73.7916666666667,Preliminar
21206990,TIBAITATA - AUT [21206990],HUM RELATIVA,Humedad relativa del aire a 2 metros media diaria,2017-07-01 00:00,%,75.4375,Preliminar
21206990,TIBAITATA - AUT [21206990],HUM RELATIVA,Humedad relativa del aire a 2 metros media diaria,2017-07-02 00:00,%,78.1,Preliminar
21206990,TIBAITATA - AUT [21206990],HUM RELATIVA,Humedad relativa del aire a 2 metros media diaria,2017-07-03 00:00,%,74.0625,Preliminar
21206990,TIBAITATA - AUT [21206990],HUM RELATIVA,Humedad relativa del aire a 2 metros media diaria,2017-07-04 00:00,%,78.5416666666667,Preliminar
21206990,TIBAITATA - AUT [21206990],HUM RELATIVA,Humedad relativa del aire a 2 metros media diaria,2017-07-06 00:00,%,79.6458333333333,Preliminar
21206990,TIBAITATA - AUT [21206990],HUM RELATIVA,Humedad relativa del aire a 2 metros media diaria,2017-07-09 00:00,%,73.4444444444444,Preliminar
21206990,TIBAITATA - AUT [21206990],HUM RELATIVA,Humedad relativa del aire a 2 metros media diaria,2017-07-10 00:00,%,83.95,Preliminar
21206990,TIBAITATA - AUT [21206990],HUM RELATIVA,Humedad relativa del aire a 2 metros media diaria,2017-07-11 00:00,%,81.1875,Preliminar
21206990,TIBAITATA - AUT [21206990],HUM RELATIVA,Humedad relativa del aire a 2 metros media diaria,2017-07-12 00:00,%,85.4583333333333,Preliminar
21206990,TIBAITATA - AUT [21206990],HUM RELATIVA,Humedad relativa del aire a 2 metros media diaria,2017-07-13 00:00,%,73.7894736842105,Preliminar
21206990,TIBAITATA - AUT [21206990],HUM RELATIVA,Humedad relativa del aire a 2 metros media diaria,2017-07-14 00:00,%,78.1041666666667,Preliminar
21206990,TIBAITATA - AUT [21206990],HUM RELATIVA,Humedad relativa del aire a 2 metros media diaria,2017-07-15 00:00,%,82.8695652173913,Preliminar
21206990,TIBAITATA - AUT [21206990],HUM RELATIVA,Humedad relativa del aire a 2 metros media diaria,2017-07-16 00:00,%,88.5,Preliminar
21206990,TIBAITATA - AUT [21206990],HUM RELATIVA,Humedad relativa del aire a 2 metros media diaria,2017-07-17 00:00,%,85.975,Preliminar
21206990,TIBAITATA - AUT [21206990],HUM RELATIVA,Humedad relativa del aire a 2 metros media diaria,2017-07-21 00:00,%,76.3125,Preliminar
21206990,TIBAITATA - AUT [21206990],HUM RELATIVA,Humedad relativa del aire a 2 metros media diaria,2017-07-22 00:00,%,79.9791666666667,Preliminar
21206990,TIBAITATA - AUT [21206990],HUM RELATIVA,Humedad relativa del aire a 2 metros media diaria,2017-07-23 00:00,%,76.6458333333333,Preliminar
21206990,TIBAITATA - AUT [21206990],HUM RELATIVA,Humedad relativa del aire a 2 metros media diaria,2017-07-24 00:00,%,74.125,Preliminar
21206990,TIBAITATA - AUT [21206990],HUM RELATIVA,Humedad relativa del aire a 2 metros media diaria,2017-07-25 00:00,%,78.6458333333333,Preliminar
21206990,TIBAITATA - AUT [21206990],HUM RELATIVA,Humedad relativa del aire a 2 metros media diaria,2017-07-26 00:00,%,77.7368421052632,Preliminar
21206990,TIBAITATA - AUT [21206990],HUM RELATIVA,Humedad relativa del aire a 2 metros media diaria,2017-07-27 00:00,%,78.0526315789474,Preliminar
21206990,TIBAITATA - AUT [21206990],HUM RELATIVA,Humedad relativa del aire a 2 metros media diaria,2017-07-28 00:00,%,76.9166666666667,Preliminar
21206990,TIBAITATA - AUT [21206990],HUM RELATIVA,Humedad relativa del aire a 2 metros media diaria,2017-07-30 00:00,%,79.875,Preliminar
21206990,TIBAITATA - AUT [21206990],HUM RELATIVA,Humedad relativa del aire a 2 metros media diaria,2017-07-31 00:00,%,79.4565217391304,Preliminar
21206990,TIBAITATA - AUT [21206990],HUM RELATIVA,Humedad relativa del aire a 2 metros media diaria,2017-08-01 00:00,%,78.6875,Preliminar
21206990,TIBAITATA - AUT [21206990],HUM RELATIVA,Humedad relativa del aire a 2 metros media diaria,2017-08-03 00:00,%,77.05,Preliminar
21206990,TIBAITATA - AUT [21206990],HUM RELATIVA,Humedad relativa del aire a 2 metros media diaria,2017-08-04 00:00,%,79.825,Preliminar
21206990,TIBAITATA - AUT [21206990],HUM RELATIVA,Humedad relativa del aire a 2 metros media diaria,2017-08-05 00:00,%,75.4791666666667,Preliminar
21206990,TIBAITATA - AUT [21206990],HUM RELATIVA,Humedad relativa del aire a 2 metros media diaria,2017-08-08 00:00,%,79.2272727272727,Preliminar
21206990,TIBAITATA - AUT [21206990],HUM RELATIVA,Humedad relativa del aire a 2 metros media diaria,2017-08-09 00:00,%,80.5,Preliminar
21206990,TIBAITATA - AUT [21206990],HUM RELATIVA,Humedad relativa del aire a 2 metros media diaria,2017-08-10 00:00,%,79.6578947368421,Preliminar
21206990,TIBAITATA - AUT [21206990],HUM RELATIVA,Humedad relativa del aire a 2 metros media diaria,2017-08-11 00:00,%,78.75,Preliminar
21206990,TIBAITATA - AUT [21206990],HUM RELATIVA,Humedad relativa del aire a 2 metros media diaria,2017-08-14 00:00,%,67.6111111111111,Preliminar
21206990,TIBAITATA - AUT [21206990],HUM RELATIVA,Humedad relativa del aire a 2 metros media diaria,2017-08-15 00:00,%,79.2916666666667,Preliminar
21206990,TIBAITATA - AUT [21206990],HUM RELATIVA,Humedad relativa del aire a 2 metros media diaria,2017-08-16 00:00,%,75.3958333333333,Preliminar
21206990,TIBAITATA - AUT [21206990],HUM RELATIVA,Humedad relativa del aire a 2 metros media diaria,2017-08-17 00:00,%,82.0625,Preliminar
21206990,TIBAITATA - AUT [21206990],HUM RELATIVA,Humedad relativa del aire a 2 metros media diaria,2017-08-18 00:00,%,85.625,Preliminar
21206990,TIBAITATA - AUT [21206990],HUM RELATIVA,Humedad relativa del aire a 2 metros media diaria,2017-08-19 00:00,%,87.1458333333333,Preliminar
21206990,TIBAITATA - AUT [21206990],HUM RELATIVA,Humedad relativa del aire a 2 metros media diaria,2017-08-20 00:00,%,80.2916666666667,Preliminar
21206990,TIBAITATA - AUT [21206990],HUM RELATIVA,Humedad relativa del aire a 2 metros media diaria,2017-08-21 00:00,%,73.5227272727273,Preliminar
21206990,TIBAITATA - AUT [21206990],HUM RELATIVA,Humedad relativa del aire a 2 metros media diaria,2017-08-22 00:00,%,74.4791666666667,Preliminar
21206990,TIBAITATA - AUT [21206990],HUM RELATIVA,Humedad relativa del aire a 2 metros media diaria,2017-08-23 00:00,%,76.9166666666667,Preliminar
21206990,TIBAITATA - AUT [21206990],HUM RELATIVA,Humedad relativa del aire a 2 metros media diaria,2017-08-24 00:00,%,85.25,Preliminar
21206990,TIBAITATA - AUT [21206990],HUM RELATIVA,Humedad relativa del aire a 2 metros media diaria,2017-08-25 00:00,%,76.8125,Preliminar
21206990,TIBAITATA - AUT [21206990],HUM RELATIVA,Humedad relativa del aire a 2 metros media diaria,2017-08-26 00:00,%,81.4375,Preliminar
21206990,TIBAITATA - AUT [21206990],HUM RELATIVA,Humedad relativa del aire a 2 metros media diaria,2017-08-27 00:00,%,81.25,Preliminar
21206990,TIBAITATA - AUT [21206990],HUM RELATIVA,Humedad relativa del aire a 2 metros media diaria,2017-08-28 00:00,%,82.9375,Preliminar
21206990,TIBAITATA - AUT [21206990],HUM RELATIVA,Humedad relativa del aire a 2 metros media diaria,2017-08-29 00:00,%,84.3333333333333,Preliminar
21206990,TIBAITATA - AUT [21206990],HUM RELATIVA,Humedad relativa del aire a 2 metros media diaria,2017-08-30 00:00,%,80.5,Preliminar
21206990,TIBAITATA - AUT [21206990],HUM RELATIVA,Humedad relativa del aire a 2 metros media diaria,2017-08-31 00:00,%,74.4791666666667,Preliminar
21206990,TIBAITATA - AUT [21206990],HUM RELATIVA,Humedad relativa del aire a 2 metros media diaria,2017-09-01 00:00,%,74.1458333333333,Preliminar
21206990,TIBAITATA - AUT [21206990],HUM RELATIVA,Humedad relativa del aire a 2 metros media diaria,2017-09-02 00:00,%,76.5208333333333,Preliminar
21206990,TIBAITATA - AUT [21206990],HUM RELATIVA,Humedad relativa del aire a 2 metros media diaria,2017-09-03 00:00,%,76.1458333333333,Preliminar
21206990,TIBAITATA - AUT [21206990],HUM RELATIVA,Humedad relativa del aire a 2 metros media diaria,2017-09-04 00:00,%,77.3333333333333,Preliminar
21206990,TIBAITATA - AUT [21206990],HUM RELATIVA,Humedad relativa del aire a 2 metros media diaria,2017-09-05 00:00,%,78.7708333333333,Preliminar
21206990,TIBAITATA - AUT [21206990],HUM RELATIVA,Humedad relativa del aire a 2 metros media diaria,2017-09-06 00:00,%,80.0625,Preliminar
21206990,TIBAITATA - AUT [21206990],HUM RELATIVA,Humedad relativa del aire a 2 metros media diaria,2017-09-07 00:00,%,83.6666666666667,Preliminar
21206990,TIBAITATA - AUT [21206990],HUM RELATIVA,Humedad relativa del aire a 2 metros media diaria,2017-09-08 00:00,%,89.25,Preliminar
21206990,TIBAITATA - AUT [21206990],HUM RELATIVA,Humedad relativa del aire a 2 metros media diaria,2017-09-09 00:00,%,86.3541666666667,Preliminar
21206990,TIBAITATA - AUT [21206990],HUM RELATIVA,Humedad relativa del aire a 2 metros media diaria,2017-09-10 00:00,%,78.7708333333333,Preliminar
21206990,TIBAITATA - AUT [21206990],HUM RELATIVA,Humedad relativa del aire a 2 metros media diaria,2017-09-11 00:00,%,81.0227272727273,Preliminar
21206990,TIBAITATA - AUT [21206990],HUM RELATIVA,Humedad relativa del aire a 2 metros media diaria,2017-09-12 00:00,%,80.625,Preliminar
21206990,TIBAITATA - AUT [21206990],HUM RELATIVA,Humedad relativa del aire a 2 metros media diaria,2017-09-13 00:00,%,74.5625,Preliminar
21206990,TIBAITATA - AUT [21206990],HUM RELATIVA,Humedad relativa del aire a 2 metros media diaria,2017-09-14 00:00,%,75.5833333333333,Preliminar
21206990,TIBAITATA - AUT [21206990],HUM RELATIVA,Humedad relativa del aire a 2 metros media diaria,2017-09-15 00:00,%,78.625,Preliminar
21206990,TIBAITATA - AUT [21206990],HUM RELATIVA,Humedad relativa del aire a 2 metros media diaria,2017-09-16 00:00,%,76.9375,Preliminar
21206990,TIBAITATA - AUT [21206990],HUM RELATIVA,Humedad relativa del aire a 2 metros media diaria,2017-09-17 00:00,%,71.7083333333333,Preliminar
21206990,TIBAITATA - AUT [21206990],HUM RELATIVA,Humedad relativa del aire a 2 metros media diaria,2017-09-18 00:00,%,80.8333333333333,Preliminar
21206990,TIBAITATA - AUT [21206990],HUM RELATIVA,Humedad relativa del aire a 2 metros media diaria,2017-09-19 00:00,%,78.8958333333333,Preliminar
21206990,TIBAITATA - AUT [21206990],HUM RELATIVA,Humedad relativa del aire a 2 metros media diaria,2017-09-20 00:00,%,78.8958333333333,Preliminar
21206990,TIBAITATA - AUT [21206990],HUM RELATIVA,Humedad relativa del aire a 2 metros media diaria,2017-09-21 00:00,%,79.9583333333333,Preliminar
21206990,TIBAITATA - AUT [21206990],HUM RELATIVA,Humedad relativa del aire a 2 metros media diaria,2017-09-22 00:00,%,77.9583333333333,Preliminar
21206990,TIBAITATA - AUT [21206990],HUM RELATIVA,Humedad relativa del aire a 2 metros media diaria,2017-09-23 00:00,%,77.2708333333333,Preliminar
21206990,TIBAITATA - AUT [21206990],HUM RELATIVA,Humedad relativa del aire a 2 metros media diaria,2017-09-24 00:00,%,78.625,Preliminar
21206990,TIBAITATA - AUT [21206990],HUM RELATIVA,Humedad relativa del aire a 2 metros media diaria,2017-09-25 00:00,%,69.7916666666667,Preliminar
21206990,TIBAITATA - AUT [21206990],HUM RELATIVA,Humedad relativa del aire a 2 metros media diaria,2017-09-26 00:00,%,83.9791666666667,Preliminar
21206990,TIBAITATA - AUT [21206990],HUM RELATIVA,Humedad relativa del aire a 2 metros media diaria,2017-09-27 00:00,%,80.8541666666667,Preliminar
21206990,TIBAITATA - AUT [21206990],HUM RELATIVA,Humedad relativa del aire a 2 metros media diaria,2017-09-28 00:00,%,83.25,Preliminar
21206990,TIBAITATA - AUT [21206990],HUM RELATIVA,Humedad relativa del aire a 2 metros media diaria,2017-09-29 00:00,%,79.0416666666667,Preliminar
21206990,TIBAITATA - AUT [21206990],HUM RELATIVA,Humedad relativa del aire a 2 metros media diaria,2017-09-30 00:00,%,83.625,Preliminar
21206990,TIBAITATA - AUT [21206990],HUM RELATIVA,Humedad relativa del aire a 2 metros media diaria,2017-10-01 00:00,%,83.0625,Preliminar
21206990,TIBAITATA - AUT [21206990],HUM RELATIVA,Humedad relativa del aire a 2 metros media diaria,2017-10-02 00:00,%,86.5227272727273,Preliminar
21206990,TIBAITATA - AUT [21206990],HUM RELATIVA,Humedad relativa del aire a 2 metros media diaria,2017-10-03 00:00,%,87.4791666666667,Preliminar
21206990,TIBAITATA - AUT [21206990],HUM RELATIVA,Humedad relativa del aire a 2 metros media diaria,2017-10-04 00:00,%,82.625,Preliminar
21206990,TIBAITATA - AUT [21206990],HUM RELATIVA,Humedad relativa del aire a 2 metros media diaria,2017-10-05 00:00,%,79.1041666666667,Preliminar
21206990,TIBAITATA - AUT [21206990],HUM RELATIVA,Humedad relativa del aire a 2 metros media diaria,2017-10-06 00:00,%,72.125,Preliminar
21206990,TIBAITATA - AUT [21206990],HUM RELATIVA,Humedad relativa del aire a 2 metros media diaria,2017-10-07 00:00,%,79.8125,Preliminar
21206990,TIBAITATA - AUT [21206990],HUM RELATIVA,Humedad relativa del aire a 2 metros media diaria,2017-10-08 00:00,%,85.8958333333333,Preliminar
21206990,TIBAITATA - AUT [21206990],HUM RELATIVA,Humedad relativa del aire a 2 metros media diaria,2017-10-09 00:00,%,88.3125,Preliminar
21206990,TIBAITATA - AUT [21206990],HUM RELATIVA,Humedad relativa del aire a 2 metros media diaria,2017-10-10 00:00,%,83.1136363636364,Preliminar
21206990,TIBAITATA - AUT [21206990],HUM RELATIVA,Humedad relativa del aire a 2 metros media diaria,2017-10-11 00:00,%,87.2083333333333,Preliminar
21206990,TIBAITATA - AUT [21206990],HUM RELATIVA,Humedad relativa del aire a 2 metros media diaria,2017-10-12 00:00,%,83.4375,Preliminar
21206990,TIBAITATA - AUT [21206990],HUM RELATIVA,Humedad relativa del aire a 2 metros media diaria,2017-10-13 00:00,%,76.4583333333333,Preliminar
21206990,TIBAITATA - AUT [21206990],HUM RELATIVA,Humedad relativa del aire a 2 metros media diaria,2017-10-14 00:00,%,83.125,Preliminar
21206990,TIBAITATA - AUT [21206990],HUM RELATIVA,Humedad relativa del aire a 2 metros media diaria,2017-10-15 00:00,%,78.0625,Preliminar
21206990,TIBAITATA - AUT [21206990],HUM RELATIVA,Humedad relativa del aire a 2 metros media diaria,2017-10-16 00:00,%,76.3958333333333,Preliminar
21206990,TIBAITATA - AUT [21206990],HUM RELATIVA,Humedad relativa del aire a 2 metros media diaria,2017-10-17 00:00,%,75.2708333333333,Preliminar
21206990,TIBAITATA - AUT [21206990],HUM RELATIVA,Humedad relativa del aire a 2 metros media diaria,2017-10-18 00:00,%,76.3541666666667,Preliminar
21206990,TIBAITATA - AUT [21206990],HUM RELATIVA,Humedad relativa del aire a 2 metros media diaria,2017-10-19 00:00,%,81.9791666666667,Preliminar
21206990,TIBAITATA - AUT [21206990],HUM RELATIVA,Humedad relativa del aire a 2 metros media diaria,2017-10-20 00:00,%,84.75,Preliminar
21206990,TIBAITATA - AUT [21206990],HUM RELATIVA,Humedad relativa del aire a 2 metros media diaria,2017-10-21 00:00,%,83.5625,Preliminar
21206990,TIBAITATA - AUT [21206990],HUM RELATIVA,Humedad relativa del aire a 2 metros media diaria,2017-10-22 00:00,%,75.1666666666667,Preliminar
21206990,TIBAITATA - AUT [21206990],HUM RELATIVA,Humedad relativa del aire a 2 metros media diaria,2017-10-23 00:00,%,70.6458333333333,Preliminar
21206990,TIBAITATA - AUT [21206990],HUM RELATIVA,Humedad relativa del aire a 2 metros media diaria,2017-10-24 00:00,%,78.8958333333333,Preliminar
21206990,TIBAITATA - AUT [21206990],HUM RELATIVA,Humedad relativa del aire a 2 metros media diaria,2017-10-25 00:00,%,75.7708333333333,Preliminar
21206990,TIBAITATA - AUT [21206990],HUM RELATIVA,Humedad relativa del aire a 2 metros media diaria,2017-10-26 00:00,%,87.7708333333333,Preliminar
21206990,TIBAITATA - AUT [21206990],HUM RELATIVA,Humedad relativa del aire a 2 metros media diaria,2017-10-27 00:00,%,83.5,Preliminar
21206990,TIBAITATA - AUT [21206990],HUM RELATIVA,Humedad relativa del aire a 2 metros media diaria,2017-10-29 00:00,%,87.7916666666667,Preliminar
21206990,TIBAITATA - AUT [21206990],HUM RELATIVA,Humedad relativa del aire a 2 metros media diaria,2017-10-30 00:00,%,91.6041666666667,Preliminar
21206990,TIBAITATA - AUT [21206990],HUM RELATIVA,Humedad relativa del aire a 2 metros media diaria,2017-10-31 00:00,%,87.9583333333333,Preliminar
21206990,TIBAITATA - AUT [21206990],HUM RELATIVA,Humedad relativa del aire a 2 metros media diaria,2017-11-01 00:00,%,89.3958333333333,Preliminar
21206990,TIBAITATA - AUT [21206990],HUM RELATIVA,Humedad relativa del aire a 2 metros media diaria,2017-11-02 00:00,%,86.25,Preliminar
21206990,TIBAITATA - AUT [21206990],HUM RELATIVA,Humedad relativa del aire a 2 metros media diaria,2017-11-03 00:00,%,90.2916666666667,Preliminar
21206990,TIBAITATA - AUT [21206990],HUM RELATIVA,Humedad relativa del aire a 2 metros media diaria,2017-11-04 00:00,%,92.9583333333333,Preliminar
21206990,TIBAITATA - AUT [21206990],HUM RELATIVA,Humedad relativa del aire a 2 metros media diaria,2017-11-05 00:00,%,88.7083333333333,Preliminar
21206990,TIBAITATA - AUT [21206990],HUM RELATIVA,Humedad relativa del aire a 2 metros media diaria,2017-11-06 00:00,%,85.5625,Preliminar
21206990,TIBAITATA - AUT [21206990],HUM RELATIVA,Humedad relativa del aire a 2 metros media diaria,2017-11-07 00:00,%,83.75,Preliminar
21206990,TIBAITATA - AUT [21206990],HUM RELATIVA,Humedad relativa del aire a 2 metros media diaria,2017-11-08 00:00,%,86.0416666666667,Preliminar
21206990,TIBAITATA - AUT [21206990],HUM RELATIVA,Humedad relativa del aire a 2 metros media diaria,2017-11-09 00:00,%,86.75,Preliminar
21206990,TIBAITATA - AUT [21206990],HUM RELATIVA,Humedad relativa del aire a 2 metros media diaria,2017-11-10 00:00,%,87.5208333333333,Preliminar
21206990,TIBAITATA - AUT [21206990],HUM RELATIVA,Humedad relativa del aire a 2 metros media diaria,2017-11-11 00:00,%,88.4375,Preliminar
21206990,TIBAITATA - AUT [21206990],HUM RELATIVA,Humedad relativa del aire a 2 metros media diaria,2017-11-12 00:00,%,83.9583333333333,Preliminar
21206990,TIBAITATA - AUT [21206990],HUM RELATIVA,Humedad relativa del aire a 2 metros media diaria,2017-11-13 00:00,%,85.0625,Preliminar
21206990,TIBAITATA - AUT [21206990],HUM RELATIVA,Humedad relativa del aire a 2 metros media diaria,2017-11-14 00:00,%,84.9166666666667,Preliminar
21206990,TIBAITATA - AUT [21206990],HUM RELATIVA,Humedad relativa del aire a 2 metros media diaria,2017-11-15 00:00,%,87.6041666666667,Preliminar
21206990,TIBAITATA - AUT [21206990],HUM RELATIVA,Humedad relativa del aire a 2 metros media diaria,2017-11-16 00:00,%,82.5416666666667,Preliminar
21206990,TIBAITATA - AUT [21206990],HUM RELATIVA,Humedad relativa del aire a 2 metros media diaria,2017-11-17 00:00,%,84.625,Preliminar
21206990,TIBAITATA - AUT [21206990],HUM RELATIVA,Humedad relativa del aire a 2 metros media diaria,2017-11-18 00:00,%,88.2291666666667,Preliminar
21206990,TIBAITATA - AUT [21206990],HUM RELATIVA,Humedad relativa del aire a 2 metros media diaria,2017-11-19 00:00,%,88.9583333333333,Preliminar
21206990,TIBAITATA - AUT [21206990],HUM RELATIVA,Humedad relativa del aire a 2 metros media diaria,2017-11-20 00:00,%,90.9375,Preliminar
21206990,TIBAITATA - AUT [21206990],HUM RELATIVA,Humedad relativa del aire a 2 metros media diaria,2017-11-21 00:00,%,86.8125,Preliminar
21206990,TIBAITATA - AUT [21206990],HUM RELATIVA,Humedad relativa del aire a 2 metros media diaria,2017-11-22 00:00,%,84.1666666666667,Preliminar
21206990,TIBAITATA - AUT [21206990],HUM RELATIVA,Humedad relativa del aire a 2 metros media diaria,2017-11-23 00:00,%,88.5208333333333,Preliminar
21206990,TIBAITATA - AUT [21206990],HUM RELATIVA,Humedad relativa del aire a 2 metros media diaria,2017-11-24 00:00,%,85.3333333333333,Preliminar
21206990,TIBAITATA - AUT [21206990],HUM RELATIVA,Humedad relativa del aire a 2 metros media diaria,2017-11-25 00:00,%,83.5833333333333,Preliminar
21206990,TIBAITATA - AUT [21206990],HUM RELATIVA,Humedad relativa del aire a 2 metros media diaria,2017-11-26 00:00,%,82.25,Preliminar
21206990,TIBAITATA - AUT [21206990],HUM RELATIVA,Humedad relativa del aire a 2 metros media diaria,2017-11-27 00:00,%,82,Preliminar
21206990,TIBAITATA - AUT [21206990],HUM RELATIVA,Humedad relativa del aire a 2 metros media diaria,2017-11-28 00:00,%,78.7916666666667,Preliminar
21206990,TIBAITATA - AUT [21206990],HUM RELATIVA,Humedad relativa del aire a 2 metros media diaria,2017-11-29 00:00,%,79.375,Preliminar
21206990,TIBAITATA - AUT [21206990],HUM RELATIVA,Humedad relativa del aire a 2 metros media diaria,2017-11-30 00:00,%,83.6458333333333,Preliminar
21206990,TIBAITATA - AUT [21206990],HUM RELATIVA,Humedad relativa del aire a 2 metros media diaria,2017-12-01 00:00,%,84.1666666666667,Preliminar
21206990,TIBAITATA - AUT [21206990],HUM RELATIVA,Humedad relativa del aire a 2 metros media diaria,2017-12-02 00:00,%,90.7727272727273,Preliminar
21206990,TIBAITATA - AUT [21206990],HUM RELATIVA,Humedad relativa del aire a 2 metros media diaria,2017-12-03 00:00,%,84.7708333333333,Preliminar
21206990,TIBAITATA - AUT [21206990],HUM RELATIVA,Humedad relativa del aire a 2 metros media diaria,2017-12-04 00:00,%,80.9583333333333,Preliminar
21206990,TIBAITATA - AUT [21206990],HUM RELATIVA,Humedad relativa del aire a 2 metros media diaria,2017-12-05 00:00,%,78.6875,Preliminar
21206990,TIBAITATA - AUT [21206990],HUM RELATIVA,Humedad relativa del aire a 2 metros media diaria,2017-12-06 00:00,%,75.7916666666667,Preliminar
21206990,TIBAITATA - AUT [21206990],HUM RELATIVA,Humedad relativa del aire a 2 metros media diaria,2017-12-07 00:00,%,79.2916666666667,Preliminar
21206990,TIBAITATA - AUT [21206990],HUM RELATIVA,Humedad relativa del aire a 2 metros media diaria,2017-12-08 00:00,%,84.1041666666667,Preliminar
21206990,TIBAITATA - AUT [21206990],HUM RELATIVA,Humedad relativa del aire a 2 metros media diaria,2017-12-09 00:00,%,88.0208333333333,Preliminar
21206990,TIBAITATA - AUT [21206990],HUM RELATIVA,Humedad relativa del aire a 2 metros media diaria,2017-12-10 00:00,%,85.2291666666667,Preliminar
21206990,TIBAITATA - AUT [21206990],HUM RELATIVA,Humedad relativa del aire a 2 metros media diaria,2017-12-11 00:00,%,85.125,Preliminar
21206990,TIBAITATA - AUT [21206990],HUM RELATIVA,Humedad relativa del aire a 2 metros media diaria,2017-12-12 00:00,%,87.075,Preliminar
21206990,TIBAITATA - AUT [21206990],HUM RELATIVA,Humedad relativa del aire a 2 metros media diaria,2017-12-13 00:00,%,83.5416666666667,Preliminar
21206990,TIBAITATA - AUT [21206990],HUM RELATIVA,Humedad relativa del aire a 2 metros media diaria,2017-12-14 00:00,%,77.5,Preliminar
21206990,TIBAITATA - AUT [21206990],HUM RELATIVA,Humedad relativa del aire a 2 metros media diaria,2017-12-15 00:00,%,81.7291666666667,Preliminar
21206990,TIBAITATA - AUT [21206990],HUM RELATIVA,Humedad relativa del aire a 2 metros media diaria,2017-12-16 00:00,%,84.6875,Preliminar
21206990,TIBAITATA - AUT [21206990],HUM RELATIVA,Humedad relativa del aire a 2 metros media diaria,2017-12-17 00:00,%,82.5625,Preliminar
21206990,TIBAITATA - AUT [21206990],HUM RELATIVA,Humedad relativa del aire a 2 metros media diaria,2017-12-18 00:00,%,77.875,Preliminar
21206990,TIBAITATA - AUT [21206990],HUM RELATIVA,Humedad relativa del aire a 2 metros media diaria,2017-12-19 00:00,%,82.9166666666667,Preliminar
21206990,TIBAITATA - AUT [21206990],HUM RELATIVA,Humedad relativa del aire a 2 metros media diaria,2017-12-20 00:00,%,83.5625,Preliminar
21206990,TIBAITATA - AUT [21206990],HUM RELATIVA,Humedad relativa del aire a 2 metros media diaria,2017-12-21 00:00,%,83.1875,Preliminar
21206990,TIBAITATA - AUT [21206990],HUM RELATIVA,Humedad relativa del aire a 2 metros media diaria,2017-12-22 00:00,%,80.7916666666667,Preliminar
21206990,TIBAITATA - AUT [21206990],HUM RELATIVA,Humedad relativa del aire a 2 metros media diaria,2017-12-26 00:00,%,83.6666666666667,Preliminar
21206990,TIBAITATA - AUT [21206990],HUM RELATIVA,Humedad relativa del aire a 2 metros media diaria,2017-12-27 00:00,%,82.6666666666667,Preliminar
21206990,TIBAITATA - AUT [21206990],HUM RELATIVA,Humedad relativa del aire a 2 metros media diaria,2017-12-28 00:00,%,77.9583333333333,Preliminar
21206990,TIBAITATA - AUT [21206990],HUM RELATIVA,Humedad relativa del aire a 2 metros media diaria,2017-12-29 00:00,%,87.3125,Preliminar
21206990,TIBAITATA - AUT [21206990],HUM RELATIVA,Humedad relativa del aire a 2 metros media diaria,2017-12-30 00:00,%,88.4583333333333,Preliminar
21206990,TIBAITATA - AUT [21206990],HUM RELATIVA,Humedad relativa del aire a 2 metros media diaria,2017-12-31 00:00,%,87.9166666666667,Preliminar
21206990,TIBAITATA - AUT [21206990],HUM RELATIVA,Humedad relativa del aire a 2 metros media diaria,2018-01-01 00:00,%,87.4375,Preliminar
21206990,TIBAITATA - AUT [21206990],HUM RELATIVA,Humedad relativa del aire a 2 metros media diaria,2018-01-02 00:00,%,90.5416666666667,Preliminar
21206990,TIBAITATA - AUT [21206990],HUM RELATIVA,Humedad relativa del aire a 2 metros media diaria,2018-01-03 00:00,%,81.0208333333333,Preliminar
21206990,TIBAITATA - AUT [21206990],HUM RELATIVA,Humedad relativa del aire a 2 metros media diaria,2018-01-04 00:00,%,86.3541666666667,Preliminar
21206990,TIBAITATA - AUT [21206990],HUM RELATIVA,Humedad relativa del aire a 2 metros media diaria,2018-01-05 00:00,%,85,Preliminar
21206990,TIBAITATA - AUT [21206990],HUM RELATIVA,Humedad relativa del aire a 2 metros media diaria,2018-01-06 00:00,%,79.9583333333333,Preliminar
21206990,TIBAITATA - AUT [21206990],HUM RELATIVA,Humedad relativa del aire a 2 metros media diaria,2018-01-07 00:00,%,84.2291666666667,Preliminar
21206990,TIBAITATA - AUT [21206990],HUM RELATIVA,Humedad relativa del aire a 2 metros media diaria,2018-01-08 00:00,%,83.1875,Preliminar
21206990,TIBAITATA - AUT [21206990],HUM RELATIVA,Humedad relativa del aire a 2 metros media diaria,2018-01-09 00:00,%,83.0416666666667,Preliminar
21206990,TIBAITATA - AUT [21206990],HUM RELATIVA,Humedad relativa del aire a 2 metros media diaria,2018-01-10 00:00,%,82.0416666666667,Preliminar
21206990,TIBAITATA - AUT [21206990],HUM RELATIVA,Humedad relativa del aire a 2 metros media diaria,2018-01-11 00:00,%,80.8333333333333,Preliminar
21206990,TIBAITATA - AUT [21206990],HUM RELATIVA,Humedad relativa del aire a 2 metros media diaria,2018-01-12 00:00,%,79.0416666666667,Preliminar
21206990,TIBAITATA - AUT [21206990],HUM RELATIVA,Humedad relativa del aire a 2 metros media diaria,2018-01-13 00:00,%,84.75,Preliminar
21206990,TIBAITATA - AUT [21206990],HUM RELATIVA,Humedad relativa del aire a 2 metros media diaria,2018-01-14 00:00,%,87.2083333333333,Preliminar
21206990,TIBAITATA - AUT [21206990],HUM RELATIVA,Humedad relativa del aire a 2 metros media diaria,2018-01-15 00:00,%,84.4375,Preliminar
21206990,TIBAITATA - AUT [21206990],HUM RELATIVA,Humedad relativa del aire a 2 metros media diaria,2018-01-16 00:00,%,81.7083333333333,Preliminar
21206990,TIBAITATA - AUT [21206990],HUM RELATIVA,Humedad relativa del aire a 2 metros media diaria,2018-01-17 00:00,%,87.4375,Preliminar
21206990,TIBAITATA - AUT [21206990],HUM RELATIVA,Humedad relativa del aire a 2 metros media diaria,2018-01-18 00:00,%,87.8333333333333,Preliminar
21206990,TIBAITATA - AUT [21206990],HUM RELATIVA,Humedad relativa del aire a 2 metros media diaria,2018-01-19 00:00,%,79.75,Preliminar
21206990,TIBAITATA - AUT [21206990],HUM RELATIVA,Humedad relativa del aire a 2 metros media diaria,2018-01-20 00:00,%,69.3125,Preliminar
21206990,TIBAITATA - AUT [21206990],HUM RELATIVA,Humedad relativa del aire a 2 metros media diaria,2018-01-21 00:00,%,73.6041666666667,Preliminar
21206990,TIBAITATA - AUT [21206990],HUM RELATIVA,Humedad relativa del aire a 2 metros media diaria,2018-01-22 00:00,%,77.1041666666667,Preliminar
21206990,TIBAITATA - AUT [21206990],HUM RELATIVA,Humedad relativa del aire a 2 metros media diaria,2018-01-23 00:00,%,73.4166666666667,Preliminar
21206990,TIBAITATA - AUT [21206990],HUM RELATIVA,Humedad relativa del aire a 2 metros media diaria,2018-01-24 00:00,%,77.047619047619,Preliminar
21206990,TIBAITATA - AUT [21206990],HUM RELATIVA,Humedad relativa del aire a 2 metros media diaria,2018-01-25 00:00,%,76.1458333333333,Preliminar
21206990,TIBAITATA - AUT [21206990],HUM RELATIVA,Humedad relativa del aire a 2 metros media diaria,2018-01-26 00:00,%,81.9166666666667,Preliminar
21206990,TIBAITATA - AUT [21206990],HUM RELATIVA,Humedad relativa del aire a 2 metros media diaria,2018-01-27 00:00,%,85.6590909090909,Preliminar
21206990,TIBAITATA - AUT [21206990],HUM RELATIVA,Humedad relativa del aire a 2 metros media diaria,2018-01-28 00:00,%,81.25,Preliminar
21206990,TIBAITATA - AUT [21206990],HUM RELATIVA,Humedad relativa del aire a 2 metros media diaria,2018-01-29 00:00,%,79.0833333333333,Preliminar
21206990,TIBAITATA - AUT [21206990],HUM RELATIVA,Humedad relativa del aire a 2 metros media diaria,2018-01-30 00:00,%,83.1875,Preliminar
21206990,TIBAITATA - AUT [21206990],HUM RELATIVA,Humedad relativa del aire a 2 metros media diaria,2018-01-31 00:00,%,80.1458333333333,Preliminar
21206990,TIBAITATA - AUT [21206990],HUM RELATIVA,Humedad relativa del aire a 2 metros media diaria,2018-02-01 00:00,%,82.75,Preliminar
21206990,TIBAITATA - AUT [21206990],HUM RELATIVA,Humedad relativa del aire a 2 metros media diaria,2018-02-02 00:00,%,83.3125,Preliminar
21206990,TIBAITATA - AUT [21206990],HUM RELATIVA,Humedad relativa del aire a 2 metros media diaria,2018-02-03 00:00,%,86.4166666666667,Preliminar
21206990,TIBAITATA - AUT [21206990],HUM RELATIVA,Humedad relativa del aire a 2 metros media diaria,2018-02-04 00:00,%,84.75,Preliminar
21206990,TIBAITATA - AUT [21206990],HUM RELATIVA,Humedad relativa del aire a 2 metros media diaria,2018-02-05 00:00,%,81.6666666666667,Preliminar
21206990,TIBAITATA - AUT [21206990],HUM RELATIVA,Humedad relativa del aire a 2 metros media diaria,2018-02-06 00:00,%,84.9318181818182,Preliminar
21206990,TIBAITATA - AUT [21206990],HUM RELATIVA,Humedad relativa del aire a 2 metros media diaria,2018-02-07 00:00,%,79.875,Preliminar
21206990,TIBAITATA - AUT [21206990],HUM RELATIVA,Humedad relativa del aire a 2 metros media diaria,2018-02-08 00:00,%,82.2291666666667,Preliminar
21206990,TIBAITATA - AUT [21206990],HUM RELATIVA,Humedad relativa del aire a 2 metros media diaria,2018-02-09 00:00,%,76.8958333333333,Preliminar
21206990,TIBAITATA - AUT [21206990],HUM RELATIVA,Humedad relativa del aire a 2 metros media diaria,2018-02-10 00:00,%,66.8958333333333,Preliminar
21206990,TIBAITATA - AUT [21206990],HUM RELATIVA,Humedad relativa del aire a 2 metros media diaria,2018-02-11 00:00,%,68.5833333333333,Preliminar
21206990,TIBAITATA - AUT [21206990],HUM RELATIVA,Humedad relativa del aire a 2 metros media diaria,2018-02-12 00:00,%,74,Preliminar
21206990,TIBAITATA - AUT [21206990],HUM RELATIVA,Humedad relativa del aire a 2 metros media diaria,2018-02-13 00:00,%,81.375,Preliminar
21206990,TIBAITATA - AUT [21206990],HUM RELATIVA,Humedad relativa del aire a 2 metros media diaria,2018-02-14 00:00,%,84.2083333333333,Preliminar
21206990,TIBAITATA - AUT [21206990],HUM RELATIVA,Humedad relativa del aire a 2 metros media diaria,2018-02-15 00:00,%,82.7708333333333,Preliminar
21206990,TIBAITATA - AUT [21206990],HUM RELATIVA,Humedad relativa del aire a 2 metros media diaria,2018-02-16 00:00,%,78.1666666666667,Preliminar
21206990,TIBAITATA - AUT [21206990],HUM RELATIVA,Humedad relativa del aire a 2 metros media diaria,2018-02-17 00:00,%,78.7083333333333,Preliminar
21206990,TIBAITATA - AUT [21206990],HUM RELATIVA,Humedad relativa del aire a 2 metros media diaria,2018-02-18 00:00,%,84.875,Preliminar
21206990,TIBAITATA - AUT [21206990],HUM RELATIVA,Humedad relativa del aire a 2 metros media diaria,2018-02-19 00:00,%,80.0625,Preliminar
21206990,TIBAITATA - AUT [21206990],HUM RELATIVA,Humedad relativa del aire a 2 metros media diaria,2018-02-20 00:00,%,75.8863636363636,Preliminar
21206990,TIBAITATA - AUT [21206990],HUM RELATIVA,Humedad relativa del aire a 2 metros media diaria,2018-02-21 00:00,%,80.5416666666667,Preliminar
21206990,TIBAITATA - AUT [21206990],HUM RELATIVA,Humedad relativa del aire a 2 metros media diaria,2018-02-22 00:00,%,86.625,Preliminar
21206990,TIBAITATA - AUT [21206990],HUM RELATIVA,Humedad relativa del aire a 2 metros media diaria,2018-02-23 00:00,%,88.9791666666667,Preliminar
21206990,TIBAITATA - AUT [21206990],HUM RELATIVA,Humedad relativa del aire a 2 metros media diaria,2018-02-24 00:00,%,86.0208333333333,Preliminar
21206990,TIBAITATA - AUT [21206990],HUM RELATIVA,Humedad relativa del aire a 2 metros media diaria,2018-02-25 00:00,%,84.5416666666667,Preliminar
21206990,TIBAITATA - AUT [21206990],HUM RELATIVA,Humedad relativa del aire a 2 metros media diaria,2018-02-26 00:00,%,82.9791666666667,Preliminar
21206990,TIBAITATA - AUT [21206990],HUM RELATIVA,Humedad relativa del aire a 2 metros media diaria,2018-02-27 00:00,%,78.9166666666667,Preliminar
21206990,TIBAITATA - AUT [21206990],HUM RELATIVA,Humedad relativa del aire a 2 metros media diaria,2018-02-28 00:00,%,80.6041666666667,Preliminar
21206990,TIBAITATA - AUT [21206990],HUM RELATIVA,Humedad relativa del aire a 2 metros media diaria,2018-03-01 00:00,%,82.3541666666667,Preliminar
21206990,TIBAITATA - AUT [21206990],HUM RELATIVA,Humedad relativa del aire a 2 metros media diaria,2018-03-02 00:00,%,84.8125,Preliminar
21206990,TIBAITATA - AUT [21206990],HUM RELATIVA,Humedad relativa del aire a 2 metros media diaria,2018-03-03 00:00,%,83.0625,Preliminar
21206990,TIBAITATA - AUT [21206990],HUM RELATIVA,Humedad relativa del aire a 2 metros media diaria,2018-03-04 00:00,%,86.3958333333333,Preliminar
21206990,TIBAITATA - AUT [21206990],HUM RELATIVA,Humedad relativa del aire a 2 metros media diaria,2018-03-05 00:00,%,87.2045454545454,Preliminar
21206990,TIBAITATA - AUT [21206990],HUM RELATIVA,Humedad relativa del aire a 2 metros media diaria,2018-03-06 00:00,%,85.1363636363636,Preliminar
21206990,TIBAITATA - AUT [21206990],HUM RELATIVA,Humedad relativa del aire a 2 metros media diaria,2018-03-07 00:00,%,80.4166666666667,Preliminar
21206990,TIBAITATA - AUT [21206990],HUM RELATIVA,Humedad relativa del aire a 2 metros media diaria,2018-03-08 00:00,%,80.1590909090909,Preliminar
21206990,TIBAITATA - AUT [21206990],HUM RELATIVA,Humedad relativa del aire a 2 metros media diaria,2018-03-09 00:00,%,79.4583333333333,Preliminar
21206990,TIBAITATA - AUT [21206990],HUM RELATIVA,Humedad relativa del aire a 2 metros media diaria,2018-03-10 00:00,%,74.625,Preliminar
21206990,TIBAITATA - AUT [21206990],HUM RELATIVA,Humedad relativa del aire a 2 metros media diaria,2018-03-11 00:00,%,69.3260869565217,Preliminar
21206990,TIBAITATA - AUT [21206990],HUM RELATIVA,Humedad relativa del aire a 2 metros media diaria,2018-03-12 00:00,%,69.2,Preliminar
21206990,TIBAITATA - AUT [21206990],HUM RELATIVA,Humedad relativa del aire a 2 metros media diaria,2018-03-13 00:00,%,75.4117647058824,Preliminar
21206990,TIBAITATA - AUT [21206990],HUM RELATIVA,Humedad relativa del aire a 2 metros media diaria,2018-03-14 00:00,%,76.1458333333333,Preliminar
21206990,TIBAITATA - AUT [21206990],HUM RELATIVA,Humedad relativa del aire a 2 metros media diaria,2018-03-15 00:00,%,84.3125,Preliminar
21206990,TIBAITATA - AUT [21206990],HUM RELATIVA,Humedad relativa del aire a 2 metros media diaria,2018-03-16 00:00,%,80.6458333333333,Preliminar
21206990,TIBAITATA - AUT [21206990],HUM RELATIVA,Humedad relativa del aire a 2 metros media diaria,2018-03-17 00:00,%,80.25,Preliminar
21206990,TIBAITATA - AUT [21206990],HUM RELATIVA,Humedad relativa del aire a 2 metros media diaria,2018-03-18 00:00,%,83.9375,Preliminar
21206990,TIBAITATA - AUT [21206990],HUM RELATIVA,Humedad relativa del aire a 2 metros media diaria,2018-03-20 00:00,%,79.0833333333333,Preliminar
21206990,TIBAITATA - AUT [21206990],HUM RELATIVA,Humedad relativa del aire a 2 metros media diaria,2018-03-21 00:00,%,77.0208333333333,Preliminar
21206990,TIBAITATA - AUT [21206990],HUM RELATIVA,Humedad relativa del aire a 2 metros media diaria,2018-03-22 00:00,%,78.375,Preliminar
21206990,TIBAITATA - AUT [21206990],HUM RELATIVA,Humedad relativa del aire a 2 metros media diaria,2018-03-23 00:00,%,82.2708333333333,Preliminar
21206990,TIBAITATA - AUT [21206990],HUM RELATIVA,Humedad relativa del aire a 2 metros media diaria,2018-03-24 00:00,%,88.125,Preliminar
21206990,TIBAITATA - AUT [21206990],HUM RELATIVA,Humedad relativa del aire a 2 metros media diaria,2018-03-25 00:00,%,80.5625,Preliminar
21206990,TIBAITATA - AUT [21206990],HUM RELATIVA,Humedad relativa del aire a 2 metros media diaria,2018-03-26 00:00,%,78.6875,Preliminar
21206990,TIBAITATA - AUT [21206990],HUM RELATIVA,Humedad relativa del aire a 2 metros media diaria,2018-03-27 00:00,%,83.5625,Preliminar
21206990,TIBAITATA - AUT [21206990],HUM RELATIVA,Humedad relativa del aire a 2 metros media diaria,2018-03-28 00:00,%,87.2291666666667,Preliminar
21206990,TIBAITATA - AUT [21206990],HUM RELATIVA,Humedad relativa del aire a 2 metros media diaria,2018-03-29 00:00,%,88.875,Preliminar
21206990,TIBAITATA - AUT [21206990],HUM RELATIVA,Humedad relativa del aire a 2 metros media diaria,2018-03-30 00:00,%,85.75,Preliminar
21206990,TIBAITATA - AUT [21206990],HUM RELATIVA,Humedad relativa del aire a 2 metros media diaria,2018-03-31 00:00,%,88.0208333333333,Preliminar
21206990,TIBAITATA - AUT [21206990],HUM RELATIVA,Humedad relativa del aire a 2 metros media diaria,2018-04-01 00:00,%,85.4375,Preliminar
21206990,TIBAITATA - AUT [21206990],HUM RELATIVA,Humedad relativa del aire a 2 metros media diaria,2018-04-02 00:00,%,90.8958333333333,Preliminar
21206990,TIBAITATA - AUT [21206990],HUM RELATIVA,Humedad relativa del aire a 2 metros media diaria,2018-04-03 00:00,%,87.7083333333333,Preliminar
21206990,TIBAITATA - AUT [21206990],HUM RELATIVA,Humedad relativa del aire a 2 metros media diaria,2018-04-04 00:00,%,90.5,Preliminar
21206990,TIBAITATA - AUT [21206990],HUM RELATIVA,Humedad relativa del aire a 2 metros media diaria,2018-04-05 00:00,%,89.9583333333333,Preliminar
21206990,TIBAITATA - AUT [21206990],HUM RELATIVA,Humedad relativa del aire a 2 metros media diaria,2018-04-06 00:00,%,90.3823529411765,Preliminar
21206990,TIBAITATA - AUT [21206990],HUM RELATIVA,Humedad relativa del aire a 2 metros media diaria,2018-04-07 00:00,%,87.0208333333333,Preliminar
21206990,TIBAITATA - AUT [21206990],HUM RELATIVA,Humedad relativa del aire a 2 metros media diaria,2018-04-08 00:00,%,86.1458333333333,Preliminar
21206990,TIBAITATA - AUT [21206990],HUM RELATIVA,Humedad relativa del aire a 2 metros media diaria,2018-04-09 00:00,%,84.0416666666667,Preliminar
21206990,TIBAITATA - AUT [21206990],HUM RELATIVA,Humedad relativa del aire a 2 metros media diaria,2018-04-10 00:00,%,89.5625,Preliminar
21206990,TIBAITATA - AUT [21206990],HUM RELATIVA,Humedad relativa del aire a 2 metros media diaria,2018-04-11 00:00,%,90.6875,Preliminar
21206990,TIBAITATA - AUT [21206990],HUM RELATIVA,Humedad relativa del aire a 2 metros media diaria,2018-04-12 00:00,%,91.4375,Preliminar
21206990,TIBAITATA - AUT [21206990],HUM RELATIVA,Humedad relativa del aire a 2 metros media diaria,2018-04-13 00:00,%,87.0208333333333,Preliminar
21206990,TIBAITATA - AUT [21206990],HUM RELATIVA,Humedad relativa del aire a 2 metros media diaria,2018-04-14 00:00,%,92.8541666666667,Preliminar
21206990,TIBAITATA - AUT [21206990],HUM RELATIVA,Humedad relativa del aire a 2 metros media diaria,2018-04-15 00:00,%,82.3958333333333,Preliminar
21206990,TIBAITATA - AUT [21206990],HUM RELATIVA,Humedad relativa del aire a 2 metros media diaria,2018-04-16 00:00,%,86.1666666666667,Preliminar
21206990,TIBAITATA - AUT [21206990],HUM RELATIVA,Humedad relativa del aire a 2 metros media diaria,2018-04-17 00:00,%,85,Preliminar
21206990,TIBAITATA - AUT [21206990],HUM RELATIVA,Humedad relativa del aire a 2 metros media diaria,2018-04-18 00:00,%,80.375,Preliminar
21206990,TIBAITATA - AUT [21206990],HUM RELATIVA,Humedad relativa del aire a 2 metros media diaria,2018-04-19 00:00,%,78.2916666666667,Preliminar
21206990,TIBAITATA - AUT [21206990],HUM RELATIVA,Humedad relativa del aire a 2 metros media diaria,2018-04-20 00:00,%,80.3958333333333,Preliminar
21206990,TIBAITATA - AUT [21206990],HUM RELATIVA,Humedad relativa del aire a 2 metros media diaria,2018-04-21 00:00,%,82.6666666666667,Preliminar
21206990,TIBAITATA - AUT [21206990],HUM RELATIVA,Humedad relativa del aire a 2 metros media diaria,2018-04-22 00:00,%,84.1875,Preliminar
21206990,TIBAITATA - AUT [21206990],HUM RELATIVA,Humedad relativa del aire a 2 metros media diaria,2018-04-23 00:00,%,74.6041666666667,Preliminar
21206990,TIBAITATA - AUT [21206990],HUM RELATIVA,Humedad relativa del aire a 2 metros media diaria,2018-04-24 00:00,%,85.1458333333333,Preliminar
21206990,TIBAITATA - AUT [21206990],HUM RELATIVA,Humedad relativa del aire a 2 metros media diaria,2018-04-25 00:00,%,81.9583333333333,Preliminar
21206990,TIBAITATA - AUT [21206990],HUM RELATIVA,Humedad relativa del aire a 2 metros media diaria,2018-04-26 00:00,%,87.4583333333333,Preliminar
21206990,TIBAITATA - AUT [21206990],HUM RELATIVA,Humedad relativa del aire a 2 metros media diaria,2018-04-27 00:00,%,89.1041666666667,Preliminar
21206990,TIBAITATA - AUT [21206990],HUM RELATIVA,Humedad relativa del aire a 2 metros media diaria,2018-04-28 00:00,%,89.5,Preliminar
21206990,TIBAITATA - AUT [21206990],HUM RELATIVA,Humedad relativa del aire a 2 metros media diaria,2018-04-29 00:00,%,92.8125,Preliminar
21206990,TIBAITATA - AUT [21206990],HUM RELATIVA,Humedad relativa del aire a 2 metros media diaria,2018-04-30 00:00,%,84.5833333333333,Preliminar
21206990,TIBAITATA - AUT [21206990],HUM RELATIVA,Humedad relativa del aire a 2 metros media diaria,2018-05-01 00:00,%,85.4791666666667,Preliminar
21206990,TIBAITATA - AUT [21206990],HUM RELATIVA,Humedad relativa del aire a 2 metros media diaria,2018-05-02 00:00,%,85.1818181818182,Preliminar
21206990,TIBAITATA - AUT [21206990],HUM RELATIVA,Humedad relativa del aire a 2 metros media diaria,2018-05-03 00:00,%,81.0208333333333,Preliminar
21206990,TIBAITATA - AUT [21206990],HUM RELATIVA,Humedad relativa del aire a 2 metros media diaria,2018-05-04 00:00,%,88.8333333333333,Preliminar
21206990,TIBAITATA - AUT [21206990],HUM RELATIVA,Humedad relativa del aire a 2 metros media diaria,2018-05-05 00:00,%,91.4791666666667,Preliminar
21206990,TIBAITATA - AUT [21206990],HUM RELATIVA,Humedad relativa del aire a 2 metros media diaria,2018-05-06 00:00,%,87.4375,Preliminar
21206990,TIBAITATA - AUT [21206990],HUM RELATIVA,Humedad relativa del aire a 2 metros media diaria,2018-05-07 00:00,%,88.6458333333333,Preliminar
21206990,TIBAITATA - AUT [21206990],HUM RELATIVA,Humedad relativa del aire a 2 metros media diaria,2018-05-08 00:00,%,90.0333333333333,Preliminar
21206990,TIBAITATA - AUT [21206990],HUM RELATIVA,Humedad relativa del aire a 2 metros media diaria,2018-05-09 00:00,%,89.6666666666667,Preliminar
21206990,TIBAITATA - AUT [21206990],HUM RELATIVA,Humedad relativa del aire a 2 metros media diaria,2018-05-11 00:00,%,88.8125,Preliminar
21206990,TIBAITATA - AUT [21206990],HUM RELATIVA,Humedad relativa del aire a 2 metros media diaria,2018-05-12 00:00,%,81,Preliminar
21206990,TIBAITATA - AUT [21206990],HUM RELATIVA,Humedad relativa del aire a 2 metros media diaria,2018-05-13 00:00,%,87.3958333333333,Preliminar
21206990,TIBAITATA - AUT [21206990],HUM RELATIVA,Humedad relativa del aire a 2 metros media diaria,2018-05-14 00:00,%,89.75,Preliminar
21206990,TIBAITATA - AUT [21206990],HUM RELATIVA,Humedad relativa del aire a 2 metros media diaria,2018-05-15 00:00,%,89.3333333333333,Preliminar
21206990,TIBAITATA - AUT [21206990],HUM RELATIVA,Humedad relativa del aire a 2 metros media diaria,2018-05-16 00:00,%,80.5,Preliminar
21206990,TIBAITATA - AUT [21206990],HUM RELATIVA,Humedad relativa del aire a 2 metros media diaria,2018-05-17 00:00,%,78.5227272727273,Preliminar
21206990,TIBAITATA - AUT [21206990],HUM RELATIVA,Humedad relativa del aire a 2 metros media diaria,2018-05-18 00:00,%,87.7083333333333,Preliminar
21206990,TIBAITATA - AUT [21206990],HUM RELATIVA,Humedad relativa del aire a 2 metros media diaria,2018-05-19 00:00,%,87.2916666666667,Preliminar
21206990,TIBAITATA - AUT [21206990],HUM RELATIVA,Humedad relativa del aire a 2 metros media diaria,2018-05-20 00:00,%,85.7916666666667,Preliminar
21206990,TIBAITATA - AUT [21206990],HUM RELATIVA,Humedad relativa del aire a 2 metros media diaria,2018-05-21 00:00,%,87.3333333333333,Preliminar
21206990,TIBAITATA - AUT [21206990],HUM RELATIVA,Humedad relativa del aire a 2 metros media diaria,2018-05-22 00:00,%,84.5208333333333,Preliminar
21206990,TIBAITATA - AUT [21206990],HUM RELATIVA,Humedad relativa del aire a 2 metros media diaria,2018-05-23 00:00,%,86.4375,Preliminar
21206990,TIBAITATA - AUT [21206990],HUM RELATIVA,Humedad relativa del aire a 2 metros media diaria,2018-05-24 00:00,%,83.8541666666667,Preliminar
21206990,TIBAITATA - AUT [21206990],HUM RELATIVA,Humedad relativa del aire a 2 metros media diaria,2018-05-25 00:00,%,78.6875,Preliminar
21206990,TIBAITATA - AUT [21206990],HUM RELATIVA,Humedad relativa del aire a 2 metros media diaria,2018-05-26 00:00,%,80.0208333333333,Preliminar
21206990,TIBAITATA - AUT [21206990],HUM RELATIVA,Humedad relativa del aire a 2 metros media diaria,2018-05-27 00:00,%,87.6041666666667,Preliminar
21206990,TIBAITATA - AUT [21206990],HUM RELATIVA,Humedad relativa del aire a 2 metros media diaria,2018-05-28 00:00,%,90.1041666666667,Preliminar
21206990,TIBAITATA - AUT [21206990],HUM RELATIVA,Humedad relativa del aire a 2 metros media diaria,2018-05-29 00:00,%,86.4791666666667,Preliminar
21206990,TIBAITATA - AUT [21206990],HUM RELATIVA,Humedad relativa del aire a 2 metros media diaria,2018-05-30 00:00,%,89.5416666666667,Preliminar
21206990,TIBAITATA - AUT [21206990],HUM RELATIVA,Humedad relativa del aire a 2 metros media diaria,2018-05-31 00:00,%,81.7083333333333,Preliminar
21206990,TIBAITATA - AUT [21206990],HUM RELATIVA,Humedad relativa del aire a 2 metros media diaria,2018-06-01 00:00,%,86.3125,Preliminar
21206990,TIBAITATA - AUT [21206990],HUM RELATIVA,Humedad relativa del aire a 2 metros media diaria,2018-06-02 00:00,%,81.9791666666667,Preliminar
21206990,TIBAITATA - AUT [21206990],HUM RELATIVA,Humedad relativa del aire a 2 metros media diaria,2018-06-03 00:00,%,83.25,Preliminar
21206990,TIBAITATA - AUT [21206990],HUM RELATIVA,Humedad relativa del aire a 2 metros media diaria,2018-06-04 00:00,%,86.5625,Preliminar
21206990,TIBAITATA - AUT [21206990],HUM RELATIVA,Humedad relativa del aire a 2 metros media diaria,2018-06-05 00:00,%,79.2916666666667,Preliminar
21206990,TIBAITATA - AUT [21206990],HUM RELATIVA,Humedad relativa del aire a 2 metros media diaria,2018-06-06 00:00,%,79.3541666666667,Preliminar
21206990,TIBAITATA - AUT [21206990],HUM RELATIVA,Humedad relativa del aire a 2 metros media diaria,2018-06-07 00:00,%,82.6875,Preliminar
21206990,TIBAITATA - AUT [21206990],HUM RELATIVA,Humedad relativa del aire a 2 metros media diaria,2018-06-08 00:00,%,82.0625,Preliminar
21206990,TIBAITATA - AUT [21206990],HUM RELATIVA,Humedad relativa del aire a 2 metros media diaria,2018-06-09 00:00,%,80.0833333333333,Preliminar
21206990,TIBAITATA - AUT [21206990],HUM RELATIVA,Humedad relativa del aire a 2 metros media diaria,2018-06-10 00:00,%,78.1458333333333,Preliminar
21206990,TIBAITATA - AUT [21206990],HUM RELATIVA,Humedad relativa del aire a 2 metros media diaria,2018-06-11 00:00,%,82.9375,Preliminar
21206990,TIBAITATA - AUT [21206990],HUM RELATIVA,Humedad relativa del aire a 2 metros media diaria,2018-06-12 00:00,%,76.8947368421053,Preliminar
21206990,TIBAITATA - AUT [21206990],HUM RELATIVA,Humedad relativa del aire a 2 metros media diaria,2018-06-13 00:00,%,82.4375,Preliminar
21206990,TIBAITATA - AUT [21206990],HUM RELATIVA,Humedad relativa del aire a 2 metros media diaria,2018-06-20 00:00,%,83.875,Preliminar
21206990,TIBAITATA - AUT [21206990],HUM RELATIVA,Humedad relativa del aire a 2 metros media diaria,2018-06-21 00:00,%,88.7291666666667,Preliminar
21206990,TIBAITATA - AUT [21206990],HUM RELATIVA,Humedad relativa del aire a 2 metros media diaria,2018-06-22 00:00,%,83.2083333333333,Preliminar
21206990,TIBAITATA - AUT [21206990],HUM RELATIVA,Humedad relativa del aire a 2 metros media diaria,2018-06-23 00:00,%,77.6666666666667,Preliminar
21206990,TIBAITATA - AUT [21206990],HUM RELATIVA,Humedad relativa del aire a 2 metros media diaria,2018-06-24 00:00,%,77.6875,Preliminar
21206990,TIBAITATA - AUT [21206990],HUM RELATIVA,Humedad relativa del aire a 2 metros media diaria,2018-06-25 00:00,%,79.7083333333333,Preliminar
21206990,TIBAITATA - AUT [21206990],HUM RELATIVA,Humedad relativa del aire a 2 metros media diaria,2018-06-26 00:00,%,82.4285714285714,Preliminar
21206990,TIBAITATA - AUT [21206990],HUM RELATIVA,Humedad relativa del aire a 2 metros media diaria,2018-06-29 00:00,%,80.375,Preliminar
21206990,TIBAITATA - AUT [21206990],HUM RELATIVA,Humedad relativa del aire a 2 metros media diaria,2018-07-01 00:00,%,86.85,Preliminar
21206990,TIBAITATA - AUT [21206990],HUM RELATIVA,Humedad relativa del aire a 2 metros media diaria,2018-07-02 00:00,%,88.3684210526316,Preliminar
21206990,TIBAITATA - AUT [21206990],HUM RELATIVA,Humedad relativa del aire a 2 metros media diaria,2018-07-03 00:00,%,85.2291666666667,Preliminar
21206990,TIBAITATA - AUT [21206990],HUM RELATIVA,Humedad relativa del aire a 2 metros media diaria,2018-07-04 00:00,%,81.5227272727273,Preliminar
21206990,TIBAITATA - AUT [21206990],HUM RELATIVA,Humedad relativa del aire a 2 metros media diaria,2018-07-05 00:00,%,78.5,Preliminar
21206990,TIBAITATA - AUT [21206990],HUM RELATIVA,Humedad relativa del aire a 2 metros media diaria,2018-07-06 00:00,%,85.2916666666667,Preliminar
21206990,TIBAITATA - AUT [21206990],HUM RELATIVA,Humedad relativa del aire a 2 metros media diaria,2018-07-07 00:00,%,84.0625,Preliminar
21206990,TIBAITATA - AUT [21206990],HUM RELATIVA,Humedad relativa del aire a 2 metros media diaria,2018-07-08 00:00,%,76.5625,Preliminar
21206990,TIBAITATA - AUT [21206990],HUM RELATIVA,Humedad relativa del aire a 2 metros media diaria,2018-07-09 00:00,%,78.9375,Preliminar
21206990,TIBAITATA - AUT [21206990],HUM RELATIVA,Humedad relativa del aire a 2 metros media diaria,2018-07-10 00:00,%,79.0833333333333,Preliminar
21206990,TIBAITATA - AUT [21206990],HUM RELATIVA,Humedad relativa del aire a 2 metros media diaria,2018-07-11 00:00,%,78.3125,Preliminar
21206990,TIBAITATA - AUT [21206990],HUM RELATIVA,Humedad relativa del aire a 2 metros media diaria,2018-07-12 00:00,%,75.125,Preliminar
21206990,TIBAITATA - AUT [21206990],HUM RELATIVA,Humedad relativa del aire a 2 metros media diaria,2018-07-13 00:00,%,76.8333333333333,Preliminar
21206990,TIBAITATA - AUT [21206990],HUM RELATIVA,Humedad relativa del aire a 2 metros media diaria,2018-07-14 00:00,%,76.2727272727273,Preliminar
21206990,TIBAITATA - AUT [21206990],HUM RELATIVA,Humedad relativa del aire a 2 metros media diaria,2018-07-15 00:00,%,76.7916666666667,Preliminar
21206990,TIBAITATA - AUT [21206990],HUM RELATIVA,Humedad relativa del aire a 2 metros media diaria,2018-07-16 00:00,%,83.6904761904762,Preliminar
21206990,TIBAITATA - AUT [21206990],HUM RELATIVA,Humedad relativa del aire a 2 metros media diaria,2018-07-17 00:00,%,84.875,Preliminar
21206990,TIBAITATA - AUT [21206990],HUM RELATIVA,Humedad relativa del aire a 2 metros media diaria,2018-07-18 00:00,%,75.5416666666667,Preliminar
21206990,TIBAITATA - AUT [21206990],HUM RELATIVA,Humedad relativa del aire a 2 metros media diaria,2018-07-19 00:00,%,77.8541666666667,Preliminar
21206990,TIBAITATA - AUT [21206990],HUM RELATIVA,Humedad relativa del aire a 2 metros media diaria,2018-07-22 00:00,%,73.0625,Preliminar
21206990,TIBAITATA - AUT [21206990],HUM RELATIVA,Humedad relativa del aire a 2 metros media diaria,2018-07-23 00:00,%,77.8541666666667,Preliminar
21206990,TIBAITATA - AUT [21206990],HUM RELATIVA,Humedad relativa del aire a 2 metros media diaria,2018-07-24 00:00,%,84.9166666666667,Preliminar
21206990,TIBAITATA - AUT [21206990],HUM RELATIVA,Humedad relativa del aire a 2 metros media diaria,2018-07-30 00:00,%,82.5208333333333,Preliminar
21206990,TIBAITATA - AUT [21206990],HUM RELATIVA,Humedad relativa del aire a 2 metros media diaria,2018-07-31 00:00,%,85.0625,Preliminar
21206990,TIBAITATA - AUT [21206990],HUM RELATIVA,Humedad relativa del aire a 2 metros media diaria,2018-08-01 00:00,%,81.875,Preliminar
21206990,TIBAITATA - AUT [21206990],HUM RELATIVA,Humedad relativa del aire a 2 metros media diaria,2018-08-02 00:00,%,76.7708333333333,Preliminar
21206990,TIBAITATA - AUT [21206990],HUM RELATIVA,Humedad relativa del aire a 2 metros media diaria,2018-08-03 00:00,%,77.6458333333333,Preliminar
21206990,TIBAITATA - AUT [21206990],HUM RELATIVA,Humedad relativa del aire a 2 metros media diaria,2018-08-04 00:00,%,84.6666666666667,Preliminar
21206990,TIBAITATA - AUT [21206990],HUM RELATIVA,Humedad relativa del aire a 2 metros media diaria,2018-08-05 00:00,%,78.6458333333333,Preliminar
21206990,TIBAITATA - AUT [21206990],HUM RELATIVA,Humedad relativa del aire a 2 metros media diaria,2018-08-06 00:00,%,73.0833333333333,Preliminar
21206990,TIBAITATA - AUT [21206990],HUM RELATIVA,Humedad relativa del aire a 2 metros media diaria,2018-08-07 00:00,%,77.5625,Preliminar
21206990,TIBAITATA - AUT [21206990],HUM RELATIVA,Humedad relativa del aire a 2 metros media diaria,2018-08-08 00:00,%,76.125,Preliminar
21206990,TIBAITATA - AUT [21206990],HUM RELATIVA,Humedad relativa del aire a 2 metros media diaria,2018-08-09 00:00,%,78.4375,Preliminar
21206990,TIBAITATA - AUT [21206990],HUM RELATIVA,Humedad relativa del aire a 2 metros media diaria,2018-08-10 00:00,%,65.5208333333333,Preliminar
21206990,TIBAITATA - AUT [21206990],HUM RELATIVA,Humedad relativa del aire a 2 metros media diaria,2018-08-11 00:00,%,75.1041666666667,Preliminar
21206990,TIBAITATA - AUT [21206990],HUM RELATIVA,Humedad relativa del aire a 2 metros media diaria,2018-08-12 00:00,%,78.25,Preliminar
21206990,TIBAITATA - AUT [21206990],HUM RELATIVA,Humedad relativa del aire a 2 metros media diaria,2018-08-13 00:00,%,83.0416666666667,Preliminar
21206990,TIBAITATA - AUT [21206990],HUM RELATIVA,Humedad relativa del aire a 2 metros media diaria,2018-08-14 00:00,%,83.9583333333333,Preliminar
21206990,TIBAITATA - AUT [21206990],HUM RELATIVA,Humedad relativa del aire a 2 metros media diaria,2018-08-15 00:00,%,71.25,Preliminar
21206990,TIBAITATA - AUT [21206990],HUM RELATIVA,Humedad relativa del aire a 2 metros media diaria,2018-08-16 00:00,%,66.8125,Preliminar
21206990,TIBAITATA - AUT [21206990],HUM RELATIVA,Humedad relativa del aire a 2 metros media diaria,2018-08-17 00:00,%,78.0208333333333,Preliminar
21206990,TIBAITATA - AUT [21206990],HUM RELATIVA,Humedad relativa del aire a 2 metros media diaria,2018-08-18 00:00,%,76.1041666666667,Preliminar
21206990,TIBAITATA - AUT [21206990],HUM RELATIVA,Humedad relativa del aire a 2 metros media diaria,2018-08-19 00:00,%,74.6666666666667,Preliminar
21206990,TIBAITATA - AUT [21206990],HUM RELATIVA,Humedad relativa del aire a 2 metros media diaria,2018-08-20 00:00,%,77.0416666666667,Preliminar
21206990,TIBAITATA - AUT [21206990],HUM RELATIVA,Humedad relativa del aire a 2 metros media diaria,2018-08-21 00:00,%,71.5833333333333,Preliminar
21206990,TIBAITATA - AUT [21206990],HUM RELATIVA,Humedad relativa del aire a 2 metros media diaria,2018-08-22 00:00,%,74.1875,Preliminar
21206990,TIBAITATA - AUT [21206990],HUM RELATIVA,Humedad relativa del aire a 2 metros media diaria,2018-08-23 00:00,%,77.875,Preliminar
21206990,TIBAITATA - AUT [21206990],HUM RELATIVA,Humedad relativa del aire a 2 metros media diaria,2018-08-24 00:00,%,72.0416666666667,Preliminar
21206990,TIBAITATA - AUT [21206990],HUM RELATIVA,Humedad relativa del aire a 2 metros media diaria,2018-08-25 00:00,%,74.0625,Preliminar
21206990,TIBAITATA - AUT [21206990],HUM RELATIVA,Humedad relativa del aire a 2 metros media diaria,2018-08-26 00:00,%,73.4166666666667,Preliminar
21206990,TIBAITATA - AUT [21206990],HUM RELATIVA,Humedad relativa del aire a 2 metros media diaria,2018-08-27 00:00,%,78.1041666666667,Preliminar
21206990,TIBAITATA - AUT [21206990],HUM RELATIVA,Humedad relativa del aire a 2 metros media diaria,2018-08-28 00:00,%,77.9444444444444,Preliminar
21206990,TIBAITATA - AUT [21206990],HUM RELATIVA,Humedad relativa del aire a 2 metros media diaria,2018-08-29 00:00,%,84.9166666666667,Preliminar
21206990,TIBAITATA - AUT [21206990],HUM RELATIVA,Humedad relativa del aire a 2 metros media diaria,2018-08-30 00:00,%,81.75,Preliminar
21206990,TIBAITATA - AUT [21206990],HUM RELATIVA,Humedad relativa del aire a 2 metros media diaria,2018-08-31 00:00,%,79.5208333333333,Preliminar
21206990,TIBAITATA - AUT [21206990],HUM RELATIVA,Humedad relativa del aire a 2 metros media diaria,2018-09-01 00:00,%,80.2291666666667,Preliminar
21206990,TIBAITATA - AUT [21206990],HUM RELATIVA,Humedad relativa del aire a 2 metros media diaria,2018-09-02 00:00,%,81.9791666666667,Preliminar
21206990,TIBAITATA - AUT [21206990],HUM RELATIVA,Humedad relativa del aire a 2 metros media diaria,2018-09-03 00:00,%,77.4166666666667,Preliminar
21206990,TIBAITATA - AUT [21206990],HUM RELATIVA,Humedad relativa del aire a 2 metros media diaria,2018-09-04 00:00,%,80.1041666666667,Preliminar
21206990,TIBAITATA - AUT [21206990],HUM RELATIVA,Humedad relativa del aire a 2 metros media diaria,2018-09-05 00:00,%,82.25,Preliminar
21206990,TIBAITATA - AUT [21206990],HUM RELATIVA,Humedad relativa del aire a 2 metros media diaria,2018-09-06 00:00,%,83.375,Preliminar
21206990,TIBAITATA - AUT [21206990],HUM RELATIVA,Humedad relativa del aire a 2 metros media diaria,2018-09-07 00:00,%,88.375,Preliminar
21206990,TIBAITATA - AUT [21206990],HUM RELATIVA,Humedad relativa del aire a 2 metros media diaria,2018-09-08 00:00,%,80.4166666666667,Preliminar
21206990,TIBAITATA - AUT [21206990],HUM RELATIVA,Humedad relativa del aire a 2 metros media diaria,2018-09-09 00:00,%,74.75,Preliminar
21206990,TIBAITATA - AUT [21206990],HUM RELATIVA,Humedad relativa del aire a 2 metros media diaria,2018-09-10 00:00,%,81.9791666666667,Preliminar
21206990,TIBAITATA - AUT [21206990],HUM RELATIVA,Humedad relativa del aire a 2 metros media diaria,2018-09-11 00:00,%,84.3333333333333,Preliminar
21206990,TIBAITATA - AUT [21206990],HUM RELATIVA,Humedad relativa del aire a 2 metros media diaria,2018-09-12 00:00,%,84.0833333333333,Preliminar
21206990,TIBAITATA - AUT [21206990],HUM RELATIVA,Humedad relativa del aire a 2 metros media diaria,2018-09-13 00:00,%,86.5,Preliminar
21206990,TIBAITATA - AUT [21206990],HUM RELATIVA,Humedad relativa del aire a 2 metros media diaria,2018-09-14 00:00,%,88.7708333333333,Preliminar
21206990,TIBAITATA - AUT [21206990],HUM RELATIVA,Humedad relativa del aire a 2 metros media diaria,2018-09-15 00:00,%,90.2708333333333,Preliminar
21206990,TIBAITATA - AUT [21206990],HUM RELATIVA,Humedad relativa del aire a 2 metros media diaria,2018-09-16 00:00,%,73.8958333333333,Preliminar
21206990,TIBAITATA - AUT [21206990],HUM RELATIVA,Humedad relativa del aire a 2 metros media diaria,2018-09-17 00:00,%,79.2708333333333,Preliminar
21206990,TIBAITATA - AUT [21206990],HUM RELATIVA,Humedad relativa del aire a 2 metros media diaria,2018-09-18 00:00,%,76.0833333333333,Preliminar
21206990,TIBAITATA - AUT [21206990],HUM RELATIVA,Humedad relativa del aire a 2 metros media diaria,2018-09-19 00:00,%,73.2916666666667,Preliminar
21206990,TIBAITATA - AUT [21206990],HUM RELATIVA,Humedad relativa del aire a 2 metros media diaria,2018-09-20 00:00,%,70.5625,Preliminar
21206990,TIBAITATA - AUT [21206990],HUM RELATIVA,Humedad relativa del aire a 2 metros media diaria,2018-09-21 00:00,%,74.8125,Preliminar
21206990,TIBAITATA - AUT [21206990],HUM RELATIVA,Humedad relativa del aire a 2 metros media diaria,2018-09-22 00:00,%,79.2291666666667,Preliminar
21206990,TIBAITATA - AUT [21206990],HUM RELATIVA,Humedad relativa del aire a 2 metros media diaria,2018-09-23 00:00,%,80.3125,Preliminar
21206990,TIBAITATA - AUT [21206990],HUM RELATIVA,Humedad relativa del aire a 2 metros media diaria,2018-09-24 00:00,%,78,Preliminar
21206990,TIBAITATA - AUT [21206990],HUM RELATIVA,Humedad relativa del aire a 2 metros media diaria,2018-09-25 00:00,%,79.25,Preliminar
21206990,TIBAITATA - AUT [21206990],HUM RELATIVA,Humedad relativa del aire a 2 metros media diaria,2018-09-26 00:00,%,81.5833333333333,Preliminar
21206990,TIBAITATA - AUT [21206990],HUM RELATIVA,Humedad relativa del aire a 2 metros media diaria,2018-09-27 00:00,%,79.2083333333333,Preliminar
21206990,TIBAITATA - AUT [21206990],HUM RELATIVA,Humedad relativa del aire a 2 metros media diaria,2018-09-28 00:00,%,81.5625,Preliminar
21206990,TIBAITATA - AUT [21206990],HUM RELATIVA,Humedad relativa del aire a 2 metros media diaria,2018-09-29 00:00,%,78.125,Preliminar
21206990,TIBAITATA - AUT [21206990],HUM RELATIVA,Humedad relativa del aire a 2 metros media diaria,2018-09-30 00:00,%,78.1875,Preliminar
21206990,TIBAITATA - AUT [21206990],HUM RELATIVA,Humedad relativa del aire a 2 metros media diaria,2018-10-01 00:00,%,80,Preliminar
21206990,TIBAITATA - AUT [21206990],HUM RELATIVA,Humedad relativa del aire a 2 metros media diaria,2018-10-02 00:00,%,75.3541666666667,Preliminar
21206990,TIBAITATA - AUT [21206990],HUM RELATIVA,Humedad relativa del aire a 2 metros media diaria,2018-10-03 00:00,%,84.8333333333333,Preliminar
21206990,TIBAITATA - AUT [21206990],HUM RELATIVA,Humedad relativa del aire a 2 metros media diaria,2018-10-04 00:00,%,82.9583333333333,Preliminar
21206990,TIBAITATA - AUT [21206990],HUM RELATIVA,Humedad relativa del aire a 2 metros media diaria,2018-10-05 00:00,%,85.125,Preliminar
21206990,TIBAITATA - AUT [21206990],HUM RELATIVA,Humedad relativa del aire a 2 metros media diaria,2018-10-06 00:00,%,90.5208333333333,Preliminar
21206990,TIBAITATA - AUT [21206990],HUM RELATIVA,Humedad relativa del aire a 2 metros media diaria,2018-10-07 00:00,%,86.375,Preliminar
21206990,TIBAITATA - AUT [21206990],HUM RELATIVA,Humedad relativa del aire a 2 metros media diaria,2018-10-08 00:00,%,79.5625,Preliminar
21206990,TIBAITATA - AUT [21206990],HUM RELATIVA,Humedad relativa del aire a 2 metros media diaria,2018-10-09 00:00,%,83.6875,Preliminar
21206990,TIBAITATA - AUT [21206990],HUM RELATIVA,Humedad relativa del aire a 2 metros media diaria,2018-10-10 00:00,%,90.4583333333333,Preliminar
21206990,TIBAITATA - AUT [21206990],HUM RELATIVA,Humedad relativa del aire a 2 metros media diaria,2018-10-11 00:00,%,88.7083333333333,Preliminar
21206990,TIBAITATA - AUT [21206990],HUM RELATIVA,Humedad relativa del aire a 2 metros media diaria,2018-10-12 00:00,%,85.9791666666667,Preliminar
21206990,TIBAITATA - AUT [21206990],HUM RELATIVA,Humedad relativa del aire a 2 metros media diaria,2018-10-13 00:00,%,87.6458333333333,Preliminar
21206990,TIBAITATA - AUT [21206990],HUM RELATIVA,Humedad relativa del aire a 2 metros media diaria,2018-10-14 00:00,%,87.1041666666667,Preliminar
21206990,TIBAITATA - AUT [21206990],HUM RELATIVA,Humedad relativa del aire a 2 metros media diaria,2018-10-15 00:00,%,83.2083333333333,Preliminar
21206990,TIBAITATA - AUT [21206990],HUM RELATIVA,Humedad relativa del aire a 2 metros media diaria,2018-10-16 00:00,%,80.6458333333333,Preliminar
21206990,TIBAITATA - AUT [21206990],HUM RELATIVA,Humedad relativa del aire a 2 metros media diaria,2018-10-17 00:00,%,84.0208333333333,Preliminar
21206990,TIBAITATA - AUT [21206990],HUM RELATIVA,Humedad relativa del aire a 2 metros media diaria,2018-10-18 00:00,%,85.0625,Preliminar
21206990,TIBAITATA - AUT [21206990],HUM RELATIVA,Humedad relativa del aire a 2 metros media diaria,2018-10-19 00:00,%,85.2291666666667,Preliminar
21206990,TIBAITATA - AUT [21206990],HUM RELATIVA,Humedad relativa del aire a 2 metros media diaria,2018-10-20 00:00,%,80.6458333333333,Preliminar
21206990,TIBAITATA - AUT [21206990],HUM RELATIVA,Humedad relativa del aire a 2 metros media diaria,2018-10-21 00:00,%,89,Preliminar
21206990,TIBAITATA - AUT [21206990],HUM RELATIVA,Humedad relativa del aire a 2 metros media diaria,2018-10-22 00:00,%,87.8958333333333,Preliminar
21206990,TIBAITATA - AUT [21206990],HUM RELATIVA,Humedad relativa del aire a 2 metros media diaria,2018-10-23 00:00,%,85.5833333333333,Preliminar
21206990,TIBAITATA - AUT [21206990],HUM RELATIVA,Humedad relativa del aire a 2 metros media diaria,2018-10-24 00:00,%,89.0208333333333,Preliminar
21206990,TIBAITATA - AUT [21206990],HUM RELATIVA,Humedad relativa del aire a 2 metros media diaria,2018-10-25 00:00,%,86.625,Preliminar
21206990,TIBAITATA - AUT [21206990],HUM RELATIVA,Humedad relativa del aire a 2 metros media diaria,2018-10-26 00:00,%,84.7916666666667,Preliminar
21206990,TIBAITATA - AUT [21206990],HUM RELATIVA,Humedad relativa del aire a 2 metros media diaria,2018-10-27 00:00,%,75.4166666666667,Preliminar
21206990,TIBAITATA - AUT [21206990],HUM RELATIVA,Humedad relativa del aire a 2 metros media diaria,2018-10-28 00:00,%,82.6666666666667,Preliminar
21206990,TIBAITATA - AUT [21206990],HUM RELATIVA,Humedad relativa del aire a 2 metros media diaria,2018-10-29 00:00,%,85.2083333333333,Preliminar
21206990,TIBAITATA - AUT [21206990],HUM RELATIVA,Humedad relativa del aire a 2 metros media diaria,2018-10-30 00:00,%,84.7083333333333,Preliminar
21206990,TIBAITATA - AUT [21206990],HUM RELATIVA,Humedad relativa del aire a 2 metros media diaria,2018-10-31 00:00,%,80.2708333333333,Preliminar
21206990,TIBAITATA - AUT [21206990],HUM RELATIVA,Humedad relativa del aire a 2 metros media diaria,2018-11-01 00:00,%,77.8333333333333,Preliminar
21206990,TIBAITATA - AUT [21206990],HUM RELATIVA,Humedad relativa del aire a 2 metros media diaria,2018-11-02 00:00,%,86.6666666666667,Preliminar
21206990,TIBAITATA - AUT [21206990],HUM RELATIVA,Humedad relativa del aire a 2 metros media diaria,2018-11-03 00:00,%,86.0416666666667,Preliminar
21206990,TIBAITATA - AUT [21206990],HUM RELATIVA,Humedad relativa del aire a 2 metros media diaria,2018-11-04 00:00,%,88.5416666666667,Preliminar
21206990,TIBAITATA - AUT [21206990],HUM RELATIVA,Humedad relativa del aire a 2 metros media diaria,2018-11-05 00:00,%,87.9375,Preliminar
21206990,TIBAITATA - AUT [21206990],HUM RELATIVA,Humedad relativa del aire a 2 metros media diaria,2018-11-06 00:00,%,85.9583333333333,Preliminar
21206990,TIBAITATA - AUT [21206990],HUM RELATIVA,Humedad relativa del aire a 2 metros media diaria,2018-11-07 00:00,%,87.7291666666667,Preliminar
21206990,TIBAITATA - AUT [21206990],HUM RELATIVA,Humedad relativa del aire a 2 metros media diaria,2018-11-08 00:00,%,82.0833333333333,Preliminar
21206990,TIBAITATA - AUT [21206990],HUM RELATIVA,Humedad relativa del aire a 2 metros media diaria,2018-11-09 00:00,%,88.2708333333333,Preliminar
21206990,TIBAITATA - AUT [21206990],HUM RELATIVA,Humedad relativa del aire a 2 metros media diaria,2018-11-10 00:00,%,91.5,Preliminar
21206990,TIBAITATA - AUT [21206990],HUM RELATIVA,Humedad relativa del aire a 2 metros media diaria,2018-11-11 00:00,%,85.0833333333333,Preliminar
21206990,TIBAITATA - AUT [21206990],HUM RELATIVA,Humedad relativa del aire a 2 metros media diaria,2018-11-12 00:00,%,77.6666666666667,Preliminar
21206990,TIBAITATA - AUT [21206990],HUM RELATIVA,Humedad relativa del aire a 2 metros media diaria,2018-11-13 00:00,%,85.5208333333333,Preliminar
21206990,TIBAITATA - AUT [21206990],HUM RELATIVA,Humedad relativa del aire a 2 metros media diaria,2018-11-14 00:00,%,86.8541666666667,Preliminar
21206990,TIBAITATA - AUT [21206990],HUM RELATIVA,Humedad relativa del aire a 2 metros media diaria,2018-11-15 00:00,%,86.5833333333333,Preliminar
21206990,TIBAITATA - AUT [21206990],HUM RELATIVA,Humedad relativa del aire a 2 metros media diaria,2018-11-16 00:00,%,84.8958333333333,Preliminar
21206990,TIBAITATA - AUT [21206990],HUM RELATIVA,Humedad relativa del aire a 2 metros media diaria,2018-11-17 00:00,%,84.4791666666667,Preliminar
21206990,TIBAITATA - AUT [21206990],HUM RELATIVA,Humedad relativa del aire a 2 metros media diaria,2018-11-18 00:00,%,85.6458333333333,Preliminar
21206990,TIBAITATA - AUT [21206990],HUM RELATIVA,Humedad relativa del aire a 2 metros media diaria,2018-11-19 00:00,%,84.4375,Preliminar
21206990,TIBAITATA - AUT [21206990],HUM RELATIVA,Humedad relativa del aire a 2 metros media diaria,2018-11-20 00:00,%,79.5,Preliminar
21206990,TIBAITATA - AUT [21206990],HUM RELATIVA,Humedad relativa del aire a 2 metros media diaria,2018-11-21 00:00,%,86.0208333333333,Preliminar
21206990,TIBAITATA - AUT [21206990],HUM RELATIVA,Humedad relativa del aire a 2 metros media diaria,2018-11-22 00:00,%,88.375,Preliminar
21206990,TIBAITATA - AUT [21206990],HUM RELATIVA,Humedad relativa del aire a 2 metros media diaria,2018-11-23 00:00,%,86.3333333333333,Preliminar
21206990,TIBAITATA - AUT [21206990],HUM RELATIVA,Humedad relativa del aire a 2 metros media diaria,2018-11-24 00:00,%,87.375,Preliminar
21206990,TIBAITATA - AUT [21206990],HUM RELATIVA,Humedad relativa del aire a 2 metros media diaria,2018-11-25 00:00,%,85.3541666666667,Preliminar
21206990,TIBAITATA - AUT [21206990],HUM RELATIVA,Humedad relativa del aire a 2 metros media diaria,2018-11-26 00:00,%,83.8541666666667,Preliminar
21206990,TIBAITATA - AUT [21206990],HUM RELATIVA,Humedad relativa del aire a 2 metros media diaria,2018-11-27 00:00,%,88.1875,Preliminar
21206990,TIBAITATA - AUT [21206990],HUM RELATIVA,Humedad relativa del aire a 2 metros media diaria,2018-11-28 00:00,%,85.3333333333333,Preliminar
21206990,TIBAITATA - AUT [21206990],HUM RELATIVA,Humedad relativa del aire a 2 metros media diaria,2018-11-29 00:00,%,87.4375,Preliminar
21206990,TIBAITATA - AUT [21206990],HUM RELATIVA,Humedad relativa del aire a 2 metros media diaria,2018-11-30 00:00,%,90.3541666666667,Preliminar
21206990,TIBAITATA - AUT [21206990],HUM RELATIVA,Humedad relativa del aire a 2 metros media diaria,2018-12-01 00:00,%,87.1458333333333,Preliminar
21206990,TIBAITATA - AUT [21206990],HUM RELATIVA,Humedad relativa del aire a 2 metros media diaria,2018-12-02 00:00,%,84,Preliminar
21206990,TIBAITATA - AUT [21206990],HUM RELATIVA,Humedad relativa del aire a 2 metros media diaria,2018-12-03 00:00,%,84.25,Preliminar
21206990,TIBAITATA - AUT [21206990],HUM RELATIVA,Humedad relativa del aire a 2 metros media diaria,2018-12-04 00:00,%,84.0416666666667,Preliminar
21206990,TIBAITATA - AUT [21206990],HUM RELATIVA,Humedad relativa del aire a 2 metros media diaria,2018-12-05 00:00,%,82.125,Preliminar
21206990,TIBAITATA - AUT [21206990],HUM RELATIVA,Humedad relativa del aire a 2 metros media diaria,2018-12-06 00:00,%,81.625,Preliminar
21206990,TIBAITATA - AUT [21206990],HUM RELATIVA,Humedad relativa del aire a 2 metros media diaria,2018-12-07 00:00,%,80.1875,Preliminar
21206990,TIBAITATA - AUT [21206990],HUM RELATIVA,Humedad relativa del aire a 2 metros media diaria,2018-12-08 00:00,%,78.7291666666667,Preliminar
21206990,TIBAITATA - AUT [21206990],HUM RELATIVA,Humedad relativa del aire a 2 metros media diaria,2018-12-09 00:00,%,85.3541666666667,Preliminar
21206990,TIBAITATA - AUT [21206990],HUM RELATIVA,Humedad relativa del aire a 2 metros media diaria,2018-12-10 00:00,%,79.4583333333333,Preliminar
21206990,TIBAITATA - AUT [21206990],HUM RELATIVA,Humedad relativa del aire a 2 metros media diaria,2018-12-11 00:00,%,79.875,Preliminar
21206990,TIBAITATA - AUT [21206990],HUM RELATIVA,Humedad relativa del aire a 2 metros media diaria,2018-12-12 00:00,%,82.5833333333333,Preliminar
21206990,TIBAITATA - AUT [21206990],HUM RELATIVA,Humedad relativa del aire a 2 metros media diaria,2018-12-13 00:00,%,82.2708333333333,Preliminar
21206990,TIBAITATA - AUT [21206990],HUM RELATIVA,Humedad relativa del aire a 2 metros media diaria,2018-12-14 00:00,%,84.5,Preliminar
21206990,TIBAITATA - AUT [21206990],HUM RELATIVA,Humedad relativa del aire a 2 metros media diaria,2018-12-15 00:00,%,71.5833333333333,Preliminar
21206990,TIBAITATA - AUT [21206990],HUM RELATIVA,Humedad relativa del aire a 2 metros media diaria,2018-12-16 00:00,%,78.75,Preliminar
21206990,TIBAITATA - AUT [21206990],HUM RELATIVA,Humedad relativa del aire a 2 metros media diaria,2018-12-17 00:00,%,76.2083333333333,Preliminar
21206990,TIBAITATA - AUT [21206990],HUM RELATIVA,Humedad relativa del aire a 2 metros media diaria,2018-12-18 00:00,%,81.0833333333333,Preliminar
21206990,TIBAITATA - AUT [21206990],HUM RELATIVA,Humedad relativa del aire a 2 metros media diaria,2018-12-19 00:00,%,76.7291666666667,Preliminar
21206990,TIBAITATA - AUT [21206990],HUM RELATIVA,Humedad relativa del aire a 2 metros media diaria,2018-12-20 00:00,%,81.1666666666667,Preliminar
21206990,TIBAITATA - AUT [21206990],HUM RELATIVA,Humedad relativa del aire a 2 metros media diaria,2018-12-21 00:00,%,80.7916666666667,Preliminar
21206990,TIBAITATA - AUT [21206990],HUM RELATIVA,Humedad relativa del aire a 2 metros media diaria,2018-12-22 00:00,%,71.2916666666667,Preliminar
21206990,TIBAITATA - AUT [21206990],HUM RELATIVA,Humedad relativa del aire a 2 metros media diaria,2018-12-23 00:00,%,78.0833333333333,Preliminar
21206990,TIBAITATA - AUT [21206990],HUM RELATIVA,Humedad relativa del aire a 2 metros media diaria,2018-12-24 00:00,%,78.1666666666667,Preliminar
21206990,TIBAITATA - AUT [21206990],HUM RELATIVA,Humedad relativa del aire a 2 metros media diaria,2018-12-25 00:00,%,66.8333333333333,Preliminar
21206990,TIBAITATA - AUT [21206990],HUM RELATIVA,Humedad relativa del aire a 2 metros media diaria,2018-12-26 00:00,%,72.8333333333333,Preliminar
21206990,TIBAITATA - AUT [21206990],HUM RELATIVA,Humedad relativa del aire a 2 metros media diaria,2018-12-27 00:00,%,76.9166666666667,Preliminar
21206990,TIBAITATA - AUT [21206990],HUM RELATIVA,Humedad relativa del aire a 2 metros media diaria,2018-12-28 00:00,%,76.2083333333333,Preliminar
21206990,TIBAITATA - AUT [21206990],HUM RELATIVA,Humedad relativa del aire a 2 metros media diaria,2018-12-29 00:00,%,75.875,Preliminar
21206990,TIBAITATA - AUT [21206990],HUM RELATIVA,Humedad relativa del aire a 2 metros media diaria,2018-12-30 00:00,%,75.3541666666667,Preliminar
21206990,TIBAITATA - AUT [21206990],HUM RELATIVA,Humedad relativa del aire a 2 metros media diaria,2018-12-31 00:00,%,72.5,Preliminar
21206990,TIBAITATA - AUT [21206990],HUM RELATIVA,Humedad relativa del aire a 2 metros media diaria,2019-01-01 00:00,%,69.4375,Preliminar
21206990,TIBAITATA - AUT [21206990],HUM RELATIVA,Humedad relativa del aire a 2 metros media diaria,2019-01-02 00:00,%,67.9583333333333,Preliminar
21206990,TIBAITATA - AUT [21206990],HUM RELATIVA,Humedad relativa del aire a 2 metros media diaria,2019-01-03 00:00,%,75.4791666666667,Preliminar
21206990,TIBAITATA - AUT [21206990],HUM RELATIVA,Humedad relativa del aire a 2 metros media diaria,2019-01-04 00:00,%,76.6666666666667,Preliminar
21206990,TIBAITATA - AUT [21206990],HUM RELATIVA,Humedad relativa del aire a 2 metros media diaria,2019-01-05 00:00,%,78.1458333333333,Preliminar
21206990,TIBAITATA - AUT [21206990],HUM RELATIVA,Humedad relativa del aire a 2 metros media diaria,2019-01-06 00:00,%,80.625,Preliminar
21206990,TIBAITATA - AUT [21206990],HUM RELATIVA,Humedad relativa del aire a 2 metros media diaria,2019-01-07 00:00,%,85.1041666666667,Preliminar
21206990,TIBAITATA - AUT [21206990],HUM RELATIVA,Humedad relativa del aire a 2 metros media diaria,2019-01-08 00:00,%,82.0416666666667,Preliminar
21206990,TIBAITATA - AUT [21206990],HUM RELATIVA,Humedad relativa del aire a 2 metros media diaria,2019-01-09 00:00,%,82.6875,Preliminar
21206990,TIBAITATA - AUT [21206990],HUM RELATIVA,Humedad relativa del aire a 2 metros media diaria,2019-01-10 00:00,%,84.9166666666667,Preliminar
21206990,TIBAITATA - AUT [21206990],HUM RELATIVA,Humedad relativa del aire a 2 metros media diaria,2019-01-11 00:00,%,85.4791666666667,Preliminar
21206990,TIBAITATA - AUT [21206990],HUM RELATIVA,Humedad relativa del aire a 2 metros media diaria,2019-01-12 00:00,%,85.1875,Preliminar
21206990,TIBAITATA - AUT [21206990],HUM RELATIVA,Humedad relativa del aire a 2 metros media diaria,2019-01-13 00:00,%,82.4583333333333,Preliminar
21206990,TIBAITATA - AUT [21206990],HUM RELATIVA,Humedad relativa del aire a 2 metros media diaria,2019-01-14 00:00,%,81.375,Preliminar
21206990,TIBAITATA - AUT [21206990],HUM RELATIVA,Humedad relativa del aire a 2 metros media diaria,2019-01-15 00:00,%,79.0833333333333,Preliminar
21206990,TIBAITATA - AUT [21206990],HUM RELATIVA,Humedad relativa del aire a 2 metros media diaria,2019-01-16 00:00,%,80.2083333333333,Preliminar
21206990,TIBAITATA - AUT [21206990],HUM RELATIVA,Humedad relativa del aire a 2 metros media diaria,2019-01-17 00:00,%,78.7291666666667,Preliminar
21206990,TIBAITATA - AUT [21206990],HUM RELATIVA,Humedad relativa del aire a 2 metros media diaria,2019-01-18 00:00,%,76.2291666666667,Preliminar
21206990,TIBAITATA - AUT [21206990],HUM RELATIVA,Humedad relativa del aire a 2 metros media diaria,2019-01-19 00:00,%,75.625,Preliminar
21206990,TIBAITATA - AUT [21206990],HUM RELATIVA,Humedad relativa del aire a 2 metros media diaria,2019-01-20 00:00,%,73.8125,Preliminar
21206990,TIBAITATA - AUT [21206990],HUM RELATIVA,Humedad relativa del aire a 2 metros media diaria,2019-01-21 00:00,%,79.5,Preliminar
21206990,TIBAITATA - AUT [21206990],HUM RELATIVA,Humedad relativa del aire a 2 metros media diaria,2019-01-22 00:00,%,76.4166666666667,Preliminar
21206990,TIBAITATA - AUT [21206990],HUM RELATIVA,Humedad relativa del aire a 2 metros media diaria,2019-01-23 00:00,%,73.6666666666667,Preliminar
21206990,TIBAITATA - AUT [21206990],HUM RELATIVA,Humedad relativa del aire a 2 metros media diaria,2019-01-24 00:00,%,71.7916666666667,Preliminar
21206990,TIBAITATA - AUT [21206990],HUM RELATIVA,Humedad relativa del aire a 2 metros media diaria,2019-01-25 00:00,%,79.1666666666667,Preliminar
21206990,TIBAITATA - AUT [21206990],HUM RELATIVA,Humedad relativa del aire a 2 metros media diaria,2019-01-26 00:00,%,82,Preliminar
21206990,TIBAITATA - AUT [21206990],HUM RELATIVA,Humedad relativa del aire a 2 metros media diaria,2019-01-27 00:00,%,80.9166666666667,Preliminar
21206990,TIBAITATA - AUT [21206990],HUM RELATIVA,Humedad relativa del aire a 2 metros media diaria,2019-01-28 00:00,%,87.8333333333333,Preliminar
21206990,TIBAITATA - AUT [21206990],HUM RELATIVA,Humedad relativa del aire a 2 metros media diaria,2019-01-29 00:00,%,86.8958333333333,Preliminar
21206990,TIBAITATA - AUT [21206990],HUM RELATIVA,Humedad relativa del aire a 2 metros media diaria,2019-01-30 00:00,%,85.9166666666667,Preliminar
21206990,TIBAITATA - AUT [21206990],HUM RELATIVA,Humedad relativa del aire a 2 metros media diaria,2019-01-31 00:00,%,85.4583333333333,Preliminar
21206990,TIBAITATA - AUT [21206990],HUM RELATIVA,Humedad relativa del aire a 2 metros media diaria,2019-02-01 00:00,%,82.0208333333333,Preliminar
21206990,TIBAITATA - AUT [21206990],HUM RELATIVA,Humedad relativa del aire a 2 metros media diaria,2019-02-02 00:00,%,86.6041666666667,Preliminar
21206990,TIBAITATA - AUT [21206990],HUM RELATIVA,Humedad relativa del aire a 2 metros media diaria,2019-02-03 00:00,%,77.8333333333333,Preliminar
21206990,TIBAITATA - AUT [21206990],HUM RELATIVA,Humedad relativa del aire a 2 metros media diaria,2019-02-04 00:00,%,81.8541666666667,Preliminar
21206990,TIBAITATA - AUT [21206990],HUM RELATIVA,Humedad relativa del aire a 2 metros media diaria,2019-02-05 00:00,%,85.8541666666667,Preliminar
21206990,TIBAITATA - AUT [21206990],HUM RELATIVA,Humedad relativa del aire a 2 metros media diaria,2019-02-06 00:00,%,84.2708333333333,Preliminar
21206990,TIBAITATA - AUT [21206990],HUM RELATIVA,Humedad relativa del aire a 2 metros media diaria,2019-02-07 00:00,%,82.0208333333333,Preliminar
21206990,TIBAITATA - AUT [21206990],HUM RELATIVA,Humedad relativa del aire a 2 metros media diaria,2019-02-08 00:00,%,81.2708333333333,Preliminar
21206990,TIBAITATA - AUT [21206990],HUM RELATIVA,Humedad relativa del aire a 2 metros media diaria,2019-02-09 00:00,%,84.4375,Preliminar
21206990,TIBAITATA - AUT [21206990],HUM RELATIVA,Humedad relativa del aire a 2 metros media diaria,2019-02-10 00:00,%,84.4583333333333,Preliminar
21206990,TIBAITATA - AUT [21206990],HUM RELATIVA,Humedad relativa del aire a 2 metros media diaria,2019-02-11 00:00,%,80.7083333333333,Preliminar
21206990,TIBAITATA - AUT [21206990],HUM RELATIVA,Humedad relativa del aire a 2 metros media diaria,2019-02-12 00:00,%,81.1666666666667,Preliminar
21206990,TIBAITATA - AUT [21206990],HUM RELATIVA,Humedad relativa del aire a 2 metros media diaria,2019-02-13 00:00,%,77.375,Preliminar
21206990,TIBAITATA - AUT [21206990],HUM RELATIVA,Humedad relativa del aire a 2 metros media diaria,2019-02-14 00:00,%,82.2708333333333,Preliminar
21206990,TIBAITATA - AUT [21206990],HUM RELATIVA,Humedad relativa del aire a 2 metros media diaria,2019-02-15 00:00,%,77.3958333333333,Preliminar
21206990,TIBAITATA - AUT [21206990],HUM RELATIVA,Humedad relativa del aire a 2 metros media diaria,2019-02-16 00:00,%,75.2291666666667,Preliminar
21206990,TIBAITATA - AUT [21206990],HUM RELATIVA,Humedad relativa del aire a 2 metros media diaria,2019-02-17 00:00,%,77.5625,Preliminar
21206990,TIBAITATA - AUT [21206990],HUM RELATIVA,Humedad relativa del aire a 2 metros media diaria,2019-02-18 00:00,%,82.75,Preliminar
21206990,TIBAITATA - AUT [21206990],HUM RELATIVA,Humedad relativa del aire a 2 metros media diaria,2019-02-19 00:00,%,80.1458333333333,Preliminar
21206990,TIBAITATA - AUT [21206990],HUM RELATIVA,Humedad relativa del aire a 2 metros media diaria,2019-02-20 00:00,%,80.7083333333333,Preliminar
21206990,TIBAITATA - AUT [21206990],HUM RELATIVA,Humedad relativa del aire a 2 metros media diaria,2019-02-21 00:00,%,73.8958333333333,Preliminar
21206990,TIBAITATA - AUT [21206990],HUM RELATIVA,Humedad relativa del aire a 2 metros media diaria,2019-02-22 00:00,%,76.375,Preliminar
21206990,TIBAITATA - AUT [21206990],HUM RELATIVA,Humedad relativa del aire a 2 metros media diaria,2019-02-23 00:00,%,78.8333333333333,Preliminar
21206990,TIBAITATA - AUT [21206990],HUM RELATIVA,Humedad relativa del aire a 2 metros media diaria,2019-02-24 00:00,%,85.8125,Preliminar
21206990,TIBAITATA - AUT [21206990],HUM RELATIVA,Humedad relativa del aire a 2 metros media diaria,2019-02-25 00:00,%,81.2916666666667,Preliminar
21206990,TIBAITATA - AUT [21206990],HUM RELATIVA,Humedad relativa del aire a 2 metros media diaria,2019-02-26 00:00,%,77.5833333333333,Preliminar
21206990,TIBAITATA - AUT [21206990],HUM RELATIVA,Humedad relativa del aire a 2 metros media diaria,2019-02-27 00:00,%,75.8125,Preliminar
21206990,TIBAITATA - AUT [21206990],HUM RELATIVA,Humedad relativa del aire a 2 metros media diaria,2019-02-28 00:00,%,77.2083333333333,Preliminar
21206990,TIBAITATA - AUT [21206990],HUM RELATIVA,Humedad relativa del aire a 2 metros media diaria,2019-03-01 00:00,%,79.25,Preliminar
21206990,TIBAITATA - AUT [21206990],HUM RELATIVA,Humedad relativa del aire a 2 metros media diaria,2019-03-02 00:00,%,85,Preliminar
21206990,TIBAITATA - AUT [21206990],HUM RELATIVA,Humedad relativa del aire a 2 metros media diaria,2019-03-03 00:00,%,86.4791666666667,Preliminar
21206990,TIBAITATA - AUT [21206990],HUM RELATIVA,Humedad relativa del aire a 2 metros media diaria,2019-03-04 00:00,%,87.4583333333333,Preliminar
21206990,TIBAITATA - AUT [21206990],HUM RELATIVA,Humedad relativa del aire a 2 metros media diaria,2019-03-05 00:00,%,83.4375,Preliminar
21206990,TIBAITATA - AUT [21206990],HUM RELATIVA,Humedad relativa del aire a 2 metros media diaria,2019-03-06 00:00,%,83.7083333333333,Preliminar
21206990,TIBAITATA - AUT [21206990],HUM RELATIVA,Humedad relativa del aire a 2 metros media diaria,2019-03-07 00:00,%,84.1458333333333,Preliminar
21206990,TIBAITATA - AUT [21206990],HUM RELATIVA,Humedad relativa del aire a 2 metros media diaria,2019-03-08 00:00,%,78.6875,Preliminar
21206990,TIBAITATA - AUT [21206990],HUM RELATIVA,Humedad relativa del aire a 2 metros media diaria,2019-03-09 00:00,%,78.7083333333333,Preliminar
21206990,TIBAITATA - AUT [21206990],HUM RELATIVA,Humedad relativa del aire a 2 metros media diaria,2019-03-10 00:00,%,81.5208333333333,Preliminar
21206990,TIBAITATA - AUT [21206990],HUM RELATIVA,Humedad relativa del aire a 2 metros media diaria,2019-03-11 00:00,%,81.2708333333333,Preliminar
21206990,TIBAITATA - AUT [21206990],HUM RELATIVA,Humedad relativa del aire a 2 metros media diaria,2019-03-12 00:00,%,84.8125,Preliminar
21206990,TIBAITATA - AUT [21206990],HUM RELATIVA,Humedad relativa del aire a 2 metros media diaria,2019-03-13 00:00,%,79.6041666666667,Preliminar
21206990,TIBAITATA - AUT [21206990],HUM RELATIVA,Humedad relativa del aire a 2 metros media diaria,2019-03-14 00:00,%,79.1875,Preliminar
21206990,TIBAITATA - AUT [21206990],HUM RELATIVA,Humedad relativa del aire a 2 metros media diaria,2019-03-15 00:00,%,82.0625,Preliminar
21206990,TIBAITATA - AUT [21206990],HUM RELATIVA,Humedad relativa del aire a 2 metros media diaria,2019-03-16 00:00,%,81.0208333333333,Preliminar
21206990,TIBAITATA - AUT [21206990],HUM RELATIVA,Humedad relativa del aire a 2 metros media diaria,2019-03-17 00:00,%,75.3333333333333,Preliminar
21206990,TIBAITATA - AUT [21206990],HUM RELATIVA,Humedad relativa del aire a 2 metros media diaria,2019-03-18 00:00,%,77.7291666666667,Preliminar
21206990,TIBAITATA - AUT [21206990],HUM RELATIVA,Humedad relativa del aire a 2 metros media diaria,2019-03-19 00:00,%,82.3125,Preliminar
21206990,TIBAITATA - AUT [21206990],HUM RELATIVA,Humedad relativa del aire a 2 metros media diaria,2019-03-20 00:00,%,90.7083333333333,Preliminar
21206990,TIBAITATA - AUT [21206990],HUM RELATIVA,Humedad relativa del aire a 2 metros media diaria,2019-03-21 00:00,%,87.3958333333333,Preliminar
21206990,TIBAITATA - AUT [21206990],HUM RELATIVA,Humedad relativa del aire a 2 metros media diaria,2019-03-22 00:00,%,87.1458333333333,Preliminar
21206990,TIBAITATA - AUT [21206990],HUM RELATIVA,Humedad relativa del aire a 2 metros media diaria,2019-03-23 00:00,%,87.875,Preliminar
21206990,TIBAITATA - AUT [21206990],HUM RELATIVA,Humedad relativa del aire a 2 metros media diaria,2019-03-24 00:00,%,76.3958333333333,Preliminar
21206990,TIBAITATA - AUT [21206990],HUM RELATIVA,Humedad relativa del aire a 2 metros media diaria,2019-03-25 00:00,%,78.8333333333333,Preliminar
21206990,TIBAITATA - AUT [21206990],HUM RELATIVA,Humedad relativa del aire a 2 metros media diaria,2019-03-26 00:00,%,80.2708333333333,Preliminar
21206990,TIBAITATA - AUT [21206990],HUM RELATIVA,Humedad relativa del aire a 2 metros media diaria,2019-03-27 00:00,%,75.4791666666667,Preliminar
21206990,TIBAITATA - AUT [21206990],HUM RELATIVA,Humedad relativa del aire a 2 metros media diaria,2019-03-28 00:00,%,81.0833333333333,Preliminar
21206990,TIBAITATA - AUT [21206990],HUM RELATIVA,Humedad relativa del aire a 2 metros media diaria,2019-03-29 00:00,%,84.8541666666667,Preliminar
21206990,TIBAITATA - AUT [21206990],HUM RELATIVA,Humedad relativa del aire a 2 metros media diaria,2019-03-30 00:00,%,85.7916666666667,Preliminar
21206990,TIBAITATA - AUT [21206990],HUM RELATIVA,Humedad relativa del aire a 2 metros media diaria,2019-03-31 00:00,%,79.0833333333333,Preliminar
21206990,TIBAITATA - AUT [21206990],HUM RELATIVA,Humedad relativa del aire a 2 metros media diaria,2019-04-01 00:00,%,84.625,Preliminar
21206990,TIBAITATA - AUT [21206990],HUM RELATIVA,Humedad relativa del aire a 2 metros media diaria,2019-04-02 00:00,%,92.375,Preliminar
21206990,TIBAITATA - AUT [21206990],HUM RELATIVA,Humedad relativa del aire a 2 metros media diaria,2019-04-03 00:00,%,87.3333333333333,Preliminar
21206990,TIBAITATA - AUT [21206990],HUM RELATIVA,Humedad relativa del aire a 2 metros media diaria,2019-04-04 00:00,%,84.5208333333333,Preliminar
21206990,TIBAITATA - AUT [21206990],HUM RELATIVA,Humedad relativa del aire a 2 metros media diaria,2019-04-05 00:00,%,84,Preliminar
21206990,TIBAITATA - AUT [21206990],HUM RELATIVA,Humedad relativa del aire a 2 metros media diaria,2019-04-06 00:00,%,84.5416666666667,Preliminar
21206990,TIBAITATA - AUT [21206990],HUM RELATIVA,Humedad relativa del aire a 2 metros media diaria,2019-04-07 00:00,%,79.75,Preliminar
21206990,TIBAITATA - AUT [21206990],HUM RELATIVA,Humedad relativa del aire a 2 metros media diaria,2019-04-08 00:00,%,77.0833333333333,Preliminar
21206990,TIBAITATA - AUT [21206990],HUM RELATIVA,Humedad relativa del aire a 2 metros media diaria,2019-04-09 00:00,%,82.5208333333333,Preliminar
21206990,TIBAITATA - AUT [21206990],HUM RELATIVA,Humedad relativa del aire a 2 metros media diaria,2019-04-10 00:00,%,84.0416666666667,Preliminar
21206990,TIBAITATA - AUT [21206990],HUM RELATIVA,Humedad relativa del aire a 2 metros media diaria,2019-04-11 00:00,%,85.4791666666667,Preliminar
21206990,TIBAITATA - AUT [21206990],HUM RELATIVA,Humedad relativa del aire a 2 metros media diaria,2019-04-12 00:00,%,81.0625,Preliminar
21206990,TIBAITATA - AUT [21206990],HUM RELATIVA,Humedad relativa del aire a 2 metros media diaria,2019-04-13 00:00,%,76.9583333333333,Preliminar
21206990,TIBAITATA - AUT [21206990],HUM RELATIVA,Humedad relativa del aire a 2 metros media diaria,2019-04-14 00:00,%,83.25,Preliminar
21206990,TIBAITATA - AUT [21206990],HUM RELATIVA,Humedad relativa del aire a 2 metros media diaria,2019-04-15 00:00,%,86.8125,Preliminar
21206990,TIBAITATA - AUT [21206990],HUM RELATIVA,Humedad relativa del aire a 2 metros media diaria,2019-04-16 00:00,%,84.875,Preliminar
21206990,TIBAITATA - AUT [21206990],HUM RELATIVA,Humedad relativa del aire a 2 metros media diaria,2019-04-17 00:00,%,84.8333333333333,Preliminar
21206990,TIBAITATA - AUT [21206990],HUM RELATIVA,Humedad relativa del aire a 2 metros media diaria,2019-04-18 00:00,%,89.2708333333333,Preliminar
21206990,TIBAITATA - AUT [21206990],HUM RELATIVA,Humedad relativa del aire a 2 metros media diaria,2019-04-19 00:00,%,88.1666666666667,Preliminar
21206990,TIBAITATA - AUT [21206990],HUM RELATIVA,Humedad relativa del aire a 2 metros media diaria,2019-04-20 00:00,%,88.2916666666667,Preliminar
21206990,TIBAITATA - AUT [21206990],HUM RELATIVA,Humedad relativa del aire a 2 metros media diaria,2019-04-21 00:00,%,88.625,Preliminar
21206990,TIBAITATA - AUT [21206990],HUM RELATIVA,Humedad relativa del aire a 2 metros media diaria,2019-04-22 00:00,%,87.8125,Preliminar
21206990,TIBAITATA - AUT [21206990],HUM RELATIVA,Humedad relativa del aire a 2 metros media diaria,2019-04-23 00:00,%,83.9583333333333,Preliminar
21206990,TIBAITATA - AUT [21206990],HUM RELATIVA,Humedad relativa del aire a 2 metros media diaria,2019-04-24 00:00,%,87.875,Preliminar
21206990,TIBAITATA - AUT [21206990],HUM RELATIVA,Humedad relativa del aire a 2 metros media diaria,2019-04-25 00:00,%,81.8125,Preliminar
21206990,TIBAITATA - AUT [21206990],HUM RELATIVA,Humedad relativa del aire a 2 metros media diaria,2019-04-26 00:00,%,86.1666666666667,Preliminar
21206990,TIBAITATA - AUT [21206990],HUM RELATIVA,Humedad relativa del aire a 2 metros media diaria,2019-04-27 00:00,%,81.6041666666667,Preliminar
21206990,TIBAITATA - AUT [21206990],HUM RELATIVA,Humedad relativa del aire a 2 metros media diaria,2019-04-28 00:00,%,81.9583333333333,Preliminar
21206990,TIBAITATA - AUT [21206990],HUM RELATIVA,Humedad relativa del aire a 2 metros media diaria,2019-04-29 00:00,%,74.6875,Preliminar
21206990,TIBAITATA - AUT [21206990],HUM RELATIVA,Humedad relativa del aire a 2 metros media diaria,2019-04-30 00:00,%,72.4166666666667,Preliminar
21206990,TIBAITATA - AUT [21206990],HUM RELATIVA,Humedad relativa del aire a 2 metros media diaria,2019-05-01 00:00,%,69.6875,Preliminar
21206990,TIBAITATA - AUT [21206990],HUM RELATIVA,Humedad relativa del aire a 2 metros media diaria,2019-05-02 00:00,%,76.1041666666667,Preliminar
21206990,TIBAITATA - AUT [21206990],HUM RELATIVA,Humedad relativa del aire a 2 metros media diaria,2019-05-03 00:00,%,80.0416666666667,Preliminar
21206990,TIBAITATA - AUT [21206990],HUM RELATIVA,Humedad relativa del aire a 2 metros media diaria,2019-05-04 00:00,%,80.625,Preliminar
21206990,TIBAITATA - AUT [21206990],HUM RELATIVA,Humedad relativa del aire a 2 metros media diaria,2019-05-05 00:00,%,73.8125,Preliminar
21206990,TIBAITATA - AUT [21206990],HUM RELATIVA,Humedad relativa del aire a 2 metros media diaria,2019-05-06 00:00,%,74.3125,Preliminar
21206990,TIBAITATA - AUT [21206990],HUM RELATIVA,Humedad relativa del aire a 2 metros media diaria,2019-05-07 00:00,%,76.0416666666667,Preliminar
21206990,TIBAITATA - AUT [21206990],HUM RELATIVA,Humedad relativa del aire a 2 metros media diaria,2019-05-08 00:00,%,85.1666666666667,Preliminar
21206990,TIBAITATA - AUT [21206990],HUM RELATIVA,Humedad relativa del aire a 2 metros media diaria,2019-05-09 00:00,%,90.0208333333333,Preliminar
21206990,TIBAITATA - AUT [21206990],HUM RELATIVA,Humedad relativa del aire a 2 metros media diaria,2019-05-10 00:00,%,84.9166666666667,Preliminar
21206990,TIBAITATA - AUT [21206990],HUM RELATIVA,Humedad relativa del aire a 2 metros media diaria,2019-05-11 00:00,%,88.8125,Preliminar
21206990,TIBAITATA - AUT [21206990],HUM RELATIVA,Humedad relativa del aire a 2 metros media diaria,2019-05-12 00:00,%,84.5416666666667,Preliminar
21206990,TIBAITATA - AUT [21206990],HUM RELATIVA,Humedad relativa del aire a 2 metros media diaria,2019-05-13 00:00,%,89.4791666666667,Preliminar
21206990,TIBAITATA - AUT [21206990],HUM RELATIVA,Humedad relativa del aire a 2 metros media diaria,2019-05-14 00:00,%,84.1666666666667,Preliminar
21206990,TIBAITATA - AUT [21206990],HUM RELATIVA,Humedad relativa del aire a 2 metros media diaria,2019-05-15 00:00,%,76.4791666666667,Preliminar
21206990,TIBAITATA - AUT [21206990],HUM RELATIVA,Humedad relativa del aire a 2 metros media diaria,2019-05-16 00:00,%,90.875,Preliminar
21206990,TIBAITATA - AUT [21206990],HUM RELATIVA,Humedad relativa del aire a 2 metros media diaria,2019-05-17 00:00,%,89.1458333333333,Preliminar
21206990,TIBAITATA - AUT [21206990],HUM RELATIVA,Humedad relativa del aire a 2 metros media diaria,2019-05-18 00:00,%,87.8958333333333,Preliminar
21206990,TIBAITATA - AUT [21206990],HUM RELATIVA,Humedad relativa del aire a 2 metros media diaria,2019-05-19 00:00,%,86.5416666666667,Preliminar
21206990,TIBAITATA - AUT [21206990],HUM RELATIVA,Humedad relativa del aire a 2 metros media diaria,2019-05-20 00:00,%,83.8333333333333,Preliminar
21206990,TIBAITATA - AUT [21206990],HUM RELATIVA,Humedad relativa del aire a 2 metros media diaria,2019-05-21 00:00,%,79.375,Preliminar
21206990,TIBAITATA - AUT [21206990],HUM RELATIVA,Humedad relativa del aire a 2 metros media diaria,2019-05-22 00:00,%,79.8958333333333,Preliminar
21206990,TIBAITATA - AUT [21206990],HUM RELATIVA,Humedad relativa del aire a 2 metros media diaria,2019-05-23 00:00,%,90.3333333333333,Preliminar
21206990,TIBAITATA - AUT [21206990],HUM RELATIVA,Humedad relativa del aire a 2 metros media diaria,2019-05-24 00:00,%,86.3333333333333,Preliminar
21206990,TIBAITATA - AUT [21206990],HUM RELATIVA,Humedad relativa del aire a 2 metros media diaria,2019-05-25 00:00,%,89.6666666666667,Preliminar
21206990,TIBAITATA - AUT [21206990],HUM RELATIVA,Humedad relativa del aire a 2 metros media diaria,2019-05-26 00:00,%,86.4791666666667,Preliminar
21206990,TIBAITATA - AUT [21206990],HUM RELATIVA,Humedad relativa del aire a 2 metros media diaria,2019-05-27 00:00,%,88.8958333333333,Preliminar
21206990,TIBAITATA - AUT [21206990],HUM RELATIVA,Humedad relativa del aire a 2 metros media diaria,2019-05-28 00:00,%,88.0625,Preliminar
21206990,TIBAITATA - AUT [21206990],HUM RELATIVA,Humedad relativa del aire a 2 metros media diaria,2019-05-29 00:00,%,88.5625,Preliminar
21206990,TIBAITATA - AUT [21206990],HUM RELATIVA,Humedad relativa del aire a 2 metros media diaria,2019-05-30 00:00,%,89.0833333333333,Preliminar
21206990,TIBAITATA - AUT [21206990],HUM RELATIVA,Humedad relativa del aire a 2 metros media diaria,2019-05-31 00:00,%,89.75,Preliminar
21206990,TIBAITATA - AUT [21206990],HUM RELATIVA,Humedad relativa del aire a 2 metros media diaria,2019-06-01 00:00,%,90.9583333333333,Preliminar
21206990,TIBAITATA - AUT [21206990],HUM RELATIVA,Humedad relativa del aire a 2 metros media diaria,2019-06-02 00:00,%,84.2291666666667,Preliminar
21206990,TIBAITATA - AUT [21206990],HUM RELATIVA,Humedad relativa del aire a 2 metros media diaria,2019-06-03 00:00,%,82.5416666666667,Preliminar
21206990,TIBAITATA - AUT [21206990],HUM RELATIVA,Humedad relativa del aire a 2 metros media diaria,2019-06-04 00:00,%,77.9583333333333,Preliminar
21206990,TIBAITATA - AUT [21206990],HUM RELATIVA,Humedad relativa del aire a 2 metros media diaria,2019-06-05 00:00,%,74.8333333333333,Preliminar
21206990,TIBAITATA - AUT [21206990],HUM RELATIVA,Humedad relativa del aire a 2 metros media diaria,2019-06-06 00:00,%,84.0833333333333,Preliminar
21206990,TIBAITATA - AUT [21206990],HUM RELATIVA,Humedad relativa del aire a 2 metros media diaria,2019-06-07 00:00,%,82.1666666666667,Preliminar
21206990,TIBAITATA - AUT [21206990],HUM RELATIVA,Humedad relativa del aire a 2 metros media diaria,2019-06-08 00:00,%,82.6458333333333,Preliminar
21206990,TIBAITATA - AUT [21206990],HUM RELATIVA,Humedad relativa del aire a 2 metros media diaria,2019-06-09 00:00,%,77.6875,Preliminar
21206990,TIBAITATA - AUT [21206990],HUM RELATIVA,Humedad relativa del aire a 2 metros media diaria,2019-06-10 00:00,%,85.4791666666667,Preliminar
21206990,TIBAITATA - AUT [21206990],HUM RELATIVA,Humedad relativa del aire a 2 metros media diaria,2019-06-11 00:00,%,84.125,Preliminar
21206990,TIBAITATA - AUT [21206990],HUM RELATIVA,Humedad relativa del aire a 2 metros media diaria,2019-06-12 00:00,%,83.8541666666667,Preliminar
21206990,TIBAITATA - AUT [21206990],HUM RELATIVA,Humedad relativa del aire a 2 metros media diaria,2019-06-13 00:00,%,85.3541666666667,Preliminar
21206990,TIBAITATA - AUT [21206990],HUM RELATIVA,Humedad relativa del aire a 2 metros media diaria,2019-06-14 00:00,%,85.4583333333333,Preliminar
21206990,TIBAITATA - AUT [21206990],HUM RELATIVA,Humedad relativa del aire a 2 metros media diaria,2019-06-15 00:00,%,79.4583333333333,Preliminar
21206990,TIBAITATA - AUT [21206990],HUM RELATIVA,Humedad relativa del aire a 2 metros media diaria,2019-06-16 00:00,%,76.9583333333333,Preliminar
21206990,TIBAITATA - AUT [21206990],HUM RELATIVA,Humedad relativa del aire a 2 metros media diaria,2019-06-17 00:00,%,78.0625,Preliminar
21206990,TIBAITATA - AUT [21206990],HUM RELATIVA,Humedad relativa del aire a 2 metros media diaria,2019-06-18 00:00,%,80.3541666666667,Preliminar
21206990,TIBAITATA - AUT [21206990],HUM RELATIVA,Humedad relativa del aire a 2 metros media diaria,2019-06-19 00:00,%,79.8541666666667,Preliminar
21206990,TIBAITATA - AUT [21206990],HUM RELATIVA,Humedad relativa del aire a 2 metros media diaria,2019-06-20 00:00,%,81.1875,Preliminar
21206990,TIBAITATA - AUT [21206990],HUM RELATIVA,Humedad relativa del aire a 2 metros media diaria,2019-06-21 00:00,%,81.0208333333333,Preliminar
21206990,TIBAITATA - AUT [21206990],HUM RELATIVA,Humedad relativa del aire a 2 metros media diaria,2019-06-22 00:00,%,83.1458333333333,Preliminar
21206990,TIBAITATA - AUT [21206990],HUM RELATIVA,Humedad relativa del aire a 2 metros media diaria,2019-06-23 00:00,%,80.7708333333333,Preliminar
21206990,TIBAITATA - AUT [21206990],HUM RELATIVA,Humedad relativa del aire a 2 metros media diaria,2019-06-24 00:00,%,86.8125,Preliminar
21206990,TIBAITATA - AUT [21206990],HUM RELATIVA,Humedad relativa del aire a 2 metros media diaria,2019-06-25 00:00,%,83.2708333333333,Preliminar
21206990,TIBAITATA - AUT [21206990],HUM RELATIVA,Humedad relativa del aire a 2 metros media diaria,2019-06-26 00:00,%,76.8333333333333,Preliminar
21206990,TIBAITATA - AUT [21206990],HUM RELATIVA,Humedad relativa del aire a 2 metros media diaria,2019-06-27 00:00,%,63.9166666666667,Preliminar
21206990,TIBAITATA - AUT [21206990],HUM RELATIVA,Humedad relativa del aire a 2 metros media diaria,2019-06-28 00:00,%,80.6458333333333,Preliminar
21206990,TIBAITATA - AUT [21206990],HUM RELATIVA,Humedad relativa del aire a 2 metros media diaria,2019-06-29 00:00,%,84.5416666666667,Preliminar
21206990,TIBAITATA - AUT [21206990],HUM RELATIVA,Humedad relativa del aire a 2 metros media diaria,2019-06-30 00:00,%,85.2708333333333,Preliminar
21206990,TIBAITATA - AUT [21206990],HUM RELATIVA,Humedad relativa del aire a 2 metros media diaria,2019-07-01 00:00,%,90.4375,Preliminar
21206990,TIBAITATA - AUT [21206990],HUM RELATIVA,Humedad relativa del aire a 2 metros media diaria,2019-07-02 00:00,%,84.6666666666667,Preliminar
21206990,TIBAITATA - AUT [21206990],HUM RELATIVA,Humedad relativa del aire a 2 metros media diaria,2019-07-03 00:00,%,79.6041666666667,Preliminar
21206990,TIBAITATA - AUT [21206990],HUM RELATIVA,Humedad relativa del aire a 2 metros media diaria,2019-07-04 00:00,%,73.8958333333333,Preliminar
21206990,TIBAITATA - AUT [21206990],HUM RELATIVA,Humedad relativa del aire a 2 metros media diaria,2019-07-05 00:00,%,78.2083333333333,Preliminar
21206990,TIBAITATA - AUT [21206990],HUM RELATIVA,Humedad relativa del aire a 2 metros media diaria,2019-07-06 00:00,%,70.75,Preliminar
21206990,TIBAITATA - AUT [21206990],HUM RELATIVA,Humedad relativa del aire a 2 metros media diaria,2019-07-07 00:00,%,74.2291666666667,Preliminar
21206990,TIBAITATA - AUT [21206990],HUM RELATIVA,Humedad relativa del aire a 2 metros media diaria,2019-07-08 00:00,%,73.0208333333333,Preliminar
21206990,TIBAITATA - AUT [21206990],HUM RELATIVA,Humedad relativa del aire a 2 metros media diaria,2019-07-09 00:00,%,75.2291666666667,Preliminar
21206990,TIBAITATA - AUT [21206990],HUM RELATIVA,Humedad relativa del aire a 2 metros media diaria,2019-07-10 00:00,%,76.375,Preliminar
21206990,TIBAITATA - AUT [21206990],HUM RELATIVA,Humedad relativa del aire a 2 metros media diaria,2019-07-11 00:00,%,82.3958333333333,Preliminar
21206990,TIBAITATA - AUT [21206990],HUM RELATIVA,Humedad relativa del aire a 2 metros media diaria,2019-07-12 00:00,%,76.625,Preliminar
21206990,TIBAITATA - AUT [21206990],HUM RELATIVA,Humedad relativa del aire a 2 metros media diaria,2019-07-13 00:00,%,84.4166666666667,Preliminar
21206990,TIBAITATA - AUT [21206990],HUM RELATIVA,Humedad relativa del aire a 2 metros media diaria,2019-07-14 00:00,%,79.6666666666667,Preliminar
21206990,TIBAITATA - AUT [21206990],HUM RELATIVA,Humedad relativa del aire a 2 metros media diaria,2019-07-15 00:00,%,81.9791666666667,Preliminar
21206990,TIBAITATA - AUT [21206990],HUM RELATIVA,Humedad relativa del aire a 2 metros media diaria,2019-07-16 00:00,%,83.2291666666667,Preliminar
21206990,TIBAITATA - AUT [21206990],HUM RELATIVA,Humedad relativa del aire a 2 metros media diaria,2019-07-17 00:00,%,77.9583333333333,Preliminar
21206990,TIBAITATA - AUT [21206990],HUM RELATIVA,Humedad relativa del aire a 2 metros media diaria,2019-07-18 00:00,%,73.4791666666667,Preliminar
21206990,TIBAITATA - AUT [21206990],HUM RELATIVA,Humedad relativa del aire a 2 metros media diaria,2019-07-19 00:00,%,80.6458333333333,Preliminar
21206990,TIBAITATA - AUT [21206990],HUM RELATIVA,Humedad relativa del aire a 2 metros media diaria,2019-07-20 00:00,%,80.4166666666667,Preliminar
21206990,TIBAITATA - AUT [21206990],HUM RELATIVA,Humedad relativa del aire a 2 metros media diaria,2019-07-21 00:00,%,77.9583333333333,Preliminar
21206990,TIBAITATA - AUT [21206990],HUM RELATIVA,Humedad relativa del aire a 2 metros media diaria,2019-07-22 00:00,%,81.4166666666667,Preliminar
21206990,TIBAITATA - AUT [21206990],HUM RELATIVA,Humedad relativa del aire a 2 metros media diaria,2019-07-23 00:00,%,81.8333333333333,Preliminar
21206990,TIBAITATA - AUT [21206990],HUM RELATIVA,Humedad relativa del aire a 2 metros media diaria,2019-07-24 00:00,%,75.9791666666667,Preliminar
21206990,TIBAITATA - AUT [21206990],HUM RELATIVA,Humedad relativa del aire a 2 metros media diaria,2019-07-25 00:00,%,73.75,Preliminar
21206990,TIBAITATA - AUT [21206990],HUM RELATIVA,Humedad relativa del aire a 2 metros media diaria,2019-07-26 00:00,%,78.8958333333333,Preliminar
21206990,TIBAITATA - AUT [21206990],HUM RELATIVA,Humedad relativa del aire a 2 metros media diaria,2019-07-27 00:00,%,74.8333333333333,Preliminar
21206990,TIBAITATA - AUT [21206990],HUM RELATIVA,Humedad relativa del aire a 2 metros media diaria,2019-07-28 00:00,%,79.2291666666667,Preliminar
21206990,TIBAITATA - AUT [21206990],HUM RELATIVA,Humedad relativa del aire a 2 metros media diaria,2019-07-29 00:00,%,75.1875,Preliminar
21206990,TIBAITATA - AUT [21206990],HUM RELATIVA,Humedad relativa del aire a 2 metros media diaria,2019-07-30 00:00,%,75.4583333333333,Preliminar
21206990,TIBAITATA - AUT [21206990],HUM RELATIVA,Humedad relativa del aire a 2 metros media diaria,2019-07-31 00:00,%,73.9375,Preliminar
21206990,TIBAITATA - AUT [21206990],HUM RELATIVA,Humedad relativa del aire a 2 metros media diaria,2019-08-01 00:00,%,80.5416666666667,Preliminar
21206990,TIBAITATA - AUT [21206990],HUM RELATIVA,Humedad relativa del aire a 2 metros media diaria,2019-08-02 00:00,%,86.6875,Preliminar
21206990,TIBAITATA - AUT [21206990],HUM RELATIVA,Humedad relativa del aire a 2 metros media diaria,2019-08-03 00:00,%,81.9375,Preliminar
21206990,TIBAITATA - AUT [21206990],HUM RELATIVA,Humedad relativa del aire a 2 metros media diaria,2019-08-04 00:00,%,79.5625,Preliminar
21206990,TIBAITATA - AUT [21206990],HUM RELATIVA,Humedad relativa del aire a 2 metros media diaria,2019-08-05 00:00,%,79.0416666666667,Preliminar
21206990,TIBAITATA - AUT [21206990],HUM RELATIVA,Humedad relativa del aire a 2 metros media diaria,2019-08-06 00:00,%,72.3333333333333,Preliminar
21206990,TIBAITATA - AUT [21206990],HUM RELATIVA,Humedad relativa del aire a 2 metros media diaria,2019-08-07 00:00,%,72.1875,Preliminar
21206990,TIBAITATA - AUT [21206990],HUM RELATIVA,Humedad relativa del aire a 2 metros media diaria,2019-08-08 00:00,%,81.6041666666667,Preliminar
21206990,TIBAITATA - AUT [21206990],HUM RELATIVA,Humedad relativa del aire a 2 metros media diaria,2019-08-09 00:00,%,73.7291666666667,Preliminar
21206990,TIBAITATA - AUT [21206990],HUM RELATIVA,Humedad relativa del aire a 2 metros media diaria,2019-08-10 00:00,%,76.4583333333333,Preliminar
21206990,TIBAITATA - AUT [21206990],HUM RELATIVA,Humedad relativa del aire a 2 metros media diaria,2019-08-11 00:00,%,78.25,Preliminar
21206990,TIBAITATA - AUT [21206990],HUM RELATIVA,Humedad relativa del aire a 2 metros media diaria,2019-08-12 00:00,%,75.3125,Preliminar
21206990,TIBAITATA - AUT [21206990],HUM RELATIVA,Humedad relativa del aire a 2 metros media diaria,2019-08-13 00:00,%,83.7291666666667,Preliminar
21206990,TIBAITATA - AUT [21206990],HUM RELATIVA,Humedad relativa del aire a 2 metros media diaria,2019-08-14 00:00,%,78.125,Preliminar
21206990,TIBAITATA - AUT [21206990],HUM RELATIVA,Humedad relativa del aire a 2 metros media diaria,2019-08-15 00:00,%,69.9791666666667,Preliminar
21206990,TIBAITATA - AUT [21206990],HUM RELATIVA,Humedad relativa del aire a 2 metros media diaria,2019-08-16 00:00,%,87.7083333333333,Preliminar
21206990,TIBAITATA - AUT [21206990],HUM RELATIVA,Humedad relativa del aire a 2 metros media diaria,2019-08-17 00:00,%,84.5208333333333,Preliminar
21206990,TIBAITATA - AUT [21206990],HUM RELATIVA,Humedad relativa del aire a 2 metros media diaria,2019-08-18 00:00,%,76.6458333333333,Preliminar
21206990,TIBAITATA - AUT [21206990],HUM RELATIVA,Humedad relativa del aire a 2 metros media diaria,2019-08-19 00:00,%,82.2916666666667,Preliminar
21206990,TIBAITATA - AUT [21206990],HUM RELATIVA,Humedad relativa del aire a 2 metros media diaria,2019-08-20 00:00,%,77.7291666666667,Preliminar
21206990,TIBAITATA - AUT [21206990],HUM RELATIVA,Humedad relativa del aire a 2 metros media diaria,2019-08-21 00:00,%,66.6875,Preliminar
21206990,TIBAITATA - AUT [21206990],HUM RELATIVA,Humedad relativa del aire a 2 metros media diaria,2019-08-22 00:00,%,75.0625,Preliminar
21206990,TIBAITATA - AUT [21206990],HUM RELATIVA,Humedad relativa del aire a 2 metros media diaria,2019-08-23 00:00,%,76.3541666666667,Preliminar
21206990,TIBAITATA - AUT [21206990],HUM RELATIVA,Humedad relativa del aire a 2 metros media diaria,2019-08-24 00:00,%,76.1666666666667,Preliminar
21206990,TIBAITATA - AUT [21206990],HUM RELATIVA,Humedad relativa del aire a 2 metros media diaria,2019-08-25 00:00,%,75,Preliminar
21206990,TIBAITATA - AUT [21206990],HUM RELATIVA,Humedad relativa del aire a 2 metros media diaria,2019-08-26 00:00,%,76.375,Preliminar
21206990,TIBAITATA - AUT [21206990],HUM RELATIVA,Humedad relativa del aire a 2 metros media diaria,2019-08-27 00:00,%,75.25,Preliminar
21206990,TIBAITATA - AUT [21206990],HUM RELATIVA,Humedad relativa del aire a 2 metros media diaria,2019-08-28 00:00,%,76.9791666666667,Preliminar
21206990,TIBAITATA - AUT [21206990],HUM RELATIVA,Humedad relativa del aire a 2 metros media diaria,2019-08-29 00:00,%,70.9166666666667,Preliminar
21206990,TIBAITATA - AUT [21206990],HUM RELATIVA,Humedad relativa del aire a 2 metros media diaria,2019-08-30 00:00,%,72.7291666666667,Preliminar
21206990,TIBAITATA - AUT [21206990],HUM RELATIVA,Humedad relativa del aire a 2 metros media diaria,2019-08-31 00:00,%,79.7708333333333,Preliminar
21206990,TIBAITATA - AUT [21206990],HUM RELATIVA,Humedad relativa del aire a 2 metros media diaria,2019-09-01 00:00,%,78.125,Preliminar
21206990,TIBAITATA - AUT [21206990],HUM RELATIVA,Humedad relativa del aire a 2 metros media diaria,2019-09-02 00:00,%,78.6875,Preliminar
21206990,TIBAITATA - AUT [21206990],HUM RELATIVA,Humedad relativa del aire a 2 metros media diaria,2019-09-03 00:00,%,72.1041666666667,Preliminar
21206990,TIBAITATA - AUT [21206990],HUM RELATIVA,Humedad relativa del aire a 2 metros media diaria,2019-09-04 00:00,%,72.8125,Preliminar
21206990,TIBAITATA - AUT [21206990],HUM RELATIVA,Humedad relativa del aire a 2 metros media diaria,2019-09-05 00:00,%,74.6666666666667,Preliminar
21206990,TIBAITATA - AUT [21206990],HUM RELATIVA,Humedad relativa del aire a 2 metros media diaria,2019-09-06 00:00,%,72.0625,Preliminar
21206990,TIBAITATA - AUT [21206990],HUM RELATIVA,Humedad relativa del aire a 2 metros media diaria,2019-09-07 00:00,%,71.4791666666667,Preliminar
21206990,TIBAITATA - AUT [21206990],HUM RELATIVA,Humedad relativa del aire a 2 metros media diaria,2019-09-08 00:00,%,70.7708333333333,Preliminar
21206990,TIBAITATA - AUT [21206990],HUM RELATIVA,Humedad relativa del aire a 2 metros media diaria,2019-09-09 00:00,%,76.1875,Preliminar
21206990,TIBAITATA - AUT [21206990],HUM RELATIVA,Humedad relativa del aire a 2 metros media diaria,2019-09-10 00:00,%,78,Preliminar
21206990,TIBAITATA - AUT [21206990],HUM RELATIVA,Humedad relativa del aire a 2 metros media diaria,2019-09-11 00:00,%,75.9166666666667,Preliminar
21206990,TIBAITATA - AUT [21206990],HUM RELATIVA,Humedad relativa del aire a 2 metros media diaria,2019-09-12 00:00,%,73.0208333333333,Preliminar
21206990,TIBAITATA - AUT [21206990],HUM RELATIVA,Humedad relativa del aire a 2 metros media diaria,2019-09-13 00:00,%,73.1666666666667,Preliminar
21206990,TIBAITATA - AUT [21206990],HUM RELATIVA,Humedad relativa del aire a 2 metros media diaria,2019-09-14 00:00,%,76.0208333333333,Preliminar
21206990,TIBAITATA - AUT [21206990],HUM RELATIVA,Humedad relativa del aire a 2 metros media diaria,2019-09-15 00:00,%,69.4375,Preliminar
21206990,TIBAITATA - AUT [21206990],HUM RELATIVA,Humedad relativa del aire a 2 metros media diaria,2019-09-16 00:00,%,79.5625,Preliminar
21206990,TIBAITATA - AUT [21206990],HUM RELATIVA,Humedad relativa del aire a 2 metros media diaria,2019-09-17 00:00,%,86.4375,Preliminar
21206990,TIBAITATA - AUT [21206990],HUM RELATIVA,Humedad relativa del aire a 2 metros media diaria,2019-09-18 00:00,%,87.0833333333333,Preliminar
21206990,TIBAITATA - AUT [21206990],HUM RELATIVA,Humedad relativa del aire a 2 metros media diaria,2019-09-19 00:00,%,86.2291666666667,Preliminar
21206990,TIBAITATA - AUT [21206990],HUM RELATIVA,Humedad relativa del aire a 2 metros media diaria,2019-09-20 00:00,%,93.2954545454546,Preliminar
21206990,TIBAITATA - AUT [21206990],HUM RELATIVA,Humedad relativa del aire a 2 metros media diaria,2019-09-21 00:00,%,82.7708333333333,Preliminar
21206990,TIBAITATA - AUT [21206990],HUM RELATIVA,Humedad relativa del aire a 2 metros media diaria,2019-09-22 00:00,%,85.9791666666667,Preliminar
21206990,TIBAITATA - AUT [21206990],HUM RELATIVA,Humedad relativa del aire a 2 metros media diaria,2019-09-23 00:00,%,86.1458333333333,Preliminar
21206990,TIBAITATA - AUT [21206990],HUM RELATIVA,Humedad relativa del aire a 2 metros media diaria,2019-09-24 00:00,%,83,Preliminar
21206990,TIBAITATA - AUT [21206990],HUM RELATIVA,Humedad relativa del aire a 2 metros media diaria,2019-09-25 00:00,%,79.2916666666667,Preliminar
21206990,TIBAITATA - AUT [21206990],HUM RELATIVA,Humedad relativa del aire a 2 metros media diaria,2019-09-26 00:00,%,68.75,Preliminar
21206990,TIBAITATA - AUT [21206990],HUM RELATIVA,Humedad relativa del aire a 2 metros media diaria,2019-09-27 00:00,%,76.4375,Preliminar
21206990,TIBAITATA - AUT [21206990],HUM RELATIVA,Humedad relativa del aire a 2 metros media diaria,2019-09-28 00:00,%,80.2291666666667,Preliminar
21206990,TIBAITATA - AUT [21206990],HUM RELATIVA,Humedad relativa del aire a 2 metros media diaria,2019-09-29 00:00,%,88.7708333333333,Preliminar
21206990,TIBAITATA - AUT [21206990],HUM RELATIVA,Humedad relativa del aire a 2 metros media diaria,2019-09-30 00:00,%,81.625,Preliminar
21206990,TIBAITATA - AUT [21206990],HUM RELATIVA,Humedad relativa del aire a 2 metros media diaria,2019-10-01 00:00,%,83.3958333333333,Preliminar
21206990,TIBAITATA - AUT [21206990],HUM RELATIVA,Humedad relativa del aire a 2 metros media diaria,2019-10-02 00:00,%,83.7083333333333,Preliminar
21206990,TIBAITATA - AUT [21206990],HUM RELATIVA,Humedad relativa del aire a 2 metros media diaria,2019-10-03 00:00,%,86.625,Preliminar
21206990,TIBAITATA - AUT [21206990],HUM RELATIVA,Humedad relativa del aire a 2 metros media diaria,2019-10-04 00:00,%,80,Preliminar
21206990,TIBAITATA - AUT [21206990],HUM RELATIVA,Humedad relativa del aire a 2 metros media diaria,2019-10-05 00:00,%,82.5833333333333,Preliminar
21206990,TIBAITATA - AUT [21206990],HUM RELATIVA,Humedad relativa del aire a 2 metros media diaria,2019-10-06 00:00,%,82.75,Preliminar
21206990,TIBAITATA - AUT [21206990],HUM RELATIVA,Humedad relativa del aire a 2 metros media diaria,2019-10-07 00:00,%,85,Preliminar
21206990,TIBAITATA - AUT [21206990],HUM RELATIVA,Humedad relativa del aire a 2 metros media diaria,2019-10-08 00:00,%,88.2708333333333,Preliminar
21206990,TIBAITATA - AUT [21206990],HUM RELATIVA,Humedad relativa del aire a 2 metros media diaria,2019-10-09 00:00,%,79.5625,Preliminar
21206990,TIBAITATA - AUT [21206990],HUM RELATIVA,Humedad relativa del aire a 2 metros media diaria,2019-10-10 00:00,%,85.125,Preliminar
21206990,TIBAITATA - AUT [21206990],HUM RELATIVA,Humedad relativa del aire a 2 metros media diaria,2019-10-11 00:00,%,87.6666666666667,Preliminar
21206990,TIBAITATA - AUT [21206990],HUM RELATIVA,Humedad relativa del aire a 2 metros media diaria,2019-10-12 00:00,%,79.25,Preliminar
21206990,TIBAITATA - AUT [21206990],HUM RELATIVA,Humedad relativa del aire a 2 metros media diaria,2019-10-13 00:00,%,70.1458333333333,Preliminar
21206990,TIBAITATA - AUT [21206990],HUM RELATIVA,Humedad relativa del aire a 2 metros media diaria,2019-10-14 00:00,%,78.4166666666667,Preliminar
21206990,TIBAITATA - AUT [21206990],HUM RELATIVA,Humedad relativa del aire a 2 metros media diaria,2019-10-15 00:00,%,83.5,Preliminar
21206990,TIBAITATA - AUT [21206990],HUM RELATIVA,Humedad relativa del aire a 2 metros media diaria,2019-10-16 00:00,%,85.1041666666667,Preliminar
21206990,TIBAITATA - AUT [21206990],HUM RELATIVA,Humedad relativa del aire a 2 metros media diaria,2019-10-17 00:00,%,82.5625,Preliminar
21206990,TIBAITATA - AUT [21206990],HUM RELATIVA,Humedad relativa del aire a 2 metros media diaria,2019-10-18 00:00,%,82.2708333333333,Preliminar
21206990,TIBAITATA - AUT [21206990],HUM RELATIVA,Humedad relativa del aire a 2 metros media diaria,2019-10-19 00:00,%,84.0625,Preliminar
21206990,TIBAITATA - AUT [21206990],HUM RELATIVA,Humedad relativa del aire a 2 metros media diaria,2019-10-20 00:00,%,85.1041666666667,Preliminar
21206990,TIBAITATA - AUT [21206990],HUM RELATIVA,Humedad relativa del aire a 2 metros media diaria,2019-10-21 00:00,%,88.25,Preliminar
21206990,TIBAITATA - AUT [21206990],HUM RELATIVA,Humedad relativa del aire a 2 metros media diaria,2019-10-22 00:00,%,88.1458333333333,Preliminar
21206990,TIBAITATA - AUT [21206990],HUM RELATIVA,Humedad relativa del aire a 2 metros media diaria,2019-10-23 00:00,%,86.6666666666667,Preliminar
21206990,TIBAITATA - AUT [21206990],HUM RELATIVA,Humedad relativa del aire a 2 metros media diaria,2019-10-24 00:00,%,82.3958333333333,Preliminar
21206990,TIBAITATA - AUT [21206990],HUM RELATIVA,Humedad relativa del aire a 2 metros media diaria,2019-10-25 00:00,%,80.1875,Preliminar
21206990,TIBAITATA - AUT [21206990],HUM RELATIVA,Humedad relativa del aire a 2 metros media diaria,2019-10-26 00:00,%,77.3541666666667,Preliminar
21206990,TIBAITATA - AUT [21206990],HUM RELATIVA,Humedad relativa del aire a 2 metros media diaria,2019-10-27 00:00,%,84.3333333333333,Preliminar
21206990,TIBAITATA - AUT [21206990],HUM RELATIVA,Humedad relativa del aire a 2 metros media diaria,2019-10-28 00:00,%,79.2083333333333,Preliminar
21206990,TIBAITATA - AUT [21206990],HUM RELATIVA,Humedad relativa del aire a 2 metros media diaria,2019-10-29 00:00,%,78.1041666666667,Preliminar
21206990,TIBAITATA - AUT [21206990],HUM RELATIVA,Humedad relativa del aire a 2 metros media diaria,2019-10-30 00:00,%,82.0625,Preliminar
21206990,TIBAITATA - AUT [21206990],HUM RELATIVA,Humedad relativa del aire a 2 metros media diaria,2019-10-31 00:00,%,77.5833333333333,Preliminar
21206990,TIBAITATA - AUT [21206990],HUM RELATIVA,Humedad relativa del aire a 2 metros media diaria,2019-11-01 00:00,%,82.6458333333333,Preliminar
21206990,TIBAITATA - AUT [21206990],HUM RELATIVA,Humedad relativa del aire a 2 metros media diaria,2019-11-02 00:00,%,85.6041666666667,Preliminar
21206990,TIBAITATA - AUT [21206990],HUM RELATIVA,Humedad relativa del aire a 2 metros media diaria,2019-11-03 00:00,%,82.625,Preliminar
21206990,TIBAITATA - AUT [21206990],HUM RELATIVA,Humedad relativa del aire a 2 metros media diaria,2019-11-04 00:00,%,77.8333333333333,Preliminar
21206990,TIBAITATA - AUT [21206990],HUM RELATIVA,Humedad relativa del aire a 2 metros media diaria,2019-11-05 00:00,%,76.3541666666667,Preliminar
21206990,TIBAITATA - AUT [21206990],HUM RELATIVA,Humedad relativa del aire a 2 metros media diaria,2019-11-06 00:00,%,80.6666666666667,Preliminar
21206990,TIBAITATA - AUT [21206990],HUM RELATIVA,Humedad relativa del aire a 2 metros media diaria,2019-11-07 00:00,%,79.4583333333333,Preliminar
21206990,TIBAITATA - AUT [21206990],HUM RELATIVA,Humedad relativa del aire a 2 metros media diaria,2019-11-08 00:00,%,75.3541666666667,Preliminar
21206990,TIBAITATA - AUT [21206990],HUM RELATIVA,Humedad relativa del aire a 2 metros media diaria,2019-11-09 00:00,%,84.6458333333333,Preliminar
21206990,TIBAITATA - AUT [21206990],HUM RELATIVA,Humedad relativa del aire a 2 metros media diaria,2019-11-10 00:00,%,85.5833333333333,Preliminar
21206990,TIBAITATA - AUT [21206990],HUM RELATIVA,Humedad relativa del aire a 2 metros media diaria,2019-11-11 00:00,%,85.8333333333333,Preliminar
21206990,TIBAITATA - AUT [21206990],HUM RELATIVA,Humedad relativa del aire a 2 metros media diaria,2019-11-12 00:00,%,88.875,Preliminar
21206990,TIBAITATA - AUT [21206990],HUM RELATIVA,Humedad relativa del aire a 2 metros media diaria,2019-11-13 00:00,%,91.8333333333333,Preliminar
21206990,TIBAITATA - AUT [21206990],HUM RELATIVA,Humedad relativa del aire a 2 metros media diaria,2019-11-14 00:00,%,87.125,Preliminar
21206990,TIBAITATA - AUT [21206990],HUM RELATIVA,Humedad relativa del aire a 2 metros media diaria,2019-11-15 00:00,%,85.7916666666667,Preliminar
21206990,TIBAITATA - AUT [21206990],HUM RELATIVA,Humedad relativa del aire a 2 metros media diaria,2019-11-16 00:00,%,83.1875,Preliminar
21206990,TIBAITATA - AUT [21206990],HUM RELATIVA,Humedad relativa del aire a 2 metros media diaria,2019-11-17 00:00,%,83.8541666666667,Preliminar
21206990,TIBAITATA - AUT [21206990],HUM RELATIVA,Humedad relativa del aire a 2 metros media diaria,2019-11-18 00:00,%,83.5625,Preliminar
21206990,TIBAITATA - AUT [21206990],HUM RELATIVA,Humedad relativa del aire a 2 metros media diaria,2019-11-19 00:00,%,84.4583333333333,Preliminar
21206990,TIBAITATA - AUT [21206990],HUM RELATIVA,Humedad relativa del aire a 2 metros media diaria,2019-11-20 00:00,%,88.375,Preliminar
21206990,TIBAITATA - AUT [21206990],HUM RELATIVA,Humedad relativa del aire a 2 metros media diaria,2019-11-21 00:00,%,84.8333333333333,Preliminar
21206990,TIBAITATA - AUT [21206990],HUM RELATIVA,Humedad relativa del aire a 2 metros media diaria,2019-11-22 00:00,%,88.6666666666667,Preliminar
21206990,TIBAITATA - AUT [21206990],HUM RELATIVA,Humedad relativa del aire a 2 metros media diaria,2019-11-23 00:00,%,85.7291666666667,Preliminar
21206990,TIBAITATA - AUT [21206990],HUM RELATIVA,Humedad relativa del aire a 2 metros media diaria,2019-11-24 00:00,%,85.4583333333333,Preliminar
21206990,TIBAITATA - AUT [21206990],HUM RELATIVA,Humedad relativa del aire a 2 metros media diaria,2019-11-25 00:00,%,80.0416666666667,Preliminar
21206990,TIBAITATA - AUT [21206990],HUM RELATIVA,Humedad relativa del aire a 2 metros media diaria,2019-11-26 00:00,%,78.5833333333333,Preliminar
21206990,TIBAITATA - AUT [21206990],HUM RELATIVA,Humedad relativa del aire a 2 metros media diaria,2019-11-27 00:00,%,81.1875,Preliminar
21206990,TIBAITATA - AUT [21206990],HUM RELATIVA,Humedad relativa del aire a 2 metros media diaria,2019-11-28 00:00,%,78.7291666666667,Preliminar
21206990,TIBAITATA - AUT [21206990],HUM RELATIVA,Humedad relativa del aire a 2 metros media diaria,2019-11-29 00:00,%,83.2708333333333,Preliminar
21206990,TIBAITATA - AUT [21206990],HUM RELATIVA,Humedad relativa del aire a 2 metros media diaria,2019-11-30 00:00,%,85.9375,Preliminar
21206990,TIBAITATA - AUT [21206990],HUM RELATIVA,Humedad relativa del aire a 2 metros media diaria,2019-12-01 00:00,%,78.4791666666667,Preliminar
21206990,TIBAITATA - AUT [21206990],HUM RELATIVA,Humedad relativa del aire a 2 metros media diaria,2019-12-02 00:00,%,79.6458333333333,Preliminar
21206990,TIBAITATA - AUT [21206990],HUM RELATIVA,Humedad relativa del aire a 2 metros media diaria,2019-12-03 00:00,%,83.5208333333333,Preliminar
21206990,TIBAITATA - AUT [21206990],HUM RELATIVA,Humedad relativa del aire a 2 metros media diaria,2019-12-04 00:00,%,83.3125,Preliminar
21206990,TIBAITATA - AUT [21206990],HUM RELATIVA,Humedad relativa del aire a 2 metros media diaria,2019-12-05 00:00,%,83.8541666666667,Preliminar
21206990,TIBAITATA - AUT [21206990],HUM RELATIVA,Humedad relativa del aire a 2 metros media diaria,2019-12-06 00:00,%,84.7291666666667,Preliminar
21206990,TIBAITATA - AUT [21206990],HUM RELATIVA,Humedad relativa del aire a 2 metros media diaria,2019-12-07 00:00,%,83.7916666666667,Preliminar
21206990,TIBAITATA - AUT [21206990],HUM RELATIVA,Humedad relativa del aire a 2 metros media diaria,2019-12-08 00:00,%,86.5,Preliminar
21206990,TIBAITATA - AUT [21206990],HUM RELATIVA,Humedad relativa del aire a 2 metros media diaria,2019-12-09 00:00,%,83.375,Preliminar
21206990,TIBAITATA - AUT [21206990],HUM RELATIVA,Humedad relativa del aire a 2 metros media diaria,2019-12-10 00:00,%,82.9583333333333,Preliminar
21206990,TIBAITATA - AUT [21206990],HUM RELATIVA,Humedad relativa del aire a 2 metros media diaria,2019-12-11 00:00,%,83.6666666666667,Preliminar
21206990,TIBAITATA - AUT [21206990],HUM RELATIVA,Humedad relativa del aire a 2 metros media diaria,2019-12-12 00:00,%,84.4791666666667,Preliminar
21206990,TIBAITATA - AUT [21206990],HUM RELATIVA,Humedad relativa del aire a 2 metros media diaria,2019-12-13 00:00,%,84.3541666666667,Preliminar
21206990,TIBAITATA - AUT [21206990],HUM RELATIVA,Humedad relativa del aire a 2 metros media diaria,2019-12-14 00:00,%,92.9375,Preliminar
21206990,TIBAITATA - AUT [21206990],HUM RELATIVA,Humedad relativa del aire a 2 metros media diaria,2019-12-15 00:00,%,90.5,Preliminar
21206990,TIBAITATA - AUT [21206990],HUM RELATIVA,Humedad relativa del aire a 2 metros media diaria,2019-12-16 00:00,%,80.5208333333333,Preliminar
21206990,TIBAITATA - AUT [21206990],HUM RELATIVA,Humedad relativa del aire a 2 metros media diaria,2019-12-17 00:00,%,80.6666666666667,Preliminar
21206990,TIBAITATA - AUT [21206990],HUM RELATIVA,Humedad relativa del aire a 2 metros media diaria,2019-12-18 00:00,%,80.5833333333333,Preliminar
21206990,TIBAITATA - AUT [21206990],HUM RELATIVA,Humedad relativa del aire a 2 metros media diaria,2019-12-19 00:00,%,76.875,Preliminar
21206990,TIBAITATA - AUT [21206990],HUM RELATIVA,Humedad relativa del aire a 2 metros media diaria,2019-12-20 00:00,%,75.3541666666667,Preliminar
21206990,TIBAITATA - AUT [21206990],HUM RELATIVA,Humedad relativa del aire a 2 metros media diaria,2019-12-21 00:00,%,78.75,Preliminar
21206990,TIBAITATA - AUT [21206990],HUM RELATIVA,Humedad relativa del aire a 2 metros media diaria,2019-12-22 00:00,%,76.25,Preliminar
21206990,TIBAITATA - AUT [21206990],HUM RELATIVA,Humedad relativa del aire a 2 metros media diaria,2019-12-23 00:00,%,69.5625,Preliminar
21206990,TIBAITATA - AUT [21206990],HUM RELATIVA,Humedad relativa del aire a 2 metros media diaria,2019-12-24 00:00,%,76.6041666666667,Preliminar
21206990,TIBAITATA - AUT [21206990],HUM RELATIVA,Humedad relativa del aire a 2 metros media diaria,2019-12-25 00:00,%,83.6666666666667,Preliminar
21206990,TIBAITATA - AUT [21206990],HUM RELATIVA,Humedad relativa del aire a 2 metros media diaria,2019-12-26 00:00,%,79.375,Preliminar
21206990,TIBAITATA - AUT [21206990],HUM RELATIVA,Humedad relativa del aire a 2 metros media diaria,2019-12-27 00:00,%,79.0833333333333,Preliminar
21206990,TIBAITATA - AUT [21206990],HUM RELATIVA,Humedad relativa del aire a 2 metros media diaria,2019-12-28 00:00,%,82.8541666666667,Preliminar
21206990,TIBAITATA - AUT [21206990],HUM RELATIVA,Humedad relativa del aire a 2 metros media diaria,2019-12-29 00:00,%,81.6666666666667,Preliminar
21206990,TIBAITATA - AUT [21206990],HUM RELATIVA,Humedad relativa del aire a 2 metros media diaria,2019-12-30 00:00,%,84.6041666666667,Preliminar
21206990,TIBAITATA - AUT [21206990],HUM RELATIVA,Humedad relativa del aire a 2 metros media diaria,2019-12-31 00:00,%,85.8125,Preliminar
21206990,TIBAITATA - AUT [21206990],HUM RELATIVA,Humedad relativa del aire a 2 metros media diaria,2020-01-01 00:00,%,83.75,Preliminar
21206990,TIBAITATA - AUT [21206990],HUM RELATIVA,Humedad relativa del aire a 2 metros media diaria,2020-01-02 00:00,%,82.1666666666667,Preliminar
21206990,TIBAITATA - AUT [21206990],HUM RELATIVA,Humedad relativa del aire a 2 metros media diaria,2020-01-03 00:00,%,81.5208333333333,Preliminar
21206990,TIBAITATA - AUT [21206990],HUM RELATIVA,Humedad relativa del aire a 2 metros media diaria,2020-01-04 00:00,%,82.3125,Preliminar
21206990,TIBAITATA - AUT [21206990],HUM RELATIVA,Humedad relativa del aire a 2 metros media diaria,2020-01-05 00:00,%,82.8541666666667,Preliminar
21206990,TIBAITATA - AUT [21206990],HUM RELATIVA,Humedad relativa del aire a 2 metros media diaria,2020-01-06 00:00,%,84.8541666666667,Preliminar
21206990,TIBAITATA - AUT [21206990],HUM RELATIVA,Humedad relativa del aire a 2 metros media diaria,2020-01-07 00:00,%,79.2916666666667,Preliminar
21206990,TIBAITATA - AUT [21206990],HUM RELATIVA,Humedad relativa del aire a 2 metros media diaria,2020-01-08 00:00,%,79.6875,Preliminar
21206990,TIBAITATA - AUT [21206990],HUM RELATIVA,Humedad relativa del aire a 2 metros media diaria,2020-01-09 00:00,%,76.6666666666667,Preliminar
21206990,TIBAITATA - AUT [21206990],HUM RELATIVA,Humedad relativa del aire a 2 metros media diaria,2020-01-10 00:00,%,68.6458333333333,Preliminar
21206990,TIBAITATA - AUT [21206990],HUM RELATIVA,Humedad relativa del aire a 2 metros media diaria,2020-01-11 00:00,%,73.3958333333333,Preliminar
21206990,TIBAITATA - AUT [21206990],HUM RELATIVA,Humedad relativa del aire a 2 metros media diaria,2020-01-12 00:00,%,69.7291666666667,Preliminar
21206990,TIBAITATA - AUT [21206990],HUM RELATIVA,Humedad relativa del aire a 2 metros media diaria,2020-01-13 00:00,%,71.9166666666667,Preliminar
21206990,TIBAITATA - AUT [21206990],HUM RELATIVA,Humedad relativa del aire a 2 metros media diaria,2020-01-14 00:00,%,73.2291666666667,Preliminar
21206990,TIBAITATA - AUT [21206990],HUM RELATIVA,Humedad relativa del aire a 2 metros media diaria,2020-01-15 00:00,%,72.5,Preliminar
21206990,TIBAITATA - AUT [21206990],HUM RELATIVA,Humedad relativa del aire a 2 metros media diaria,2020-01-16 00:00,%,80.3333333333333,Preliminar
21206990,TIBAITATA - AUT [21206990],HUM RELATIVA,Humedad relativa del aire a 2 metros media diaria,2020-01-17 00:00,%,76.375,Preliminar
21206990,TIBAITATA - AUT [21206990],HUM RELATIVA,Humedad relativa del aire a 2 metros media diaria,2020-01-18 00:00,%,76.9375,Preliminar
21206990,TIBAITATA - AUT [21206990],HUM RELATIVA,Humedad relativa del aire a 2 metros media diaria,2020-01-19 00:00,%,80.0625,Preliminar
21206990,TIBAITATA - AUT [21206990],HUM RELATIVA,Humedad relativa del aire a 2 metros media diaria,2020-01-20 00:00,%,80.875,Preliminar
21206990,TIBAITATA - AUT [21206990],HUM RELATIVA,Humedad relativa del aire a 2 metros media diaria,2020-01-21 00:00,%,83.8333333333333,Preliminar
21206990,TIBAITATA - AUT [21206990],HUM RELATIVA,Humedad relativa del aire a 2 metros media diaria,2020-01-22 00:00,%,87.5625,Preliminar
21206990,TIBAITATA - AUT [21206990],HUM RELATIVA,Humedad relativa del aire a 2 metros media diaria,2020-01-23 00:00,%,82.9166666666667,Preliminar
21206990,TIBAITATA - AUT [21206990],HUM RELATIVA,Humedad relativa del aire a 2 metros media diaria,2020-01-24 00:00,%,83.2708333333333,Preliminar
21206990,TIBAITATA - AUT [21206990],HUM RELATIVA,Humedad relativa del aire a 2 metros media diaria,2020-01-25 00:00,%,86.3541666666667,Preliminar
21206990,TIBAITATA - AUT [21206990],HUM RELATIVA,Humedad relativa del aire a 2 metros media diaria,2020-01-26 00:00,%,84.0625,Preliminar
21206990,TIBAITATA - AUT [21206990],HUM RELATIVA,Humedad relativa del aire a 2 metros media diaria,2020-01-27 00:00,%,83.1875,Preliminar
21206990,TIBAITATA - AUT [21206990],HUM RELATIVA,Humedad relativa del aire a 2 metros media diaria,2020-01-28 00:00,%,83.2083333333333,Preliminar
21206990,TIBAITATA - AUT [21206990],HUM RELATIVA,Humedad relativa del aire a 2 metros media diaria,2020-01-29 00:00,%,80.4583333333333,Preliminar
21206990,TIBAITATA - AUT [21206990],HUM RELATIVA,Humedad relativa del aire a 2 metros media diaria,2020-01-30 00:00,%,80.4375,Preliminar
21206990,TIBAITATA - AUT [21206990],HUM RELATIVA,Humedad relativa del aire a 2 metros media diaria,2020-01-31 00:00,%,72.7708333333333,Preliminar
21206990,TIBAITATA - AUT [21206990],HUM RELATIVA,Humedad relativa del aire a 2 metros media diaria,2020-02-01 00:00,%,76.9166666666667,Preliminar
21206990,TIBAITATA - AUT [21206990],HUM RELATIVA,Humedad relativa del aire a 2 metros media diaria,2020-02-02 00:00,%,83.375,Preliminar
21206990,TIBAITATA - AUT [21206990],HUM RELATIVA,Humedad relativa del aire a 2 metros media diaria,2020-02-03 00:00,%,73.75,Preliminar
21206990,TIBAITATA - AUT [21206990],HUM RELATIVA,Humedad relativa del aire a 2 metros media diaria,2020-02-04 00:00,%,78.8125,Preliminar
21206990,TIBAITATA - AUT [21206990],HUM RELATIVA,Humedad relativa del aire a 2 metros media diaria,2020-02-05 00:00,%,71.1041666666667,Preliminar
21206990,TIBAITATA - AUT [21206990],HUM RELATIVA,Humedad relativa del aire a 2 metros media diaria,2020-02-06 00:00,%,69.8333333333333,Preliminar
21206990,TIBAITATA - AUT [21206990],HUM RELATIVA,Humedad relativa del aire a 2 metros media diaria,2020-02-07 00:00,%,75.9375,Preliminar
21206990,TIBAITATA - AUT [21206990],HUM RELATIVA,Humedad relativa del aire a 2 metros media diaria,2020-02-08 00:00,%,81.875,Preliminar
21206990,TIBAITATA - AUT [21206990],HUM RELATIVA,Humedad relativa del aire a 2 metros media diaria,2020-02-09 00:00,%,82.4166666666667,Preliminar
21206990,TIBAITATA - AUT [21206990],HUM RELATIVA,Humedad relativa del aire a 2 metros media diaria,2020-02-10 00:00,%,67.2291666666667,Preliminar
21206990,TIBAITATA - AUT [21206990],HUM RELATIVA,Humedad relativa del aire a 2 metros media diaria,2020-02-11 00:00,%,71.5416666666667,Preliminar
21206990,TIBAITATA - AUT [21206990],HUM RELATIVA,Humedad relativa del aire a 2 metros media diaria,2020-02-12 00:00,%,70.7291666666667,Preliminar
21206990,TIBAITATA - AUT [21206990],HUM RELATIVA,Humedad relativa del aire a 2 metros media diaria,2020-02-13 00:00,%,77.875,Preliminar
21206990,TIBAITATA - AUT [21206990],HUM RELATIVA,Humedad relativa del aire a 2 metros media diaria,2020-02-14 00:00,%,76.875,Preliminar
21206990,TIBAITATA - AUT [21206990],HUM RELATIVA,Humedad relativa del aire a 2 metros media diaria,2020-02-15 00:00,%,73.6458333333333,Preliminar
21206990,TIBAITATA - AUT [21206990],HUM RELATIVA,Humedad relativa del aire a 2 metros media diaria,2020-02-16 00:00,%,73.3125,Preliminar
21206990,TIBAITATA - AUT [21206990],HUM RELATIVA,Humedad relativa del aire a 2 metros media diaria,2020-02-17 00:00,%,66.9791666666667,Preliminar
21206990,TIBAITATA - AUT [21206990],HUM RELATIVA,Humedad relativa del aire a 2 metros media diaria,2020-02-18 00:00,%,65.9166666666667,Preliminar
21206990,TIBAITATA - AUT [21206990],HUM RELATIVA,Humedad relativa del aire a 2 metros media diaria,2020-02-19 00:00,%,77.1041666666667,Preliminar
21206990,TIBAITATA - AUT [21206990],HUM RELATIVA,Humedad relativa del aire a 2 metros media diaria,2020-02-20 00:00,%,80.0833333333333,Preliminar
21206990,TIBAITATA - AUT [21206990],HUM RELATIVA,Humedad relativa del aire a 2 metros media diaria,2020-02-21 00:00,%,82.3541666666667,Preliminar
21206990,TIBAITATA - AUT [21206990],HUM RELATIVA,Humedad relativa del aire a 2 metros media diaria,2020-02-22 00:00,%,85.1458333333333,Preliminar
21206990,TIBAITATA - AUT [21206990],HUM RELATIVA,Humedad relativa del aire a 2 metros media diaria,2020-02-23 00:00,%,90.8333333333333,Preliminar
21206990,TIBAITATA - AUT [21206990],HUM RELATIVA,Humedad relativa del aire a 2 metros media diaria,2020-02-24 00:00,%,86.625,Preliminar
21206990,TIBAITATA - AUT [21206990],HUM RELATIVA,Humedad relativa del aire a 2 metros media diaria,2020-02-25 00:00,%,84.0416666666667,Preliminar
21206990,TIBAITATA - AUT [21206990],HUM RELATIVA,Humedad relativa del aire a 2 metros media diaria,2020-02-26 00:00,%,84.2083333333333,Preliminar
21206990,TIBAITATA - AUT [21206990],HUM RELATIVA,Humedad relativa del aire a 2 metros media diaria,2020-02-27 00:00,%,81.125,Preliminar
21206990,TIBAITATA - AUT [21206990],HUM RELATIVA,Humedad relativa del aire a 2 metros media diaria,2020-02-28 00:00,%,80.5,Preliminar
21206990,TIBAITATA - AUT [21206990],HUM RELATIVA,Humedad relativa del aire a 2 metros media diaria,2020-02-29 00:00,%,81.1041666666667,Preliminar
21206990,TIBAITATA - AUT [21206990],HUM RELATIVA,Humedad relativa del aire a 2 metros media diaria,2020-03-01 00:00,%,80.1875,Preliminar
21206990,TIBAITATA - AUT [21206990],HUM RELATIVA,Humedad relativa del aire a 2 metros media diaria,2020-03-02 00:00,%,80.625,Preliminar
21206990,TIBAITATA - AUT [21206990],HUM RELATIVA,Humedad relativa del aire a 2 metros media diaria,2020-03-03 00:00,%,86.1041666666667,Preliminar
21206990,TIBAITATA - AUT [21206990],HUM RELATIVA,Humedad relativa del aire a 2 metros media diaria,2020-03-04 00:00,%,78.2708333333333,Preliminar
21206990,TIBAITATA - AUT [21206990],HUM RELATIVA,Humedad relativa del aire a 2 metros media diaria,2020-03-05 00:00,%,73.9791666666667,Preliminar
21206990,TIBAITATA - AUT [21206990],HUM RELATIVA,Humedad relativa del aire a 2 metros media diaria,2020-03-06 00:00,%,78.9166666666667,Preliminar
21206990,TIBAITATA - AUT [21206990],HUM RELATIVA,Humedad relativa del aire a 2 metros media diaria,2020-03-07 00:00,%,76.5833333333333,Preliminar
21206990,TIBAITATA - AUT [21206990],HUM RELATIVA,Humedad relativa del aire a 2 metros media diaria,2020-03-08 00:00,%,76.2916666666667,Preliminar
21206990,TIBAITATA - AUT [21206990],HUM RELATIVA,Humedad relativa del aire a 2 metros media diaria,2020-03-09 00:00,%,81.2291666666667,Preliminar
21206990,TIBAITATA - AUT [21206990],HUM RELATIVA,Humedad relativa del aire a 2 metros media diaria,2020-03-10 00:00,%,82.3125,Preliminar
21206990,TIBAITATA - AUT [21206990],HUM RELATIVA,Humedad relativa del aire a 2 metros media diaria,2020-03-11 00:00,%,82.125,Preliminar
21206990,TIBAITATA - AUT [21206990],HUM RELATIVA,Humedad relativa del aire a 2 metros media diaria,2020-03-12 00:00,%,81,Preliminar
21206990,TIBAITATA - AUT [21206990],HUM RELATIVA,Humedad relativa del aire a 2 metros media diaria,2020-03-13 00:00,%,84.6666666666667,Preliminar
21206990,TIBAITATA - AUT [21206990],HUM RELATIVA,Humedad relativa del aire a 2 metros media diaria,2020-03-14 00:00,%,85.3125,Preliminar
21206990,TIBAITATA - AUT [21206990],HUM RELATIVA,Humedad relativa del aire a 2 metros media diaria,2020-03-15 00:00,%,85.3958333333333,Preliminar
21206990,TIBAITATA - AUT [21206990],HUM RELATIVA,Humedad relativa del aire a 2 metros media diaria,2020-03-16 00:00,%,80.75,Preliminar
21206990,TIBAITATA - AUT [21206990],HUM RELATIVA,Humedad relativa del aire a 2 metros media diaria,2020-03-17 00:00,%,80.5833333333333,Preliminar
21206990,TIBAITATA - AUT [21206990],HUM RELATIVA,Humedad relativa del aire a 2 metros media diaria,2020-03-18 00:00,%,79.2916666666667,Preliminar
21206990,TIBAITATA - AUT [21206990],HUM RELATIVA,Humedad relativa del aire a 2 metros media diaria,2020-03-19 00:00,%,78.7291666666667,Preliminar
21206990,TIBAITATA - AUT [21206990],HUM RELATIVA,Humedad relativa del aire a 2 metros media diaria,2020-03-20 00:00,%,85.2708333333333,Preliminar
21206990,TIBAITATA - AUT [21206990],HUM RELATIVA,Humedad relativa del aire a 2 metros media diaria,2020-03-21 00:00,%,80.1875,Preliminar
21206990,TIBAITATA - AUT [21206990],HUM RELATIVA,Humedad relativa del aire a 2 metros media diaria,2020-03-22 00:00,%,81.625,Preliminar
21206990,TIBAITATA - AUT [21206990],HUM RELATIVA,Humedad relativa del aire a 2 metros media diaria,2020-03-23 00:00,%,78.6666666666667,Preliminar
21206990,TIBAITATA - AUT [21206990],HUM RELATIVA,Humedad relativa del aire a 2 metros media diaria,2020-03-24 00:00,%,87.3125,Preliminar
21206990,TIBAITATA - AUT [21206990],HUM RELATIVA,Humedad relativa del aire a 2 metros media diaria,2020-03-25 00:00,%,87.625,Preliminar
21206990,TIBAITATA - AUT [21206990],HUM RELATIVA,Humedad relativa del aire a 2 metros media diaria,2020-03-26 00:00,%,83.1458333333333,Preliminar
21206990,TIBAITATA - AUT [21206990],HUM RELATIVA,Humedad relativa del aire a 2 metros media diaria,2020-03-27 00:00,%,81.8333333333333,Preliminar
21206990,TIBAITATA - AUT [21206990],HUM RELATIVA,Humedad relativa del aire a 2 metros media diaria,2020-03-28 00:00,%,82.3571428571429,Preliminar
21206990,TIBAITATA - AUT [21206990],HUM RELATIVA,Humedad relativa del aire a 2 metros media diaria,2020-03-29 00:00,%,74.7105263157895,Preliminar
21206990,TIBAITATA - AUT [21206990],HUM RELATIVA,Humedad relativa del aire a 2 metros media diaria,2020-03-30 00:00,%,75.9583333333333,Preliminar
21206990,TIBAITATA - AUT [21206990],HUM RELATIVA,Humedad relativa del aire a 2 metros media diaria,2020-04-01 00:00,%,85.15625,Preliminar
21206990,TIBAITATA - AUT [21206990],HUM RELATIVA,Humedad relativa del aire a 2 metros media diaria,2020-04-02 00:00,%,79.3157894736842,Preliminar
21206990,TIBAITATA - AUT [21206990],HUM RELATIVA,Humedad relativa del aire a 2 metros media diaria,2020-04-03 00:00,%,69.8157894736842,Preliminar
21206990,TIBAITATA - AUT [21206990],HUM RELATIVA,Humedad relativa del aire a 2 metros media diaria,2020-04-05 00:00,%,69.1470588235294,Preliminar
21206990,TIBAITATA - AUT [21206990],HUM RELATIVA,Humedad relativa del aire a 2 metros media diaria,2020-04-09 00:00,%,73.5294117647059,Preliminar
21206990,TIBAITATA - AUT [21206990],HUM RELATIVA,Humedad relativa del aire a 2 metros media diaria,2020-04-10 00:00,%,75.75,Preliminar
21206990,TIBAITATA - AUT [21206990],HUM RELATIVA,Humedad relativa del aire a 2 metros media diaria,2020-04-11 00:00,%,76.6176470588235,Preliminar
21206990,TIBAITATA - AUT [21206990],HUM RELATIVA,Humedad relativa del aire a 2 metros media diaria,2020-04-12 00:00,%,67.6176470588235,Preliminar
21206990,TIBAITATA - AUT [21206990],HUM RELATIVA,Humedad relativa del aire a 2 metros media diaria,2020-04-13 00:00,%,70.7352941176471,Preliminar
21206990,TIBAITATA - AUT [21206990],HUM RELATIVA,Humedad relativa del aire a 2 metros media diaria,2020-04-14 00:00,%,75.8888888888889,Preliminar
21206990,TIBAITATA - AUT [21206990],HUM RELATIVA,Humedad relativa del aire a 2 metros media diaria,2020-04-15 00:00,%,80.4318181818182,Preliminar
21206990,TIBAITATA - AUT [21206990],HUM RELATIVA,Humedad relativa del aire a 2 metros media diaria,2020-04-16 00:00,%,84.0208333333333,Preliminar
21206990,TIBAITATA - AUT [21206990],HUM RELATIVA,Humedad relativa del aire a 2 metros media diaria,2020-04-17 00:00,%,81.3,Preliminar
21206990,TIBAITATA - AUT [21206990],HUM RELATIVA,Humedad relativa del aire a 2 metros media diaria,2020-04-18 00:00,%,79.3809523809524,Preliminar
21206990,TIBAITATA - AUT [21206990],HUM RELATIVA,Humedad relativa del aire a 2 metros media diaria,2020-04-19 00:00,%,82.675,Preliminar
21206990,TIBAITATA - AUT [21206990],HUM RELATIVA,Humedad relativa del aire a 2 metros media diaria,2020-04-20 00:00,%,79.8125,Preliminar
21206990,TIBAITATA - AUT [21206990],HUM RELATIVA,Humedad relativa del aire a 2 metros media diaria,2020-04-21 00:00,%,89.75,Preliminar
21206990,TIBAITATA - AUT [21206990],HUM RELATIVA,Humedad relativa del aire a 2 metros media diaria,2020-04-22 00:00,%,86.4,Preliminar
21206990,TIBAITATA - AUT [21206990],HUM RELATIVA,Humedad relativa del aire a 2 metros media diaria,2020-04-23 00:00,%,81.8157894736842,Preliminar
21206990,TIBAITATA - AUT [21206990],HUM RELATIVA,Humedad relativa del aire a 2 metros media diaria,2020-04-24 00:00,%,78.3333333333333,Preliminar
21206990,TIBAITATA - AUT [21206990],HUM RELATIVA,Humedad relativa del aire a 2 metros media diaria,2020-04-25 00:00,%,79.4047619047619,Preliminar
21206990,TIBAITATA - AUT [21206990],HUM RELATIVA,Humedad relativa del aire a 2 metros media diaria,2020-04-26 00:00,%,72.2708333333333,Preliminar
21206990,TIBAITATA - AUT [21206990],HUM RELATIVA,Humedad relativa del aire a 2 metros media diaria,2020-04-27 00:00,%,75.0208333333333,Preliminar
21206990,TIBAITATA - AUT [21206990],HUM RELATIVA,Humedad relativa del aire a 2 metros media diaria,2020-04-28 00:00,%,71.6111111111111,Preliminar
21206990,TIBAITATA - AUT [21206990],HUM RELATIVA,Humedad relativa del aire a 2 metros media diaria,2020-04-30 00:00,%,75.5,Preliminar
21206990,TIBAITATA - AUT [21206990],HUM RELATIVA,Humedad relativa del aire a 2 metros media diaria,2020-05-01 00:00,%,80.3529411764706,Preliminar
21206990,TIBAITATA - AUT [21206990],HUM RELATIVA,Humedad relativa del aire a 2 metros media diaria,2020-05-02 00:00,%,80.3,Preliminar
21206990,TIBAITATA - AUT [21206990],HUM RELATIVA,Humedad relativa del aire a 2 metros media diaria,2020-05-03 00:00,%,77.3947368421053,Preliminar
21206990,TIBAITATA - AUT [21206990],HUM RELATIVA,Humedad relativa del aire a 2 metros media diaria,2020-05-04 00:00,%,75.9047619047619,Preliminar
21206990,TIBAITATA - AUT [21206990],HUM RELATIVA,Humedad relativa del aire a 2 metros media diaria,2020-05-06 00:00,%,70.4117647058824,Preliminar
21206990,TIBAITATA - AUT [21206990],HUM RELATIVA,Humedad relativa del aire a 2 metros media diaria,2020-05-12 00:00,%,85.7058823529412,Preliminar
21206990,TIBAITATA - AUT [21206990],HUM RELATIVA,Humedad relativa del aire a 2 metros media diaria,2020-05-14 00:00,%,77.2352941176471,Preliminar
21206990,TIBAITATA - AUT [21206990],HUM RELATIVA,Humedad relativa del aire a 2 metros media diaria,2020-05-15 00:00,%,79.047619047619,Preliminar
21206990,TIBAITATA - AUT [21206990],HUM RELATIVA,Humedad relativa del aire a 2 metros media diaria,2020-05-16 00:00,%,69.4117647058824,Preliminar
21206990,TIBAITATA - AUT [21206990],HUM RELATIVA,Humedad relativa del aire a 2 metros media diaria,2020-05-18 00:00,%,69.84375,Preliminar
21206990,TIBAITATA - AUT [21206990],HUM RELATIVA,Humedad relativa del aire a 2 metros media diaria,2020-05-20 00:00,%,72.875,Preliminar
21206990,TIBAITATA - AUT [21206990],HUM RELATIVA,Humedad relativa del aire a 2 metros media diaria,2020-05-22 00:00,%,68.4375,Preliminar
21206990,TIBAITATA - AUT [21206990],HUM RELATIVA,Humedad relativa del aire a 2 metros media diaria,2020-05-23 00:00,%,73.2894736842105,Preliminar
21206990,TIBAITATA - AUT [21206990],HUM RELATIVA,Humedad relativa del aire a 2 metros media diaria,2020-05-25 00:00,%,69.5625,Preliminar
21206990,TIBAITATA - AUT [21206990],HUM RELATIVA,Humedad relativa del aire a 2 metros media diaria,2020-05-29 00:00,%,85.4583333333333,Preliminar
21206990,TIBAITATA - AUT [21206990],HUM RELATIVA,Humedad relativa del aire a 2 metros media diaria,2020-06-01 00:00,%,82.7058823529412,Preliminar
21206990,TIBAITATA - AUT [21206990],HUM RELATIVA,Humedad relativa del aire a 2 metros media diaria,2020-06-05 00:00,%,72.53125,Preliminar
21206990,TIBAITATA - AUT [21206990],HUM RELATIVA,Humedad relativa del aire a 2 metros media diaria,2020-06-06 00:00,%,82.21875,Preliminar
21206990,TIBAITATA - AUT [21206990],HUM RELATIVA,Humedad relativa del aire a 2 metros media diaria,2020-06-07 00:00,%,68.3125,Preliminar
21206990,TIBAITATA - AUT [21206990],HUM RELATIVA,Humedad relativa del aire a 2 metros media diaria,2020-06-10 00:00,%,82.5833333333333,Preliminar
21206990,TIBAITATA - AUT [21206990],HUM RELATIVA,Humedad relativa del aire a 2 metros media diaria,2020-06-14 00:00,%,78.78125,Preliminar
21206990,TIBAITATA - AUT [21206990],HUM RELATIVA,Humedad relativa del aire a 2 metros media diaria,2020-06-15 00:00,%,77.4375,Preliminar
21206990,TIBAITATA - AUT [21206990],HUM RELATIVA,Humedad relativa del aire a 2 metros media diaria,2020-06-18 00:00,%,90.625,Preliminar
21206990,TIBAITATA - AUT [21206990],HUM RELATIVA,Humedad relativa del aire a 2 metros media diaria,2020-06-19 00:00,%,71.25,Preliminar
21206990,TIBAITATA - AUT [21206990],HUM RELATIVA,Humedad relativa del aire a 2 metros media diaria,2020-06-25 00:00,%,67.9333333333333,Preliminar
21206990,TIBAITATA - AUT [21206990],HUM RELATIVA,Humedad relativa del aire a 2 metros media diaria,2020-06-26 00:00,%,70.28125,Preliminar
21206990,TIBAITATA - AUT [21206990],HUM RELATIVA,Humedad relativa del aire a 2 metros media diaria,2020-06-27 00:00,%,68.3529411764706,Preliminar
21206990,TIBAITATA - AUT [21206990],HUM RELATIVA,Humedad relativa del aire a 2 metros media diaria,2020-06-28 00:00,%,80.1,Preliminar
21206990,TIBAITATA - AUT [21206990],HUM RELATIVA,Humedad relativa del aire a 2 metros media diaria,2020-06-29 00:00,%,72.6666666666667,Preliminar
21206990,TIBAITATA - AUT [21206990],HUM RELATIVA,Humedad relativa del aire a 2 metros media diaria,2020-06-30 00:00,%,69.3,Preliminar
21206990,TIBAITATA - AUT [21206990],HUM RELATIVA,Humedad relativa del aire a 2 metros media diaria,2020-07-01 00:00,%,81.40625,Preliminar
21206990,TIBAITATA - AUT [21206990],HUM RELATIVA,Humedad relativa del aire a 2 metros media diaria,2020-07-02 00:00,%,81.2666666666667,Preliminar
21206990,TIBAITATA - AUT [21206990],HUM RELATIVA,Humedad relativa del aire a 2 metros media diaria,2020-07-07 00:00,%,77,Preliminar
21206990,TIBAITATA - AUT [21206990],HUM RELATIVA,Humedad relativa del aire a 2 metros media diaria,2020-07-14 00:00,%,64.7333333333333,Preliminar
21206990,TIBAITATA - AUT [21206990],HUM RELATIVA,Humedad relativa del aire a 2 metros media diaria,2021-02-20 00:00,%,83.0625,Preliminar
21206990,TIBAITATA - AUT [21206990],HUM RELATIVA,Humedad relativa del aire a 2 metros media diaria,2021-02-21 00:00,%,83.4375,Preliminar
21206990,TIBAITATA - AUT [21206990],HUM RELATIVA,Humedad relativa del aire a 2 metros media diaria,2021-02-22 00:00,%,81.7708333333333,Preliminar
21206990,TIBAITATA - AUT [21206990],HUM RELATIVA,Humedad relativa del aire a 2 metros media diaria,2021-02-23 00:00,%,76.1458333333333,Preliminar
21206990,TIBAITATA - AUT [21206990],HUM RELATIVA,Humedad relativa del aire a 2 metros media diaria,2021-02-24 00:00,%,80.8541666666667,Preliminar
21206990,TIBAITATA - AUT [21206990],HUM RELATIVA,Humedad relativa del aire a 2 metros media diaria,2021-02-25 00:00,%,81.5833333333333,Preliminar
21206990,TIBAITATA - AUT [21206990],HUM RELATIVA,Humedad relativa del aire a 2 metros media diaria,2021-02-26 00:00,%,83.7916666666667,Preliminar
21206990,TIBAITATA - AUT [21206990],HUM RELATIVA,Humedad relativa del aire a 2 metros media diaria,2021-02-27 00:00,%,89.2708333333333,Preliminar
21206990,TIBAITATA - AUT [21206990],HUM RELATIVA,Humedad relativa del aire a 2 metros media diaria,2021-03-31 00:00,%,76.195652173913,Preliminar
21206990,TIBAITATA - AUT [21206990],HUM RELATIVA,Humedad relativa del aire a 2 metros media diaria,2021-04-21 00:00,%,76.2272727272727,Preliminar
21206990,TIBAITATA - AUT [21206990],HUM RELATIVA,Humedad relativa del aire a 2 metros media diaria,2021-04-22 00:00,%,79.2291666666667,Preliminar
21206990,TIBAITATA - AUT [21206990],HUM RELATIVA,Humedad relativa del aire a 2 metros media diaria,2021-04-23 00:00,%,77.8958333333333,Preliminar
21206990,TIBAITATA - AUT [21206990],HUM RELATIVA,Humedad relativa del aire a 2 metros media diaria,2021-04-24 00:00,%,81.625,Preliminar
21206990,TIBAITATA - AUT [21206990],HUM RELATIVA,Humedad relativa del aire a 2 metros media diaria,2021-04-25 00:00,%,82.6458333333333,Preliminar
21206990,TIBAITATA - AUT [21206990],HUM RELATIVA,Humedad relativa del aire a 2 metros media diaria,2021-04-26 00:00,%,81.5454545454546,Preliminar
21206990,TIBAITATA - AUT [21206990],HUM RELATIVA,Humedad relativa del aire a 2 metros media diaria,2021-04-27 00:00,%,86.375,Preliminar
21206990,TIBAITATA - AUT [21206990],HUM RELATIVA,Humedad relativa del aire a 2 metros media diaria,2021-04-28 00:00,%,86.2083333333333,Preliminar
21206990,TIBAITATA - AUT [21206990],HUM RELATIVA,Humedad relativa del aire a 2 metros media diaria,2021-04-29 00:00,%,89.125,Preliminar
21206990,TIBAITATA - AUT [21206990],HUM RELATIVA,Humedad relativa del aire a 2 metros media diaria,2021-04-30 00:00,%,89.4583333333333,Preliminar
21206990,TIBAITATA - AUT [21206990],HUM RELATIVA,Humedad relativa del aire a 2 metros media diaria,2021-05-01 00:00,%,87.125,Preliminar
21206990,TIBAITATA - AUT [21206990],HUM RELATIVA,Humedad relativa del aire a 2 metros media diaria,2021-05-02 00:00,%,85.0227272727273,Preliminar
21206990,TIBAITATA - AUT [21206990],HUM RELATIVA,Humedad relativa del aire a 2 metros media diaria,2021-05-03 00:00,%,88.1041666666667,Preliminar
21206990,TIBAITATA - AUT [21206990],HUM RELATIVA,Humedad relativa del aire a 2 metros media diaria,2021-05-04 00:00,%,85.1875,Preliminar
21206990,TIBAITATA - AUT [21206990],HUM RELATIVA,Humedad relativa del aire a 2 metros media diaria,2021-05-05 00:00,%,86.8333333333333,Preliminar
21206990,TIBAITATA - AUT [21206990],HUM RELATIVA,Humedad relativa del aire a 2 metros media diaria,2021-05-06 00:00,%,83.75,Preliminar
21206990,TIBAITATA - AUT [21206990],HUM RELATIVA,Humedad relativa del aire a 2 metros media diaria,2021-05-07 00:00,%,81.9791666666667,Preliminar
21206990,TIBAITATA - AUT [21206990],HUM RELATIVA,Humedad relativa del aire a 2 metros media diaria,2021-05-08 00:00,%,88.2083333333333,Preliminar
21206990,TIBAITATA - AUT [21206990],HUM RELATIVA,Humedad relativa del aire a 2 metros media diaria,2021-05-09 00:00,%,81.6875,Preliminar
21206990,TIBAITATA - AUT [21206990],HUM RELATIVA,Humedad relativa del aire a 2 metros media diaria,2021-05-10 00:00,%,84.625,Preliminar
21206990,TIBAITATA - AUT [21206990],HUM RELATIVA,Humedad relativa del aire a 2 metros media diaria,2021-05-11 00:00,%,82.5625,Preliminar
21206990,TIBAITATA - AUT [21206990],HUM RELATIVA,Humedad relativa del aire a 2 metros media diaria,2021-05-12 00:00,%,76.9375,Preliminar
21206990,TIBAITATA - AUT [21206990],HUM RELATIVA,Humedad relativa del aire a 2 metros media diaria,2021-05-15 00:00,%,85.0454545454546,Preliminar
21206990,TIBAITATA - AUT [21206990],HUM RELATIVA,Humedad relativa del aire a 2 metros media diaria,2021-05-16 00:00,%,85.75,Preliminar
21206990,TIBAITATA - AUT [21206990],HUM RELATIVA,Humedad relativa del aire a 2 metros media diaria,2021-06-15 00:00,%,89.804347826087,Preliminar
21206990,TIBAITATA - AUT [21206990],HUM RELATIVA,Humedad relativa del aire a 2 metros media diaria,2021-07-13 00:00,%,77.4772727272727,Preliminar
21206990,TIBAITATA - AUT [21206990],HUM RELATIVA,Humedad relativa del aire a 2 metros media diaria,2021-07-14 00:00,%,80.4565217391304,Preliminar
21206990,TIBAITATA - AUT [21206990],HUM RELATIVA,Humedad relativa del aire a 2 metros media diaria,2021-07-27 00:00,%,86.625,Preliminar
21206990,TIBAITATA - AUT [21206990],HUM RELATIVA,Humedad relativa del aire a 2 metros media diaria,2021-07-28 00:00,%,81.9583333333333,Preliminar
21206990,TIBAITATA - AUT [21206990],HUM RELATIVA,Humedad relativa del aire a 2 metros media diaria,2021-07-29 00:00,%,78.125,Preliminar
21206990,TIBAITATA - AUT [21206990],HUM RELATIVA,Humedad relativa del aire a 2 metros media diaria,2021-07-30 00:00,%,80.8541666666667,Preliminar
21206990,TIBAITATA - AUT [21206990],HUM RELATIVA,Humedad relativa del aire a 2 metros media diaria,2021-07-31 00:00,%,74.9583333333333,Preliminar
21206990,TIBAITATA - AUT [21206990],HUM RELATIVA,Humedad relativa del aire a 2 metros media diaria,2021-08-01 00:00,%,76.1875,Preliminar
21206990,TIBAITATA - AUT [21206990],HUM RELATIVA,Humedad relativa del aire a 2 metros media diaria,2021-08-02 00:00,%,77.125,Preliminar
21206990,TIBAITATA - AUT [21206990],HUM RELATIVA,Humedad relativa del aire a 2 metros media diaria,2021-08-03 00:00,%,77.25,Preliminar
21206990,TIBAITATA - AUT [21206990],HUM RELATIVA,Humedad relativa del aire a 2 metros media diaria,2021-08-04 00:00,%,79.3636363636364,Preliminar
21206990,TIBAITATA - AUT [21206990],HUM RELATIVA,Humedad relativa del aire a 2 metros media diaria,2021-08-05 00:00,%,79.7708333333333,Preliminar
21206990,TIBAITATA - AUT [21206990],HUM RELATIVA,Humedad relativa del aire a 2 metros media diaria,2021-08-06 00:00,%,79.0625,Preliminar
21206990,TIBAITATA - AUT [21206990],HUM RELATIVA,Humedad relativa del aire a 2 metros media diaria,2021-08-07 00:00,%,85.125,Preliminar
21206990,TIBAITATA - AUT [21206990],HUM RELATIVA,Humedad relativa del aire a 2 metros media diaria,2021-08-08 00:00,%,88.9791666666667,Preliminar
21206990,TIBAITATA - AUT [21206990],HUM RELATIVA,Humedad relativa del aire a 2 metros media diaria,2021-08-09 00:00,%,83.5625,Preliminar
21206990,TIBAITATA - AUT [21206990],HUM RELATIVA,Humedad relativa del aire a 2 metros media diaria,2021-08-10 00:00,%,77.6041666666667,Preliminar
21206990,TIBAITATA - AUT [21206990],HUM RELATIVA,Humedad relativa del aire a 2 metros media diaria,2021-08-11 00:00,%,74.9791666666667,Preliminar
21206990,TIBAITATA - AUT [21206990],HUM RELATIVA,Humedad relativa del aire a 2 metros media diaria,2021-08-12 00:00,%,83.7083333333333,Preliminar
21206990,TIBAITATA - AUT [21206990],HUM RELATIVA,Humedad relativa del aire a 2 metros media diaria,2021-08-13 00:00,%,79.3636363636364,Preliminar
21206990,TIBAITATA - AUT [21206990],HUM RELATIVA,Humedad relativa del aire a 2 metros media diaria,2021-08-14 00:00,%,87.4375,Preliminar
21206990,TIBAITATA - AUT [21206990],HUM RELATIVA,Humedad relativa del aire a 2 metros media diaria,2021-08-15 00:00,%,85.4166666666667,Preliminar
21206990,TIBAITATA - AUT [21206990],HUM RELATIVA,Humedad relativa del aire a 2 metros media diaria,2021-08-16 00:00,%,87.6041666666667,Preliminar
21206990,TIBAITATA - AUT [21206990],HUM RELATIVA,Humedad relativa del aire a 2 metros media diaria,2021-08-17 00:00,%,89.7083333333333,Preliminar
21206990,TIBAITATA - AUT [21206990],HUM RELATIVA,Humedad relativa del aire a 2 metros media diaria,2021-08-18 00:00,%,82.7916666666667,Preliminar
21206990,TIBAITATA - AUT [21206990],HUM RELATIVA,Humedad relativa del aire a 2 metros media diaria,2021-08-19 00:00,%,84.5625,Preliminar
21206990,TIBAITATA - AUT [21206990],HUM RELATIVA,Humedad relativa del aire a 2 metros media diaria,2021-08-20 00:00,%,89.5,Preliminar
21206990,TIBAITATA - AUT [21206990],HUM RELATIVA,Humedad relativa del aire a 2 metros media diaria,2021-08-21 00:00,%,86.2083333333333,Preliminar
21206990,TIBAITATA - AUT [21206990],HUM RELATIVA,Humedad relativa del aire a 2 metros media diaria,2021-08-22 00:00,%,84.3541666666667,Preliminar
21206990,TIBAITATA - AUT [21206990],HUM RELATIVA,Humedad relativa del aire a 2 metros media diaria,2021-08-23 00:00,%,75.0952380952381,Preliminar
21206990,TIBAITATA - AUT [21206990],HUM RELATIVA,Humedad relativa del aire a 2 metros media diaria,2021-08-30 00:00,%,83.1666666666667,Preliminar
21206990,TIBAITATA - AUT [21206990],HUM RELATIVA,Humedad relativa del aire a 2 metros media diaria,2021-08-31 00:00,%,86.8541666666667,Preliminar
21206990,TIBAITATA - AUT [21206990],HUM RELATIVA,Humedad relativa del aire a 2 metros media diaria,2021-09-01 00:00,%,84.0625,Preliminar
21206990,TIBAITATA - AUT [21206990],HUM RELATIVA,Humedad relativa del aire a 2 metros media diaria,2021-09-02 00:00,%,81.2291666666667,Preliminar
21206990,TIBAITATA - AUT [21206990],HUM RELATIVA,Humedad relativa del aire a 2 metros media diaria,2021-09-03 00:00,%,78.1458333333333,Preliminar
21206990,TIBAITATA - AUT [21206990],HUM RELATIVA,Humedad relativa del aire a 2 metros media diaria,2021-09-04 00:00,%,81.5,Preliminar
21206990,TIBAITATA - AUT [21206990],HUM RELATIVA,Humedad relativa del aire a 2 metros media diaria,2021-09-05 00:00,%,82.7708333333333,Preliminar
21206990,TIBAITATA - AUT [21206990],HUM RELATIVA,Humedad relativa del aire a 2 metros media diaria,2021-09-06 00:00,%,86.8958333333333,Preliminar
21206990,TIBAITATA - AUT [21206990],HUM RELATIVA,Humedad relativa del aire a 2 metros media diaria,2021-09-07 00:00,%,84.1458333333333,Preliminar
21206990,TIBAITATA - AUT [21206990],HUM RELATIVA,Humedad relativa del aire a 2 metros media diaria,2021-09-08 00:00,%,81.6458333333333,Preliminar
21206990,TIBAITATA - AUT [21206990],HUM RELATIVA,Humedad relativa del aire a 2 metros media diaria,2021-09-09 00:00,%,78.5208333333333,Preliminar
21206990,TIBAITATA - AUT [21206990],HUM RELATIVA,Humedad relativa del aire a 2 metros media diaria,2021-09-10 00:00,%,79.8333333333333,Preliminar
21206990,TIBAITATA - AUT [21206990],HUM RELATIVA,Humedad relativa del aire a 2 metros media diaria,2021-09-11 00:00,%,80.1875,Preliminar
21206990,TIBAITATA - AUT [21206990],HUM RELATIVA,Humedad relativa del aire a 2 metros media diaria,2021-09-12 00:00,%,81.8333333333333,Preliminar
21206990,TIBAITATA - AUT [21206990],HUM RELATIVA,Humedad relativa del aire a 2 metros media diaria,2021-09-13 00:00,%,78.8958333333333,Preliminar
21206990,TIBAITATA - AUT [21206990],HUM RELATIVA,Humedad relativa del aire a 2 metros media diaria,2021-09-14 00:00,%,74.7916666666667,Preliminar
21206990,TIBAITATA - AUT [21206990],HUM RELATIVA,Humedad relativa del aire a 2 metros media diaria,2021-09-15 00:00,%,79.8541666666667,Preliminar
21206990,TIBAITATA - AUT [21206990],HUM RELATIVA,Humedad relativa del aire a 2 metros media diaria,2021-09-16 00:00,%,77.8333333333333,Preliminar
21206990,TIBAITATA - AUT [21206990],HUM RELATIVA,Humedad relativa del aire a 2 metros media diaria,2021-09-17 00:00,%,73.3541666666667,Preliminar
21206990,TIBAITATA - AUT [21206990],HUM RELATIVA,Humedad relativa del aire a 2 metros media diaria,2021-09-18 00:00,%,79.5,Preliminar
21206990,TIBAITATA - AUT [21206990],HUM RELATIVA,Humedad relativa del aire a 2 metros media diaria,2021-09-19 00:00,%,80.7708333333333,Preliminar
21206990,TIBAITATA - AUT [21206990],HUM RELATIVA,Humedad relativa del aire a 2 metros media diaria,2021-09-20 00:00,%,84.25,Preliminar
21206990,TIBAITATA - AUT [21206990],HUM RELATIVA,Humedad relativa del aire a 2 metros media diaria,2021-09-21 00:00,%,84.7916666666667,Preliminar
21206990,TIBAITATA - AUT [21206990],HUM RELATIVA,Humedad relativa del aire a 2 metros media diaria,2021-09-22 00:00,%,87.6458333333333,Preliminar
21206990,TIBAITATA - AUT [21206990],HUM RELATIVA,Humedad relativa del aire a 2 metros media diaria,2021-09-23 00:00,%,82.5625,Preliminar
21206990,TIBAITATA - AUT [21206990],HUM RELATIVA,Humedad relativa del aire a 2 metros media diaria,2021-09-24 00:00,%,76.3636363636364,Preliminar
21206990,TIBAITATA - AUT [21206990],HUM RELATIVA,Humedad relativa del aire a 2 metros media diaria,2021-09-25 00:00,%,72.2291666666667,Preliminar
21206990,TIBAITATA - AUT [21206990],HUM RELATIVA,Humedad relativa del aire a 2 metros media diaria,2021-09-26 00:00,%,70.6041666666667,Preliminar
21206990,TIBAITATA - AUT [21206990],HUM RELATIVA,Humedad relativa del aire a 2 metros media diaria,2021-09-27 00:00,%,74.625,Preliminar
21206990,TIBAITATA - AUT [21206990],HUM RELATIVA,Humedad relativa del aire a 2 metros media diaria,2021-09-28 00:00,%,78.7083333333333,Preliminar
21206990,TIBAITATA - AUT [21206990],HUM RELATIVA,Humedad relativa del aire a 2 metros media diaria,2021-09-29 00:00,%,87.1041666666667,Preliminar
21206990,TIBAITATA - AUT [21206990],HUM RELATIVA,Humedad relativa del aire a 2 metros media diaria,2021-09-30 00:00,%,91.3125,Preliminar
21206990,TIBAITATA - AUT [21206990],HUM RELATIVA,Humedad relativa del aire a 2 metros media diaria,2021-10-01 00:00,%,83.0625,Preliminar
21206990,TIBAITATA - AUT [21206990],HUM RELATIVA,Humedad relativa del aire a 2 metros media diaria,2021-10-02 00:00,%,81.2916666666667,Preliminar
21206990,TIBAITATA - AUT [21206990],HUM RELATIVA,Humedad relativa del aire a 2 metros media diaria,2021-10-03 00:00,%,84.1041666666667,Preliminar
21206990,TIBAITATA - AUT [21206990],HUM RELATIVA,Humedad relativa del aire a 2 metros media diaria,2021-10-04 00:00,%,83.5833333333333,Preliminar
21206990,TIBAITATA - AUT [21206990],HUM RELATIVA,Humedad relativa del aire a 2 metros media diaria,2021-10-05 00:00,%,83.8958333333333,Preliminar
21206990,TIBAITATA - AUT [21206990],HUM RELATIVA,Humedad relativa del aire a 2 metros media diaria,2021-10-06 00:00,%,82.1458333333333,Preliminar
21206990,TIBAITATA - AUT [21206990],HUM RELATIVA,Humedad relativa del aire a 2 metros media diaria,2021-10-07 00:00,%,76.5625,Preliminar
21206990,TIBAITATA - AUT [21206990],HUM RELATIVA,Humedad relativa del aire a 2 metros media diaria,2021-10-08 00:00,%,79.25,Preliminar
21206990,TIBAITATA - AUT [21206990],HUM RELATIVA,Humedad relativa del aire a 2 metros media diaria,2021-10-09 00:00,%,85.3125,Preliminar
21206990,TIBAITATA - AUT [21206990],HUM RELATIVA,Humedad relativa del aire a 2 metros media diaria,2021-10-10 00:00,%,85,Preliminar
21206990,TIBAITATA - AUT [21206990],HUM RELATIVA,Humedad relativa del aire a 2 metros media diaria,2021-10-11 00:00,%,88.125,Preliminar
21206990,TIBAITATA - AUT [21206990],HUM RELATIVA,Humedad relativa del aire a 2 metros media diaria,2021-10-12 00:00,%,79.0208333333333,Preliminar
21206990,TIBAITATA - AUT [21206990],HUM RELATIVA,Humedad relativa del aire a 2 metros media diaria,2021-10-13 00:00,%,82.7708333333333,Preliminar
21206990,TIBAITATA - AUT [21206990],HUM RELATIVA,Humedad relativa del aire a 2 metros media diaria,2021-10-14 00:00,%,85.8958333333333,Preliminar
21206990,TIBAITATA - AUT [21206990],HUM RELATIVA,Humedad relativa del aire a 2 metros media diaria,2021-10-15 00:00,%,82.9791666666667,Preliminar
21206990,TIBAITATA - AUT [21206990],HUM RELATIVA,Humedad relativa del aire a 2 metros media diaria,2021-10-16 00:00,%,87.6875,Preliminar
21206990,TIBAITATA - AUT [21206990],HUM RELATIVA,Humedad relativa del aire a 2 metros media diaria,2021-10-17 00:00,%,83.4375,Preliminar
21206990,TIBAITATA - AUT [21206990],HUM RELATIVA,Humedad relativa del aire a 2 metros media diaria,2021-10-18 00:00,%,84.4791666666667,Preliminar
21206990,TIBAITATA - AUT [21206990],HUM RELATIVA,Humedad relativa del aire a 2 metros media diaria,2021-10-19 00:00,%,80.7916666666667,Preliminar
21206990,TIBAITATA - AUT [21206990],HUM RELATIVA,Humedad relativa del aire a 2 metros media diaria,2021-10-20 00:00,%,83.9583333333333,Preliminar
21206990,TIBAITATA - AUT [21206990],HUM RELATIVA,Humedad relativa del aire a 2 metros media diaria,2021-10-21 00:00,%,89.6666666666667,Preliminar
21206990,TIBAITATA - AUT [21206990],HUM RELATIVA,Humedad relativa del aire a 2 metros media diaria,2021-10-22 00:00,%,88.4375,Preliminar
21206990,TIBAITATA - AUT [21206990],HUM RELATIVA,Humedad relativa del aire a 2 metros media diaria,2021-10-23 00:00,%,86.1875,Preliminar
21206990,TIBAITATA - AUT [21206990],HUM RELATIVA,Humedad relativa del aire a 2 metros media diaria,2021-10-24 00:00,%,86.9791666666667,Preliminar
21206990,TIBAITATA - AUT [21206990],HUM RELATIVA,Humedad relativa del aire a 2 metros media diaria,2021-10-25 00:00,%,89.6041666666667,Preliminar
21206990,TIBAITATA - AUT [21206990],HUM RELATIVA,Humedad relativa del aire a 2 metros media diaria,2021-10-26 00:00,%,85.8541666666667,Preliminar
21206990,TIBAITATA - AUT [21206990],HUM RELATIVA,Humedad relativa del aire a 2 metros media diaria,2021-10-27 00:00,%,88.0833333333333,Preliminar
21206990,TIBAITATA - AUT [21206990],HUM RELATIVA,Humedad relativa del aire a 2 metros media diaria,2021-10-28 00:00,%,83.6041666666667,Preliminar
21206990,TIBAITATA - AUT [21206990],HUM RELATIVA,Humedad relativa del aire a 2 metros media diaria,2021-10-29 00:00,%,85.6818181818182,Preliminar
21206990,TIBAITATA - AUT [21206990],HUM RELATIVA,Humedad relativa del aire a 2 metros media diaria,2021-10-30 00:00,%,86.5625,Preliminar
21206990,TIBAITATA - AUT [21206990],HUM RELATIVA,Humedad relativa del aire a 2 metros media diaria,2021-10-31 00:00,%,86.3333333333333,Preliminar
21206990,TIBAITATA - AUT [21206990],HUM RELATIVA,Humedad relativa del aire a 2 metros media diaria,2021-11-01 00:00,%,86.7916666666667,Preliminar
21206990,TIBAITATA - AUT [21206990],HUM RELATIVA,Humedad relativa del aire a 2 metros media diaria,2021-11-02 00:00,%,84.4375,Preliminar
21206990,TIBAITATA - AUT [21206990],HUM RELATIVA,Humedad relativa del aire a 2 metros media diaria,2021-11-03 00:00,%,87.5416666666667,Preliminar
21206990,TIBAITATA - AUT [21206990],HUM RELATIVA,Humedad relativa del aire a 2 metros media diaria,2021-11-04 00:00,%,87.875,Preliminar
21206990,TIBAITATA - AUT [21206990],HUM RELATIVA,Humedad relativa del aire a 2 metros media diaria,2021-11-05 00:00,%,88.2291666666667,Preliminar
21206990,TIBAITATA - AUT [21206990],HUM RELATIVA,Humedad relativa del aire a 2 metros media diaria,2021-11-06 00:00,%,80.6041666666667,Preliminar
21206990,TIBAITATA - AUT [21206990],HUM RELATIVA,Humedad relativa del aire a 2 metros media diaria,2021-11-07 00:00,%,82.75,Preliminar
21206990,TIBAITATA - AUT [21206990],HUM RELATIVA,Humedad relativa del aire a 2 metros media diaria,2021-11-08 00:00,%,89.125,Preliminar
21206990,TIBAITATA - AUT [21206990],HUM RELATIVA,Humedad relativa del aire a 2 metros media diaria,2021-11-09 00:00,%,85.8541666666667,Preliminar
21206990,TIBAITATA - AUT [21206990],HUM RELATIVA,Humedad relativa del aire a 2 metros media diaria,2021-11-10 00:00,%,88.9166666666667,Preliminar
21206990,TIBAITATA - AUT [21206990],HUM RELATIVA,Humedad relativa del aire a 2 metros media diaria,2021-11-11 00:00,%,85.375,Preliminar
21206990,TIBAITATA - AUT [21206990],HUM RELATIVA,Humedad relativa del aire a 2 metros media diaria,2021-11-12 00:00,%,81.8863636363636,Preliminar
21206990,TIBAITATA - AUT [21206990],HUM RELATIVA,Humedad relativa del aire a 2 metros media diaria,2021-11-13 00:00,%,80.75,Preliminar
21206990,TIBAITATA - AUT [21206990],HUM RELATIVA,Humedad relativa del aire a 2 metros media diaria,2021-11-14 00:00,%,84.4791666666667,Preliminar
21206990,TIBAITATA - AUT [21206990],HUM RELATIVA,Humedad relativa del aire a 2 metros media diaria,2021-11-15 00:00,%,86.375,Preliminar
21206990,TIBAITATA - AUT [21206990],HUM RELATIVA,Humedad relativa del aire a 2 metros media diaria,2021-11-16 00:00,%,85.2727272727273,Preliminar
21206990,TIBAITATA - AUT [21206990],HUM RELATIVA,Humedad relativa del aire a 2 metros media diaria,2021-11-17 00:00,%,83.5208333333333,Preliminar
21206990,TIBAITATA - AUT [21206990],HUM RELATIVA,Humedad relativa del aire a 2 metros media diaria,2021-11-18 00:00,%,83.0625,Preliminar
21206990,TIBAITATA - AUT [21206990],HUM RELATIVA,Humedad relativa del aire a 2 metros media diaria,2021-11-19 00:00,%,83.1041666666667,Preliminar
21206990,TIBAITATA - AUT [21206990],HUM RELATIVA,Humedad relativa del aire a 2 metros media diaria,2021-11-20 00:00,%,86.1041666666667,Preliminar
21206990,TIBAITATA - AUT [21206990],HUM RELATIVA,Humedad relativa del aire a 2 metros media diaria,2021-11-21 00:00,%,84.875,Preliminar
21206990,TIBAITATA - AUT [21206990],HUM RELATIVA,Humedad relativa del aire a 2 metros media diaria,2021-11-22 00:00,%,86.5416666666667,Preliminar
21206990,TIBAITATA - AUT [21206990],HUM RELATIVA,Humedad relativa del aire a 2 metros media diaria,2021-11-23 00:00,%,91.6875,Preliminar
21206990,TIBAITATA - AUT [21206990],HUM RELATIVA,Humedad relativa del aire a 2 metros media diaria,2021-11-24 00:00,%,90.0625,Preliminar
21206990,TIBAITATA - AUT [21206990],HUM RELATIVA,Humedad relativa del aire a 2 metros media diaria,2021-11-25 00:00,%,89.9545454545454,Preliminar
21206990,TIBAITATA - AUT [21206990],HUM RELATIVA,Humedad relativa del aire a 2 metros media diaria,2021-11-26 00:00,%,90.4583333333333,Preliminar
21206990,TIBAITATA - AUT [21206990],HUM RELATIVA,Humedad relativa del aire a 2 metros media diaria,2021-11-27 00:00,%,84.9583333333333,Preliminar
21206990,TIBAITATA - AUT [21206990],HUM RELATIVA,Humedad relativa del aire a 2 metros media diaria,2021-11-28 00:00,%,82.8125,Preliminar
21206990,TIBAITATA - AUT [21206990],HUM RELATIVA,Humedad relativa del aire a 2 metros media diaria,2021-11-29 00:00,%,83.625,Preliminar
21206990,TIBAITATA - AUT [21206990],HUM RELATIVA,Humedad relativa del aire a 2 metros media diaria,2021-11-30 00:00,%,81.125,Preliminar
21206990,TIBAITATA - AUT [21206990],HUM RELATIVA,Humedad relativa del aire a 2 metros media diaria,2021-12-01 00:00,%,85.8958333333333,Preliminar
21206990,TIBAITATA - AUT [21206990],HUM RELATIVA,Humedad relativa del aire a 2 metros media diaria,2021-12-02 00:00,%,78.5,Preliminar
21206990,TIBAITATA - AUT [21206990],HUM RELATIVA,Humedad relativa del aire a 2 metros media diaria,2021-12-03 00:00,%,84.5,Preliminar
21206990,TIBAITATA - AUT [21206990],HUM RELATIVA,Humedad relativa del aire a 2 metros media diaria,2021-12-04 00:00,%,78.7916666666667,Preliminar
21206990,TIBAITATA - AUT [21206990],HUM RELATIVA,Humedad relativa del aire a 2 metros media diaria,2021-12-05 00:00,%,77.5416666666667,Preliminar
21206990,TIBAITATA - AUT [21206990],HUM RELATIVA,Humedad relativa del aire a 2 metros media diaria,2021-12-06 00:00,%,81.75,Preliminar
21206990,TIBAITATA - AUT [21206990],HUM RELATIVA,Humedad relativa del aire a 2 metros media diaria,2021-12-07 00:00,%,80.2083333333333,Preliminar
21206990,TIBAITATA - AUT [21206990],HUM RELATIVA,Humedad relativa del aire a 2 metros media diaria,2021-12-08 00:00,%,83.1875,Preliminar
21206990,TIBAITATA - AUT [21206990],HUM RELATIVA,Humedad relativa del aire a 2 metros media diaria,2021-12-09 00:00,%,82.5416666666667,Preliminar
21206990,TIBAITATA - AUT [21206990],HUM RELATIVA,Humedad relativa del aire a 2 metros media diaria,2021-12-10 00:00,%,83.4375,Preliminar
21206990,TIBAITATA - AUT [21206990],HUM RELATIVA,Humedad relativa del aire a 2 metros media diaria,2021-12-11 00:00,%,86.1458333333333,Preliminar
21206990,TIBAITATA - AUT [21206990],HUM RELATIVA,Humedad relativa del aire a 2 metros media diaria,2021-12-12 00:00,%,82.9791666666667,Preliminar
21206990,TIBAITATA - AUT [21206990],HUM RELATIVA,Humedad relativa del aire a 2 metros media diaria,2021-12-13 00:00,%,83.0833333333333,Preliminar
21206990,TIBAITATA - AUT [21206990],HUM RELATIVA,Humedad relativa del aire a 2 metros media diaria,2021-12-14 00:00,%,80.6818181818182,Preliminar
21206990,TIBAITATA - AUT [21206990],HUM RELATIVA,Humedad relativa del aire a 2 metros media diaria,2021-12-15 00:00,%,85.4375,Preliminar
21206990,TIBAITATA - AUT [21206990],HUM RELATIVA,Humedad relativa del aire a 2 metros media diaria,2021-12-16 00:00,%,82.375,Preliminar
21206990,TIBAITATA - AUT [21206990],HUM RELATIVA,Humedad relativa del aire a 2 metros media diaria,2021-12-17 00:00,%,82.9166666666667,Preliminar
21206990,TIBAITATA - AUT [21206990],HUM RELATIVA,Humedad relativa del aire a 2 metros media diaria,2021-12-18 00:00,%,84.9583333333333,Preliminar
21206990,TIBAITATA - AUT [21206990],HUM RELATIVA,Humedad relativa del aire a 2 metros media diaria,2021-12-19 00:00,%,84.5909090909091,Preliminar
21206990,TIBAITATA - AUT [21206990],HUM RELATIVA,Humedad relativa del aire a 2 metros media diaria,2021-12-20 00:00,%,83.75,Preliminar
21206990,TIBAITATA - AUT [21206990],HUM RELATIVA,Humedad relativa del aire a 2 metros media diaria,2021-12-21 00:00,%,81.875,Preliminar
21206990,TIBAITATA - AUT [21206990],HUM RELATIVA,Humedad relativa del aire a 2 metros media diaria,2021-12-22 00:00,%,81.375,Preliminar
21206990,TIBAITATA - AUT [21206990],HUM RELATIVA,Humedad relativa del aire a 2 metros media diaria,2021-12-23 00:00,%,83,Preliminar
21206990,TIBAITATA - AUT [21206990],HUM RELATIVA,Humedad relativa del aire a 2 metros media diaria,2021-12-24 00:00,%,84.4166666666667,Preliminar
21206990,TIBAITATA - AUT [21206990],HUM RELATIVA,Humedad relativa del aire a 2 metros media diaria,2021-12-25 00:00,%,80.4583333333333,Preliminar
21206990,TIBAITATA - AUT [21206990],HUM RELATIVA,Humedad relativa del aire a 2 metros media diaria,2021-12-26 00:00,%,73.75,Preliminar
21206990,TIBAITATA - AUT [21206990],HUM RELATIVA,Humedad relativa del aire a 2 metros media diaria,2021-12-27 00:00,%,84.3958333333333,Preliminar
21206990,TIBAITATA - AUT [21206990],HUM RELATIVA,Humedad relativa del aire a 2 metros media diaria,2021-12-28 00:00,%,84.0833333333333,Preliminar
21206990,TIBAITATA - AUT [21206990],HUM RELATIVA,Humedad relativa del aire a 2 metros media diaria,2021-12-29 00:00,%,84.9791666666667,Preliminar
21206990,TIBAITATA - AUT [21206990],HUM RELATIVA,Humedad relativa del aire a 2 metros media diaria,2021-12-30 00:00,%,78.0833333333333,Preliminar
21206990,TIBAITATA - AUT [21206990],HUM RELATIVA,Humedad relativa del aire a 2 metros media diaria,2021-12-31 00:00,%,75.5208333333333,Preliminar
21206990,TIBAITATA - AUT [21206990],HUM RELATIVA,Humedad relativa del aire a 2 metros media diaria,2022-01-01 00:00,%,79.625,Preliminar
21206990,TIBAITATA - AUT [21206990],HUM RELATIVA,Humedad relativa del aire a 2 metros media diaria,2022-01-02 00:00,%,81.3333333333333,Preliminar
21206990,TIBAITATA - AUT [21206990],HUM RELATIVA,Humedad relativa del aire a 2 metros media diaria,2022-02-03 00:00,%,79.5625,Preliminar
21206990,TIBAITATA - AUT [21206990],HUM RELATIVA,Humedad relativa del aire a 2 metros media diaria,2022-02-04 00:00,%,82.75,Preliminar
21206990,TIBAITATA - AUT [21206990],HUM RELATIVA,Humedad relativa del aire a 2 metros media diaria,2022-02-05 00:00,%,86.8125,Preliminar
21206990,TIBAITATA - AUT [21206990],HUM RELATIVA,Humedad relativa del aire a 2 metros media diaria,2022-02-06 00:00,%,86.3958333333333,Preliminar
21206990,TIBAITATA - AUT [21206990],HUM RELATIVA,Humedad relativa del aire a 2 metros media diaria,2022-02-07 00:00,%,85.6363636363636,Preliminar
21206990,TIBAITATA - AUT [21206990],HUM RELATIVA,Humedad relativa del aire a 2 metros media diaria,2022-02-08 00:00,%,86.0208333333333,Preliminar
21206990,TIBAITATA - AUT [21206990],HUM RELATIVA,Humedad relativa del aire a 2 metros media diaria,2022-02-09 00:00,%,86.3958333333333,Preliminar
21206990,TIBAITATA - AUT [21206990],HUM RELATIVA,Humedad relativa del aire a 2 metros media diaria,2022-02-10 00:00,%,84.0625,Preliminar
21206990,TIBAITATA - AUT [21206990],HUM RELATIVA,Humedad relativa del aire a 2 metros media diaria,2022-02-11 00:00,%,83.1041666666667,Preliminar
21206990,TIBAITATA - AUT [21206990],HUM RELATIVA,Humedad relativa del aire a 2 metros media diaria,2022-02-12 00:00,%,81.3125,Preliminar
21206990,TIBAITATA - AUT [21206990],HUM RELATIVA,Humedad relativa del aire a 2 metros media diaria,2022-02-13 00:00,%,79.3409090909091,Preliminar
21206990,TIBAITATA - AUT [21206990],HUM RELATIVA,Humedad relativa del aire a 2 metros media diaria,2022-02-14 00:00,%,83.7708333333333,Preliminar
21206990,TIBAITATA - AUT [21206990],HUM RELATIVA,Humedad relativa del aire a 2 metros media diaria,2022-02-15 00:00,%,83.9565217391304,Preliminar
21206990,TIBAITATA - AUT [21206990],HUM RELATIVA,Humedad relativa del aire a 2 metros media diaria,2022-02-21 00:00,%,82.0416666666667,Preliminar
21206990,TIBAITATA - AUT [21206990],HUM RELATIVA,Humedad relativa del aire a 2 metros media diaria,2022-02-22 00:00,%,84.8125,Preliminar
21206990,TIBAITATA - AUT [21206990],HUM RELATIVA,Humedad relativa del aire a 2 metros media diaria,2022-02-23 00:00,%,80.9166666666667,Preliminar
21206990,TIBAITATA - AUT [21206990],HUM RELATIVA,Humedad relativa del aire a 2 metros media diaria,2022-02-24 00:00,%,82.9375,Preliminar
21206990,TIBAITATA - AUT [21206990],HUM RELATIVA,Humedad relativa del aire a 2 metros media diaria,2022-02-25 00:00,%,86.8333333333333,Preliminar
21206990,TIBAITATA - AUT [21206990],HUM RELATIVA,Humedad relativa del aire a 2 metros media diaria,2022-02-26 00:00,%,85.0208333333333,Preliminar
21206990,TIBAITATA - AUT [21206990],HUM RELATIVA,Humedad relativa del aire a 2 metros media diaria,2022-02-27 00:00,%,91,Preliminar
21206990,TIBAITATA - AUT [21206990],HUM RELATIVA,Humedad relativa del aire a 2 metros media diaria,2022-02-28 00:00,%,93.9375,Preliminar
21206990,TIBAITATA - AUT [21206990],HUM RELATIVA,Humedad relativa del aire a 2 metros media diaria,2022-03-01 00:00,%,85.7291666666667,Preliminar
21206990,TIBAITATA - AUT [21206990],HUM RELATIVA,Humedad relativa del aire a 2 metros media diaria,2022-03-02 00:00,%,85.1875,Preliminar
21206990,TIBAITATA - AUT [21206990],HUM RELATIVA,Humedad relativa del aire a 2 metros media diaria,2022-03-03 00:00,%,83.5625,Preliminar
21206990,TIBAITATA - AUT [21206990],HUM RELATIVA,Humedad relativa del aire a 2 metros media diaria,2022-03-04 00:00,%,85.1875,Preliminar
21206990,TIBAITATA - AUT [21206990],HUM RELATIVA,Humedad relativa del aire a 2 metros media diaria,2022-03-05 00:00,%,82.7916666666667,Preliminar
21206990,TIBAITATA - AUT [21206990],HUM RELATIVA,Humedad relativa del aire a 2 metros media diaria,2022-03-06 00:00,%,85.25,Preliminar
21206990,TIBAITATA - AUT [21206990],HUM RELATIVA,Humedad relativa del aire a 2 metros media diaria,2022-03-07 00:00,%,85.625,Preliminar
21206990,TIBAITATA - AUT [21206990],HUM RELATIVA,Humedad relativa del aire a 2 metros media diaria,2022-03-08 00:00,%,81.2083333333333,Preliminar
21206990,TIBAITATA - AUT [21206990],HUM RELATIVA,Humedad relativa del aire a 2 metros media diaria,2022-03-09 00:00,%,80.0625,Preliminar
21206990,TIBAITATA - AUT [21206990],HUM RELATIVA,Humedad relativa del aire a 2 metros media diaria,2022-03-10 00:00,%,83.2708333333333,Preliminar
21206990,TIBAITATA - AUT [21206990],HUM RELATIVA,Humedad relativa del aire a 2 metros media diaria,2022-03-11 00:00,%,85.3958333333333,Preliminar
21206990,TIBAITATA - AUT [21206990],HUM RELATIVA,Humedad relativa del aire a 2 metros media diaria,2022-03-12 00:00,%,86.7916666666667,Preliminar
21206990,TIBAITATA - AUT [21206990],HUM RELATIVA,Humedad relativa del aire a 2 metros media diaria,2022-03-13 00:00,%,84.125,Preliminar
21206990,TIBAITATA - AUT [21206990],HUM RELATIVA,Humedad relativa del aire a 2 metros media diaria,2022-03-14 00:00,%,88.4791666666667,Preliminar
21206990,TIBAITATA - AUT [21206990],HUM RELATIVA,Humedad relativa del aire a 2 metros media diaria,2022-03-15 00:00,%,88.0833333333333,Preliminar
21206990,TIBAITATA - AUT [21206990],HUM RELATIVA,Humedad relativa del aire a 2 metros media diaria,2022-03-16 00:00,%,84.75,Preliminar
21206990,TIBAITATA - AUT [21206990],HUM RELATIVA,Humedad relativa del aire a 2 metros media diaria,2022-03-17 00:00,%,82.34375,Preliminar
21206990,TIBAITATA - AUT [21206990],HUM RELATIVA,Humedad relativa del aire a 2 metros media diaria,2022-03-18 00:00,%,83.0526315789474,Preliminar
21206990,TIBAITATA - AUT [21206990],HUM RELATIVA,Humedad relativa del aire a 2 metros media diaria,2022-03-19 00:00,%,82.9375,Preliminar
21206990,TIBAITATA - AUT [21206990],HUM RELATIVA,Humedad relativa del aire a 2 metros media diaria,2022-03-20 00:00,%,86.8333333333333,Preliminar
21206990,TIBAITATA - AUT [21206990],HUM RELATIVA,Humedad relativa del aire a 2 metros media diaria,2022-03-21 00:00,%,84.8541666666667,Preliminar
21206990,TIBAITATA - AUT [21206990],HUM RELATIVA,Humedad relativa del aire a 2 metros media diaria,2022-03-22 00:00,%,83.0416666666667,Preliminar
21206990,TIBAITATA - AUT [21206990],HUM RELATIVA,Humedad relativa del aire a 2 metros media diaria,2022-03-23 00:00,%,84.7916666666667,Preliminar
21206990,TIBAITATA - AUT [21206990],HUM RELATIVA,Humedad relativa del aire a 2 metros media diaria,2022-03-24 00:00,%,80.2916666666667,Preliminar
21206990,TIBAITATA - AUT [21206990],HUM RELATIVA,Humedad relativa del aire a 2 metros media diaria,2022-03-25 00:00,%,81.8333333333333,Preliminar
21206990,TIBAITATA - AUT [21206990],HUM RELATIVA,Humedad relativa del aire a 2 metros media diaria,2022-03-26 00:00,%,83.8333333333333,Preliminar
21206990,TIBAITATA - AUT [21206990],HUM RELATIVA,Humedad relativa del aire a 2 metros media diaria,2022-03-27 00:00,%,81.3958333333333,Preliminar
21206990,TIBAITATA - AUT [21206990],HUM RELATIVA,Humedad relativa del aire a 2 metros media diaria,2022-03-28 00:00,%,77.6875,Preliminar
21206990,TIBAITATA - AUT [21206990],HUM RELATIVA,Humedad relativa del aire a 2 metros media diaria,2022-03-29 00:00,%,76.8125,Preliminar
21206990,TIBAITATA - AUT [21206990],HUM RELATIVA,Humedad relativa del aire a 2 metros media diaria,2022-03-30 00:00,%,81.625,Preliminar
21206990,TIBAITATA - AUT [21206990],HUM RELATIVA,Humedad relativa del aire a 2 metros media diaria,2022-03-31 00:00,%,80.0208333333333,Preliminar
21206990,TIBAITATA - AUT [21206990],HUM RELATIVA,Humedad relativa del aire a 2 metros media diaria,2022-04-01 00:00,%,79.9375,Preliminar
21206990,TIBAITATA - AUT [21206990],HUM RELATIVA,Humedad relativa del aire a 2 metros media diaria,2022-04-02 00:00,%,73.5416666666667,Preliminar
21206990,TIBAITATA - AUT [21206990],HUM RELATIVA,Humedad relativa del aire a 2 metros media diaria,2022-04-03 00:00,%,82.75,Preliminar
21206990,TIBAITATA - AUT [21206990],HUM RELATIVA,Humedad relativa del aire a 2 metros media diaria,2022-04-04 00:00,%,78.8958333333333,Preliminar
21206990,TIBAITATA - AUT [21206990],HUM RELATIVA,Humedad relativa del aire a 2 metros media diaria,2022-04-05 00:00,%,84.5625,Preliminar
21206990,TIBAITATA - AUT [21206990],HUM RELATIVA,Humedad relativa del aire a 2 metros media diaria,2022-04-06 00:00,%,78.8125,Preliminar
21206990,TIBAITATA - AUT [21206990],HUM RELATIVA,Humedad relativa del aire a 2 metros media diaria,2022-04-07 00:00,%,83.0416666666667,Preliminar
21206990,TIBAITATA - AUT [21206990],HUM RELATIVA,Humedad relativa del aire a 2 metros media diaria,2022-04-08 00:00,%,84.8333333333333,Preliminar
21206990,TIBAITATA - AUT [21206990],HUM RELATIVA,Humedad relativa del aire a 2 metros media diaria,2022-04-09 00:00,%,81.8541666666667,Preliminar
21206990,TIBAITATA - AUT [21206990],HUM RELATIVA,Humedad relativa del aire a 2 metros media diaria,2022-04-10 00:00,%,80.4375,Preliminar
21206990,TIBAITATA - AUT [21206990],HUM RELATIVA,Humedad relativa del aire a 2 metros media diaria,2022-04-11 00:00,%,80.1458333333333,Preliminar
21206990,TIBAITATA - AUT [21206990],HUM RELATIVA,Humedad relativa del aire a 2 metros media diaria,2022-04-12 00:00,%,72.8125,Preliminar
21206990,TIBAITATA - AUT [21206990],HUM RELATIVA,Humedad relativa del aire a 2 metros media diaria,2022-04-13 00:00,%,76,Preliminar
21206990,TIBAITATA - AUT [21206990],HUM RELATIVA,Humedad relativa del aire a 2 metros media diaria,2022-04-14 00:00,%,79.7291666666667,Preliminar
21206990,TIBAITATA - AUT [21206990],HUM RELATIVA,Humedad relativa del aire a 2 metros media diaria,2022-04-15 00:00,%,80.4791666666667,Preliminar
21206990,TIBAITATA - AUT [21206990],HUM RELATIVA,Humedad relativa del aire a 2 metros media diaria,2022-04-16 00:00,%,82.375,Preliminar
21206990,TIBAITATA - AUT [21206990],HUM RELATIVA,Humedad relativa del aire a 2 metros media diaria,2022-04-17 00:00,%,87.5,Preliminar
21206990,TIBAITATA - AUT [21206990],HUM RELATIVA,Humedad relativa del aire a 2 metros media diaria,2022-04-18 00:00,%,90.8958333333333,Preliminar
21206990,TIBAITATA - AUT [21206990],HUM RELATIVA,Humedad relativa del aire a 2 metros media diaria,2022-04-19 00:00,%,90.25,Preliminar
21206990,TIBAITATA - AUT [21206990],HUM RELATIVA,Humedad relativa del aire a 2 metros media diaria,2022-04-20 00:00,%,89.1458333333333,Preliminar
21206990,TIBAITATA - AUT [21206990],HUM RELATIVA,Humedad relativa del aire a 2 metros media diaria,2022-04-21 00:00,%,86.2916666666667,Preliminar
21206990,TIBAITATA - AUT [21206990],HUM RELATIVA,Humedad relativa del aire a 2 metros media diaria,2022-04-22 00:00,%,86.3541666666667,Preliminar
21206990,TIBAITATA - AUT [21206990],HUM RELATIVA,Humedad relativa del aire a 2 metros media diaria,2022-04-23 00:00,%,88.0833333333333,Preliminar
21206990,TIBAITATA - AUT [21206990],HUM RELATIVA,Humedad relativa del aire a 2 metros media diaria,2022-04-24 00:00,%,87.8958333333333,Preliminar
21206990,TIBAITATA - AUT [21206990],HUM RELATIVA,Humedad relativa del aire a 2 metros media diaria,2022-04-25 00:00,%,90.7291666666667,Preliminar
21206990,TIBAITATA - AUT [21206990],HUM RELATIVA,Humedad relativa del aire a 2 metros media diaria,2022-04-26 00:00,%,85.9583333333333,Preliminar
21206990,TIBAITATA - AUT [21206990],HUM RELATIVA,Humedad relativa del aire a 2 metros media diaria,2022-04-27 00:00,%,89.1875,Preliminar
21206990,TIBAITATA - AUT [21206990],HUM RELATIVA,Humedad relativa del aire a 2 metros media diaria,2022-04-28 00:00,%,92.7083333333333,Preliminar
21206990,TIBAITATA - AUT [21206990],HUM RELATIVA,Humedad relativa del aire a 2 metros media diaria,2022-04-29 00:00,%,87.1666666666667,Preliminar
21206990,TIBAITATA - AUT [21206990],HUM RELATIVA,Humedad relativa del aire a 2 metros media diaria,2022-04-30 00:00,%,84.1041666666667,Preliminar
21206990,TIBAITATA - AUT [21206990],HUM RELATIVA,Humedad relativa del aire a 2 metros media diaria,2022-05-01 00:00,%,78.2083333333333,Preliminar
21206990,TIBAITATA - AUT [21206990],HUM RELATIVA,Humedad relativa del aire a 2 metros media diaria,2022-05-02 00:00,%,81.3958333333333,Preliminar
21206990,TIBAITATA - AUT [21206990],HUM RELATIVA,Humedad relativa del aire a 2 metros media diaria,2022-05-03 00:00,%,77.25,Preliminar
21206990,TIBAITATA - AUT [21206990],HUM RELATIVA,Humedad relativa del aire a 2 metros media diaria,2022-05-04 00:00,%,77.0625,Preliminar
21206990,TIBAITATA - AUT [21206990],HUM RELATIVA,Humedad relativa del aire a 2 metros media diaria,2022-05-05 00:00,%,88.6666666666667,Preliminar
21206990,TIBAITATA - AUT [21206990],HUM RELATIVA,Humedad relativa del aire a 2 metros media diaria,2022-05-06 00:00,%,81.8958333333333,Preliminar
21206990,TIBAITATA - AUT [21206990],HUM RELATIVA,Humedad relativa del aire a 2 metros media diaria,2022-05-07 00:00,%,91.4791666666667,Preliminar
21206990,TIBAITATA - AUT [21206990],HUM RELATIVA,Humedad relativa del aire a 2 metros media diaria,2022-05-08 00:00,%,81.2916666666667,Preliminar
21206990,TIBAITATA - AUT [21206990],HUM RELATIVA,Humedad relativa del aire a 2 metros media diaria,2022-05-09 00:00,%,86.8541666666667,Preliminar
21206990,TIBAITATA - AUT [21206990],HUM RELATIVA,Humedad relativa del aire a 2 metros media diaria,2022-05-10 00:00,%,84.8541666666667,Preliminar
21206990,TIBAITATA - AUT [21206990],HUM RELATIVA,Humedad relativa del aire a 2 metros media diaria,2022-05-11 00:00,%,86.8125,Preliminar
21206990,TIBAITATA - AUT [21206990],HUM RELATIVA,Humedad relativa del aire a 2 metros media diaria,2022-05-12 00:00,%,86.0833333333333,Preliminar
21206990,TIBAITATA - AUT [21206990],HUM RELATIVA,Humedad relativa del aire a 2 metros media diaria,2022-05-13 00:00,%,86.5625,Preliminar
21206990,TIBAITATA - AUT [21206990],HUM RELATIVA,Humedad relativa del aire a 2 metros media diaria,2022-05-14 00:00,%,85.9791666666667,Preliminar
21206990,TIBAITATA - AUT [21206990],HUM RELATIVA,Humedad relativa del aire a 2 metros media diaria,2022-05-15 00:00,%,83.1041666666667,Preliminar
21206990,TIBAITATA - AUT [21206990],HUM RELATIVA,Humedad relativa del aire a 2 metros media diaria,2022-05-16 00:00,%,80.2291666666667,Preliminar
21206990,TIBAITATA - AUT [21206990],HUM RELATIVA,Humedad relativa del aire a 2 metros media diaria,2022-05-17 00:00,%,83.5833333333333,Preliminar
21206990,TIBAITATA - AUT [21206990],HUM RELATIVA,Humedad relativa del aire a 2 metros media diaria,2022-05-18 00:00,%,92.4791666666667,Preliminar
21206990,TIBAITATA - AUT [21206990],HUM RELATIVA,Humedad relativa del aire a 2 metros media diaria,2022-05-19 00:00,%,88.75,Preliminar
21206990,TIBAITATA - AUT [21206990],HUM RELATIVA,Humedad relativa del aire a 2 metros media diaria,2022-05-20 00:00,%,84.9166666666667,Preliminar
21206990,TIBAITATA - AUT [21206990],HUM RELATIVA,Humedad relativa del aire a 2 metros media diaria,2022-05-21 00:00,%,78.375,Preliminar
21206990,TIBAITATA - AUT [21206990],HUM RELATIVA,Humedad relativa del aire a 2 metros media diaria,2022-05-22 00:00,%,77.75,Preliminar
21206990,TIBAITATA - AUT [21206990],HUM RELATIVA,Humedad relativa del aire a 2 metros media diaria,2022-05-23 00:00,%,86.5,Preliminar
21206990,TIBAITATA - AUT [21206990],HUM RELATIVA,Humedad relativa del aire a 2 metros media diaria,2022-05-24 00:00,%,85.3125,Preliminar
21206990,TIBAITATA - AUT [21206990],HUM RELATIVA,Humedad relativa del aire a 2 metros media diaria,2022-05-25 00:00,%,80.8541666666667,Preliminar
21206990,TIBAITATA - AUT [21206990],HUM RELATIVA,Humedad relativa del aire a 2 metros media diaria,2022-05-26 00:00,%,86.75,Preliminar
21206990,TIBAITATA - AUT [21206990],HUM RELATIVA,Humedad relativa del aire a 2 metros media diaria,2022-05-27 00:00,%,78.3541666666667,Preliminar
21206990,TIBAITATA - AUT [21206990],HUM RELATIVA,Humedad relativa del aire a 2 metros media diaria,2022-05-28 00:00,%,80.3333333333333,Preliminar
21206990,TIBAITATA - AUT [21206990],HUM RELATIVA,Humedad relativa del aire a 2 metros media diaria,2022-05-29 00:00,%,88,Preliminar
21206990,TIBAITATA - AUT [21206990],HUM RELATIVA,Humedad relativa del aire a 2 metros media diaria,2022-05-30 00:00,%,81.0833333333333,Preliminar
21206990,TIBAITATA - AUT [21206990],HUM RELATIVA,Humedad relativa del aire a 2 metros media diaria,2022-05-31 00:00,%,84.9166666666667,Preliminar
21206990,TIBAITATA - AUT [21206990],HUM RELATIVA,Humedad relativa del aire a 2 metros media diaria,2022-06-01 00:00,%,80.4166666666667,Preliminar
21206990,TIBAITATA - AUT [21206990],HUM RELATIVA,Humedad relativa del aire a 2 metros media diaria,2022-06-02 00:00,%,83.5416666666667,Preliminar
21206990,TIBAITATA - AUT [21206990],HUM RELATIVA,Humedad relativa del aire a 2 metros media diaria,2022-06-03 00:00,%,90.4791666666667,Preliminar
21206990,TIBAITATA - AUT [21206990],HUM RELATIVA,Humedad relativa del aire a 2 metros media diaria,2022-06-04 00:00,%,92.2083333333333,Preliminar
21206990,TIBAITATA - AUT [21206990],HUM RELATIVA,Humedad relativa del aire a 2 metros media diaria,2022-06-05 00:00,%,85.4583333333333,Preliminar
21206990,TIBAITATA - AUT [21206990],HUM RELATIVA,Humedad relativa del aire a 2 metros media diaria,2022-06-06 00:00,%,88.4791666666667,Preliminar
21206990,TIBAITATA - AUT [21206990],HUM RELATIVA,Humedad relativa del aire a 2 metros media diaria,2022-06-07 00:00,%,86.1875,Preliminar
21206990,TIBAITATA - AUT [21206990],HUM RELATIVA,Humedad relativa del aire a 2 metros media diaria,2022-06-08 00:00,%,88.8333333333333,Preliminar
21206990,TIBAITATA - AUT [21206990],HUM RELATIVA,Humedad relativa del aire a 2 metros media diaria,2022-06-09 00:00,%,92.3125,Preliminar
21206990,TIBAITATA - AUT [21206990],HUM RELATIVA,Humedad relativa del aire a 2 metros media diaria,2022-06-10 00:00,%,84.6458333333333,Preliminar
21206990,TIBAITATA - AUT [21206990],HUM RELATIVA,Humedad relativa del aire a 2 metros media diaria,2022-06-11 00:00,%,86.7291666666667,Preliminar
21206990,TIBAITATA - AUT [21206990],HUM RELATIVA,Humedad relativa del aire a 2 metros media diaria,2022-06-12 00:00,%,87.3125,Preliminar
21206990,TIBAITATA - AUT [21206990],HUM RELATIVA,Humedad relativa del aire a 2 metros media diaria,2022-06-13 00:00,%,90.6875,Preliminar
21206990,TIBAITATA - AUT [21206990],HUM RELATIVA,Humedad relativa del aire a 2 metros media diaria,2022-06-14 00:00,%,86.8125,Preliminar
21206990,TIBAITATA - AUT [21206990],HUM RELATIVA,Humedad relativa del aire a 2 metros media diaria,2022-06-15 00:00,%,88.875,Preliminar
21206990,TIBAITATA - AUT [21206990],HUM RELATIVA,Humedad relativa del aire a 2 metros media diaria,2022-06-16 00:00,%,87.5416666666667,Preliminar
21206990,TIBAITATA - AUT [21206990],HUM RELATIVA,Humedad relativa del aire a 2 metros media diaria,2022-06-17 00:00,%,89.7291666666667,Preliminar
21206990,TIBAITATA - AUT [21206990],HUM RELATIVA,Humedad relativa del aire a 2 metros media diaria,2022-06-18 00:00,%,87.6666666666667,Preliminar
21206990,TIBAITATA - AUT [21206990],HUM RELATIVA,Humedad relativa del aire a 2 metros media diaria,2022-06-19 00:00,%,88.25,Preliminar
21206990,TIBAITATA - AUT [21206990],HUM RELATIVA,Humedad relativa del aire a 2 metros media diaria,2022-06-20 00:00,%,88.5,Preliminar
21206990,TIBAITATA - AUT [21206990],HUM RELATIVA,Humedad relativa del aire a 2 metros media diaria,2022-06-21 00:00,%,89.2083333333333,Preliminar
21206990,TIBAITATA - AUT [21206990],HUM RELATIVA,Humedad relativa del aire a 2 metros media diaria,2022-06-22 00:00,%,85.4375,Preliminar
21206990,TIBAITATA - AUT [21206990],HUM RELATIVA,Humedad relativa del aire a 2 metros media diaria,2022-06-23 00:00,%,86.8125,Preliminar
21206990,TIBAITATA - AUT [21206990],HUM RELATIVA,Humedad relativa del aire a 2 metros media diaria,2022-06-24 00:00,%,88.3125,Preliminar
21206990,TIBAITATA - AUT [21206990],HUM RELATIVA,Humedad relativa del aire a 2 metros media diaria,2022-06-25 00:00,%,86.5833333333333,Preliminar
21206990,TIBAITATA - AUT [21206990],HUM RELATIVA,Humedad relativa del aire a 2 metros media diaria,2022-06-26 00:00,%,91.0833333333333,Preliminar
21206990,TIBAITATA - AUT [21206990],HUM RELATIVA,Humedad relativa del aire a 2 metros media diaria,2022-06-27 00:00,%,88.2083333333333,Preliminar
21206990,TIBAITATA - AUT [21206990],HUM RELATIVA,Humedad relativa del aire a 2 metros media diaria,2022-06-28 00:00,%,86.125,Preliminar
21206990,TIBAITATA - AUT [21206990],HUM RELATIVA,Humedad relativa del aire a 2 metros media diaria,2022-06-29 00:00,%,90.1041666666667,Preliminar
21206990,TIBAITATA - AUT [21206990],HUM RELATIVA,Humedad relativa del aire a 2 metros media diaria,2022-06-30 00:00,%,88.4375,Preliminar
21206990,TIBAITATA - AUT [21206990],HUM RELATIVA,Humedad relativa del aire a 2 metros media diaria,2022-07-01 00:00,%,83.7291666666667,Preliminar
21206990,TIBAITATA - AUT [21206990],HUM RELATIVA,Humedad relativa del aire a 2 metros media diaria,2022-07-02 00:00,%,84.0625,Preliminar
21206990,TIBAITATA - AUT [21206990],HUM RELATIVA,Humedad relativa del aire a 2 metros media diaria,2022-07-03 00:00,%,83.0625,Preliminar
21206990,TIBAITATA - AUT [21206990],HUM RELATIVA,Humedad relativa del aire a 2 metros media diaria,2022-07-04 00:00,%,83.5833333333333,Preliminar
21206990,TIBAITATA - AUT [21206990],HUM RELATIVA,Humedad relativa del aire a 2 metros media diaria,2022-07-05 00:00,%,80.4791666666667,Preliminar
21206990,TIBAITATA - AUT [21206990],HUM RELATIVA,Humedad relativa del aire a 2 metros media diaria,2022-07-06 00:00,%,77.75,Preliminar
21206990,TIBAITATA - AUT [21206990],HUM RELATIVA,Humedad relativa del aire a 2 metros media diaria,2022-07-07 00:00,%,82.5208333333333,Preliminar
21206990,TIBAITATA - AUT [21206990],HUM RELATIVA,Humedad relativa del aire a 2 metros media diaria,2022-07-08 00:00,%,88.125,Preliminar
21206990,TIBAITATA - AUT [21206990],HUM RELATIVA,Humedad relativa del aire a 2 metros media diaria,2022-07-09 00:00,%,79.75,Preliminar
21206990,TIBAITATA - AUT [21206990],HUM RELATIVA,Humedad relativa del aire a 2 metros media diaria,2022-07-10 00:00,%,79.4583333333333,Preliminar
21206990,TIBAITATA - AUT [21206990],HUM RELATIVA,Humedad relativa del aire a 2 metros media diaria,2022-07-11 00:00,%,84.25,Preliminar
21206990,TIBAITATA - AUT [21206990],HUM RELATIVA,Humedad relativa del aire a 2 metros media diaria,2022-07-12 00:00,%,82.75,Preliminar
21206990,TIBAITATA - AUT [21206990],HUM RELATIVA,Humedad relativa del aire a 2 metros media diaria,2022-07-13 00:00,%,79.7708333333333,Preliminar
21206990,TIBAITATA - AUT [21206990],HUM RELATIVA,Humedad relativa del aire a 2 metros media diaria,2022-07-14 00:00,%,77.2291666666667,Preliminar
21206990,TIBAITATA - AUT [21206990],HUM RELATIVA,Humedad relativa del aire a 2 metros media diaria,2022-07-15 00:00,%,83.7916666666667,Preliminar
21206990,TIBAITATA - AUT [21206990],HUM RELATIVA,Humedad relativa del aire a 2 metros media diaria,2022-07-16 00:00,%,83.2291666666667,Preliminar
21206990,TIBAITATA - AUT [21206990],HUM RELATIVA,Humedad relativa del aire a 2 metros media diaria,2022-07-17 00:00,%,82.4375,Preliminar
21206990,TIBAITATA - AUT [21206990],HUM RELATIVA,Humedad relativa del aire a 2 metros media diaria,2022-07-18 00:00,%,78.1666666666667,Preliminar
21206990,TIBAITATA - AUT [21206990],HUM RELATIVA,Humedad relativa del aire a 2 metros media diaria,2022-07-19 00:00,%,78.9166666666667,Preliminar
21206990,TIBAITATA - AUT [21206990],HUM RELATIVA,Humedad relativa del aire a 2 metros media diaria,2022-07-20 00:00,%,82.2083333333333,Preliminar
21206990,TIBAITATA - AUT [21206990],HUM RELATIVA,Humedad relativa del aire a 2 metros media diaria,2022-07-21 00:00,%,83.7291666666667,Preliminar
21206990,TIBAITATA - AUT [21206990],HUM RELATIVA,Humedad relativa del aire a 2 metros media diaria,2022-07-22 00:00,%,86.3541666666667,Preliminar
21206990,TIBAITATA - AUT [21206990],HUM RELATIVA,Humedad relativa del aire a 2 metros media diaria,2022-07-23 00:00,%,87.3958333333333,Preliminar
21206990,TIBAITATA - AUT [21206990],HUM RELATIVA,Humedad relativa del aire a 2 metros media diaria,2022-07-24 00:00,%,84.0625,Preliminar
21206990,TIBAITATA - AUT [21206990],HUM RELATIVA,Humedad relativa del aire a 2 metros media diaria,2022-07-25 00:00,%,85.1666666666667,Preliminar
21206990,TIBAITATA - AUT [21206990],HUM RELATIVA,Humedad relativa del aire a 2 metros media diaria,2022-07-26 00:00,%,88.8541666666667,Preliminar
21206990,TIBAITATA - AUT [21206990],HUM RELATIVA,Humedad relativa del aire a 2 metros media diaria,2022-07-27 00:00,%,87.8333333333333,Preliminar
21206990,TIBAITATA - AUT [21206990],HUM RELATIVA,Humedad relativa del aire a 2 metros media diaria,2022-07-28 00:00,%,88.25,Preliminar
21206990,TIBAITATA - AUT [21206990],HUM RELATIVA,Humedad relativa del aire a 2 metros media diaria,2022-07-29 00:00,%,85.2708333333333,Preliminar
21206990,TIBAITATA - AUT [21206990],HUM RELATIVA,Humedad relativa del aire a 2 metros media diaria,2022-07-30 00:00,%,85.4166666666667,Preliminar
21206990,TIBAITATA - AUT [21206990],HUM RELATIVA,Humedad relativa del aire a 2 metros media diaria,2022-07-31 00:00,%,80.7083333333333,Preliminar
21206990,TIBAITATA - AUT [21206990],HUM RELATIVA,Humedad relativa del aire a 2 metros media diaria,2022-08-01 00:00,%,81.5,Preliminar
21206990,TIBAITATA - AUT [21206990],HUM RELATIVA,Humedad relativa del aire a 2 metros media diaria,2022-08-02 00:00,%,85.1458333333333,Preliminar
21206990,TIBAITATA - AUT [21206990],HUM RELATIVA,Humedad relativa del aire a 2 metros media diaria,2022-08-03 00:00,%,80.375,Preliminar
21206990,TIBAITATA - AUT [21206990],HUM RELATIVA,Humedad relativa del aire a 2 metros media diaria,2022-08-04 00:00,%,82.2708333333333,Preliminar
21206990,TIBAITATA - AUT [21206990],HUM RELATIVA,Humedad relativa del aire a 2 metros media diaria,2022-08-05 00:00,%,87.125,Preliminar
21206990,TIBAITATA - AUT [21206990],HUM RELATIVA,Humedad relativa del aire a 2 metros media diaria,2022-08-06 00:00,%,82.9791666666667,Preliminar
21206990,TIBAITATA - AUT [21206990],HUM RELATIVA,Humedad relativa del aire a 2 metros media diaria,2022-08-07 00:00,%,78.875,Preliminar
21206990,TIBAITATA - AUT [21206990],HUM RELATIVA,Humedad relativa del aire a 2 metros media diaria,2022-08-08 00:00,%,73.2291666666667,Preliminar
21206990,TIBAITATA - AUT [21206990],HUM RELATIVA,Humedad relativa del aire a 2 metros media diaria,2022-08-09 00:00,%,82.4583333333333,Preliminar
21206990,TIBAITATA - AUT [21206990],HUM RELATIVA,Humedad relativa del aire a 2 metros media diaria,2022-08-10 00:00,%,82.4791666666667,Preliminar
21206990,TIBAITATA - AUT [21206990],HUM RELATIVA,Humedad relativa del aire a 2 metros media diaria,2022-08-11 00:00,%,74.8958333333333,Preliminar
21206990,TIBAITATA - AUT [21206990],HUM RELATIVA,Humedad relativa del aire a 2 metros media diaria,2022-08-12 00:00,%,85.5625,Preliminar
21206990,TIBAITATA - AUT [21206990],HUM RELATIVA,Humedad relativa del aire a 2 metros media diaria,2022-08-13 00:00,%,88.6458333333333,Preliminar
21206990,TIBAITATA - AUT [21206990],HUM RELATIVA,Humedad relativa del aire a 2 metros media diaria,2022-08-14 00:00,%,87.5625,Preliminar
21206990,TIBAITATA - AUT [21206990],HUM RELATIVA,Humedad relativa del aire a 2 metros media diaria,2022-08-15 00:00,%,79.5416666666667,Preliminar
21206990,TIBAITATA - AUT [21206990],HUM RELATIVA,Humedad relativa del aire a 2 metros media diaria,2022-08-16 00:00,%,84.375,Preliminar
21206990,TIBAITATA - AUT [21206990],HUM RELATIVA,Humedad relativa del aire a 2 metros media diaria,2022-08-17 00:00,%,72.625,Preliminar
21206990,TIBAITATA - AUT [21206990],HUM RELATIVA,Humedad relativa del aire a 2 metros media diaria,2022-08-18 00:00,%,75.0208333333333,Preliminar
21206990,TIBAITATA - AUT [21206990],HUM RELATIVA,Humedad relativa del aire a 2 metros media diaria,2022-08-19 00:00,%,77.2291666666667,Preliminar
21206990,TIBAITATA - AUT [21206990],HUM RELATIVA,Humedad relativa del aire a 2 metros media diaria,2022-08-20 00:00,%,86.9166666666667,Preliminar
21206990,TIBAITATA - AUT [21206990],HUM RELATIVA,Humedad relativa del aire a 2 metros media diaria,2022-08-21 00:00,%,84.5416666666667,Preliminar
21206990,TIBAITATA - AUT [21206990],HUM RELATIVA,Humedad relativa del aire a 2 metros media diaria,2022-08-22 00:00,%,80.9791666666667,Preliminar
21206990,TIBAITATA - AUT [21206990],HUM RELATIVA,Humedad relativa del aire a 2 metros media diaria,2022-08-23 00:00,%,79.9791666666667,Preliminar
21206990,TIBAITATA - AUT [21206990],HUM RELATIVA,Humedad relativa del aire a 2 metros media diaria,2022-08-24 00:00,%,76.2083333333333,Preliminar
21206990,TIBAITATA - AUT [21206990],HUM RELATIVA,Humedad relativa del aire a 2 metros media diaria,2022-08-25 00:00,%,77.2291666666667,Preliminar
21206990,TIBAITATA - AUT [21206990],HUM RELATIVA,Humedad relativa del aire a 2 metros media diaria,2022-08-26 00:00,%,84.5208333333333,Preliminar
21206990,TIBAITATA - AUT [21206990],HUM RELATIVA,Humedad relativa del aire a 2 metros media diaria,2022-08-27 00:00,%,84.1458333333333,Preliminar
21206990,TIBAITATA - AUT [21206990],HUM RELATIVA,Humedad relativa del aire a 2 metros media diaria,2022-08-28 00:00,%,77.6666666666667,Preliminar
21206990,TIBAITATA - AUT [21206990],HUM RELATIVA,Humedad relativa del aire a 2 metros media diaria,2022-08-29 00:00,%,85.6458333333333,Preliminar
21206990,TIBAITATA - AUT [21206990],HUM RELATIVA,Humedad relativa del aire a 2 metros media diaria,2022-08-30 00:00,%,81.3125,Preliminar
21206990,TIBAITATA - AUT [21206990],HUM RELATIVA,Humedad relativa del aire a 2 metros media diaria,2022-08-31 00:00,%,84.9791666666667,Preliminar
21206990,TIBAITATA - AUT [21206990],HUM RELATIVA,Humedad relativa del aire a 2 metros media diaria,2022-09-01 00:00,%,84.2708333333333,Preliminar
21206990,TIBAITATA - AUT [21206990],HUM RELATIVA,Humedad relativa del aire a 2 metros media diaria,2022-09-02 00:00,%,89.2291666666667,Preliminar
21206990,TIBAITATA - AUT [21206990],HUM RELATIVA,Humedad relativa del aire a 2 metros media diaria,2022-09-03 00:00,%,87.4166666666667,Preliminar
21206990,TIBAITATA - AUT [21206990],HUM RELATIVA,Humedad relativa del aire a 2 metros media diaria,2022-09-04 00:00,%,81.5833333333333,Preliminar
21206990,TIBAITATA - AUT [21206990],HUM RELATIVA,Humedad relativa del aire a 2 metros media diaria,2022-09-05 00:00,%,78.4791666666667,Preliminar
21206990,TIBAITATA - AUT [21206990],HUM RELATIVA,Humedad relativa del aire a 2 metros media diaria,2022-09-06 00:00,%,74.8541666666667,Preliminar
21206990,TIBAITATA - AUT [21206990],HUM RELATIVA,Humedad relativa del aire a 2 metros media diaria,2022-09-07 00:00,%,74.9166666666667,Preliminar
21206990,TIBAITATA - AUT [21206990],HUM RELATIVA,Humedad relativa del aire a 2 metros media diaria,2022-09-08 00:00,%,75.6041666666667,Preliminar
21206990,TIBAITATA - AUT [21206990],HUM RELATIVA,Humedad relativa del aire a 2 metros media diaria,2022-09-09 00:00,%,80.5208333333333,Preliminar
21206990,TIBAITATA - AUT [21206990],HUM RELATIVA,Humedad relativa del aire a 2 metros media diaria,2022-09-10 00:00,%,80.6666666666667,Preliminar
21206990,TIBAITATA - AUT [21206990],HUM RELATIVA,Humedad relativa del aire a 2 metros media diaria,2022-09-11 00:00,%,72.625,Preliminar
21206990,TIBAITATA - AUT [21206990],HUM RELATIVA,Humedad relativa del aire a 2 metros media diaria,2022-09-12 00:00,%,84.9791666666667,Preliminar
21206990,TIBAITATA - AUT [21206990],HUM RELATIVA,Humedad relativa del aire a 2 metros media diaria,2022-09-13 00:00,%,85.4791666666667,Preliminar
21206990,TIBAITATA - AUT [21206990],HUM RELATIVA,Humedad relativa del aire a 2 metros media diaria,2022-09-14 00:00,%,85.1666666666667,Preliminar
21206990,TIBAITATA - AUT [21206990],HUM RELATIVA,Humedad relativa del aire a 2 metros media diaria,2022-09-15 00:00,%,82.7708333333333,Preliminar
21206990,TIBAITATA - AUT [21206990],HUM RELATIVA,Humedad relativa del aire a 2 metros media diaria,2022-09-16 00:00,%,84.2083333333333,Preliminar
21206990,TIBAITATA - AUT [21206990],HUM RELATIVA,Humedad relativa del aire a 2 metros media diaria,2022-09-17 00:00,%,83.0208333333333,Preliminar
21206990,TIBAITATA - AUT [21206990],HUM RELATIVA,Humedad relativa del aire a 2 metros media diaria,2022-09-18 00:00,%,86.8958333333333,Preliminar
21206990,TIBAITATA - AUT [21206990],HUM RELATIVA,Humedad relativa del aire a 2 metros media diaria,2022-09-19 00:00,%,86.9791666666667,Preliminar
21206990,TIBAITATA - AUT [21206990],HUM RELATIVA,Humedad relativa del aire a 2 metros media diaria,2022-09-20 00:00,%,85.2291666666667,Preliminar
21206990,TIBAITATA - AUT [21206990],HUM RELATIVA,Humedad relativa del aire a 2 metros media diaria,2022-09-21 00:00,%,87.0625,Preliminar
21206990,TIBAITATA - AUT [21206990],HUM RELATIVA,Humedad relativa del aire a 2 metros media diaria,2022-09-22 00:00,%,87.5625,Preliminar
21206990,TIBAITATA - AUT [21206990],HUM RELATIVA,Humedad relativa del aire a 2 metros media diaria,2022-09-23 00:00,%,88,Preliminar
21206990,TIBAITATA - AUT [21206990],HUM RELATIVA,Humedad relativa del aire a 2 metros media diaria,2022-09-24 00:00,%,87.0208333333333,Preliminar
21206990,TIBAITATA - AUT [21206990],HUM RELATIVA,Humedad relativa del aire a 2 metros media diaria,2022-09-25 00:00,%,78.3541666666667,Preliminar
21206990,TIBAITATA - AUT [21206990],HUM RELATIVA,Humedad relativa del aire a 2 metros media diaria,2022-09-26 00:00,%,73.7291666666667,Preliminar
21206990,TIBAITATA - AUT [21206990],HUM RELATIVA,Humedad relativa del aire a 2 metros media diaria,2022-09-27 00:00,%,78.7083333333333,Preliminar
21206990,TIBAITATA - AUT [21206990],HUM RELATIVA,Humedad relativa del aire a 2 metros media diaria,2022-09-28 00:00,%,87.9583333333333,Preliminar
21206990,TIBAITATA - AUT [21206990],HUM RELATIVA,Humedad relativa del aire a 2 metros media diaria,2022-09-29 00:00,%,84.5416666666667,Preliminar
21206990,TIBAITATA - AUT [21206990],HUM RELATIVA,Humedad relativa del aire a 2 metros media diaria,2022-09-30 00:00,%,87,Preliminar
21206990,TIBAITATA - AUT [21206990],HUM RELATIVA,Humedad relativa del aire a 2 metros media diaria,2022-10-01 00:00,%,79.6041666666667,Preliminar
21206990,TIBAITATA - AUT [21206990],HUM RELATIVA,Humedad relativa del aire a 2 metros media diaria,2022-10-02 00:00,%,74.5208333333333,Preliminar
21206990,TIBAITATA - AUT [21206990],HUM RELATIVA,Humedad relativa del aire a 2 metros media diaria,2022-10-03 00:00,%,76.6875,Preliminar
21206990,TIBAITATA - AUT [21206990],HUM RELATIVA,Humedad relativa del aire a 2 metros media diaria,2022-10-04 00:00,%,82,Preliminar
21206990,TIBAITATA - AUT [21206990],HUM RELATIVA,Humedad relativa del aire a 2 metros media diaria,2022-10-05 00:00,%,87.5,Preliminar
21206990,TIBAITATA - AUT [21206990],HUM RELATIVA,Humedad relativa del aire a 2 metros media diaria,2022-10-06 00:00,%,86.4791666666667,Preliminar
21206990,TIBAITATA - AUT [21206990],HUM RELATIVA,Humedad relativa del aire a 2 metros media diaria,2022-10-07 00:00,%,83.5208333333333,Preliminar
21206990,TIBAITATA - AUT [21206990],HUM RELATIVA,Humedad relativa del aire a 2 metros media diaria,2022-10-08 00:00,%,79.9791666666667,Preliminar
21206990,TIBAITATA - AUT [21206990],HUM RELATIVA,Humedad relativa del aire a 2 metros media diaria,2022-10-09 00:00,%,80.25,Preliminar
21206990,TIBAITATA - AUT [21206990],HUM RELATIVA,Humedad relativa del aire a 2 metros media diaria,2022-10-10 00:00,%,78.25,Preliminar
21206990,TIBAITATA - AUT [21206990],HUM RELATIVA,Humedad relativa del aire a 2 metros media diaria,2022-10-11 00:00,%,80.1666666666667,Preliminar
21206990,TIBAITATA - AUT [21206990],HUM RELATIVA,Humedad relativa del aire a 2 metros media diaria,2022-10-12 00:00,%,82.1875,Preliminar
21206990,TIBAITATA - AUT [21206990],HUM RELATIVA,Humedad relativa del aire a 2 metros media diaria,2022-10-13 00:00,%,86.3125,Preliminar
21206990,TIBAITATA - AUT [21206990],HUM RELATIVA,Humedad relativa del aire a 2 metros media diaria,2022-10-14 00:00,%,86.8958333333333,Preliminar
21206990,TIBAITATA - AUT [21206990],HUM RELATIVA,Humedad relativa del aire a 2 metros media diaria,2022-10-15 00:00,%,86.8333333333333,Preliminar
21206990,TIBAITATA - AUT [21206990],HUM RELATIVA,Humedad relativa del aire a 2 metros media diaria,2022-10-16 00:00,%,86.0625,Preliminar
21206990,TIBAITATA - AUT [21206990],HUM RELATIVA,Humedad relativa del aire a 2 metros media diaria,2022-10-17 00:00,%,88.0416666666667,Preliminar
21206990,TIBAITATA - AUT [21206990],HUM RELATIVA,Humedad relativa del aire a 2 metros media diaria,2022-10-18 00:00,%,89.6458333333333,Preliminar
21206990,TIBAITATA - AUT [21206990],HUM RELATIVA,Humedad relativa del aire a 2 metros media diaria,2022-10-19 00:00,%,89.1041666666667,Preliminar
21206990,TIBAITATA - AUT [21206990],HUM RELATIVA,Humedad relativa del aire a 2 metros media diaria,2022-10-20 00:00,%,89.0625,Preliminar
21206990,TIBAITATA - AUT [21206990],HUM RELATIVA,Humedad relativa del aire a 2 metros media diaria,2022-10-21 00:00,%,87.1875,Preliminar
21206990,TIBAITATA - AUT [21206990],HUM RELATIVA,Humedad relativa del aire a 2 metros media diaria,2022-10-22 00:00,%,86.6666666666667,Preliminar
21206990,TIBAITATA - AUT [21206990],HUM RELATIVA,Humedad relativa del aire a 2 metros media diaria,2022-10-23 00:00,%,87.7916666666667,Preliminar
21206990,TIBAITATA - AUT [21206990],HUM RELATIVA,Humedad relativa del aire a 2 metros media diaria,2022-10-24 00:00,%,85.125,Preliminar
21206990,TIBAITATA - AUT [21206990],HUM RELATIVA,Humedad relativa del aire a 2 metros media diaria,2022-10-25 00:00,%,85.8541666666667,Preliminar
21206990,TIBAITATA - AUT [21206990],HUM RELATIVA,Humedad relativa del aire a 2 metros media diaria,2022-10-26 00:00,%,90.3541666666667,Preliminar
21206990,TIBAITATA - AUT [21206990],HUM RELATIVA,Humedad relativa del aire a 2 metros media diaria,2022-10-27 00:00,%,89.1041666666667,Preliminar
21206990,TIBAITATA - AUT [21206990],HUM RELATIVA,Humedad relativa del aire a 2 metros media diaria,2022-10-28 00:00,%,86.75,Preliminar
21206990,TIBAITATA - AUT [21206990],HUM RELATIVA,Humedad relativa del aire a 2 metros media diaria,2022-10-29 00:00,%,88.4791666666667,Preliminar
21206990,TIBAITATA - AUT [21206990],HUM RELATIVA,Humedad relativa del aire a 2 metros media diaria,2022-10-30 00:00,%,85.0208333333333,Preliminar
21206990,TIBAITATA - AUT [21206990],HUM RELATIVA,Humedad relativa del aire a 2 metros media diaria,2022-10-31 00:00,%,84.625,Preliminar
21206990,TIBAITATA - AUT [21206990],HUM RELATIVA,Humedad relativa del aire a 2 metros media diaria,2022-11-01 00:00,%,83.6041666666667,Preliminar
21206990,TIBAITATA - AUT [21206990],HUM RELATIVA,Humedad relativa del aire a 2 metros media diaria,2022-11-02 00:00,%,93.0625,Preliminar
21206990,TIBAITATA - AUT [21206990],HUM RELATIVA,Humedad relativa del aire a 2 metros media diaria,2022-11-03 00:00,%,83.1041666666667,Preliminar
21206990,TIBAITATA - AUT [21206990],HUM RELATIVA,Humedad relativa del aire a 2 metros media diaria,2022-11-04 00:00,%,85.1041666666667,Preliminar
21206990,TIBAITATA - AUT [21206990],HUM RELATIVA,Humedad relativa del aire a 2 metros media diaria,2022-11-05 00:00,%,88.3125,Preliminar
21206990,TIBAITATA - AUT [21206990],HUM RELATIVA,Humedad relativa del aire a 2 metros media diaria,2022-11-06 00:00,%,87.1875,Preliminar
21206990,TIBAITATA - AUT [21206990],HUM RELATIVA,Humedad relativa del aire a 2 metros media diaria,2022-11-07 00:00,%,83.0208333333333,Preliminar
21206990,TIBAITATA - AUT [21206990],HUM RELATIVA,Humedad relativa del aire a 2 metros media diaria,2022-11-08 00:00,%,85.2291666666667,Preliminar
21206990,TIBAITATA - AUT [21206990],HUM RELATIVA,Humedad relativa del aire a 2 metros media diaria,2022-11-09 00:00,%,88.4166666666667,Preliminar
21206990,TIBAITATA - AUT [21206990],HUM RELATIVA,Humedad relativa del aire a 2 metros media diaria,2022-11-10 00:00,%,88.9375,Preliminar
21206990,TIBAITATA - AUT [21206990],HUM RELATIVA,Humedad relativa del aire a 2 metros media diaria,2022-11-11 00:00,%,89.5833333333333,Preliminar
21206990,TIBAITATA - AUT [21206990],HUM RELATIVA,Humedad relativa del aire a 2 metros media diaria,2022-11-12 00:00,%,87.25,Preliminar
21206990,TIBAITATA - AUT [21206990],HUM RELATIVA,Humedad relativa del aire a 2 metros media diaria,2022-11-13 00:00,%,86.2708333333333,Preliminar
21206990,TIBAITATA - AUT [21206990],HUM RELATIVA,Humedad relativa del aire a 2 metros media diaria,2022-11-14 00:00,%,87.4166666666667,Preliminar
21206990,TIBAITATA - AUT [21206990],HUM RELATIVA,Humedad relativa del aire a 2 metros media diaria,2022-11-15 00:00,%,85.5416666666667,Preliminar
21206990,TIBAITATA - AUT [21206990],HUM RELATIVA,Humedad relativa del aire a 2 metros media diaria,2022-11-16 00:00,%,85.6875,Preliminar
21206990,TIBAITATA - AUT [21206990],HUM RELATIVA,Humedad relativa del aire a 2 metros media diaria,2022-11-17 00:00,%,86.5625,Preliminar
21206990,TIBAITATA - AUT [21206990],HUM RELATIVA,Humedad relativa del aire a 2 metros media diaria,2022-11-18 00:00,%,90.5208333333333,Preliminar
21206990,TIBAITATA - AUT [21206990],HUM RELATIVA,Humedad relativa del aire a 2 metros media diaria,2022-11-19 00:00,%,83.375,Preliminar
21206990,TIBAITATA - AUT [21206990],HUM RELATIVA,Humedad relativa del aire a 2 metros media diaria,2022-11-20 00:00,%,83.4375,Preliminar
21206990,TIBAITATA - AUT [21206990],HUM RELATIVA,Humedad relativa del aire a 2 metros media diaria,2022-11-21 00:00,%,86.9583333333333,Preliminar
21206990,TIBAITATA - AUT [21206990],HUM RELATIVA,Humedad relativa del aire a 2 metros media diaria,2022-11-22 00:00,%,83.5833333333333,Preliminar
21206990,TIBAITATA - AUT [21206990],HUM RELATIVA,Humedad relativa del aire a 2 metros media diaria,2022-11-23 00:00,%,85.9583333333333,Preliminar
21206990,TIBAITATA - AUT [21206990],HUM RELATIVA,Humedad relativa del aire a 2 metros media diaria,2022-11-24 00:00,%,87.0416666666667,Preliminar
21206990,TIBAITATA - AUT [21206990],HUM RELATIVA,Humedad relativa del aire a 2 metros media diaria,2022-11-25 00:00,%,86.25,Preliminar
21206990,TIBAITATA - AUT [21206990],HUM RELATIVA,Humedad relativa del aire a 2 metros media diaria,2022-11-26 00:00,%,86.2083333333333,Preliminar
21206990,TIBAITATA - AUT [21206990],HUM RELATIVA,Humedad relativa del aire a 2 metros media diaria,2022-11-27 00:00,%,89.7083333333333,Preliminar
21206990,TIBAITATA - AUT [21206990],HUM RELATIVA,Humedad relativa del aire a 2 metros media diaria,2022-11-28 00:00,%,89.3541666666667,Preliminar
21206990,TIBAITATA - AUT [21206990],HUM RELATIVA,Humedad relativa del aire a 2 metros media diaria,2022-11-29 00:00,%,88.1875,Preliminar
21206990,TIBAITATA - AUT [21206990],HUM RELATIVA,Humedad relativa del aire a 2 metros media diaria,2022-11-30 00:00,%,85.7083333333333,Preliminar
21206990,TIBAITATA - AUT [21206990],HUM RELATIVA,Humedad relativa del aire a 2 metros media diaria,2022-12-01 00:00,%,80.5625,Preliminar
21206990,TIBAITATA - AUT [21206990],HUM RELATIVA,Humedad relativa del aire a 2 metros media diaria,2022-12-02 00:00,%,82.8333333333333,Preliminar
21206990,TIBAITATA - AUT [21206990],HUM RELATIVA,Humedad relativa del aire a 2 metros media diaria,2022-12-03 00:00,%,85.1458333333333,Preliminar
21206990,TIBAITATA - AUT [21206990],HUM RELATIVA,Humedad relativa del aire a 2 metros media diaria,2022-12-04 00:00,%,84.5833333333333,Preliminar
21206990,TIBAITATA - AUT [21206990],HUM RELATIVA,Humedad relativa del aire a 2 metros media diaria,2022-12-05 00:00,%,86.5625,Preliminar
21206990,TIBAITATA - AUT [21206990],HUM RELATIVA,Humedad relativa del aire a 2 metros media diaria,2022-12-06 00:00,%,86.6666666666667,Preliminar
21206990,TIBAITATA - AUT [21206990],HUM RELATIVA,Humedad relativa del aire a 2 metros media diaria,2022-12-07 00:00,%,90.7916666666667,Preliminar
21206990,TIBAITATA - AUT [21206990],HUM RELATIVA,Humedad relativa del aire a 2 metros media diaria,2022-12-08 00:00,%,88.1666666666667,Preliminar
21206990,TIBAITATA - AUT [21206990],HUM RELATIVA,Humedad relativa del aire a 2 metros media diaria,2022-12-09 00:00,%,84.1875,Preliminar
21206990,TIBAITATA - AUT [21206990],HUM RELATIVA,Humedad relativa del aire a 2 metros media diaria,2022-12-10 00:00,%,88.625,Preliminar
21206990,TIBAITATA - AUT [21206990],HUM RELATIVA,Humedad relativa del aire a 2 metros media diaria,2022-12-11 00:00,%,84.375,Preliminar
21206990,TIBAITATA - AUT [21206990],HUM RELATIVA,Humedad relativa del aire a 2 metros media diaria,2022-12-12 00:00,%,86.2916666666667,Preliminar
21206990,TIBAITATA - AUT [21206990],HUM RELATIVA,Humedad relativa del aire a 2 metros media diaria,2022-12-13 00:00,%,86.0833333333333,Preliminar
21206990,TIBAITATA - AUT [21206990],HUM RELATIVA,Humedad relativa del aire a 2 metros media diaria,2022-12-14 00:00,%,79.5,Preliminar
21206990,TIBAITATA - AUT [21206990],HUM RELATIVA,Humedad relativa del aire a 2 metros media diaria,2022-12-15 00:00,%,79.7291666666667,Preliminar
21206990,TIBAITATA - AUT [21206990],HUM RELATIVA,Humedad relativa del aire a 2 metros media diaria,2022-12-16 00:00,%,83.5625,Preliminar
21206990,TIBAITATA - AUT [21206990],HUM RELATIVA,Humedad relativa del aire a 2 metros media diaria,2022-12-17 00:00,%,78.6666666666667,Preliminar
21206990,TIBAITATA - AUT [21206990],HUM RELATIVA,Humedad relativa del aire a 2 metros media diaria,2022-12-18 00:00,%,84.9791666666667,Preliminar
21206990,TIBAITATA - AUT [21206990],HUM RELATIVA,Humedad relativa del aire a 2 metros media diaria,2022-12-19 00:00,%,78.4375,Preliminar
21206990,TIBAITATA - AUT [21206990],HUM RELATIVA,Humedad relativa del aire a 2 metros media diaria,2022-12-20 00:00,%,81.6458333333333,Preliminar
21206990,TIBAITATA - AUT [21206990],HUM RELATIVA,Humedad relativa del aire a 2 metros media diaria,2022-12-21 00:00,%,83.3125,Preliminar
21206990,TIBAITATA - AUT [21206990],HUM RELATIVA,Humedad relativa del aire a 2 metros media diaria,2022-12-22 00:00,%,83.7708333333333,Preliminar
21206990,TIBAITATA - AUT [21206990],HUM RELATIVA,Humedad relativa del aire a 2 metros media diaria,2022-12-23 00:00,%,84.2708333333333,Preliminar
21206990,TIBAITATA - AUT [21206990],HUM RELATIVA,Humedad relativa del aire a 2 metros media diaria,2022-12-24 00:00,%,79.7291666666667,Preliminar
21206990,TIBAITATA - AUT [21206990],HUM RELATIVA,Humedad relativa del aire a 2 metros media diaria,2022-12-25 00:00,%,83.8333333333333,Preliminar
21206990,TIBAITATA - AUT [21206990],HUM RELATIVA,Humedad relativa del aire a 2 metros media diaria,2022-12-26 00:00,%,75.4375,Preliminar
21206990,TIBAITATA - AUT [21206990],HUM RELATIVA,Humedad relativa del aire a 2 metros media diaria,2022-12-27 00:00,%,77.5625,Preliminar
21206990,TIBAITATA - AUT [21206990],HUM RELATIVA,Humedad relativa del aire a 2 metros media diaria,2022-12-28 00:00,%,82.3541666666667,Preliminar
21206990,TIBAITATA - AUT [21206990],HUM RELATIVA,Humedad relativa del aire a 2 metros media diaria,2022-12-29 00:00,%,83.9166666666667,Preliminar
21206990,TIBAITATA - AUT [21206990],HUM RELATIVA,Humedad relativa del aire a 2 metros media diaria,2022-12-30 00:00,%,83.7083333333333,Preliminar
21206990,TIBAITATA - AUT [21206990],HUM RELATIVA,Humedad relativa del aire a 2 metros media diaria,2022-12-31 00:00,%,91.2222222222222,Preliminar
21206990,TIBAITATA - AUT [21206990],HUM RELATIVA,Humedad relativa del aire a 2 metros media diaria,2023-01-01 00:00,%,85.3541666666667,Preliminar
21206990,TIBAITATA - AUT [21206990],HUM RELATIVA,Humedad relativa del aire a 2 metros media diaria,2023-01-02 00:00,%,85.3958333333333,Preliminar
21206990,TIBAITATA - AUT [21206990],HUM RELATIVA,Humedad relativa del aire a 2 metros media diaria,2023-01-03 00:00,%,83.8958333333333,Preliminar
21206990,TIBAITATA - AUT [21206990],HUM RELATIVA,Humedad relativa del aire a 2 metros media diaria,2023-01-04 00:00,%,83.5416666666667,Preliminar
21206990,TIBAITATA - AUT [21206990],HUM RELATIVA,Humedad relativa del aire a 2 metros media diaria,2023-01-05 00:00,%,84.6458333333333,Preliminar
21206990,TIBAITATA - AUT [21206990],HUM RELATIVA,Humedad relativa del aire a 2 metros media diaria,2023-01-06 00:00,%,84.1041666666667,Preliminar
21206990,TIBAITATA - AUT [21206990],HUM RELATIVA,Humedad relativa del aire a 2 metros media diaria,2023-01-07 00:00,%,86.7291666666667,Preliminar
21206990,TIBAITATA - AUT [21206990],HUM RELATIVA,Humedad relativa del aire a 2 metros media diaria,2023-01-08 00:00,%,82.4166666666667,Preliminar
21206990,TIBAITATA - AUT [21206990],HUM RELATIVA,Humedad relativa del aire a 2 metros media diaria,2023-01-09 00:00,%,85.1666666666667,Preliminar
21206990,TIBAITATA - AUT [21206990],HUM RELATIVA,Humedad relativa del aire a 2 metros media diaria,2023-01-10 00:00,%,92.9166666666667,Preliminar
21206990,TIBAITATA - AUT [21206990],HUM RELATIVA,Humedad relativa del aire a 2 metros media diaria,2023-01-11 00:00,%,88.625,Preliminar
21206990,TIBAITATA - AUT [21206990],HUM RELATIVA,Humedad relativa del aire a 2 metros media diaria,2023-01-12 00:00,%,90.2708333333333,Preliminar
21206990,TIBAITATA - AUT [21206990],HUM RELATIVA,Humedad relativa del aire a 2 metros media diaria,2023-01-13 00:00,%,87.5833333333333,Preliminar
21206990,TIBAITATA - AUT [21206990],HUM RELATIVA,Humedad relativa del aire a 2 metros media diaria,2023-01-14 00:00,%,86.4583333333333,Preliminar
21206990,TIBAITATA - AUT [21206990],HUM RELATIVA,Humedad relativa del aire a 2 metros media diaria,2023-01-15 00:00,%,86.9583333333333,Preliminar
21206990,TIBAITATA - AUT [21206990],HUM RELATIVA,Humedad relativa del aire a 2 metros media diaria,2023-01-16 00:00,%,86.3958333333333,Preliminar
21206990,TIBAITATA - AUT [21206990],HUM RELATIVA,Humedad relativa del aire a 2 metros media diaria,2023-01-17 00:00,%,87.3333333333333,Preliminar
21206990,TIBAITATA - AUT [21206990],HUM RELATIVA,Humedad relativa del aire a 2 metros media diaria,2023-01-18 00:00,%,86.2708333333333,Preliminar
21206990,TIBAITATA - AUT [21206990],HUM RELATIVA,Humedad relativa del aire a 2 metros media diaria,2023-01-19 00:00,%,88.2708333333333,Preliminar
21206990,TIBAITATA - AUT [21206990],HUM RELATIVA,Humedad relativa del aire a 2 metros media diaria,2023-01-20 00:00,%,88.8125,Preliminar
21206990,TIBAITATA - AUT [21206990],HUM RELATIVA,Humedad relativa del aire a 2 metros media diaria,2023-01-21 00:00,%,81.9166666666667,Preliminar
21206990,TIBAITATA - AUT [21206990],HUM RELATIVA,Humedad relativa del aire a 2 metros media diaria,2023-01-22 00:00,%,77,Preliminar
21206990,TIBAITATA - AUT [21206990],HUM RELATIVA,Humedad relativa del aire a 2 metros media diaria,2023-01-23 00:00,%,82.1041666666667,Preliminar
21206990,TIBAITATA - AUT [21206990],HUM RELATIVA,Humedad relativa del aire a 2 metros media diaria,2023-01-24 00:00,%,76.0625,Preliminar
21206990,TIBAITATA - AUT [21206990],HUM RELATIVA,Humedad relativa del aire a 2 metros media diaria,2023-01-25 00:00,%,82.9375,Preliminar
21206990,TIBAITATA - AUT [21206990],HUM RELATIVA,Humedad relativa del aire a 2 metros media diaria,2023-01-26 00:00,%,77.3125,Preliminar
21206990,TIBAITATA - AUT [21206990],HUM RELATIVA,Humedad relativa del aire a 2 metros media diaria,2023-01-27 00:00,%,81.7916666666667,Preliminar
21206990,TIBAITATA - AUT [21206990],HUM RELATIVA,Humedad relativa del aire a 2 metros media diaria,2023-01-28 00:00,%,80.9791666666667,Preliminar
21206990,TIBAITATA - AUT [21206990],HUM RELATIVA,Humedad relativa del aire a 2 metros media diaria,2023-01-29 00:00,%,84.0416666666667,Preliminar
21206990,TIBAITATA - AUT [21206990],HUM RELATIVA,Humedad relativa del aire a 2 metros media diaria,2023-01-30 00:00,%,85,Preliminar
21206990,TIBAITATA - AUT [21206990],HUM RELATIVA,Humedad relativa del aire a 2 metros media diaria,2023-01-31 00:00,%,88.7291666666667,Preliminar
21206990,TIBAITATA - AUT [21206990],HUM RELATIVA,Humedad relativa del aire a 2 metros media diaria,2023-02-01 00:00,%,86.625,Preliminar
21206990,TIBAITATA - AUT [21206990],HUM RELATIVA,Humedad relativa del aire a 2 metros media diaria,2023-02-02 00:00,%,86.0833333333333,Preliminar
21206990,TIBAITATA - AUT [21206990],HUM RELATIVA,Humedad relativa del aire a 2 metros media diaria,2023-02-03 00:00,%,80.8958333333333,Preliminar
21206990,TIBAITATA - AUT [21206990],HUM RELATIVA,Humedad relativa del aire a 2 metros media diaria,2023-02-04 00:00,%,78.1458333333333,Preliminar
21206990,TIBAITATA - AUT [21206990],HUM RELATIVA,Humedad relativa del aire a 2 metros media diaria,2023-02-05 00:00,%,81.4375,Preliminar
21206990,TIBAITATA - AUT [21206990],HUM RELATIVA,Humedad relativa del aire a 2 metros media diaria,2023-02-06 00:00,%,79.8958333333333,Preliminar
21206990,TIBAITATA - AUT [21206990],HUM RELATIVA,Humedad relativa del aire a 2 metros media diaria,2023-02-07 00:00,%,83.9583333333333,Preliminar
21206990,TIBAITATA - AUT [21206990],HUM RELATIVA,Humedad relativa del aire a 2 metros media diaria,2023-02-08 00:00,%,87.2291666666667,Preliminar
21206990,TIBAITATA - AUT [21206990],HUM RELATIVA,Humedad relativa del aire a 2 metros media diaria,2023-02-09 00:00,%,85.1458333333333,Preliminar
21206990,TIBAITATA - AUT [21206990],HUM RELATIVA,Humedad relativa del aire a 2 metros media diaria,2023-02-10 00:00,%,85.3541666666667,Preliminar
21206990,TIBAITATA - AUT [21206990],HUM RELATIVA,Humedad relativa del aire a 2 metros media diaria,2023-02-11 00:00,%,82.9791666666667,Preliminar
21206990,TIBAITATA - AUT [21206990],HUM RELATIVA,Humedad relativa del aire a 2 metros media diaria,2023-02-12 00:00,%,83.5416666666667,Preliminar
21206990,TIBAITATA - AUT [21206990],HUM RELATIVA,Humedad relativa del aire a 2 metros media diaria,2023-02-13 00:00,%,86.7291666666667,Preliminar
21206990,TIBAITATA - AUT [21206990],HUM RELATIVA,Humedad relativa del aire a 2 metros media diaria,2023-02-14 00:00,%,87.375,Preliminar
21206990,TIBAITATA - AUT [21206990],HUM RELATIVA,Humedad relativa del aire a 2 metros media diaria,2023-02-15 00:00,%,86.75,Preliminar
21206990,TIBAITATA - AUT [21206990],HUM RELATIVA,Humedad relativa del aire a 2 metros media diaria,2023-02-16 00:00,%,93.5416666666667,Preliminar
21206990,TIBAITATA - AUT [21206990],HUM RELATIVA,Humedad relativa del aire a 2 metros media diaria,2023-02-17 00:00,%,91.8125,Preliminar
21206990,TIBAITATA - AUT [21206990],HUM RELATIVA,Humedad relativa del aire a 2 metros media diaria,2023-02-18 00:00,%,94.1875,Preliminar
21206990,TIBAITATA - AUT [21206990],HUM RELATIVA,Humedad relativa del aire a 2 metros media diaria,2023-02-19 00:00,%,87.5416666666667,Preliminar
21206990,TIBAITATA - AUT [21206990],HUM RELATIVA,Humedad relativa del aire a 2 metros media diaria,2023-02-20 00:00,%,83.3333333333333,Preliminar
21206990,TIBAITATA - AUT [21206990],HUM RELATIVA,Humedad relativa del aire a 2 metros media diaria,2023-02-21 00:00,%,91.9583333333333,Preliminar
21206990,TIBAITATA - AUT [21206990],HUM RELATIVA,Humedad relativa del aire a 2 metros media diaria,2023-02-22 00:00,%,88.125,Preliminar
21206990,TIBAITATA - AUT [21206990],HUM RELATIVA,Humedad relativa del aire a 2 metros media diaria,2023-02-23 00:00,%,85.3958333333333,Preliminar
21206990,TIBAITATA - AUT [21206990],HUM RELATIVA,Humedad relativa del aire a 2 metros media diaria,2023-02-24 00:00,%,88.6458333333333,Preliminar
21206990,TIBAITATA - AUT [21206990],HUM RELATIVA,Humedad relativa del aire a 2 metros media diaria,2023-02-25 00:00,%,85.8541666666667,Preliminar
21206990,TIBAITATA - AUT [21206990],HUM RELATIVA,Humedad relativa del aire a 2 metros media diaria,2023-02-26 00:00,%,89.2708333333333,Preliminar
21206990,TIBAITATA - AUT [21206990],HUM RELATIVA,Humedad relativa del aire a 2 metros media diaria,2023-02-27 00:00,%,88.3541666666667,Preliminar
21206990,TIBAITATA - AUT [21206990],HUM RELATIVA,Humedad relativa del aire a 2 metros media diaria,2023-02-28 00:00,%,82.3541666666667,Preliminar
21206990,TIBAITATA - AUT [21206990],HUM RELATIVA,Humedad relativa del aire a 2 metros media diaria,2023-03-01 00:00,%,85.8333333333333,Preliminar
21206990,TIBAITATA - AUT [21206990],HUM RELATIVA,Humedad relativa del aire a 2 metros media diaria,2023-03-02 00:00,%,86.7708333333333,Preliminar
21206990,TIBAITATA - AUT [21206990],HUM RELATIVA,Humedad relativa del aire a 2 metros media diaria,2023-03-03 00:00,%,81.2083333333333,Preliminar
21206990,TIBAITATA - AUT [21206990],HUM RELATIVA,Humedad relativa del aire a 2 metros media diaria,2023-03-04 00:00,%,85.1041666666667,Preliminar
21206990,TIBAITATA - AUT [21206990],HUM RELATIVA,Humedad relativa del aire a 2 metros media diaria,2023-03-05 00:00,%,90.4375,Preliminar
21206990,TIBAITATA - AUT [21206990],HUM RELATIVA,Humedad relativa del aire a 2 metros media diaria,2023-03-06 00:00,%,88.625,Preliminar
21206990,TIBAITATA - AUT [21206990],HUM RELATIVA,Humedad relativa del aire a 2 metros media diaria,2023-03-07 00:00,%,87.2291666666667,Preliminar
21206990,TIBAITATA - AUT [21206990],HUM RELATIVA,Humedad relativa del aire a 2 metros media diaria,2023-03-08 00:00,%,88.6458333333333,Preliminar
21206990,TIBAITATA - AUT [21206990],HUM RELATIVA,Humedad relativa del aire a 2 metros media diaria,2023-03-09 00:00,%,93.5833333333333,Preliminar
21206990,TIBAITATA - AUT [21206990],HUM RELATIVA,Humedad relativa del aire a 2 metros media diaria,2023-03-10 00:00,%,90.1875,Preliminar
21206990,TIBAITATA - AUT [21206990],HUM RELATIVA,Humedad relativa del aire a 2 metros media diaria,2023-03-11 00:00,%,95.8333333333333,Preliminar
21206990,TIBAITATA - AUT [21206990],HUM RELATIVA,Humedad relativa del aire a 2 metros media diaria,2023-03-12 00:00,%,94.3958333333333,Preliminar
21206990,TIBAITATA - AUT [21206990],HUM RELATIVA,Humedad relativa del aire a 2 metros media diaria,2023-03-13 00:00,%,92.375,Preliminar
21206990,TIBAITATA - AUT [21206990],HUM RELATIVA,Humedad relativa del aire a 2 metros media diaria,2023-03-14 00:00,%,88.8541666666667,Preliminar
21206990,TIBAITATA - AUT [21206990],HUM RELATIVA,Humedad relativa del aire a 2 metros media diaria,2023-03-15 00:00,%,88.3541666666667,Preliminar
21206990,TIBAITATA - AUT [21206990],HUM RELATIVA,Humedad relativa del aire a 2 metros media diaria,2023-03-16 00:00,%,88.0625,Preliminar
