CodigoEstacion,NombreEstacion,Variable,Parametro,Unidad,Fecha,Valor,NivelAprobacion
21206990,TIBAITATA - AUT [21206990],RAD SOLAR,Radiación solar global horaria VALIDADA,Wh/m^2,2005-02-02,1696.5,Calculado
21206990,TIBAITATA - AUT [21206990],RAD SOLAR,Radiación solar global horaria VALIDADA,Wh/m^2,2005-02-03,4480.5,Calculado
21206990,TIBAITATA - AUT [21206990],RAD SOLAR,Radiación solar global horaria VALIDADA,Wh/m^2,2005-02-04,2363.3,Calculado
21206990,TIBAITATA - AUT [21206990],RAD SOLAR,Radiación solar global horaria VALIDADA,Wh/m^2,2005-02-05,3137.0,Calculado
21206990,TIBAITATA - AUT [21206990],RAD SOLAR,Radiación solar global horaria VALIDADA,Wh/m^2,2005-02-06,1992.7,Calculado
21206990,TIBAITATA - AUT [21206990],RAD SOLAR,Radiación solar global horaria VALIDADA,Wh/m^2,2005-02-07,3453.2,Calculado
21206990,TIBAITATA - AUT [21206990],RAD SOLAR,Radiación solar global horaria VALIDADA,Wh/m^2,2005-02-08,3395.6,Calculado
21206990,TIBAITATA - AUT [21206990],RAD SOLAR,Radiación solar global horaria VALIDADA,Wh/m^2,2005-02-09,4057.3,Calculado
21206990,TIBAITATA - AUT [21206990],RAD SOLAR,Radiación solar global horaria VALIDADA,Wh/m^2,2005-02-10,1632.5,Calculado
21206990,TIBAITATA - AUT [21206990],RAD SOLAR,Radiación solar global horaria VALIDADA,Wh/m^2,2005-02-11,2748.9,Calculado
21206990,TIBAITATA - AUT [21206990],RAD SOLAR,Radiación solar global horaria VALIDADA,Wh/m^2,2005-02-12,1037.2,Calculado
21206990,TIBAITATA - AUT [21206990],RAD SOLAR,Radiación solar global horaria VALIDADA,Wh/m^2,2005-02-13,5373.3,Calculado
21206990,TIBAITATA - AUT [21206990],RAD SOLAR,Radiación solar global horaria VALIDADA,Wh/m^2,2005-02-14,6387.9,Calculado
21206990,TIBAITATA - AUT [21206990],RAD SOLAR,Radiación solar global horaria VALIDADA,Wh/m^2,2005-02-15,6061.400000000001,Calculado
21206990,TIBAITATA - AUT [21206990],RAD SOLAR,Radiación solar global horaria VALIDADA,Wh/m^2,2005-02-16,5566.7,Calculado
21206990,TIBAITATA - AUT [21206990],RAD SOLAR,Radiación solar global horaria VALIDADA,Wh/m^2,2005-02-17,4218.1,Calculado
21206990,TIBAITATA - AUT [21206990],RAD SOLAR,Radiación solar global horaria VALIDADA,Wh/m^2,2005-02-18,5064.4,Calculado
21206990,TIBAITATA - AUT [21206990],RAD SOLAR,Radiación solar global horaria VALIDADA,Wh/m^2,2005-02-19,3789.8,Calculado
21206990,TIBAITATA - AUT [21206990],RAD SOLAR,Radiación solar global horaria VALIDADA,Wh/m^2,2005-02-20,4450.5,Calculado
21206990,TIBAITATA - AUT [21206990],RAD SOLAR,Radiación solar global horaria VALIDADA,Wh/m^2,2005-02-21,7020.9,Calculado
21206990,TIBAITATA - AUT [21206990],RAD SOLAR,Radiación solar global horaria VALIDADA,Wh/m^2,2005-02-22,6194.7,Calculado
21206990,TIBAITATA - AUT [21206990],RAD SOLAR,Radiación solar global horaria VALIDADA,Wh/m^2,2005-02-23,6502.4,Calculado
21206990,TIBAITATA - AUT [21206990],RAD SOLAR,Radiación solar global horaria VALIDADA,Wh/m^2,2005-02-24,6517.3,Calculado
21206990,TIBAITATA - AUT [21206990],RAD SOLAR,Radiación solar global horaria VALIDADA,Wh/m^2,2005-02-25,6082.900000000001,Calculado
21206990,TIBAITATA - AUT [21206990],RAD SOLAR,Radiación solar global horaria VALIDADA,Wh/m^2,2005-02-26,5753.9,Calculado
21206990,TIBAITATA - AUT [21206990],RAD SOLAR,Radiación solar global horaria VALIDADA,Wh/m^2,2005-02-27,4529.5,Calculado
21206990,TIBAITATA - AUT [21206990],RAD SOLAR,Radiación solar global horaria VALIDADA,Wh/m^2,2005-02-28,2824.3,Calculado
21206990,TIBAITATA - AUT [21206990],RAD SOLAR,Radiación solar global horaria VALIDADA,Wh/m^2,2005-03-01,4532.0,Calculado
21206990,TIBAITATA - AUT [21206990],RAD SOLAR,Radiación solar global horaria VALIDADA,Wh/m^2,2005-03-02,4851.0,Calculado
21206990,TIBAITATA - AUT [21206990],RAD SOLAR,Radiación solar global horaria VALIDADA,Wh/m^2,2005-03-03,2755.2,Calculado
21206990,TIBAITATA - AUT [21206990],RAD SOLAR,Radiación solar global horaria VALIDADA,Wh/m^2,2005-03-04,3838.9,Calculado
21206990,TIBAITATA - AUT [21206990],RAD SOLAR,Radiación solar global horaria VALIDADA,Wh/m^2,2005-03-05,6054.1,Calculado
21206990,TIBAITATA - AUT [21206990],RAD SOLAR,Radiación solar global horaria VALIDADA,Wh/m^2,2005-03-06,4437.8,Calculado
21206990,TIBAITATA - AUT [21206990],RAD SOLAR,Radiación solar global horaria VALIDADA,Wh/m^2,2005-03-07,2167.5,Calculado
21206990,TIBAITATA - AUT [21206990],RAD SOLAR,Radiación solar global horaria VALIDADA,Wh/m^2,2005-03-08,5652.1,Calculado
21206990,TIBAITATA - AUT [21206990],RAD SOLAR,Radiación solar global horaria VALIDADA,Wh/m^2,2005-03-09,4452.9,Calculado
21206990,TIBAITATA - AUT [21206990],RAD SOLAR,Radiación solar global horaria VALIDADA,Wh/m^2,2005-03-10,2020.5,Calculado
21206990,TIBAITATA - AUT [21206990],RAD SOLAR,Radiación solar global horaria VALIDADA,Wh/m^2,2005-03-11,7245.7,Calculado
21206990,TIBAITATA - AUT [21206990],RAD SOLAR,Radiación solar global horaria VALIDADA,Wh/m^2,2005-03-12,6646.8,Calculado
21206990,TIBAITATA - AUT [21206990],RAD SOLAR,Radiación solar global horaria VALIDADA,Wh/m^2,2005-03-13,6300.2,Calculado
21206990,TIBAITATA - AUT [21206990],RAD SOLAR,Radiación solar global horaria VALIDADA,Wh/m^2,2005-03-14,5681.0,Calculado
21206990,TIBAITATA - AUT [21206990],RAD SOLAR,Radiación solar global horaria VALIDADA,Wh/m^2,2005-03-15,2234.0,Calculado
21206990,TIBAITATA - AUT [21206990],RAD SOLAR,Radiación solar global horaria VALIDADA,Wh/m^2,2005-03-16,5794.0,Calculado
21206990,TIBAITATA - AUT [21206990],RAD SOLAR,Radiación solar global horaria VALIDADA,Wh/m^2,2005-03-17,4918.7,Calculado
21206990,TIBAITATA - AUT [21206990],RAD SOLAR,Radiación solar global horaria VALIDADA,Wh/m^2,2005-03-18,3483.6,Calculado
21206990,TIBAITATA - AUT [21206990],RAD SOLAR,Radiación solar global horaria VALIDADA,Wh/m^2,2005-03-19,4894.8,Calculado
21206990,TIBAITATA - AUT [21206990],RAD SOLAR,Radiación solar global horaria VALIDADA,Wh/m^2,2005-03-20,5620.7,Calculado
21206990,TIBAITATA - AUT [21206990],RAD SOLAR,Radiación solar global horaria VALIDADA,Wh/m^2,2005-03-21,5178.599999999999,Calculado
21206990,TIBAITATA - AUT [21206990],RAD SOLAR,Radiación solar global horaria VALIDADA,Wh/m^2,2005-03-22,6894.2,Calculado
21206990,TIBAITATA - AUT [21206990],RAD SOLAR,Radiación solar global horaria VALIDADA,Wh/m^2,2005-03-23,3105.3,Calculado
21206990,TIBAITATA - AUT [21206990],RAD SOLAR,Radiación solar global horaria VALIDADA,Wh/m^2,2005-03-24,2814.1,Calculado
21206990,TIBAITATA - AUT [21206990],RAD SOLAR,Radiación solar global horaria VALIDADA,Wh/m^2,2005-03-25,5530.3,Calculado
21206990,TIBAITATA - AUT [21206990],RAD SOLAR,Radiación solar global horaria VALIDADA,Wh/m^2,2005-03-26,4730.5,Calculado
21206990,TIBAITATA - AUT [21206990],RAD SOLAR,Radiación solar global horaria VALIDADA,Wh/m^2,2005-03-27,3046.4,Calculado
21206990,TIBAITATA - AUT [21206990],RAD SOLAR,Radiación solar global horaria VALIDADA,Wh/m^2,2005-03-28,4985.3,Calculado
21206990,TIBAITATA - AUT [21206990],RAD SOLAR,Radiación solar global horaria VALIDADA,Wh/m^2,2005-03-29,7243.2,Calculado
21206990,TIBAITATA - AUT [21206990],RAD SOLAR,Radiación solar global horaria VALIDADA,Wh/m^2,2005-03-30,6782.2,Calculado
21206990,TIBAITATA - AUT [21206990],RAD SOLAR,Radiación solar global horaria VALIDADA,Wh/m^2,2005-03-31,4548.4,Calculado
21206990,TIBAITATA - AUT [21206990],RAD SOLAR,Radiación solar global horaria VALIDADA,Wh/m^2,2005-04-01,4648.7,Calculado
21206990,TIBAITATA - AUT [21206990],RAD SOLAR,Radiación solar global horaria VALIDADA,Wh/m^2,2005-04-02,3497.4,Calculado
21206990,TIBAITATA - AUT [21206990],RAD SOLAR,Radiación solar global horaria VALIDADA,Wh/m^2,2005-04-03,1166.6,Calculado
21206990,TIBAITATA - AUT [21206990],RAD SOLAR,Radiación solar global horaria VALIDADA,Wh/m^2,2005-04-04,3418.1,Calculado
21206990,TIBAITATA - AUT [21206990],RAD SOLAR,Radiación solar global horaria VALIDADA,Wh/m^2,2005-04-05,2532.8,Calculado
21206990,TIBAITATA - AUT [21206990],RAD SOLAR,Radiación solar global horaria VALIDADA,Wh/m^2,2005-04-06,1833.5,Calculado
21206990,TIBAITATA - AUT [21206990],RAD SOLAR,Radiación solar global horaria VALIDADA,Wh/m^2,2005-04-07,2544.2999999999997,Calculado
21206990,TIBAITATA - AUT [21206990],RAD SOLAR,Radiación solar global horaria VALIDADA,Wh/m^2,2005-04-08,4312.2,Calculado
21206990,TIBAITATA - AUT [21206990],RAD SOLAR,Radiación solar global horaria VALIDADA,Wh/m^2,2005-04-09,3743.4,Calculado
21206990,TIBAITATA - AUT [21206990],RAD SOLAR,Radiación solar global horaria VALIDADA,Wh/m^2,2005-04-10,3792.3,Calculado
21206990,TIBAITATA - AUT [21206990],RAD SOLAR,Radiación solar global horaria VALIDADA,Wh/m^2,2005-04-11,3891.6,Calculado
21206990,TIBAITATA - AUT [21206990],RAD SOLAR,Radiación solar global horaria VALIDADA,Wh/m^2,2005-04-12,2854.3,Calculado
21206990,TIBAITATA - AUT [21206990],RAD SOLAR,Radiación solar global horaria VALIDADA,Wh/m^2,2005-04-13,5386.0,Calculado
21206990,TIBAITATA - AUT [21206990],RAD SOLAR,Radiación solar global horaria VALIDADA,Wh/m^2,2005-04-14,4578.4,Calculado
21206990,TIBAITATA - AUT [21206990],RAD SOLAR,Radiación solar global horaria VALIDADA,Wh/m^2,2005-04-15,4390.2,Calculado
21206990,TIBAITATA - AUT [21206990],RAD SOLAR,Radiación solar global horaria VALIDADA,Wh/m^2,2005-04-16,3798.6,Calculado
21206990,TIBAITATA - AUT [21206990],RAD SOLAR,Radiación solar global horaria VALIDADA,Wh/m^2,2005-04-17,1776.8,Calculado
21206990,TIBAITATA - AUT [21206990],RAD SOLAR,Radiación solar global horaria VALIDADA,Wh/m^2,2005-04-18,2333.2,Calculado
21206990,TIBAITATA - AUT [21206990],RAD SOLAR,Radiación solar global horaria VALIDADA,Wh/m^2,2005-04-19,4397.7,Calculado
21206990,TIBAITATA - AUT [21206990],RAD SOLAR,Radiación solar global horaria VALIDADA,Wh/m^2,2005-04-20,4253.2,Calculado
21206990,TIBAITATA - AUT [21206990],RAD SOLAR,Radiación solar global horaria VALIDADA,Wh/m^2,2005-04-21,3243.6,Calculado
21206990,TIBAITATA - AUT [21206990],RAD SOLAR,Radiación solar global horaria VALIDADA,Wh/m^2,2005-04-22,4894.9,Calculado
21206990,TIBAITATA - AUT [21206990],RAD SOLAR,Radiación solar global horaria VALIDADA,Wh/m^2,2005-04-23,3106.7,Calculado
21206990,TIBAITATA - AUT [21206990],RAD SOLAR,Radiación solar global horaria VALIDADA,Wh/m^2,2005-04-24,5031.8,Calculado
21206990,TIBAITATA - AUT [21206990],RAD SOLAR,Radiación solar global horaria VALIDADA,Wh/m^2,2005-04-25,2347.0,Calculado
21206990,TIBAITATA - AUT [21206990],RAD SOLAR,Radiación solar global horaria VALIDADA,Wh/m^2,2005-04-26,3729.7000000000003,Calculado
21206990,TIBAITATA - AUT [21206990],RAD SOLAR,Radiación solar global horaria VALIDADA,Wh/m^2,2005-04-27,4525.9,Calculado
21206990,TIBAITATA - AUT [21206990],RAD SOLAR,Radiación solar global horaria VALIDADA,Wh/m^2,2005-04-28,5471.3,Calculado
21206990,TIBAITATA - AUT [21206990],RAD SOLAR,Radiación solar global horaria VALIDADA,Wh/m^2,2005-04-29,3825.1,Calculado
21206990,TIBAITATA - AUT [21206990],RAD SOLAR,Radiación solar global horaria VALIDADA,Wh/m^2,2005-04-30,4131.3,Calculado
21206990,TIBAITATA - AUT [21206990],RAD SOLAR,Radiación solar global horaria VALIDADA,Wh/m^2,2005-05-01,5164.599999999999,Calculado
21206990,TIBAITATA - AUT [21206990],RAD SOLAR,Radiación solar global horaria VALIDADA,Wh/m^2,2005-05-02,3099.2999999999997,Calculado
21206990,TIBAITATA - AUT [21206990],RAD SOLAR,Radiación solar global horaria VALIDADA,Wh/m^2,2005-05-03,6388.1,Calculado
21206990,TIBAITATA - AUT [21206990],RAD SOLAR,Radiación solar global horaria VALIDADA,Wh/m^2,2005-05-04,4057.4,Calculado
21206990,TIBAITATA - AUT [21206990],RAD SOLAR,Radiación solar global horaria VALIDADA,Wh/m^2,2005-05-05,3709.4,Calculado
21206990,TIBAITATA - AUT [21206990],RAD SOLAR,Radiación solar global horaria VALIDADA,Wh/m^2,2005-05-06,5089.6,Calculado
21206990,TIBAITATA - AUT [21206990],RAD SOLAR,Radiación solar global horaria VALIDADA,Wh/m^2,2005-05-07,4743.1,Calculado
21206990,TIBAITATA - AUT [21206990],RAD SOLAR,Radiación solar global horaria VALIDADA,Wh/m^2,2005-05-08,4302.2,Calculado
21206990,TIBAITATA - AUT [21206990],RAD SOLAR,Radiación solar global horaria VALIDADA,Wh/m^2,2005-05-09,3709.5,Calculado
21206990,TIBAITATA - AUT [21206990],RAD SOLAR,Radiación solar global horaria VALIDADA,Wh/m^2,2005-05-10,4520.8,Calculado
21206990,TIBAITATA - AUT [21206990],RAD SOLAR,Radiación solar global horaria VALIDADA,Wh/m^2,2005-05-11,4965.2,Calculado
21206990,TIBAITATA - AUT [21206990],RAD SOLAR,Radiación solar global horaria VALIDADA,Wh/m^2,2005-05-12,5260.2,Calculado
21206990,TIBAITATA - AUT [21206990],RAD SOLAR,Radiación solar global horaria VALIDADA,Wh/m^2,2005-05-13,3938.0,Calculado
21206990,TIBAITATA - AUT [21206990],RAD SOLAR,Radiación solar global horaria VALIDADA,Wh/m^2,2005-05-14,5088.4,Calculado
21206990,TIBAITATA - AUT [21206990],RAD SOLAR,Radiación solar global horaria VALIDADA,Wh/m^2,2005-05-15,3965.5,Calculado
21206990,TIBAITATA - AUT [21206990],RAD SOLAR,Radiación solar global horaria VALIDADA,Wh/m^2,2005-05-16,2529.1,Calculado
21206990,TIBAITATA - AUT [21206990],RAD SOLAR,Radiación solar global horaria VALIDADA,Wh/m^2,2005-05-17,1437.9,Calculado
21206990,TIBAITATA - AUT [21206990],RAD SOLAR,Radiación solar global horaria VALIDADA,Wh/m^2,2005-05-18,4310.9,Calculado
21206990,TIBAITATA - AUT [21206990],RAD SOLAR,Radiación solar global horaria VALIDADA,Wh/m^2,2005-05-19,2880.5,Calculado
21206990,TIBAITATA - AUT [21206990],RAD SOLAR,Radiación solar global horaria VALIDADA,Wh/m^2,2005-05-20,5364.8,Calculado
21206990,TIBAITATA - AUT [21206990],RAD SOLAR,Radiación solar global horaria VALIDADA,Wh/m^2,2005-05-21,5341.9,Calculado
21206990,TIBAITATA - AUT [21206990],RAD SOLAR,Radiación solar global horaria VALIDADA,Wh/m^2,2005-05-22,5005.5,Calculado
21206990,TIBAITATA - AUT [21206990],RAD SOLAR,Radiación solar global horaria VALIDADA,Wh/m^2,2005-05-23,2693.6,Calculado
21206990,TIBAITATA - AUT [21206990],RAD SOLAR,Radiación solar global horaria VALIDADA,Wh/m^2,2005-05-24,5230.3,Calculado
21206990,TIBAITATA - AUT [21206990],RAD SOLAR,Radiación solar global horaria VALIDADA,Wh/m^2,2005-05-25,6108.2,Calculado
21206990,TIBAITATA - AUT [21206990],RAD SOLAR,Radiación solar global horaria VALIDADA,Wh/m^2,2005-05-26,5261.6,Calculado
21206990,TIBAITATA - AUT [21206990],RAD SOLAR,Radiación solar global horaria VALIDADA,Wh/m^2,2005-05-27,4052.3999999999996,Calculado
21206990,TIBAITATA - AUT [21206990],RAD SOLAR,Radiación solar global horaria VALIDADA,Wh/m^2,2005-05-28,4125.2,Calculado
21206990,TIBAITATA - AUT [21206990],RAD SOLAR,Radiación solar global horaria VALIDADA,Wh/m^2,2005-05-29,4866.0,Calculado
21206990,TIBAITATA - AUT [21206990],RAD SOLAR,Radiación solar global horaria VALIDADA,Wh/m^2,2005-05-30,3905.3,Calculado
21206990,TIBAITATA - AUT [21206990],RAD SOLAR,Radiación solar global horaria VALIDADA,Wh/m^2,2005-05-31,5221.400000000001,Calculado
21206990,TIBAITATA - AUT [21206990],RAD SOLAR,Radiación solar global horaria VALIDADA,Wh/m^2,2005-06-01,3175.9,Calculado
21206990,TIBAITATA - AUT [21206990],RAD SOLAR,Radiación solar global horaria VALIDADA,Wh/m^2,2005-06-02,3224.9,Calculado
21206990,TIBAITATA - AUT [21206990],RAD SOLAR,Radiación solar global horaria VALIDADA,Wh/m^2,2005-06-03,3777.4,Calculado
21206990,TIBAITATA - AUT [21206990],RAD SOLAR,Radiación solar global horaria VALIDADA,Wh/m^2,2005-06-04,5794.0,Calculado
21206990,TIBAITATA - AUT [21206990],RAD SOLAR,Radiación solar global horaria VALIDADA,Wh/m^2,2005-06-05,4446.7,Calculado
21206990,TIBAITATA - AUT [21206990],RAD SOLAR,Radiación solar global horaria VALIDADA,Wh/m^2,2005-06-06,5315.6,Calculado
21206990,TIBAITATA - AUT [21206990],RAD SOLAR,Radiación solar global horaria VALIDADA,Wh/m^2,2005-06-07,3172.1,Calculado
21206990,TIBAITATA - AUT [21206990],RAD SOLAR,Radiación solar global horaria VALIDADA,Wh/m^2,2005-06-08,2664.6,Calculado
21206990,TIBAITATA - AUT [21206990],RAD SOLAR,Radiación solar global horaria VALIDADA,Wh/m^2,2005-06-09,3577.7,Calculado
21206990,TIBAITATA - AUT [21206990],RAD SOLAR,Radiación solar global horaria VALIDADA,Wh/m^2,2005-06-10,4147.8,Calculado
21206990,TIBAITATA - AUT [21206990],RAD SOLAR,Radiación solar global horaria VALIDADA,Wh/m^2,2005-06-11,3417.0,Calculado
21206990,TIBAITATA - AUT [21206990],RAD SOLAR,Radiación solar global horaria VALIDADA,Wh/m^2,2005-06-12,4174.3,Calculado
21206990,TIBAITATA - AUT [21206990],RAD SOLAR,Radiación solar global horaria VALIDADA,Wh/m^2,2005-06-13,6156.8,Calculado
21206990,TIBAITATA - AUT [21206990],RAD SOLAR,Radiación solar global horaria VALIDADA,Wh/m^2,2005-06-14,4005.9,Calculado
21206990,TIBAITATA - AUT [21206990],RAD SOLAR,Radiación solar global horaria VALIDADA,Wh/m^2,2005-06-15,3950.8,Calculado
21206990,TIBAITATA - AUT [21206990],RAD SOLAR,Radiación solar global horaria VALIDADA,Wh/m^2,2005-06-16,6425.6,Calculado
21206990,TIBAITATA - AUT [21206990],RAD SOLAR,Radiación solar global horaria VALIDADA,Wh/m^2,2005-06-17,5107.2,Calculado
21206990,TIBAITATA - AUT [21206990],RAD SOLAR,Radiación solar global horaria VALIDADA,Wh/m^2,2005-06-18,4729.1,Calculado
21206990,TIBAITATA - AUT [21206990],RAD SOLAR,Radiación solar global horaria VALIDADA,Wh/m^2,2005-06-19,2657.1,Calculado
21206990,TIBAITATA - AUT [21206990],RAD SOLAR,Radiación solar global horaria VALIDADA,Wh/m^2,2005-06-20,2046.8,Calculado
21206990,TIBAITATA - AUT [21206990],RAD SOLAR,Radiación solar global horaria VALIDADA,Wh/m^2,2005-06-21,4670.2,Calculado
21206990,TIBAITATA - AUT [21206990],RAD SOLAR,Radiación solar global horaria VALIDADA,Wh/m^2,2005-06-22,4075.2,Calculado
21206990,TIBAITATA - AUT [21206990],RAD SOLAR,Radiación solar global horaria VALIDADA,Wh/m^2,2005-06-23,4342.400000000001,Calculado
21206990,TIBAITATA - AUT [21206990],RAD SOLAR,Radiación solar global horaria VALIDADA,Wh/m^2,2005-06-24,5093.2,Calculado
21206990,TIBAITATA - AUT [21206990],RAD SOLAR,Radiación solar global horaria VALIDADA,Wh/m^2,2005-06-25,2494.0,Calculado
21206990,TIBAITATA - AUT [21206990],RAD SOLAR,Radiación solar global horaria VALIDADA,Wh/m^2,2005-06-26,2811.7000000000003,Calculado
21206990,TIBAITATA - AUT [21206990],RAD SOLAR,Radiación solar global horaria VALIDADA,Wh/m^2,2005-06-27,2929.6,Calculado
21206990,TIBAITATA - AUT [21206990],RAD SOLAR,Radiación solar global horaria VALIDADA,Wh/m^2,2005-06-28,3773.5,Calculado
21206990,TIBAITATA - AUT [21206990],RAD SOLAR,Radiación solar global horaria VALIDADA,Wh/m^2,2005-06-29,2664.8,Calculado
21206990,TIBAITATA - AUT [21206990],RAD SOLAR,Radiación solar global horaria VALIDADA,Wh/m^2,2005-06-30,857.8,Calculado
21206990,TIBAITATA - AUT [21206990],RAD SOLAR,Radiación solar global horaria VALIDADA,Wh/m^2,2005-07-01,4867.4,Calculado
21206990,TIBAITATA - AUT [21206990],RAD SOLAR,Radiación solar global horaria VALIDADA,Wh/m^2,2005-07-02,3735.9,Calculado
21206990,TIBAITATA - AUT [21206990],RAD SOLAR,Radiación solar global horaria VALIDADA,Wh/m^2,2005-07-03,4642.4,Calculado
21206990,TIBAITATA - AUT [21206990],RAD SOLAR,Radiación solar global horaria VALIDADA,Wh/m^2,2005-07-04,4667.6,Calculado
21206990,TIBAITATA - AUT [21206990],RAD SOLAR,Radiación solar global horaria VALIDADA,Wh/m^2,2005-07-05,4466.7,Calculado
21206990,TIBAITATA - AUT [21206990],RAD SOLAR,Radiación solar global horaria VALIDADA,Wh/m^2,2005-07-06,5402.1,Calculado
21206990,TIBAITATA - AUT [21206990],RAD SOLAR,Radiación solar global horaria VALIDADA,Wh/m^2,2005-07-07,6032.599999999999,Calculado
21206990,TIBAITATA - AUT [21206990],RAD SOLAR,Radiación solar global horaria VALIDADA,Wh/m^2,2005-07-08,4324.9,Calculado
21206990,TIBAITATA - AUT [21206990],RAD SOLAR,Radiación solar global horaria VALIDADA,Wh/m^2,2005-07-09,5118.5,Calculado
21206990,TIBAITATA - AUT [21206990],RAD SOLAR,Radiación solar global horaria VALIDADA,Wh/m^2,2005-07-10,6159.4,Calculado
21206990,TIBAITATA - AUT [21206990],RAD SOLAR,Radiación solar global horaria VALIDADA,Wh/m^2,2005-07-11,5531.5,Calculado
21206990,TIBAITATA - AUT [21206990],RAD SOLAR,Radiación solar global horaria VALIDADA,Wh/m^2,2005-07-12,3851.3,Calculado
21206990,TIBAITATA - AUT [21206990],RAD SOLAR,Radiación solar global horaria VALIDADA,Wh/m^2,2005-07-13,4516.9,Calculado
21206990,TIBAITATA - AUT [21206990],RAD SOLAR,Radiación solar global horaria VALIDADA,Wh/m^2,2005-07-14,3303.9,Calculado
21206990,TIBAITATA - AUT [21206990],RAD SOLAR,Radiación solar global horaria VALIDADA,Wh/m^2,2005-07-15,4146.4,Calculado
21206990,TIBAITATA - AUT [21206990],RAD SOLAR,Radiación solar global horaria VALIDADA,Wh/m^2,2005-07-16,4471.9,Calculado
21206990,TIBAITATA - AUT [21206990],RAD SOLAR,Radiación solar global horaria VALIDADA,Wh/m^2,2005-07-17,4225.5,Calculado
21206990,TIBAITATA - AUT [21206990],RAD SOLAR,Radiación solar global horaria VALIDADA,Wh/m^2,2005-07-18,5055.7,Calculado
21206990,TIBAITATA - AUT [21206990],RAD SOLAR,Radiación solar global horaria VALIDADA,Wh/m^2,2005-07-19,1861.1,Calculado
21206990,TIBAITATA - AUT [21206990],RAD SOLAR,Radiación solar global horaria VALIDADA,Wh/m^2,2005-07-20,4613.5,Calculado
21206990,TIBAITATA - AUT [21206990],RAD SOLAR,Radiación solar global horaria VALIDADA,Wh/m^2,2005-07-21,2829.1,Calculado
21206990,TIBAITATA - AUT [21206990],RAD SOLAR,Radiación solar global horaria VALIDADA,Wh/m^2,2005-07-22,3234.8,Calculado
21206990,TIBAITATA - AUT [21206990],RAD SOLAR,Radiación solar global horaria VALIDADA,Wh/m^2,2005-07-23,3399.4,Calculado
21206990,TIBAITATA - AUT [21206990],RAD SOLAR,Radiación solar global horaria VALIDADA,Wh/m^2,2005-07-24,3833.7,Calculado
21206990,TIBAITATA - AUT [21206990],RAD SOLAR,Radiación solar global horaria VALIDADA,Wh/m^2,2005-07-25,6567.4,Calculado
21206990,TIBAITATA - AUT [21206990],RAD SOLAR,Radiación solar global horaria VALIDADA,Wh/m^2,2005-07-26,5187.4,Calculado
21206990,TIBAITATA - AUT [21206990],RAD SOLAR,Radiación solar global horaria VALIDADA,Wh/m^2,2005-07-27,5023.2,Calculado
21206990,TIBAITATA - AUT [21206990],RAD SOLAR,Radiación solar global horaria VALIDADA,Wh/m^2,2005-07-28,3822.5,Calculado
21206990,TIBAITATA - AUT [21206990],RAD SOLAR,Radiación solar global horaria VALIDADA,Wh/m^2,2005-07-29,4272.0,Calculado
21206990,TIBAITATA - AUT [21206990],RAD SOLAR,Radiación solar global horaria VALIDADA,Wh/m^2,2005-07-30,5114.599999999999,Calculado
21206990,TIBAITATA - AUT [21206990],RAD SOLAR,Radiación solar global horaria VALIDADA,Wh/m^2,2005-07-31,4729.3,Calculado
21206990,TIBAITATA - AUT [21206990],RAD SOLAR,Radiación solar global horaria VALIDADA,Wh/m^2,2005-08-01,3624.0,Calculado
21206990,TIBAITATA - AUT [21206990],RAD SOLAR,Radiación solar global horaria VALIDADA,Wh/m^2,2005-08-02,4626.2,Calculado
21206990,TIBAITATA - AUT [21206990],RAD SOLAR,Radiación solar global horaria VALIDADA,Wh/m^2,2005-08-03,4115.2,Calculado
21206990,TIBAITATA - AUT [21206990],RAD SOLAR,Radiación solar global horaria VALIDADA,Wh/m^2,2005-08-04,4553.4,Calculado
21206990,TIBAITATA - AUT [21206990],RAD SOLAR,Radiación solar global horaria VALIDADA,Wh/m^2,2005-08-05,4445.4,Calculado
21206990,TIBAITATA - AUT [21206990],RAD SOLAR,Radiación solar global horaria VALIDADA,Wh/m^2,2005-08-06,891.6,Calculado
21206990,TIBAITATA - AUT [21206990],RAD SOLAR,Radiación solar global horaria VALIDADA,Wh/m^2,2005-08-07,2453.6,Calculado
21206990,TIBAITATA - AUT [21206990],RAD SOLAR,Radiación solar global horaria VALIDADA,Wh/m^2,2005-08-08,4349.9,Calculado
21206990,TIBAITATA - AUT [21206990],RAD SOLAR,Radiación solar global horaria VALIDADA,Wh/m^2,2005-08-09,4803.3,Calculado
21206990,TIBAITATA - AUT [21206990],RAD SOLAR,Radiación solar global horaria VALIDADA,Wh/m^2,2005-08-10,3046.4,Calculado
21206990,TIBAITATA - AUT [21206990],RAD SOLAR,Radiación solar global horaria VALIDADA,Wh/m^2,2005-08-11,4440.3,Calculado
21206990,TIBAITATA - AUT [21206990],RAD SOLAR,Radiación solar global horaria VALIDADA,Wh/m^2,2005-08-12,4102.5,Calculado
21206990,TIBAITATA - AUT [21206990],RAD SOLAR,Radiación solar global horaria VALIDADA,Wh/m^2,2005-08-13,2846.8,Calculado
21206990,TIBAITATA - AUT [21206990],RAD SOLAR,Radiación solar global horaria VALIDADA,Wh/m^2,2005-08-14,2713.5,Calculado
21206990,TIBAITATA - AUT [21206990],RAD SOLAR,Radiación solar global horaria VALIDADA,Wh/m^2,2005-08-15,5229.1,Calculado
21206990,TIBAITATA - AUT [21206990],RAD SOLAR,Radiación solar global horaria VALIDADA,Wh/m^2,2005-08-16,4897.5,Calculado
21206990,TIBAITATA - AUT [21206990],RAD SOLAR,Radiación solar global horaria VALIDADA,Wh/m^2,2005-08-17,4520.8,Calculado
21206990,TIBAITATA - AUT [21206990],RAD SOLAR,Radiación solar global horaria VALIDADA,Wh/m^2,2005-08-18,2329.6,Calculado
21206990,TIBAITATA - AUT [21206990],RAD SOLAR,Radiación solar global horaria VALIDADA,Wh/m^2,2005-08-19,4511.8,Calculado
21206990,TIBAITATA - AUT [21206990],RAD SOLAR,Radiación solar global horaria VALIDADA,Wh/m^2,2005-08-20,4804.6,Calculado
21206990,TIBAITATA - AUT [21206990],RAD SOLAR,Radiación solar global horaria VALIDADA,Wh/m^2,2005-08-21,5805.5,Calculado
21206990,TIBAITATA - AUT [21206990],RAD SOLAR,Radiación solar global horaria VALIDADA,Wh/m^2,2005-08-22,2349.6,Calculado
21206990,TIBAITATA - AUT [21206990],RAD SOLAR,Radiación solar global horaria VALIDADA,Wh/m^2,2005-08-23,3457.1,Calculado
21206990,TIBAITATA - AUT [21206990],RAD SOLAR,Radiación solar global horaria VALIDADA,Wh/m^2,2005-08-24,3438.2999999999997,Calculado
21206990,TIBAITATA - AUT [21206990],RAD SOLAR,Radiación solar global horaria VALIDADA,Wh/m^2,2005-08-25,4696.4,Calculado
21206990,TIBAITATA - AUT [21206990],RAD SOLAR,Radiación solar global horaria VALIDADA,Wh/m^2,2005-08-26,3675.6,Calculado
21206990,TIBAITATA - AUT [21206990],RAD SOLAR,Radiación solar global horaria VALIDADA,Wh/m^2,2005-08-27,4370.2,Calculado
21206990,TIBAITATA - AUT [21206990],RAD SOLAR,Radiación solar global horaria VALIDADA,Wh/m^2,2005-08-28,3812.3999999999996,Calculado
21206990,TIBAITATA - AUT [21206990],RAD SOLAR,Radiación solar global horaria VALIDADA,Wh/m^2,2005-08-29,3162.0,Calculado
21206990,TIBAITATA - AUT [21206990],RAD SOLAR,Radiación solar global horaria VALIDADA,Wh/m^2,2005-08-30,5378.3,Calculado
21206990,TIBAITATA - AUT [21206990],RAD SOLAR,Radiación solar global horaria VALIDADA,Wh/m^2,2005-08-31,3315.1,Calculado
21206990,TIBAITATA - AUT [21206990],RAD SOLAR,Radiación solar global horaria VALIDADA,Wh/m^2,2005-09-01,3281.2000000000003,Calculado
21206990,TIBAITATA - AUT [21206990],RAD SOLAR,Radiación solar global horaria VALIDADA,Wh/m^2,2005-09-02,6248.7,Calculado
21206990,TIBAITATA - AUT [21206990],RAD SOLAR,Radiación solar global horaria VALIDADA,Wh/m^2,2005-09-03,3933.0,Calculado
21206990,TIBAITATA - AUT [21206990],RAD SOLAR,Radiación solar global horaria VALIDADA,Wh/m^2,2005-09-04,4807.0,Calculado
21206990,TIBAITATA - AUT [21206990],RAD SOLAR,Radiación solar global horaria VALIDADA,Wh/m^2,2005-09-05,3478.3,Calculado
21206990,TIBAITATA - AUT [21206990],RAD SOLAR,Radiación solar global horaria VALIDADA,Wh/m^2,2005-09-06,3214.9,Calculado
21206990,TIBAITATA - AUT [21206990],RAD SOLAR,Radiación solar global horaria VALIDADA,Wh/m^2,2005-09-07,3980.8,Calculado
21206990,TIBAITATA - AUT [21206990],RAD SOLAR,Radiación solar global horaria VALIDADA,Wh/m^2,2005-09-08,4962.7,Calculado
21206990,TIBAITATA - AUT [21206990],RAD SOLAR,Radiación solar global horaria VALIDADA,Wh/m^2,2005-09-09,4412.9,Calculado
21206990,TIBAITATA - AUT [21206990],RAD SOLAR,Radiación solar global horaria VALIDADA,Wh/m^2,2005-09-10,4706.4,Calculado
21206990,TIBAITATA - AUT [21206990],RAD SOLAR,Radiación solar global horaria VALIDADA,Wh/m^2,2005-09-11,3487.2,Calculado
21206990,TIBAITATA - AUT [21206990],RAD SOLAR,Radiación solar global horaria VALIDADA,Wh/m^2,2005-09-12,4061.1,Calculado
21206990,TIBAITATA - AUT [21206990],RAD SOLAR,Radiación solar global horaria VALIDADA,Wh/m^2,2005-09-13,2656.1,Calculado
21206990,TIBAITATA - AUT [21206990],RAD SOLAR,Radiación solar global horaria VALIDADA,Wh/m^2,2005-09-14,3060.4,Calculado
21206990,TIBAITATA - AUT [21206990],RAD SOLAR,Radiación solar global horaria VALIDADA,Wh/m^2,2005-09-15,2403.5,Calculado
21206990,TIBAITATA - AUT [21206990],RAD SOLAR,Radiación solar global horaria VALIDADA,Wh/m^2,2005-09-16,5202.599999999999,Calculado
21206990,TIBAITATA - AUT [21206990],RAD SOLAR,Radiación solar global horaria VALIDADA,Wh/m^2,2005-09-17,4041.0,Calculado
21206990,TIBAITATA - AUT [21206990],RAD SOLAR,Radiación solar global horaria VALIDADA,Wh/m^2,2005-09-18,6647.8,Calculado
21206990,TIBAITATA - AUT [21206990],RAD SOLAR,Radiación solar global horaria VALIDADA,Wh/m^2,2005-09-19,4764.3,Calculado
21206990,TIBAITATA - AUT [21206990],RAD SOLAR,Radiación solar global horaria VALIDADA,Wh/m^2,2005-09-20,5581.8,Calculado
21206990,TIBAITATA - AUT [21206990],RAD SOLAR,Radiación solar global horaria VALIDADA,Wh/m^2,2005-09-21,3748.4,Calculado
21206990,TIBAITATA - AUT [21206990],RAD SOLAR,Radiación solar global horaria VALIDADA,Wh/m^2,2005-09-22,3141.8,Calculado
21206990,TIBAITATA - AUT [21206990],RAD SOLAR,Radiación solar global horaria VALIDADA,Wh/m^2,2005-09-23,3886.6,Calculado
21206990,TIBAITATA - AUT [21206990],RAD SOLAR,Radiación solar global horaria VALIDADA,Wh/m^2,2005-09-24,3719.5,Calculado
21206990,TIBAITATA - AUT [21206990],RAD SOLAR,Radiación solar global horaria VALIDADA,Wh/m^2,2005-09-25,4990.3,Calculado
21206990,TIBAITATA - AUT [21206990],RAD SOLAR,Radiación solar global horaria VALIDADA,Wh/m^2,2005-09-26,4663.7,Calculado
21206990,TIBAITATA - AUT [21206990],RAD SOLAR,Radiación solar global horaria VALIDADA,Wh/m^2,2005-09-27,2831.6,Calculado
21206990,TIBAITATA - AUT [21206990],RAD SOLAR,Radiación solar global horaria VALIDADA,Wh/m^2,2005-09-28,3605.2000000000003,Calculado
21206990,TIBAITATA - AUT [21206990],RAD SOLAR,Radiación solar global horaria VALIDADA,Wh/m^2,2005-09-29,2826.7999999999997,Calculado
21206990,TIBAITATA - AUT [21206990],RAD SOLAR,Radiación solar global horaria VALIDADA,Wh/m^2,2005-09-30,5227.6,Calculado
21206990,TIBAITATA - AUT [21206990],RAD SOLAR,Radiación solar global horaria VALIDADA,Wh/m^2,2005-10-01,3896.6,Calculado
21206990,TIBAITATA - AUT [21206990],RAD SOLAR,Radiación solar global horaria VALIDADA,Wh/m^2,2005-10-02,4954.0,Calculado
21206990,TIBAITATA - AUT [21206990],RAD SOLAR,Radiación solar global horaria VALIDADA,Wh/m^2,2005-10-03,4977.9,Calculado
21206990,TIBAITATA - AUT [21206990],RAD SOLAR,Radiación solar global horaria VALIDADA,Wh/m^2,2005-10-04,5011.8,Calculado
21206990,TIBAITATA - AUT [21206990],RAD SOLAR,Radiación solar global horaria VALIDADA,Wh/m^2,2005-10-05,4538.2,Calculado
21206990,TIBAITATA - AUT [21206990],RAD SOLAR,Radiación solar global horaria VALIDADA,Wh/m^2,2005-10-06,4716.7,Calculado
21206990,TIBAITATA - AUT [21206990],RAD SOLAR,Radiación solar global horaria VALIDADA,Wh/m^2,2005-10-07,3041.4,Calculado
21206990,TIBAITATA - AUT [21206990],RAD SOLAR,Radiación solar global horaria VALIDADA,Wh/m^2,2005-10-08,5142.2,Calculado
21206990,TIBAITATA - AUT [21206990],RAD SOLAR,Radiación solar global horaria VALIDADA,Wh/m^2,2005-10-09,3381.9,Calculado
21206990,TIBAITATA - AUT [21206990],RAD SOLAR,Radiación solar global horaria VALIDADA,Wh/m^2,2005-10-10,4270.7,Calculado
21206990,TIBAITATA - AUT [21206990],RAD SOLAR,Radiación solar global horaria VALIDADA,Wh/m^2,2005-10-11,5018.0,Calculado
21206990,TIBAITATA - AUT [21206990],RAD SOLAR,Radiación solar global horaria VALIDADA,Wh/m^2,2005-10-12,4761.8,Calculado
21206990,TIBAITATA - AUT [21206990],RAD SOLAR,Radiación solar global horaria VALIDADA,Wh/m^2,2005-10-13,5235.4,Calculado
21206990,TIBAITATA - AUT [21206990],RAD SOLAR,Radiación solar global horaria VALIDADA,Wh/m^2,2005-10-14,4262.2,Calculado
21206990,TIBAITATA - AUT [21206990],RAD SOLAR,Radiación solar global horaria VALIDADA,Wh/m^2,2005-10-15,4307.099999999999,Calculado
21206990,TIBAITATA - AUT [21206990],RAD SOLAR,Radiación solar global horaria VALIDADA,Wh/m^2,2005-10-16,3984.4,Calculado
21206990,TIBAITATA - AUT [21206990],RAD SOLAR,Radiación solar global horaria VALIDADA,Wh/m^2,2005-10-17,3566.4,Calculado
21206990,TIBAITATA - AUT [21206990],RAD SOLAR,Radiación solar global horaria VALIDADA,Wh/m^2,2005-10-18,4488.2,Calculado
21206990,TIBAITATA - AUT [21206990],RAD SOLAR,Radiación solar global horaria VALIDADA,Wh/m^2,2005-10-19,2775.2,Calculado
21206990,TIBAITATA - AUT [21206990],RAD SOLAR,Radiación solar global horaria VALIDADA,Wh/m^2,2005-10-20,3064.0,Calculado
21206990,TIBAITATA - AUT [21206990],RAD SOLAR,Radiación solar global horaria VALIDADA,Wh/m^2,2005-10-21,3850.1,Calculado
21206990,TIBAITATA - AUT [21206990],RAD SOLAR,Radiación solar global horaria VALIDADA,Wh/m^2,2005-10-22,2481.4,Calculado
21206990,TIBAITATA - AUT [21206990],RAD SOLAR,Radiación solar global horaria VALIDADA,Wh/m^2,2005-10-23,4638.7,Calculado
21206990,TIBAITATA - AUT [21206990],RAD SOLAR,Radiación solar global horaria VALIDADA,Wh/m^2,2005-10-24,3243.6,Calculado
21206990,TIBAITATA - AUT [21206990],RAD SOLAR,Radiación solar global horaria VALIDADA,Wh/m^2,2005-10-25,3064.1,Calculado
21206990,TIBAITATA - AUT [21206990],RAD SOLAR,Radiación solar global horaria VALIDADA,Wh/m^2,2005-10-26,5525.2,Calculado
21206990,TIBAITATA - AUT [21206990],RAD SOLAR,Radiación solar global horaria VALIDADA,Wh/m^2,2005-10-27,6370.5,Calculado
21206990,TIBAITATA - AUT [21206990],RAD SOLAR,Radiación solar global horaria VALIDADA,Wh/m^2,2005-10-28,4255.7,Calculado
21206990,TIBAITATA - AUT [21206990],RAD SOLAR,Radiación solar global horaria VALIDADA,Wh/m^2,2005-10-29,4530.8,Calculado
21206990,TIBAITATA - AUT [21206990],RAD SOLAR,Radiación solar global horaria VALIDADA,Wh/m^2,2005-10-30,3968.2000000000003,Calculado
21206990,TIBAITATA - AUT [21206990],RAD SOLAR,Radiación solar global horaria VALIDADA,Wh/m^2,2005-10-31,2922.1000000000004,Calculado
21206990,TIBAITATA - AUT [21206990],RAD SOLAR,Radiación solar global horaria VALIDADA,Wh/m^2,2005-11-01,3039.0,Calculado
21206990,TIBAITATA - AUT [21206990],RAD SOLAR,Radiación solar global horaria VALIDADA,Wh/m^2,2005-11-02,3816.5,Calculado
21206990,TIBAITATA - AUT [21206990],RAD SOLAR,Radiación solar global horaria VALIDADA,Wh/m^2,2005-11-03,4032.3,Calculado
21206990,TIBAITATA - AUT [21206990],RAD SOLAR,Radiación solar global horaria VALIDADA,Wh/m^2,2005-11-04,3008.7,Calculado
21206990,TIBAITATA - AUT [21206990],RAD SOLAR,Radiación solar global horaria VALIDADA,Wh/m^2,2005-11-05,4474.2,Calculado
21206990,TIBAITATA - AUT [21206990],RAD SOLAR,Radiación solar global horaria VALIDADA,Wh/m^2,2005-11-06,3718.2,Calculado
21206990,TIBAITATA - AUT [21206990],RAD SOLAR,Radiación solar global horaria VALIDADA,Wh/m^2,2005-11-07,4028.4,Calculado
21206990,TIBAITATA - AUT [21206990],RAD SOLAR,Radiación solar global horaria VALIDADA,Wh/m^2,2005-11-08,3310.2000000000003,Calculado
21206990,TIBAITATA - AUT [21206990],RAD SOLAR,Radiación solar global horaria VALIDADA,Wh/m^2,2005-11-09,3244.9,Calculado
21206990,TIBAITATA - AUT [21206990],RAD SOLAR,Radiación solar global horaria VALIDADA,Wh/m^2,2005-11-10,3914.2000000000003,Calculado
21206990,TIBAITATA - AUT [21206990],RAD SOLAR,Radiación solar global horaria VALIDADA,Wh/m^2,2005-11-11,2635.9,Calculado
21206990,TIBAITATA - AUT [21206990],RAD SOLAR,Radiación solar global horaria VALIDADA,Wh/m^2,2005-11-12,4529.400000000001,Calculado
21206990,TIBAITATA - AUT [21206990],RAD SOLAR,Radiación solar global horaria VALIDADA,Wh/m^2,2005-11-13,2491.5,Calculado
21206990,TIBAITATA - AUT [21206990],RAD SOLAR,Radiación solar global horaria VALIDADA,Wh/m^2,2005-11-14,3979.6,Calculado
21206990,TIBAITATA - AUT [21206990],RAD SOLAR,Radiación solar global horaria VALIDADA,Wh/m^2,2005-11-15,3713.2999999999997,Calculado
21206990,TIBAITATA - AUT [21206990],RAD SOLAR,Radiación solar global horaria VALIDADA,Wh/m^2,2005-11-16,4429.1,Calculado
21206990,TIBAITATA - AUT [21206990],RAD SOLAR,Radiación solar global horaria VALIDADA,Wh/m^2,2005-11-17,4968.8,Calculado
21206990,TIBAITATA - AUT [21206990],RAD SOLAR,Radiación solar global horaria VALIDADA,Wh/m^2,2005-11-18,5782.8,Calculado
21206990,TIBAITATA - AUT [21206990],RAD SOLAR,Radiación solar global horaria VALIDADA,Wh/m^2,2005-11-19,5956.1,Calculado
21206990,TIBAITATA - AUT [21206990],RAD SOLAR,Radiación solar global horaria VALIDADA,Wh/m^2,2005-11-20,4663.9,Calculado
21206990,TIBAITATA - AUT [21206990],RAD SOLAR,Radiación solar global horaria VALIDADA,Wh/m^2,2005-11-21,3450.7,Calculado
21206990,TIBAITATA - AUT [21206990],RAD SOLAR,Radiación solar global horaria VALIDADA,Wh/m^2,2005-11-22,3622.8,Calculado
21206990,TIBAITATA - AUT [21206990],RAD SOLAR,Radiación solar global horaria VALIDADA,Wh/m^2,2005-11-23,3728.2,Calculado
21206990,TIBAITATA - AUT [21206990],RAD SOLAR,Radiación solar global horaria VALIDADA,Wh/m^2,2005-11-24,4214.2,Calculado
21206990,TIBAITATA - AUT [21206990],RAD SOLAR,Radiación solar global horaria VALIDADA,Wh/m^2,2005-11-25,6030.1,Calculado
21206990,TIBAITATA - AUT [21206990],RAD SOLAR,Radiación solar global horaria VALIDADA,Wh/m^2,2005-11-26,4645.0,Calculado
21206990,TIBAITATA - AUT [21206990],RAD SOLAR,Radiación solar global horaria VALIDADA,Wh/m^2,2005-11-27,6557.7,Calculado
21206990,TIBAITATA - AUT [21206990],RAD SOLAR,Radiación solar global horaria VALIDADA,Wh/m^2,2005-11-28,7078.6,Calculado
21206990,TIBAITATA - AUT [21206990],RAD SOLAR,Radiación solar global horaria VALIDADA,Wh/m^2,2005-11-29,7265.8,Calculado
21206990,TIBAITATA - AUT [21206990],RAD SOLAR,Radiación solar global horaria VALIDADA,Wh/m^2,2005-11-30,6382.0,Calculado
21206990,TIBAITATA - AUT [21206990],RAD SOLAR,Radiación solar global horaria VALIDADA,Wh/m^2,2005-12-01,5920.9,Calculado
21206990,TIBAITATA - AUT [21206990],RAD SOLAR,Radiación solar global horaria VALIDADA,Wh/m^2,2005-12-02,4687.6,Calculado
21206990,TIBAITATA - AUT [21206990],RAD SOLAR,Radiación solar global horaria VALIDADA,Wh/m^2,2005-12-03,3364.1,Calculado
21206990,TIBAITATA - AUT [21206990],RAD SOLAR,Radiación solar global horaria VALIDADA,Wh/m^2,2005-12-04,4575.9,Calculado
21206990,TIBAITATA - AUT [21206990],RAD SOLAR,Radiación solar global horaria VALIDADA,Wh/m^2,2005-12-05,3131.7999999999997,Calculado
21206990,TIBAITATA - AUT [21206990],RAD SOLAR,Radiación solar global horaria VALIDADA,Wh/m^2,2005-12-06,5629.5,Calculado
21206990,TIBAITATA - AUT [21206990],RAD SOLAR,Radiación solar global horaria VALIDADA,Wh/m^2,2005-12-07,4888.4,Calculado
21206990,TIBAITATA - AUT [21206990],RAD SOLAR,Radiación solar global horaria VALIDADA,Wh/m^2,2005-12-08,4527.1,Calculado
21206990,TIBAITATA - AUT [21206990],RAD SOLAR,Radiación solar global horaria VALIDADA,Wh/m^2,2005-12-09,7245.6,Calculado
21206990,TIBAITATA - AUT [21206990],RAD SOLAR,Radiación solar global horaria VALIDADA,Wh/m^2,2005-12-10,3668.0,Calculado
21206990,TIBAITATA - AUT [21206990],RAD SOLAR,Radiación solar global horaria VALIDADA,Wh/m^2,2005-12-11,3581.4,Calculado
21206990,TIBAITATA - AUT [21206990],RAD SOLAR,Radiación solar global horaria VALIDADA,Wh/m^2,2005-12-12,2897.1,Calculado
21206990,TIBAITATA - AUT [21206990],RAD SOLAR,Radiación solar global horaria VALIDADA,Wh/m^2,2005-12-13,5043.099999999999,Calculado
21206990,TIBAITATA - AUT [21206990],RAD SOLAR,Radiación solar global horaria VALIDADA,Wh/m^2,2005-12-14,6110.5,Calculado
21206990,TIBAITATA - AUT [21206990],RAD SOLAR,Radiación solar global horaria VALIDADA,Wh/m^2,2005-12-15,6117.0,Calculado
21206990,TIBAITATA - AUT [21206990],RAD SOLAR,Radiación solar global horaria VALIDADA,Wh/m^2,2005-12-16,4663.8,Calculado
21206990,TIBAITATA - AUT [21206990],RAD SOLAR,Radiación solar global horaria VALIDADA,Wh/m^2,2005-12-17,5552.9,Calculado
21206990,TIBAITATA - AUT [21206990],RAD SOLAR,Radiación solar global horaria VALIDADA,Wh/m^2,2005-12-18,5085.7,Calculado
21206990,TIBAITATA - AUT [21206990],RAD SOLAR,Radiación solar global horaria VALIDADA,Wh/m^2,2005-12-19,4170.5,Calculado
21206990,TIBAITATA - AUT [21206990],RAD SOLAR,Radiación solar global horaria VALIDADA,Wh/m^2,2005-12-20,5703.4,Calculado
21206990,TIBAITATA - AUT [21206990],RAD SOLAR,Radiación solar global horaria VALIDADA,Wh/m^2,2005-12-21,5078.2,Calculado
21206990,TIBAITATA - AUT [21206990],RAD SOLAR,Radiación solar global horaria VALIDADA,Wh/m^2,2005-12-22,3412.0,Calculado
21206990,TIBAITATA - AUT [21206990],RAD SOLAR,Radiación solar global horaria VALIDADA,Wh/m^2,2005-12-23,2627.0,Calculado
21206990,TIBAITATA - AUT [21206990],RAD SOLAR,Radiación solar global horaria VALIDADA,Wh/m^2,2005-12-24,2547.8,Calculado
21206990,TIBAITATA - AUT [21206990],RAD SOLAR,Radiación solar global horaria VALIDADA,Wh/m^2,2005-12-25,5614.6,Calculado
21206990,TIBAITATA - AUT [21206990],RAD SOLAR,Radiación solar global horaria VALIDADA,Wh/m^2,2005-12-26,5300.6,Calculado
21206990,TIBAITATA - AUT [21206990],RAD SOLAR,Radiación solar global horaria VALIDADA,Wh/m^2,2005-12-27,7197.9,Calculado
21206990,TIBAITATA - AUT [21206990],RAD SOLAR,Radiación solar global horaria VALIDADA,Wh/m^2,2005-12-28,6615.4,Calculado
21206990,TIBAITATA - AUT [21206990],RAD SOLAR,Radiación solar global horaria VALIDADA,Wh/m^2,2005-12-29,5986.3,Calculado
21206990,TIBAITATA - AUT [21206990],RAD SOLAR,Radiación solar global horaria VALIDADA,Wh/m^2,2005-12-30,6463.3,Calculado
21206990,TIBAITATA - AUT [21206990],RAD SOLAR,Radiación solar global horaria VALIDADA,Wh/m^2,2005-12-31,6710.7,Calculado
21206990,TIBAITATA - AUT [21206990],RAD SOLAR,Radiación solar global horaria VALIDADA,Wh/m^2,2006-01-01,6606.3,Calculado
21206990,TIBAITATA - AUT [21206990],RAD SOLAR,Radiación solar global horaria VALIDADA,Wh/m^2,2006-01-02,6989.6,Calculado
21206990,TIBAITATA - AUT [21206990],RAD SOLAR,Radiación solar global horaria VALIDADA,Wh/m^2,2006-01-03,4182.7,Calculado
21206990,TIBAITATA - AUT [21206990],RAD SOLAR,Radiación solar global horaria VALIDADA,Wh/m^2,2006-01-04,4709.0,Calculado
21206990,TIBAITATA - AUT [21206990],RAD SOLAR,Radiación solar global horaria VALIDADA,Wh/m^2,2006-01-05,2190.1,Calculado
21206990,TIBAITATA - AUT [21206990],RAD SOLAR,Radiación solar global horaria VALIDADA,Wh/m^2,2006-01-06,2817.8,Calculado
21206990,TIBAITATA - AUT [21206990],RAD SOLAR,Radiación solar global horaria VALIDADA,Wh/m^2,2006-01-07,4152.8,Calculado
21206990,TIBAITATA - AUT [21206990],RAD SOLAR,Radiación solar global horaria VALIDADA,Wh/m^2,2006-01-08,4834.8,Calculado
21206990,TIBAITATA - AUT [21206990],RAD SOLAR,Radiación solar global horaria VALIDADA,Wh/m^2,2006-01-09,5254.0,Calculado
21206990,TIBAITATA - AUT [21206990],RAD SOLAR,Radiación solar global horaria VALIDADA,Wh/m^2,2006-01-10,5789.0,Calculado
21206990,TIBAITATA - AUT [21206990],RAD SOLAR,Radiación solar global horaria VALIDADA,Wh/m^2,2006-01-11,5108.4,Calculado
21206990,TIBAITATA - AUT [21206990],RAD SOLAR,Radiación solar global horaria VALIDADA,Wh/m^2,2006-01-12,5561.7,Calculado
21206990,TIBAITATA - AUT [21206990],RAD SOLAR,Radiación solar global horaria VALIDADA,Wh/m^2,2006-01-13,6361.8,Calculado
21206990,TIBAITATA - AUT [21206990],RAD SOLAR,Radiación solar global horaria VALIDADA,Wh/m^2,2006-01-14,6238.6,Calculado
21206990,TIBAITATA - AUT [21206990],RAD SOLAR,Radiación solar global horaria VALIDADA,Wh/m^2,2006-01-15,3409.4,Calculado
21206990,TIBAITATA - AUT [21206990],RAD SOLAR,Radiación solar global horaria VALIDADA,Wh/m^2,2006-01-16,3959.4,Calculado
21206990,TIBAITATA - AUT [21206990],RAD SOLAR,Radiación solar global horaria VALIDADA,Wh/m^2,2006-01-17,4301.1,Calculado
21206990,TIBAITATA - AUT [21206990],RAD SOLAR,Radiación solar global horaria VALIDADA,Wh/m^2,2006-01-18,3519.8,Calculado
21206990,TIBAITATA - AUT [21206990],RAD SOLAR,Radiación solar global horaria VALIDADA,Wh/m^2,2006-01-19,6178.3,Calculado
21206990,TIBAITATA - AUT [21206990],RAD SOLAR,Radiación solar global horaria VALIDADA,Wh/m^2,2006-01-20,6614.1,Calculado
21206990,TIBAITATA - AUT [21206990],RAD SOLAR,Radiación solar global horaria VALIDADA,Wh/m^2,2006-01-21,7349.9,Calculado
21206990,TIBAITATA - AUT [21206990],RAD SOLAR,Radiación solar global horaria VALIDADA,Wh/m^2,2006-01-22,5000.3,Calculado
21206990,TIBAITATA - AUT [21206990],RAD SOLAR,Radiación solar global horaria VALIDADA,Wh/m^2,2006-01-23,2538.0,Calculado
21206990,TIBAITATA - AUT [21206990],RAD SOLAR,Radiación solar global horaria VALIDADA,Wh/m^2,2006-01-24,4524.2,Calculado
21206990,TIBAITATA - AUT [21206990],RAD SOLAR,Radiación solar global horaria VALIDADA,Wh/m^2,2006-01-25,3316.3,Calculado
21206990,TIBAITATA - AUT [21206990],RAD SOLAR,Radiación solar global horaria VALIDADA,Wh/m^2,2006-01-26,2333.2,Calculado
21206990,TIBAITATA - AUT [21206990],RAD SOLAR,Radiación solar global horaria VALIDADA,Wh/m^2,2006-01-27,2595.7,Calculado
21206990,TIBAITATA - AUT [21206990],RAD SOLAR,Radiación solar global horaria VALIDADA,Wh/m^2,2006-01-28,4907.5,Calculado
21206990,TIBAITATA - AUT [21206990],RAD SOLAR,Radiación solar global horaria VALIDADA,Wh/m^2,2006-01-29,2927.0,Calculado
21206990,TIBAITATA - AUT [21206990],RAD SOLAR,Radiación solar global horaria VALIDADA,Wh/m^2,2006-01-30,4222.0,Calculado
21206990,TIBAITATA - AUT [21206990],RAD SOLAR,Radiación solar global horaria VALIDADA,Wh/m^2,2006-01-31,3125.6,Calculado
21206990,TIBAITATA - AUT [21206990],RAD SOLAR,Radiación solar global horaria VALIDADA,Wh/m^2,2006-02-01,3032.6000000000004,Calculado
21206990,TIBAITATA - AUT [21206990],RAD SOLAR,Radiación solar global horaria VALIDADA,Wh/m^2,2006-02-02,2355.8,Calculado
21206990,TIBAITATA - AUT [21206990],RAD SOLAR,Radiación solar global horaria VALIDADA,Wh/m^2,2006-02-03,3702.9,Calculado
21206990,TIBAITATA - AUT [21206990],RAD SOLAR,Radiación solar global horaria VALIDADA,Wh/m^2,2006-02-04,4209.2,Calculado
21206990,TIBAITATA - AUT [21206990],RAD SOLAR,Radiación solar global horaria VALIDADA,Wh/m^2,2006-02-05,4878.6,Calculado
21206990,TIBAITATA - AUT [21206990],RAD SOLAR,Radiación solar global horaria VALIDADA,Wh/m^2,2006-02-06,5016.8,Calculado
21206990,TIBAITATA - AUT [21206990],RAD SOLAR,Radiación solar global horaria VALIDADA,Wh/m^2,2006-02-10,6306.5,Calculado
21206990,TIBAITATA - AUT [21206990],RAD SOLAR,Radiación solar global horaria VALIDADA,Wh/m^2,2006-02-11,6445.7,Calculado
21206990,TIBAITATA - AUT [21206990],RAD SOLAR,Radiación solar global horaria VALIDADA,Wh/m^2,2006-02-12,6874.1,Calculado
21206990,TIBAITATA - AUT [21206990],RAD SOLAR,Radiación solar global horaria VALIDADA,Wh/m^2,2006-02-13,7295.900000000001,Calculado
21206990,TIBAITATA - AUT [21206990],RAD SOLAR,Radiación solar global horaria VALIDADA,Wh/m^2,2006-02-14,6654.2,Calculado
21206990,TIBAITATA - AUT [21206990],RAD SOLAR,Radiación solar global horaria VALIDADA,Wh/m^2,2006-02-15,5422.4,Calculado
21206990,TIBAITATA - AUT [21206990],RAD SOLAR,Radiación solar global horaria VALIDADA,Wh/m^2,2006-02-16,7010.9,Calculado
21206990,TIBAITATA - AUT [21206990],RAD SOLAR,Radiación solar global horaria VALIDADA,Wh/m^2,2006-02-17,6946.8,Calculado
21206990,TIBAITATA - AUT [21206990],RAD SOLAR,Radiación solar global horaria VALIDADA,Wh/m^2,2006-02-18,5579.3,Calculado
21206990,TIBAITATA - AUT [21206990],RAD SOLAR,Radiación solar global horaria VALIDADA,Wh/m^2,2006-02-19,4455.3,Calculado
21206990,TIBAITATA - AUT [21206990],RAD SOLAR,Radiación solar global horaria VALIDADA,Wh/m^2,2006-02-20,4660.0,Calculado
21206990,TIBAITATA - AUT [21206990],RAD SOLAR,Radiación solar global horaria VALIDADA,Wh/m^2,2006-02-21,4756.8,Calculado
21206990,TIBAITATA - AUT [21206990],RAD SOLAR,Radiación solar global horaria VALIDADA,Wh/m^2,2006-02-22,6607.7,Calculado
21206990,TIBAITATA - AUT [21206990],RAD SOLAR,Radiación solar global horaria VALIDADA,Wh/m^2,2006-02-23,4489.3,Calculado
21206990,TIBAITATA - AUT [21206990],RAD SOLAR,Radiación solar global horaria VALIDADA,Wh/m^2,2006-02-24,4958.9,Calculado
21206990,TIBAITATA - AUT [21206990],RAD SOLAR,Radiación solar global horaria VALIDADA,Wh/m^2,2006-02-25,4354.9,Calculado
21206990,TIBAITATA - AUT [21206990],RAD SOLAR,Radiación solar global horaria VALIDADA,Wh/m^2,2006-02-26,5426.2,Calculado
21206990,TIBAITATA - AUT [21206990],RAD SOLAR,Radiación solar global horaria VALIDADA,Wh/m^2,2006-02-27,5319.4,Calculado
21206990,TIBAITATA - AUT [21206990],RAD SOLAR,Radiación solar global horaria VALIDADA,Wh/m^2,2006-02-28,4081.2,Calculado
21206990,TIBAITATA - AUT [21206990],RAD SOLAR,Radiación solar global horaria VALIDADA,Wh/m^2,2006-03-01,5678.5,Calculado
21206990,TIBAITATA - AUT [21206990],RAD SOLAR,Radiación solar global horaria VALIDADA,Wh/m^2,2006-03-02,1727.9,Calculado
21206990,TIBAITATA - AUT [21206990],RAD SOLAR,Radiación solar global horaria VALIDADA,Wh/m^2,2006-03-03,5995.0,Calculado
21206990,TIBAITATA - AUT [21206990],RAD SOLAR,Radiación solar global horaria VALIDADA,Wh/m^2,2006-03-04,5086.0,Calculado
21206990,TIBAITATA - AUT [21206990],RAD SOLAR,Radiación solar global horaria VALIDADA,Wh/m^2,2006-03-05,2908.4,Calculado
21206990,TIBAITATA - AUT [21206990],RAD SOLAR,Radiación solar global horaria VALIDADA,Wh/m^2,2006-03-06,2530.2000000000003,Calculado
21206990,TIBAITATA - AUT [21206990],RAD SOLAR,Radiación solar global horaria VALIDADA,Wh/m^2,2006-03-07,2172.5,Calculado
21206990,TIBAITATA - AUT [21206990],RAD SOLAR,Radiación solar global horaria VALIDADA,Wh/m^2,2006-03-08,2444.8,Calculado
21206990,TIBAITATA - AUT [21206990],RAD SOLAR,Radiación solar global horaria VALIDADA,Wh/m^2,2006-03-09,2043.2,Calculado
21206990,TIBAITATA - AUT [21206990],RAD SOLAR,Radiación solar global horaria VALIDADA,Wh/m^2,2006-03-10,749.5999999999999,Calculado
21206990,TIBAITATA - AUT [21206990],RAD SOLAR,Radiación solar global horaria VALIDADA,Wh/m^2,2006-03-13,3622.9,Calculado
21206990,TIBAITATA - AUT [21206990],RAD SOLAR,Radiación solar global horaria VALIDADA,Wh/m^2,2006-03-15,1049.8999999999999,Calculado
21206990,TIBAITATA - AUT [21206990],RAD SOLAR,Radiación solar global horaria VALIDADA,Wh/m^2,2006-03-16,4872.4,Calculado
21206990,TIBAITATA - AUT [21206990],RAD SOLAR,Radiación solar global horaria VALIDADA,Wh/m^2,2006-03-17,2417.2,Calculado
21206990,TIBAITATA - AUT [21206990],RAD SOLAR,Radiación solar global horaria VALIDADA,Wh/m^2,2006-03-18,2212.7000000000003,Calculado
21206990,TIBAITATA - AUT [21206990],RAD SOLAR,Radiación solar global horaria VALIDADA,Wh/m^2,2006-03-19,370.5,Calculado
21206990,TIBAITATA - AUT [21206990],RAD SOLAR,Radiación solar global horaria VALIDADA,Wh/m^2,2006-03-20,2687.2999999999997,Calculado
21206990,TIBAITATA - AUT [21206990],RAD SOLAR,Radiación solar global horaria VALIDADA,Wh/m^2,2006-03-21,581.4,Calculado
21206990,TIBAITATA - AUT [21206990],RAD SOLAR,Radiación solar global horaria VALIDADA,Wh/m^2,2006-03-22,1700.2,Calculado
21206990,TIBAITATA - AUT [21206990],RAD SOLAR,Radiación solar global horaria VALIDADA,Wh/m^2,2006-03-23,2709.8,Calculado
21206990,TIBAITATA - AUT [21206990],RAD SOLAR,Radiación solar global horaria VALIDADA,Wh/m^2,2006-03-24,1716.6000000000001,Calculado
21206990,TIBAITATA - AUT [21206990],RAD SOLAR,Radiación solar global horaria VALIDADA,Wh/m^2,2006-03-25,953.1000000000001,Calculado
21206990,TIBAITATA - AUT [21206990],RAD SOLAR,Radiación solar global horaria VALIDADA,Wh/m^2,2006-03-26,84.1,Calculado
21206990,TIBAITATA - AUT [21206990],RAD SOLAR,Radiación solar global horaria VALIDADA,Wh/m^2,2006-03-27,217.2,Calculado
21206990,TIBAITATA - AUT [21206990],RAD SOLAR,Radiación solar global horaria VALIDADA,Wh/m^2,2006-03-28,1251.9,Calculado
21206990,TIBAITATA - AUT [21206990],RAD SOLAR,Radiación solar global horaria VALIDADA,Wh/m^2,2006-03-29,1130.2,Calculado
21206990,TIBAITATA - AUT [21206990],RAD SOLAR,Radiación solar global horaria VALIDADA,Wh/m^2,2006-03-30,5075.8,Calculado
21206990,TIBAITATA - AUT [21206990],RAD SOLAR,Radiación solar global horaria VALIDADA,Wh/m^2,2006-03-31,3890.2,Calculado
21206990,TIBAITATA - AUT [21206990],RAD SOLAR,Radiación solar global horaria VALIDADA,Wh/m^2,2006-04-01,1581.0,Calculado
21206990,TIBAITATA - AUT [21206990],RAD SOLAR,Radiación solar global horaria VALIDADA,Wh/m^2,2006-04-04,2429.7999999999997,Calculado
21206990,TIBAITATA - AUT [21206990],RAD SOLAR,Radiación solar global horaria VALIDADA,Wh/m^2,2006-04-05,1455.5,Calculado
21206990,TIBAITATA - AUT [21206990],RAD SOLAR,Radiación solar global horaria VALIDADA,Wh/m^2,2006-04-06,748.5,Calculado
21206990,TIBAITATA - AUT [21206990],RAD SOLAR,Radiación solar global horaria VALIDADA,Wh/m^2,2006-04-07,307.59999999999997,Calculado
21206990,TIBAITATA - AUT [21206990],RAD SOLAR,Radiación solar global horaria VALIDADA,Wh/m^2,2006-04-08,201.0,Calculado
21206990,TIBAITATA - AUT [21206990],RAD SOLAR,Radiación solar global horaria VALIDADA,Wh/m^2,2006-04-09,2563.0,Calculado
21206990,TIBAITATA - AUT [21206990],RAD SOLAR,Radiación solar global horaria VALIDADA,Wh/m^2,2006-04-10,3674.3,Calculado
21206990,TIBAITATA - AUT [21206990],RAD SOLAR,Radiación solar global horaria VALIDADA,Wh/m^2,2006-04-11,2517.8,Calculado
21206990,TIBAITATA - AUT [21206990],RAD SOLAR,Radiación solar global horaria VALIDADA,Wh/m^2,2006-04-12,2274.2,Calculado
21206990,TIBAITATA - AUT [21206990],RAD SOLAR,Radiación solar global horaria VALIDADA,Wh/m^2,2006-04-13,4416.599999999999,Calculado
21206990,TIBAITATA - AUT [21206990],RAD SOLAR,Radiación solar global horaria VALIDADA,Wh/m^2,2006-04-14,3695.7,Calculado
21206990,TIBAITATA - AUT [21206990],RAD SOLAR,Radiación solar global horaria VALIDADA,Wh/m^2,2006-04-15,4489.2,Calculado
21206990,TIBAITATA - AUT [21206990],RAD SOLAR,Radiación solar global horaria VALIDADA,Wh/m^2,2006-04-16,3723.4,Calculado
21206990,TIBAITATA - AUT [21206990],RAD SOLAR,Radiación solar global horaria VALIDADA,Wh/m^2,2006-04-17,3909.3,Calculado
21206990,TIBAITATA - AUT [21206990],RAD SOLAR,Radiación solar global horaria VALIDADA,Wh/m^2,2006-04-18,1468.0,Calculado
21206990,TIBAITATA - AUT [21206990],RAD SOLAR,Radiación solar global horaria VALIDADA,Wh/m^2,2006-04-19,4491.7,Calculado
21206990,TIBAITATA - AUT [21206990],RAD SOLAR,Radiación solar global horaria VALIDADA,Wh/m^2,2006-04-20,2614.5,Calculado
21206990,TIBAITATA - AUT [21206990],RAD SOLAR,Radiación solar global horaria VALIDADA,Wh/m^2,2006-04-21,5338.0,Calculado
21206990,TIBAITATA - AUT [21206990],RAD SOLAR,Radiación solar global horaria VALIDADA,Wh/m^2,2006-04-22,5046.9,Calculado
21206990,TIBAITATA - AUT [21206990],RAD SOLAR,Radiación solar global horaria VALIDADA,Wh/m^2,2006-04-23,2325.7999999999997,Calculado
21206990,TIBAITATA - AUT [21206990],RAD SOLAR,Radiación solar global horaria VALIDADA,Wh/m^2,2006-04-24,3127.0,Calculado
21206990,TIBAITATA - AUT [21206990],RAD SOLAR,Radiación solar global horaria VALIDADA,Wh/m^2,2006-04-25,3981.9,Calculado
21206990,TIBAITATA - AUT [21206990],RAD SOLAR,Radiación solar global horaria VALIDADA,Wh/m^2,2006-04-26,2760.2,Calculado
21206990,TIBAITATA - AUT [21206990],RAD SOLAR,Radiación solar global horaria VALIDADA,Wh/m^2,2006-04-27,3598.9,Calculado
21206990,TIBAITATA - AUT [21206990],RAD SOLAR,Radiación solar global horaria VALIDADA,Wh/m^2,2006-04-28,3470.9,Calculado
21206990,TIBAITATA - AUT [21206990],RAD SOLAR,Radiación solar global horaria VALIDADA,Wh/m^2,2006-04-29,4250.6,Calculado
21206990,TIBAITATA - AUT [21206990],RAD SOLAR,Radiación solar global horaria VALIDADA,Wh/m^2,2006-04-30,3223.5,Calculado
21206990,TIBAITATA - AUT [21206990],RAD SOLAR,Radiación solar global horaria VALIDADA,Wh/m^2,2006-05-01,4906.400000000001,Calculado
21206990,TIBAITATA - AUT [21206990],RAD SOLAR,Radiación solar global horaria VALIDADA,Wh/m^2,2006-05-02,2949.6,Calculado
21206990,TIBAITATA - AUT [21206990],RAD SOLAR,Radiación solar global horaria VALIDADA,Wh/m^2,2006-05-03,4066.1,Calculado
21206990,TIBAITATA - AUT [21206990],RAD SOLAR,Radiación solar global horaria VALIDADA,Wh/m^2,2006-05-04,3607.7999999999997,Calculado
21206990,TIBAITATA - AUT [21206990],RAD SOLAR,Radiación solar global horaria VALIDADA,Wh/m^2,2006-05-05,1994.0,Calculado
21206990,TIBAITATA - AUT [21206990],RAD SOLAR,Radiación solar global horaria VALIDADA,Wh/m^2,2006-05-06,710.7,Calculado
21206990,TIBAITATA - AUT [21206990],RAD SOLAR,Radiación solar global horaria VALIDADA,Wh/m^2,2006-05-07,782.4,Calculado
21206990,TIBAITATA - AUT [21206990],RAD SOLAR,Radiación solar global horaria VALIDADA,Wh/m^2,2006-05-08,3941.9,Calculado
21206990,TIBAITATA - AUT [21206990],RAD SOLAR,Radiación solar global horaria VALIDADA,Wh/m^2,2006-05-09,3914.3,Calculado
21206990,TIBAITATA - AUT [21206990],RAD SOLAR,Radiación solar global horaria VALIDADA,Wh/m^2,2006-05-10,2402.2,Calculado
21206990,TIBAITATA - AUT [21206990],RAD SOLAR,Radiación solar global horaria VALIDADA,Wh/m^2,2006-05-11,2593.0,Calculado
21206990,TIBAITATA - AUT [21206990],RAD SOLAR,Radiación solar global horaria VALIDADA,Wh/m^2,2006-05-12,4557.2,Calculado
21206990,TIBAITATA - AUT [21206990],RAD SOLAR,Radiación solar global horaria VALIDADA,Wh/m^2,2006-05-13,4213.1,Calculado
21206990,TIBAITATA - AUT [21206990],RAD SOLAR,Radiación solar global horaria VALIDADA,Wh/m^2,2006-05-14,4575.9,Calculado
21206990,TIBAITATA - AUT [21206990],RAD SOLAR,Radiación solar global horaria VALIDADA,Wh/m^2,2006-05-15,3316.5,Calculado
21206990,TIBAITATA - AUT [21206990],RAD SOLAR,Radiación solar global horaria VALIDADA,Wh/m^2,2006-05-16,3109.2,Calculado
21206990,TIBAITATA - AUT [21206990],RAD SOLAR,Radiación solar global horaria VALIDADA,Wh/m^2,2006-05-17,3263.8,Calculado
21206990,TIBAITATA - AUT [21206990],RAD SOLAR,Radiación solar global horaria VALIDADA,Wh/m^2,2006-05-18,3497.3,Calculado
21206990,TIBAITATA - AUT [21206990],RAD SOLAR,Radiación solar global horaria VALIDADA,Wh/m^2,2006-05-19,2849.3,Calculado
21206990,TIBAITATA - AUT [21206990],RAD SOLAR,Radiación solar global horaria VALIDADA,Wh/m^2,2006-05-20,4752.9,Calculado
21206990,TIBAITATA - AUT [21206990],RAD SOLAR,Radiación solar global horaria VALIDADA,Wh/m^2,2006-05-21,4905.1,Calculado
21206990,TIBAITATA - AUT [21206990],RAD SOLAR,Radiación solar global horaria VALIDADA,Wh/m^2,2006-05-22,7219.5,Calculado
21206990,TIBAITATA - AUT [21206990],RAD SOLAR,Radiación solar global horaria VALIDADA,Wh/m^2,2006-05-23,4335.0,Calculado
21206990,TIBAITATA - AUT [21206990],RAD SOLAR,Radiación solar global horaria VALIDADA,Wh/m^2,2006-05-24,3025.0,Calculado
21206990,TIBAITATA - AUT [21206990],RAD SOLAR,Radiación solar global horaria VALIDADA,Wh/m^2,2006-05-25,3335.4,Calculado
21206990,TIBAITATA - AUT [21206990],RAD SOLAR,Radiación solar global horaria VALIDADA,Wh/m^2,2006-05-26,2733.9,Calculado
21206990,TIBAITATA - AUT [21206990],RAD SOLAR,Radiación solar global horaria VALIDADA,Wh/m^2,2006-05-27,2618.2,Calculado
21206990,TIBAITATA - AUT [21206990],RAD SOLAR,Radiación solar global horaria VALIDADA,Wh/m^2,2006-05-28,2972.4,Calculado
21206990,TIBAITATA - AUT [21206990],RAD SOLAR,Radiación solar global horaria VALIDADA,Wh/m^2,2006-05-29,4925.1,Calculado
21206990,TIBAITATA - AUT [21206990],RAD SOLAR,Radiación solar global horaria VALIDADA,Wh/m^2,2006-05-30,5105.9,Calculado
21206990,TIBAITATA - AUT [21206990],RAD SOLAR,Radiación solar global horaria VALIDADA,Wh/m^2,2006-05-31,4150.4,Calculado
21206990,TIBAITATA - AUT [21206990],RAD SOLAR,Radiación solar global horaria VALIDADA,Wh/m^2,2006-06-01,3683.3,Calculado
21206990,TIBAITATA - AUT [21206990],RAD SOLAR,Radiación solar global horaria VALIDADA,Wh/m^2,2006-06-02,4304.7,Calculado
21206990,TIBAITATA - AUT [21206990],RAD SOLAR,Radiación solar global horaria VALIDADA,Wh/m^2,2006-06-03,4358.6,Calculado
21206990,TIBAITATA - AUT [21206990],RAD SOLAR,Radiación solar global horaria VALIDADA,Wh/m^2,2006-06-04,4236.9,Calculado
21206990,TIBAITATA - AUT [21206990],RAD SOLAR,Radiación solar global horaria VALIDADA,Wh/m^2,2006-06-05,3293.9,Calculado
21206990,TIBAITATA - AUT [21206990],RAD SOLAR,Radiación solar global horaria VALIDADA,Wh/m^2,2006-06-06,3404.4,Calculado
21206990,TIBAITATA - AUT [21206990],RAD SOLAR,Radiación solar global horaria VALIDADA,Wh/m^2,2006-06-07,2644.7,Calculado
21206990,TIBAITATA - AUT [21206990],RAD SOLAR,Radiación solar global horaria VALIDADA,Wh/m^2,2006-06-08,2683.6,Calculado
21206990,TIBAITATA - AUT [21206990],RAD SOLAR,Radiación solar global horaria VALIDADA,Wh/m^2,2006-06-09,2579.4,Calculado
21206990,TIBAITATA - AUT [21206990],RAD SOLAR,Radiación solar global horaria VALIDADA,Wh/m^2,2006-06-10,3193.5,Calculado
21206990,TIBAITATA - AUT [21206990],RAD SOLAR,Radiación solar global horaria VALIDADA,Wh/m^2,2006-06-11,3548.7000000000003,Calculado
21206990,TIBAITATA - AUT [21206990],RAD SOLAR,Radiación solar global horaria VALIDADA,Wh/m^2,2006-06-12,5244.1,Calculado
21206990,TIBAITATA - AUT [21206990],RAD SOLAR,Radiación solar global horaria VALIDADA,Wh/m^2,2006-06-13,6135.6,Calculado
21206990,TIBAITATA - AUT [21206990],RAD SOLAR,Radiación solar global horaria VALIDADA,Wh/m^2,2006-06-14,3120.5,Calculado
21206990,TIBAITATA - AUT [21206990],RAD SOLAR,Radiación solar global horaria VALIDADA,Wh/m^2,2006-06-15,3022.7000000000003,Calculado
21206990,TIBAITATA - AUT [21206990],RAD SOLAR,Radiación solar global horaria VALIDADA,Wh/m^2,2006-06-16,3285.0,Calculado
21206990,TIBAITATA - AUT [21206990],RAD SOLAR,Radiación solar global horaria VALIDADA,Wh/m^2,2006-06-17,4940.2,Calculado
21206990,TIBAITATA - AUT [21206990],RAD SOLAR,Radiación solar global horaria VALIDADA,Wh/m^2,2006-06-18,5430.0,Calculado
21206990,TIBAITATA - AUT [21206990],RAD SOLAR,Radiación solar global horaria VALIDADA,Wh/m^2,2006-06-19,4482.9,Calculado
21206990,TIBAITATA - AUT [21206990],RAD SOLAR,Radiación solar global horaria VALIDADA,Wh/m^2,2006-06-20,4535.8,Calculado
21206990,TIBAITATA - AUT [21206990],RAD SOLAR,Radiación solar global horaria VALIDADA,Wh/m^2,2006-06-21,3920.4,Calculado
21206990,TIBAITATA - AUT [21206990],RAD SOLAR,Radiación solar global horaria VALIDADA,Wh/m^2,2006-06-22,5391.1,Calculado
21206990,TIBAITATA - AUT [21206990],RAD SOLAR,Radiación solar global horaria VALIDADA,Wh/m^2,2006-06-23,4838.4,Calculado
21206990,TIBAITATA - AUT [21206990],RAD SOLAR,Radiación solar global horaria VALIDADA,Wh/m^2,2006-06-24,4170.5,Calculado
21206990,TIBAITATA - AUT [21206990],RAD SOLAR,Radiación solar global horaria VALIDADA,Wh/m^2,2006-06-25,4390.2,Calculado
21206990,TIBAITATA - AUT [21206990],RAD SOLAR,Radiación solar global horaria VALIDADA,Wh/m^2,2006-06-26,3714.7,Calculado
21206990,TIBAITATA - AUT [21206990],RAD SOLAR,Radiación solar global horaria VALIDADA,Wh/m^2,2006-06-27,4528.400000000001,Calculado
21206990,TIBAITATA - AUT [21206990],RAD SOLAR,Radiación solar global horaria VALIDADA,Wh/m^2,2006-06-28,5521.6,Calculado
21206990,TIBAITATA - AUT [21206990],RAD SOLAR,Radiación solar global horaria VALIDADA,Wh/m^2,2006-06-29,5271.7,Calculado
21206990,TIBAITATA - AUT [21206990],RAD SOLAR,Radiación solar global horaria VALIDADA,Wh/m^2,2006-06-30,459.6,Calculado
21206990,TIBAITATA - AUT [21206990],RAD SOLAR,Radiación solar global horaria VALIDADA,Wh/m^2,2006-07-01,0.0,Calculado
21206990,TIBAITATA - AUT [21206990],RAD SOLAR,Radiación solar global horaria VALIDADA,Wh/m^2,2006-07-02,1684.0,Calculado
21206990,TIBAITATA - AUT [21206990],RAD SOLAR,Radiación solar global horaria VALIDADA,Wh/m^2,2006-07-03,5158.7,Calculado
21206990,TIBAITATA - AUT [21206990],RAD SOLAR,Radiación solar global horaria VALIDADA,Wh/m^2,2006-07-04,5144.9,Calculado
21206990,TIBAITATA - AUT [21206990],RAD SOLAR,Radiación solar global horaria VALIDADA,Wh/m^2,2006-07-05,95.4,Calculado
21206990,TIBAITATA - AUT [21206990],RAD SOLAR,Radiación solar global horaria VALIDADA,Wh/m^2,2006-07-06,3779.9,Calculado
21206990,TIBAITATA - AUT [21206990],RAD SOLAR,Radiación solar global horaria VALIDADA,Wh/m^2,2006-07-07,5093.4,Calculado
21206990,TIBAITATA - AUT [21206990],RAD SOLAR,Radiación solar global horaria VALIDADA,Wh/m^2,2006-07-08,4884.9,Calculado
21206990,TIBAITATA - AUT [21206990],RAD SOLAR,Radiación solar global horaria VALIDADA,Wh/m^2,2006-07-09,4254.6,Calculado
21206990,TIBAITATA - AUT [21206990],RAD SOLAR,Radiación solar global horaria VALIDADA,Wh/m^2,2006-07-10,3632.9,Calculado
21206990,TIBAITATA - AUT [21206990],RAD SOLAR,Radiación solar global horaria VALIDADA,Wh/m^2,2006-07-11,2013.0,Calculado
21206990,TIBAITATA - AUT [21206990],RAD SOLAR,Radiación solar global horaria VALIDADA,Wh/m^2,2006-07-12,5287.9,Calculado
21206990,TIBAITATA - AUT [21206990],RAD SOLAR,Radiación solar global horaria VALIDADA,Wh/m^2,2006-07-13,4149.1,Calculado
21206990,TIBAITATA - AUT [21206990],RAD SOLAR,Radiación solar global horaria VALIDADA,Wh/m^2,2006-07-14,5146.0,Calculado
21206990,TIBAITATA - AUT [21206990],RAD SOLAR,Radiación solar global horaria VALIDADA,Wh/m^2,2006-07-15,411.90000000000003,Calculado
21206990,TIBAITATA - AUT [21206990],RAD SOLAR,Radiación solar global horaria VALIDADA,Wh/m^2,2006-07-16,6038.9,Calculado
21206990,TIBAITATA - AUT [21206990],RAD SOLAR,Radiación solar global horaria VALIDADA,Wh/m^2,2006-07-17,5467.7,Calculado
21206990,TIBAITATA - AUT [21206990],RAD SOLAR,Radiación solar global horaria VALIDADA,Wh/m^2,2006-07-18,4784.4,Calculado
21206990,TIBAITATA - AUT [21206990],RAD SOLAR,Radiación solar global horaria VALIDADA,Wh/m^2,2006-07-19,0.0,Calculado
21206990,TIBAITATA - AUT [21206990],RAD SOLAR,Radiación solar global horaria VALIDADA,Wh/m^2,2006-07-20,35.2,Calculado
21206990,TIBAITATA - AUT [21206990],RAD SOLAR,Radiación solar global horaria VALIDADA,Wh/m^2,2006-07-21,3348.0,Calculado
21206990,TIBAITATA - AUT [21206990],RAD SOLAR,Radiación solar global horaria VALIDADA,Wh/m^2,2006-07-22,3041.3,Calculado
21206990,TIBAITATA - AUT [21206990],RAD SOLAR,Radiación solar global horaria VALIDADA,Wh/m^2,2006-07-23,4818.5,Calculado
21206990,TIBAITATA - AUT [21206990],RAD SOLAR,Radiación solar global horaria VALIDADA,Wh/m^2,2006-07-24,3418.2,Calculado
21206990,TIBAITATA - AUT [21206990],RAD SOLAR,Radiación solar global horaria VALIDADA,Wh/m^2,2006-07-25,3541.2000000000003,Calculado
21206990,TIBAITATA - AUT [21206990],RAD SOLAR,Radiación solar global horaria VALIDADA,Wh/m^2,2006-07-26,4161.5,Calculado
21206990,TIBAITATA - AUT [21206990],RAD SOLAR,Radiación solar global horaria VALIDADA,Wh/m^2,2006-07-27,2124.7,Calculado
21206990,TIBAITATA - AUT [21206990],RAD SOLAR,Radiación solar global horaria VALIDADA,Wh/m^2,2006-07-29,80.4,Calculado
21206990,TIBAITATA - AUT [21206990],RAD SOLAR,Radiación solar global horaria VALIDADA,Wh/m^2,2006-07-30,5806.6,Calculado
21206990,TIBAITATA - AUT [21206990],RAD SOLAR,Radiación solar global horaria VALIDADA,Wh/m^2,2006-07-31,2536.7000000000003,Calculado
21206990,TIBAITATA - AUT [21206990],RAD SOLAR,Radiación solar global horaria VALIDADA,Wh/m^2,2006-08-01,5355.8,Calculado
21206990,TIBAITATA - AUT [21206990],RAD SOLAR,Radiación solar global horaria VALIDADA,Wh/m^2,2006-08-02,6253.6,Calculado
21206990,TIBAITATA - AUT [21206990],RAD SOLAR,Radiación solar global horaria VALIDADA,Wh/m^2,2006-08-03,5090.900000000001,Calculado
21206990,TIBAITATA - AUT [21206990],RAD SOLAR,Radiación solar global horaria VALIDADA,Wh/m^2,2006-08-04,4245.6,Calculado
21206990,TIBAITATA - AUT [21206990],RAD SOLAR,Radiación solar global horaria VALIDADA,Wh/m^2,2006-08-05,5043.3,Calculado
21206990,TIBAITATA - AUT [21206990],RAD SOLAR,Radiación solar global horaria VALIDADA,Wh/m^2,2006-08-06,4685.2,Calculado
21206990,TIBAITATA - AUT [21206990],RAD SOLAR,Radiación solar global horaria VALIDADA,Wh/m^2,2006-08-07,851.5,Calculado
21206990,TIBAITATA - AUT [21206990],RAD SOLAR,Radiación solar global horaria VALIDADA,Wh/m^2,2006-08-08,3868.9,Calculado
21206990,TIBAITATA - AUT [21206990],RAD SOLAR,Radiación solar global horaria VALIDADA,Wh/m^2,2006-08-09,4166.6,Calculado
21206990,TIBAITATA - AUT [21206990],RAD SOLAR,Radiación solar global horaria VALIDADA,Wh/m^2,2006-08-10,5251.7,Calculado
21206990,TIBAITATA - AUT [21206990],RAD SOLAR,Radiación solar global horaria VALIDADA,Wh/m^2,2006-08-11,4591.0,Calculado
21206990,TIBAITATA - AUT [21206990],RAD SOLAR,Radiación solar global horaria VALIDADA,Wh/m^2,2006-08-12,5546.7,Calculado
21206990,TIBAITATA - AUT [21206990],RAD SOLAR,Radiación solar global horaria VALIDADA,Wh/m^2,2006-08-13,5894.7,Calculado
21206990,TIBAITATA - AUT [21206990],RAD SOLAR,Radiación solar global horaria VALIDADA,Wh/m^2,2006-08-14,4480.4,Calculado
21206990,TIBAITATA - AUT [21206990],RAD SOLAR,Radiación solar global horaria VALIDADA,Wh/m^2,2006-08-15,3153.2,Calculado
21206990,TIBAITATA - AUT [21206990],RAD SOLAR,Radiación solar global horaria VALIDADA,Wh/m^2,2006-08-16,3833.8,Calculado
21206990,TIBAITATA - AUT [21206990],RAD SOLAR,Radiación solar global horaria VALIDADA,Wh/m^2,2006-08-17,2981.2,Calculado
21206990,TIBAITATA - AUT [21206990],RAD SOLAR,Radiación solar global horaria VALIDADA,Wh/m^2,2006-08-18,2914.7000000000003,Calculado
21206990,TIBAITATA - AUT [21206990],RAD SOLAR,Radiación solar global horaria VALIDADA,Wh/m^2,2006-08-19,3312.5,Calculado
21206990,TIBAITATA - AUT [21206990],RAD SOLAR,Radiación solar global horaria VALIDADA,Wh/m^2,2006-08-20,5300.6,Calculado
21206990,TIBAITATA - AUT [21206990],RAD SOLAR,Radiación solar global horaria VALIDADA,Wh/m^2,2006-08-21,4640.0,Calculado
21206990,TIBAITATA - AUT [21206990],RAD SOLAR,Radiación solar global horaria VALIDADA,Wh/m^2,2006-08-22,5088.4,Calculado
21206990,TIBAITATA - AUT [21206990],RAD SOLAR,Radiación solar global horaria VALIDADA,Wh/m^2,2006-08-23,4967.7,Calculado
21206990,TIBAITATA - AUT [21206990],RAD SOLAR,Radiación solar global horaria VALIDADA,Wh/m^2,2006-08-24,3474.6,Calculado
21206990,TIBAITATA - AUT [21206990],RAD SOLAR,Radiación solar global horaria VALIDADA,Wh/m^2,2006-08-25,3383.1,Calculado
21206990,TIBAITATA - AUT [21206990],RAD SOLAR,Radiación solar global horaria VALIDADA,Wh/m^2,2006-08-26,4970.3,Calculado
21206990,TIBAITATA - AUT [21206990],RAD SOLAR,Radiación solar global horaria VALIDADA,Wh/m^2,2006-08-27,4230.7,Calculado
21206990,TIBAITATA - AUT [21206990],RAD SOLAR,Radiación solar global horaria VALIDADA,Wh/m^2,2006-08-28,5583.0,Calculado
21206990,TIBAITATA - AUT [21206990],RAD SOLAR,Radiación solar global horaria VALIDADA,Wh/m^2,2006-08-29,3975.5,Calculado
21206990,TIBAITATA - AUT [21206990],RAD SOLAR,Radiación solar global horaria VALIDADA,Wh/m^2,2006-08-30,6082.8,Calculado
21206990,TIBAITATA - AUT [21206990],RAD SOLAR,Radiación solar global horaria VALIDADA,Wh/m^2,2006-08-31,5662.1,Calculado
21206990,TIBAITATA - AUT [21206990],RAD SOLAR,Radiación solar global horaria VALIDADA,Wh/m^2,2006-09-01,4378.8,Calculado
21206990,TIBAITATA - AUT [21206990],RAD SOLAR,Radiación solar global horaria VALIDADA,Wh/m^2,2006-09-02,5624.5,Calculado
21206990,TIBAITATA - AUT [21206990],RAD SOLAR,Radiación solar global horaria VALIDADA,Wh/m^2,2006-09-03,5745.0,Calculado
21206990,TIBAITATA - AUT [21206990],RAD SOLAR,Radiación solar global horaria VALIDADA,Wh/m^2,2006-09-04,3390.5,Calculado
21206990,TIBAITATA - AUT [21206990],RAD SOLAR,Radiación solar global horaria VALIDADA,Wh/m^2,2006-09-05,4149.0,Calculado
21206990,TIBAITATA - AUT [21206990],RAD SOLAR,Radiación solar global horaria VALIDADA,Wh/m^2,2006-09-06,1964.1,Calculado
21206990,TIBAITATA - AUT [21206990],RAD SOLAR,Radiación solar global horaria VALIDADA,Wh/m^2,2006-09-07,2539.3,Calculado
21206990,TIBAITATA - AUT [21206990],RAD SOLAR,Radiación solar global horaria VALIDADA,Wh/m^2,2006-09-08,2647.3,Calculado
21206990,TIBAITATA - AUT [21206990],RAD SOLAR,Radiación solar global horaria VALIDADA,Wh/m^2,2006-09-09,3047.5,Calculado
21206990,TIBAITATA - AUT [21206990],RAD SOLAR,Radiación solar global horaria VALIDADA,Wh/m^2,2006-09-10,4781.9,Calculado
21206990,TIBAITATA - AUT [21206990],RAD SOLAR,Radiación solar global horaria VALIDADA,Wh/m^2,2006-09-11,3009.7999999999997,Calculado
21206990,TIBAITATA - AUT [21206990],RAD SOLAR,Radiación solar global horaria VALIDADA,Wh/m^2,2006-09-12,2471.3,Calculado
21206990,TIBAITATA - AUT [21206990],RAD SOLAR,Radiación solar global horaria VALIDADA,Wh/m^2,2006-09-13,3644.2,Calculado
21206990,TIBAITATA - AUT [21206990],RAD SOLAR,Radiación solar global horaria VALIDADA,Wh/m^2,2006-09-14,4454.1,Calculado
21206990,TIBAITATA - AUT [21206990],RAD SOLAR,Radiación solar global horaria VALIDADA,Wh/m^2,2006-09-15,3275.2,Calculado
21206990,TIBAITATA - AUT [21206990],RAD SOLAR,Radiación solar global horaria VALIDADA,Wh/m^2,2006-09-16,3208.6000000000004,Calculado
21206990,TIBAITATA - AUT [21206990],RAD SOLAR,Radiación solar global horaria VALIDADA,Wh/m^2,2006-09-17,2958.5,Calculado
21206990,TIBAITATA - AUT [21206990],RAD SOLAR,Radiación solar global horaria VALIDADA,Wh/m^2,2006-09-18,2669.7,Calculado
21206990,TIBAITATA - AUT [21206990],RAD SOLAR,Radiación solar global horaria VALIDADA,Wh/m^2,2006-09-19,3006.3,Calculado
21206990,TIBAITATA - AUT [21206990],RAD SOLAR,Radiación solar global horaria VALIDADA,Wh/m^2,2006-09-20,4494.2,Calculado
21206990,TIBAITATA - AUT [21206990],RAD SOLAR,Radiación solar global horaria VALIDADA,Wh/m^2,2006-09-21,4032.3,Calculado
21206990,TIBAITATA - AUT [21206990],RAD SOLAR,Radiación solar global horaria VALIDADA,Wh/m^2,2006-09-22,3583.8999999999996,Calculado
21206990,TIBAITATA - AUT [21206990],RAD SOLAR,Radiación solar global horaria VALIDADA,Wh/m^2,2006-09-23,5447.5,Calculado
21206990,TIBAITATA - AUT [21206990],RAD SOLAR,Radiación solar global horaria VALIDADA,Wh/m^2,2006-09-24,3611.5,Calculado
21206990,TIBAITATA - AUT [21206990],RAD SOLAR,Radiación solar global horaria VALIDADA,Wh/m^2,2006-09-25,4398.8,Calculado
21206990,TIBAITATA - AUT [21206990],RAD SOLAR,Radiación solar global horaria VALIDADA,Wh/m^2,2006-09-26,3729.6,Calculado
21206990,TIBAITATA - AUT [21206990],RAD SOLAR,Radiación solar global horaria VALIDADA,Wh/m^2,2006-09-27,4287.099999999999,Calculado
21206990,TIBAITATA - AUT [21206990],RAD SOLAR,Radiación solar global horaria VALIDADA,Wh/m^2,2006-09-28,3749.7000000000003,Calculado
21206990,TIBAITATA - AUT [21206990],RAD SOLAR,Radiación solar global horaria VALIDADA,Wh/m^2,2006-09-29,3237.2,Calculado
21206990,TIBAITATA - AUT [21206990],RAD SOLAR,Radiación solar global horaria VALIDADA,Wh/m^2,2006-09-30,1272.0,Calculado
21206990,TIBAITATA - AUT [21206990],RAD SOLAR,Radiación solar global horaria VALIDADA,Wh/m^2,2006-10-01,2254.1,Calculado
21206990,TIBAITATA - AUT [21206990],RAD SOLAR,Radiación solar global horaria VALIDADA,Wh/m^2,2006-10-02,1004.6,Calculado
21206990,TIBAITATA - AUT [21206990],RAD SOLAR,Radiación solar global horaria VALIDADA,Wh/m^2,2006-10-03,1244.5,Calculado
21206990,TIBAITATA - AUT [21206990],RAD SOLAR,Radiación solar global horaria VALIDADA,Wh/m^2,2006-10-04,2442.5,Calculado
21206990,TIBAITATA - AUT [21206990],RAD SOLAR,Radiación solar global horaria VALIDADA,Wh/m^2,2006-10-05,2207.7,Calculado
21206990,TIBAITATA - AUT [21206990],RAD SOLAR,Radiación solar global horaria VALIDADA,Wh/m^2,2006-10-06,3729.4,Calculado
21206990,TIBAITATA - AUT [21206990],RAD SOLAR,Radiación solar global horaria VALIDADA,Wh/m^2,2006-10-07,3454.6000000000004,Calculado
21206990,TIBAITATA - AUT [21206990],RAD SOLAR,Radiación solar global horaria VALIDADA,Wh/m^2,2006-10-08,2751.3,Calculado
21206990,TIBAITATA - AUT [21206990],RAD SOLAR,Radiación solar global horaria VALIDADA,Wh/m^2,2006-10-09,1946.4,Calculado
21206990,TIBAITATA - AUT [21206990],RAD SOLAR,Radiación solar global horaria VALIDADA,Wh/m^2,2006-10-10,2039.3,Calculado
21206990,TIBAITATA - AUT [21206990],RAD SOLAR,Radiación solar global horaria VALIDADA,Wh/m^2,2006-10-11,1522.1,Calculado
21206990,TIBAITATA - AUT [21206990],RAD SOLAR,Radiación solar global horaria VALIDADA,Wh/m^2,2006-10-12,3018.9,Calculado
21206990,TIBAITATA - AUT [21206990],RAD SOLAR,Radiación solar global horaria VALIDADA,Wh/m^2,2006-10-13,2296.8,Calculado
21206990,TIBAITATA - AUT [21206990],RAD SOLAR,Radiación solar global horaria VALIDADA,Wh/m^2,2006-10-14,2815.5,Calculado
21206990,TIBAITATA - AUT [21206990],RAD SOLAR,Radiación solar global horaria VALIDADA,Wh/m^2,2006-10-15,2586.8,Calculado
21206990,TIBAITATA - AUT [21206990],RAD SOLAR,Radiación solar global horaria VALIDADA,Wh/m^2,2006-10-16,3047.7,Calculado
21206990,TIBAITATA - AUT [21206990],RAD SOLAR,Radiación solar global horaria VALIDADA,Wh/m^2,2006-10-17,1931.3,Calculado
21206990,TIBAITATA - AUT [21206990],RAD SOLAR,Radiación solar global horaria VALIDADA,Wh/m^2,2006-10-18,5794.2,Calculado
21206990,TIBAITATA - AUT [21206990],RAD SOLAR,Radiación solar global horaria VALIDADA,Wh/m^2,2006-10-19,2997.5,Calculado
21206990,TIBAITATA - AUT [21206990],RAD SOLAR,Radiación solar global horaria VALIDADA,Wh/m^2,2006-10-20,3046.5,Calculado
21206990,TIBAITATA - AUT [21206990],RAD SOLAR,Radiación solar global horaria VALIDADA,Wh/m^2,2006-10-21,2433.6,Calculado
21206990,TIBAITATA - AUT [21206990],RAD SOLAR,Radiación solar global horaria VALIDADA,Wh/m^2,2006-10-22,3088.0,Calculado
21206990,TIBAITATA - AUT [21206990],RAD SOLAR,Radiación solar global horaria VALIDADA,Wh/m^2,2006-10-23,1245.7,Calculado
21206990,TIBAITATA - AUT [21206990],RAD SOLAR,Radiación solar global horaria VALIDADA,Wh/m^2,2006-10-24,4177.9,Calculado
21206990,TIBAITATA - AUT [21206990],RAD SOLAR,Radiación solar global horaria VALIDADA,Wh/m^2,2006-10-25,3445.8,Calculado
21206990,TIBAITATA - AUT [21206990],RAD SOLAR,Radiación solar global horaria VALIDADA,Wh/m^2,2006-10-26,3935.5,Calculado
21206990,TIBAITATA - AUT [21206990],RAD SOLAR,Radiación solar global horaria VALIDADA,Wh/m^2,2006-10-27,3119.2,Calculado
21206990,TIBAITATA - AUT [21206990],RAD SOLAR,Radiación solar global horaria VALIDADA,Wh/m^2,2006-10-28,2677.3,Calculado
21206990,TIBAITATA - AUT [21206990],RAD SOLAR,Radiación solar global horaria VALIDADA,Wh/m^2,2006-10-29,3585.0,Calculado
21206990,TIBAITATA - AUT [21206990],RAD SOLAR,Radiación solar global horaria VALIDADA,Wh/m^2,2006-10-30,3552.5,Calculado
21206990,TIBAITATA - AUT [21206990],RAD SOLAR,Radiación solar global horaria VALIDADA,Wh/m^2,2006-10-31,4842.3,Calculado
21206990,TIBAITATA - AUT [21206990],RAD SOLAR,Radiación solar global horaria VALIDADA,Wh/m^2,2006-11-01,4671.3,Calculado
21206990,TIBAITATA - AUT [21206990],RAD SOLAR,Radiación solar global horaria VALIDADA,Wh/m^2,2006-11-02,1711.5,Calculado
21206990,TIBAITATA - AUT [21206990],RAD SOLAR,Radiación solar global horaria VALIDADA,Wh/m^2,2006-11-03,5772.7,Calculado
21206990,TIBAITATA - AUT [21206990],RAD SOLAR,Radiación solar global horaria VALIDADA,Wh/m^2,2006-11-04,5619.5,Calculado
21206990,TIBAITATA - AUT [21206990],RAD SOLAR,Radiación solar global horaria VALIDADA,Wh/m^2,2006-11-05,2895.8,Calculado
21206990,TIBAITATA - AUT [21206990],RAD SOLAR,Radiación solar global horaria VALIDADA,Wh/m^2,2006-11-06,3179.6,Calculado
21206990,TIBAITATA - AUT [21206990],RAD SOLAR,Radiación solar global horaria VALIDADA,Wh/m^2,2006-11-07,3887.7,Calculado
21206990,TIBAITATA - AUT [21206990],RAD SOLAR,Radiación solar global horaria VALIDADA,Wh/m^2,2006-11-08,1884.9,Calculado
21206990,TIBAITATA - AUT [21206990],RAD SOLAR,Radiación solar global horaria VALIDADA,Wh/m^2,2006-11-09,3526.1,Calculado
21206990,TIBAITATA - AUT [21206990],RAD SOLAR,Radiación solar global horaria VALIDADA,Wh/m^2,2006-11-10,1567.2,Calculado
21206990,TIBAITATA - AUT [21206990],RAD SOLAR,Radiación solar global horaria VALIDADA,Wh/m^2,2006-11-11,5181.2,Calculado
21206990,TIBAITATA - AUT [21206990],RAD SOLAR,Radiación solar global horaria VALIDADA,Wh/m^2,2006-11-12,2412.4,Calculado
21206990,TIBAITATA - AUT [21206990],RAD SOLAR,Radiación solar global horaria VALIDADA,Wh/m^2,2006-11-13,2850.6,Calculado
21206990,TIBAITATA - AUT [21206990],RAD SOLAR,Radiación solar global horaria VALIDADA,Wh/m^2,2006-11-14,2416.1,Calculado
21206990,TIBAITATA - AUT [21206990],RAD SOLAR,Radiación solar global horaria VALIDADA,Wh/m^2,2006-11-15,1608.6,Calculado
21206990,TIBAITATA - AUT [21206990],RAD SOLAR,Radiación solar global horaria VALIDADA,Wh/m^2,2006-11-16,488.5,Calculado
21206990,TIBAITATA - AUT [21206990],RAD SOLAR,Radiación solar global horaria VALIDADA,Wh/m^2,2006-11-17,164.5,Calculado
21206990,TIBAITATA - AUT [21206990],RAD SOLAR,Radiación solar global horaria VALIDADA,Wh/m^2,2006-11-22,15.1,Calculado
21206990,TIBAITATA - AUT [21206990],RAD SOLAR,Radiación solar global horaria VALIDADA,Wh/m^2,2006-11-23,4662.7,Calculado
21206990,TIBAITATA - AUT [21206990],RAD SOLAR,Radiación solar global horaria VALIDADA,Wh/m^2,2006-11-24,2367.1,Calculado
21206990,TIBAITATA - AUT [21206990],RAD SOLAR,Radiación solar global horaria VALIDADA,Wh/m^2,2006-11-25,2811.7000000000003,Calculado
21206990,TIBAITATA - AUT [21206990],RAD SOLAR,Radiación solar global horaria VALIDADA,Wh/m^2,2006-11-26,2506.5,Calculado
21206990,TIBAITATA - AUT [21206990],RAD SOLAR,Radiación solar global horaria VALIDADA,Wh/m^2,2006-11-27,2333.2,Calculado
21206990,TIBAITATA - AUT [21206990],RAD SOLAR,Radiación solar global horaria VALIDADA,Wh/m^2,2006-11-28,3016.4,Calculado
21206990,TIBAITATA - AUT [21206990],RAD SOLAR,Radiación solar global horaria VALIDADA,Wh/m^2,2006-11-29,2010.5,Calculado
21206990,TIBAITATA - AUT [21206990],RAD SOLAR,Radiación solar global horaria VALIDADA,Wh/m^2,2006-11-30,3364.2,Calculado
21206990,TIBAITATA - AUT [21206990],RAD SOLAR,Radiación solar global horaria VALIDADA,Wh/m^2,2006-12-01,4726.8,Calculado
21206990,TIBAITATA - AUT [21206990],RAD SOLAR,Radiación solar global horaria VALIDADA,Wh/m^2,2006-12-02,4116.5,Calculado
21206990,TIBAITATA - AUT [21206990],RAD SOLAR,Radiación solar global horaria VALIDADA,Wh/m^2,2006-12-03,5252.7,Calculado
21206990,TIBAITATA - AUT [21206990],RAD SOLAR,Radiación solar global horaria VALIDADA,Wh/m^2,2006-12-04,5408.4,Calculado
21206990,TIBAITATA - AUT [21206990],RAD SOLAR,Radiación solar global horaria VALIDADA,Wh/m^2,2006-12-05,1415.3,Calculado
21206990,TIBAITATA - AUT [21206990],RAD SOLAR,Radiación solar global horaria VALIDADA,Wh/m^2,2006-12-06,2746.5,Calculado
21206990,TIBAITATA - AUT [21206990],RAD SOLAR,Radiación solar global horaria VALIDADA,Wh/m^2,2006-12-09,1161.7,Calculado
21206990,TIBAITATA - AUT [21206990],RAD SOLAR,Radiación solar global horaria VALIDADA,Wh/m^2,2006-12-10,3639.2000000000003,Calculado
21206990,TIBAITATA - AUT [21206990],RAD SOLAR,Radiación solar global horaria VALIDADA,Wh/m^2,2006-12-11,3439.4,Calculado
21206990,TIBAITATA - AUT [21206990],RAD SOLAR,Radiación solar global horaria VALIDADA,Wh/m^2,2006-12-12,1721.6,Calculado
21206990,TIBAITATA - AUT [21206990],RAD SOLAR,Radiación solar global horaria VALIDADA,Wh/m^2,2006-12-13,3460.9,Calculado
21206990,TIBAITATA - AUT [21206990],RAD SOLAR,Radiación solar global horaria VALIDADA,Wh/m^2,2006-12-14,4289.6,Calculado
21206990,TIBAITATA - AUT [21206990],RAD SOLAR,Radiación solar global horaria VALIDADA,Wh/m^2,2006-12-15,3979.5,Calculado
21206990,TIBAITATA - AUT [21206990],RAD SOLAR,Radiación solar global horaria VALIDADA,Wh/m^2,2006-12-16,4697.7,Calculado
21206990,TIBAITATA - AUT [21206990],RAD SOLAR,Radiación solar global horaria VALIDADA,Wh/m^2,2006-12-17,5531.6,Calculado
21206990,TIBAITATA - AUT [21206990],RAD SOLAR,Radiación solar global horaria VALIDADA,Wh/m^2,2006-12-18,4642.4,Calculado
21206990,TIBAITATA - AUT [21206990],RAD SOLAR,Radiación solar global horaria VALIDADA,Wh/m^2,2006-12-19,5041.7,Calculado
21206990,TIBAITATA - AUT [21206990],RAD SOLAR,Radiación solar global horaria VALIDADA,Wh/m^2,2006-12-20,2576.7,Calculado
21206990,TIBAITATA - AUT [21206990],RAD SOLAR,Radiación solar global horaria VALIDADA,Wh/m^2,2006-12-21,3422.1,Calculado
21206990,TIBAITATA - AUT [21206990],RAD SOLAR,Radiación solar global horaria VALIDADA,Wh/m^2,2006-12-22,2426.1,Calculado
21206990,TIBAITATA - AUT [21206990],RAD SOLAR,Radiación solar global horaria VALIDADA,Wh/m^2,2006-12-23,1807.0,Calculado
21206990,TIBAITATA - AUT [21206990],RAD SOLAR,Radiación solar global horaria VALIDADA,Wh/m^2,2006-12-24,3665.6,Calculado
21206990,TIBAITATA - AUT [21206990],RAD SOLAR,Radiación solar global horaria VALIDADA,Wh/m^2,2006-12-25,3146.9,Calculado
21206990,TIBAITATA - AUT [21206990],RAD SOLAR,Radiación solar global horaria VALIDADA,Wh/m^2,2006-12-26,2487.7,Calculado
21206990,TIBAITATA - AUT [21206990],RAD SOLAR,Radiación solar global horaria VALIDADA,Wh/m^2,2006-12-27,1902.5,Calculado
21206990,TIBAITATA - AUT [21206990],RAD SOLAR,Radiación solar global horaria VALIDADA,Wh/m^2,2006-12-28,3143.2,Calculado
21206990,TIBAITATA - AUT [21206990],RAD SOLAR,Radiación solar global horaria VALIDADA,Wh/m^2,2006-12-29,4854.8,Calculado
21206990,TIBAITATA - AUT [21206990],RAD SOLAR,Radiación solar global horaria VALIDADA,Wh/m^2,2006-12-30,5583.1,Calculado
21206990,TIBAITATA - AUT [21206990],RAD SOLAR,Radiación solar global horaria VALIDADA,Wh/m^2,2006-12-31,4320.0,Calculado
21206990,TIBAITATA - AUT [21206990],RAD SOLAR,Radiación solar global horaria VALIDADA,Wh/m^2,2007-01-01,4812.099999999999,Calculado
21206990,TIBAITATA - AUT [21206990],RAD SOLAR,Radiación solar global horaria VALIDADA,Wh/m^2,2007-01-02,5687.3,Calculado
21206990,TIBAITATA - AUT [21206990],RAD SOLAR,Radiación solar global horaria VALIDADA,Wh/m^2,2007-01-03,5849.3,Calculado
21206990,TIBAITATA - AUT [21206990],RAD SOLAR,Radiación solar global horaria VALIDADA,Wh/m^2,2007-01-04,4078.6,Calculado
21206990,TIBAITATA - AUT [21206990],RAD SOLAR,Radiación solar global horaria VALIDADA,Wh/m^2,2007-01-05,5957.4,Calculado
21206990,TIBAITATA - AUT [21206990],RAD SOLAR,Radiación solar global horaria VALIDADA,Wh/m^2,2007-01-06,3313.8,Calculado
21206990,TIBAITATA - AUT [21206990],RAD SOLAR,Radiación solar global horaria VALIDADA,Wh/m^2,2007-01-07,4215.7,Calculado
21206990,TIBAITATA - AUT [21206990],RAD SOLAR,Radiación solar global horaria VALIDADA,Wh/m^2,2007-01-08,4002.1,Calculado
21206990,TIBAITATA - AUT [21206990],RAD SOLAR,Radiación solar global horaria VALIDADA,Wh/m^2,2007-01-09,2229.0,Calculado
21206990,TIBAITATA - AUT [21206990],RAD SOLAR,Radiación solar global horaria VALIDADA,Wh/m^2,2007-01-10,3588.7999999999997,Calculado
21206990,TIBAITATA - AUT [21206990],RAD SOLAR,Radiación solar global horaria VALIDADA,Wh/m^2,2007-01-11,3547.6,Calculado
21206990,TIBAITATA - AUT [21206990],RAD SOLAR,Radiación solar global horaria VALIDADA,Wh/m^2,2007-01-12,4687.6,Calculado
21206990,TIBAITATA - AUT [21206990],RAD SOLAR,Radiación solar global horaria VALIDADA,Wh/m^2,2007-01-13,4530.6,Calculado
21206990,TIBAITATA - AUT [21206990],RAD SOLAR,Radiación solar global horaria VALIDADA,Wh/m^2,2007-01-14,2870.7,Calculado
21206990,TIBAITATA - AUT [21206990],RAD SOLAR,Radiación solar global horaria VALIDADA,Wh/m^2,2007-01-15,5693.7,Calculado
21206990,TIBAITATA - AUT [21206990],RAD SOLAR,Radiación solar global horaria VALIDADA,Wh/m^2,2007-01-16,4380.1,Calculado
21206990,TIBAITATA - AUT [21206990],RAD SOLAR,Radiación solar global horaria VALIDADA,Wh/m^2,2007-01-17,2918.2999999999997,Calculado
21206990,TIBAITATA - AUT [21206990],RAD SOLAR,Radiación solar global horaria VALIDADA,Wh/m^2,2007-01-18,2765.3,Calculado
21206990,TIBAITATA - AUT [21206990],RAD SOLAR,Radiación solar global horaria VALIDADA,Wh/m^2,2007-01-19,2399.7000000000003,Calculado
21206990,TIBAITATA - AUT [21206990],RAD SOLAR,Radiación solar global horaria VALIDADA,Wh/m^2,2007-01-20,3447.2,Calculado
21206990,TIBAITATA - AUT [21206990],RAD SOLAR,Radiación solar global horaria VALIDADA,Wh/m^2,2007-01-21,3811.2,Calculado
21206990,TIBAITATA - AUT [21206990],RAD SOLAR,Radiación solar global horaria VALIDADA,Wh/m^2,2007-01-22,3890.4,Calculado
21206990,TIBAITATA - AUT [21206990],RAD SOLAR,Radiación solar global horaria VALIDADA,Wh/m^2,2007-01-23,4106.3,Calculado
21206990,TIBAITATA - AUT [21206990],RAD SOLAR,Radiación solar global horaria VALIDADA,Wh/m^2,2007-01-24,4897.4,Calculado
21206990,TIBAITATA - AUT [21206990],RAD SOLAR,Radiación solar global horaria VALIDADA,Wh/m^2,2007-01-25,4517.1,Calculado
21206990,TIBAITATA - AUT [21206990],RAD SOLAR,Radiación solar global horaria VALIDADA,Wh/m^2,2007-01-26,1618.7,Calculado
21206990,TIBAITATA - AUT [21206990],RAD SOLAR,Radiación solar global horaria VALIDADA,Wh/m^2,2007-01-27,3738.4,Calculado
21206990,TIBAITATA - AUT [21206990],RAD SOLAR,Radiación solar global horaria VALIDADA,Wh/m^2,2007-01-28,5958.5,Calculado
21206990,TIBAITATA - AUT [21206990],RAD SOLAR,Radiación solar global horaria VALIDADA,Wh/m^2,2007-01-29,5844.2,Calculado
21206990,TIBAITATA - AUT [21206990],RAD SOLAR,Radiación solar global horaria VALIDADA,Wh/m^2,2007-01-30,3994.5,Calculado
21206990,TIBAITATA - AUT [21206990],RAD SOLAR,Radiación solar global horaria VALIDADA,Wh/m^2,2007-01-31,6180.8,Calculado
21206990,TIBAITATA - AUT [21206990],RAD SOLAR,Radiación solar global horaria VALIDADA,Wh/m^2,2007-02-01,6747.1,Calculado
21206990,TIBAITATA - AUT [21206990],RAD SOLAR,Radiación solar global horaria VALIDADA,Wh/m^2,2007-02-02,6650.4,Calculado
21206990,TIBAITATA - AUT [21206990],RAD SOLAR,Radiación solar global horaria VALIDADA,Wh/m^2,2007-02-03,6989.5,Calculado
21206990,TIBAITATA - AUT [21206990],RAD SOLAR,Radiación solar global horaria VALIDADA,Wh/m^2,2007-02-04,7183.1,Calculado
21206990,TIBAITATA - AUT [21206990],RAD SOLAR,Radiación solar global horaria VALIDADA,Wh/m^2,2007-02-05,5620.8,Calculado
21206990,TIBAITATA - AUT [21206990],RAD SOLAR,Radiación solar global horaria VALIDADA,Wh/m^2,2007-02-06,6088.0,Calculado
21206990,TIBAITATA - AUT [21206990],RAD SOLAR,Radiación solar global horaria VALIDADA,Wh/m^2,2007-02-07,6572.8,Calculado
21206990,TIBAITATA - AUT [21206990],RAD SOLAR,Radiación solar global horaria VALIDADA,Wh/m^2,2007-02-08,6411.8,Calculado
21206990,TIBAITATA - AUT [21206990],RAD SOLAR,Radiación solar global horaria VALIDADA,Wh/m^2,2007-02-09,4921.2,Calculado
21206990,TIBAITATA - AUT [21206990],RAD SOLAR,Radiación solar global horaria VALIDADA,Wh/m^2,2007-02-10,5780.2,Calculado
21206990,TIBAITATA - AUT [21206990],RAD SOLAR,Radiación solar global horaria VALIDADA,Wh/m^2,2007-02-11,6567.5,Calculado
21206990,TIBAITATA - AUT [21206990],RAD SOLAR,Radiación solar global horaria VALIDADA,Wh/m^2,2007-02-12,5689.8,Calculado
21206990,TIBAITATA - AUT [21206990],RAD SOLAR,Radiación solar global horaria VALIDADA,Wh/m^2,2007-02-13,6821.2,Calculado
21206990,TIBAITATA - AUT [21206990],RAD SOLAR,Radiación solar global horaria VALIDADA,Wh/m^2,2007-02-14,4586.1,Calculado
21206990,TIBAITATA - AUT [21206990],RAD SOLAR,Radiación solar global horaria VALIDADA,Wh/m^2,2007-02-15,4476.8,Calculado
21206990,TIBAITATA - AUT [21206990],RAD SOLAR,Radiación solar global horaria VALIDADA,Wh/m^2,2007-02-16,5782.900000000001,Calculado
21206990,TIBAITATA - AUT [21206990],RAD SOLAR,Radiación solar global horaria VALIDADA,Wh/m^2,2007-02-17,6383.0,Calculado
21206990,TIBAITATA - AUT [21206990],RAD SOLAR,Radiación solar global horaria VALIDADA,Wh/m^2,2007-02-18,7024.7,Calculado
21206990,TIBAITATA - AUT [21206990],RAD SOLAR,Radiación solar global horaria VALIDADA,Wh/m^2,2007-02-19,5380.8,Calculado
21206990,TIBAITATA - AUT [21206990],RAD SOLAR,Radiación solar global horaria VALIDADA,Wh/m^2,2007-02-20,5189.8,Calculado
21206990,TIBAITATA - AUT [21206990],RAD SOLAR,Radiación solar global horaria VALIDADA,Wh/m^2,2007-02-21,6875.3,Calculado
21206990,TIBAITATA - AUT [21206990],RAD SOLAR,Radiación solar global horaria VALIDADA,Wh/m^2,2007-02-22,6393.0,Calculado
21206990,TIBAITATA - AUT [21206990],RAD SOLAR,Radiación solar global horaria VALIDADA,Wh/m^2,2007-02-23,6890.4,Calculado
21206990,TIBAITATA - AUT [21206990],RAD SOLAR,Radiación solar global horaria VALIDADA,Wh/m^2,2007-02-24,6332.8,Calculado
21206990,TIBAITATA - AUT [21206990],RAD SOLAR,Radiación solar global horaria VALIDADA,Wh/m^2,2007-02-25,1894.9,Calculado
21206990,TIBAITATA - AUT [21206990],RAD SOLAR,Radiación solar global horaria VALIDADA,Wh/m^2,2007-02-26,4141.5,Calculado
21206990,TIBAITATA - AUT [21206990],RAD SOLAR,Radiación solar global horaria VALIDADA,Wh/m^2,2007-02-27,2885.6,Calculado
21206990,TIBAITATA - AUT [21206990],RAD SOLAR,Radiación solar global horaria VALIDADA,Wh/m^2,2007-02-28,6536.3,Calculado
21206990,TIBAITATA - AUT [21206990],RAD SOLAR,Radiación solar global horaria VALIDADA,Wh/m^2,2007-03-01,5854.5,Calculado
21206990,TIBAITATA - AUT [21206990],RAD SOLAR,Radiación solar global horaria VALIDADA,Wh/m^2,2007-03-02,4854.8,Calculado
21206990,TIBAITATA - AUT [21206990],RAD SOLAR,Radiación solar global horaria VALIDADA,Wh/m^2,2007-03-03,4296.0,Calculado
21206990,TIBAITATA - AUT [21206990],RAD SOLAR,Radiación solar global horaria VALIDADA,Wh/m^2,2007-03-04,1448.0,Calculado
21206990,TIBAITATA - AUT [21206990],RAD SOLAR,Radiación solar global horaria VALIDADA,Wh/m^2,2007-03-05,3408.1,Calculado
21206990,TIBAITATA - AUT [21206990],RAD SOLAR,Radiación solar global horaria VALIDADA,Wh/m^2,2007-03-06,4800.6,Calculado
21206990,TIBAITATA - AUT [21206990],RAD SOLAR,Radiación solar global horaria VALIDADA,Wh/m^2,2007-03-07,2036.8999999999999,Calculado
21206990,TIBAITATA - AUT [21206990],RAD SOLAR,Radiación solar global horaria VALIDADA,Wh/m^2,2007-03-08,3322.6,Calculado
21206990,TIBAITATA - AUT [21206990],RAD SOLAR,Radiación solar global horaria VALIDADA,Wh/m^2,2007-03-09,1694.1,Calculado
21206990,TIBAITATA - AUT [21206990],RAD SOLAR,Radiación solar global horaria VALIDADA,Wh/m^2,2007-03-10,1682.5,Calculado
21206990,TIBAITATA - AUT [21206990],RAD SOLAR,Radiación solar global horaria VALIDADA,Wh/m^2,2007-03-11,2942.3,Calculado
21206990,TIBAITATA - AUT [21206990],RAD SOLAR,Radiación solar global horaria VALIDADA,Wh/m^2,2007-03-12,4563.4,Calculado
21206990,TIBAITATA - AUT [21206990],RAD SOLAR,Radiación solar global horaria VALIDADA,Wh/m^2,2007-03-13,4166.8,Calculado
21206990,TIBAITATA - AUT [21206990],RAD SOLAR,Radiación solar global horaria VALIDADA,Wh/m^2,2007-03-14,3408.1,Calculado
21206990,TIBAITATA - AUT [21206990],RAD SOLAR,Radiación solar global horaria VALIDADA,Wh/m^2,2007-03-15,3906.7000000000003,Calculado
21206990,TIBAITATA - AUT [21206990],RAD SOLAR,Radiación solar global horaria VALIDADA,Wh/m^2,2007-03-16,2229.0,Calculado
21206990,TIBAITATA - AUT [21206990],RAD SOLAR,Radiación solar global horaria VALIDADA,Wh/m^2,2007-03-17,0.0,Calculado
21206990,TIBAITATA - AUT [21206990],RAD SOLAR,Radiación solar global horaria VALIDADA,Wh/m^2,2007-03-20,2764.0,Calculado
21206990,TIBAITATA - AUT [21206990],RAD SOLAR,Radiación solar global horaria VALIDADA,Wh/m^2,2007-03-21,5550.4,Calculado
21206990,TIBAITATA - AUT [21206990],RAD SOLAR,Radiación solar global horaria VALIDADA,Wh/m^2,2007-03-22,1845.9,Calculado
21206990,TIBAITATA - AUT [21206990],RAD SOLAR,Radiación solar global horaria VALIDADA,Wh/m^2,2007-03-23,3017.7,Calculado
21206990,TIBAITATA - AUT [21206990],RAD SOLAR,Radiación solar global horaria VALIDADA,Wh/m^2,2007-03-24,2727.5,Calculado
21206990,TIBAITATA - AUT [21206990],RAD SOLAR,Radiación solar global horaria VALIDADA,Wh/m^2,2007-03-25,2054.4,Calculado
21206990,TIBAITATA - AUT [21206990],RAD SOLAR,Radiación solar global horaria VALIDADA,Wh/m^2,2007-03-26,4643.8,Calculado
21206990,TIBAITATA - AUT [21206990],RAD SOLAR,Radiación solar global horaria VALIDADA,Wh/m^2,2007-03-27,3432.0,Calculado
21206990,TIBAITATA - AUT [21206990],RAD SOLAR,Radiación solar global horaria VALIDADA,Wh/m^2,2007-03-28,2375.8,Calculado
21206990,TIBAITATA - AUT [21206990],RAD SOLAR,Radiación solar global horaria VALIDADA,Wh/m^2,2007-03-29,2274.3,Calculado
21206990,TIBAITATA - AUT [21206990],RAD SOLAR,Radiación solar global horaria VALIDADA,Wh/m^2,2007-03-30,2504.2,Calculado
21206990,TIBAITATA - AUT [21206990],RAD SOLAR,Radiación solar global horaria VALIDADA,Wh/m^2,2007-03-31,2826.7,Calculado
21206990,TIBAITATA - AUT [21206990],RAD SOLAR,Radiación solar global horaria VALIDADA,Wh/m^2,2007-04-01,4406.400000000001,Calculado
21206990,TIBAITATA - AUT [21206990],RAD SOLAR,Radiación solar global horaria VALIDADA,Wh/m^2,2007-04-02,1735.5,Calculado
21206990,TIBAITATA - AUT [21206990],RAD SOLAR,Radiación solar global horaria VALIDADA,Wh/m^2,2007-04-03,2534.1,Calculado
21206990,TIBAITATA - AUT [21206990],RAD SOLAR,Radiación solar global horaria VALIDADA,Wh/m^2,2007-04-04,3140.6,Calculado
21206990,TIBAITATA - AUT [21206990],RAD SOLAR,Radiación solar global horaria VALIDADA,Wh/m^2,2007-04-05,3605.1,Calculado
21206990,TIBAITATA - AUT [21206990],RAD SOLAR,Radiación solar global horaria VALIDADA,Wh/m^2,2007-04-06,2895.7,Calculado
21206990,TIBAITATA - AUT [21206990],RAD SOLAR,Radiación solar global horaria VALIDADA,Wh/m^2,2007-04-07,3182.0,Calculado
21206990,TIBAITATA - AUT [21206990],RAD SOLAR,Radiación solar global horaria VALIDADA,Wh/m^2,2007-04-08,2998.7,Calculado
21206990,TIBAITATA - AUT [21206990],RAD SOLAR,Radiación solar global horaria VALIDADA,Wh/m^2,2007-04-09,3007.5,Calculado
21206990,TIBAITATA - AUT [21206990],RAD SOLAR,Radiación solar global horaria VALIDADA,Wh/m^2,2007-04-10,4233.0,Calculado
21206990,TIBAITATA - AUT [21206990],RAD SOLAR,Radiación solar global horaria VALIDADA,Wh/m^2,2007-04-12,4661.4,Calculado
21206990,TIBAITATA - AUT [21206990],RAD SOLAR,Radiación solar global horaria VALIDADA,Wh/m^2,2007-04-13,4552.0,Calculado
21206990,TIBAITATA - AUT [21206990],RAD SOLAR,Radiación solar global horaria VALIDADA,Wh/m^2,2007-04-14,3754.8,Calculado
21206990,TIBAITATA - AUT [21206990],RAD SOLAR,Radiación solar global horaria VALIDADA,Wh/m^2,2007-04-15,3322.8,Calculado
21206990,TIBAITATA - AUT [21206990],RAD SOLAR,Radiación solar global horaria VALIDADA,Wh/m^2,2007-04-16,2437.5,Calculado
21206990,TIBAITATA - AUT [21206990],RAD SOLAR,Radiación solar global horaria VALIDADA,Wh/m^2,2007-04-17,3518.7,Calculado
21206990,TIBAITATA - AUT [21206990],RAD SOLAR,Radiación solar global horaria VALIDADA,Wh/m^2,2007-04-18,3429.4,Calculado
21206990,TIBAITATA - AUT [21206990],RAD SOLAR,Radiación solar global horaria VALIDADA,Wh/m^2,2007-04-21,2331.8,Calculado
21206990,TIBAITATA - AUT [21206990],RAD SOLAR,Radiación solar global horaria VALIDADA,Wh/m^2,2007-04-22,3123.3,Calculado
21206990,TIBAITATA - AUT [21206990],RAD SOLAR,Radiación solar global horaria VALIDADA,Wh/m^2,2007-04-23,2453.7999999999997,Calculado
21206990,TIBAITATA - AUT [21206990],RAD SOLAR,Radiación solar global horaria VALIDADA,Wh/m^2,2007-04-24,3747.1,Calculado
21206990,TIBAITATA - AUT [21206990],RAD SOLAR,Radiación solar global horaria VALIDADA,Wh/m^2,2007-04-25,3167.0,Calculado
21206990,TIBAITATA - AUT [21206990],RAD SOLAR,Radiación solar global horaria VALIDADA,Wh/m^2,2007-04-26,2895.7000000000003,Calculado
21206990,TIBAITATA - AUT [21206990],RAD SOLAR,Radiación solar global horaria VALIDADA,Wh/m^2,2007-04-27,3561.5,Calculado
21206990,TIBAITATA - AUT [21206990],RAD SOLAR,Radiación solar global horaria VALIDADA,Wh/m^2,2007-04-28,2085.7,Calculado
21206990,TIBAITATA - AUT [21206990],RAD SOLAR,Radiación solar global horaria VALIDADA,Wh/m^2,2007-04-29,1993.0,Calculado
21206990,TIBAITATA - AUT [21206990],RAD SOLAR,Radiación solar global horaria VALIDADA,Wh/m^2,2007-04-30,3302.7,Calculado
21206990,TIBAITATA - AUT [21206990],RAD SOLAR,Radiación solar global horaria VALIDADA,Wh/m^2,2007-05-01,1861.1,Calculado
21206990,TIBAITATA - AUT [21206990],RAD SOLAR,Radiación solar global horaria VALIDADA,Wh/m^2,2007-05-02,3060.3,Calculado
21206990,TIBAITATA - AUT [21206990],RAD SOLAR,Radiación solar global horaria VALIDADA,Wh/m^2,2007-05-03,1755.4,Calculado
21206990,TIBAITATA - AUT [21206990],RAD SOLAR,Radiación solar global horaria VALIDADA,Wh/m^2,2007-05-04,1625.0,Calculado
21206990,TIBAITATA - AUT [21206990],RAD SOLAR,Radiación solar global horaria VALIDADA,Wh/m^2,2007-05-05,4648.8,Calculado
21206990,TIBAITATA - AUT [21206990],RAD SOLAR,Radiación solar global horaria VALIDADA,Wh/m^2,2007-05-06,4465.4,Calculado
21206990,TIBAITATA - AUT [21206990],RAD SOLAR,Radiación solar global horaria VALIDADA,Wh/m^2,2007-05-07,3065.3,Calculado
21206990,TIBAITATA - AUT [21206990],RAD SOLAR,Radiación solar global horaria VALIDADA,Wh/m^2,2007-05-08,1755.6,Calculado
21206990,TIBAITATA - AUT [21206990],RAD SOLAR,Radiación solar global horaria VALIDADA,Wh/m^2,2007-05-09,3891.7,Calculado
21206990,TIBAITATA - AUT [21206990],RAD SOLAR,Radiación solar global horaria VALIDADA,Wh/m^2,2007-05-10,2329.4,Calculado
21206990,TIBAITATA - AUT [21206990],RAD SOLAR,Radiación solar global horaria VALIDADA,Wh/m^2,2007-05-11,5566.6,Calculado
21206990,TIBAITATA - AUT [21206990],RAD SOLAR,Radiación solar global horaria VALIDADA,Wh/m^2,2007-05-12,2648.4,Calculado
21206990,TIBAITATA - AUT [21206990],RAD SOLAR,Radiación solar global horaria VALIDADA,Wh/m^2,2007-05-13,2806.5,Calculado
21206990,TIBAITATA - AUT [21206990],RAD SOLAR,Radiación solar global horaria VALIDADA,Wh/m^2,2007-05-14,2872.0,Calculado
21206990,TIBAITATA - AUT [21206990],RAD SOLAR,Radiación solar global horaria VALIDADA,Wh/m^2,2007-05-15,2624.4,Calculado
21206990,TIBAITATA - AUT [21206990],RAD SOLAR,Radiación solar global horaria VALIDADA,Wh/m^2,2007-05-16,2288.0,Calculado
21206990,TIBAITATA - AUT [21206990],RAD SOLAR,Radiación solar global horaria VALIDADA,Wh/m^2,2007-05-17,2997.6,Calculado
21206990,TIBAITATA - AUT [21206990],RAD SOLAR,Radiación solar global horaria VALIDADA,Wh/m^2,2007-05-18,1128.9,Calculado
21206990,TIBAITATA - AUT [21206990],RAD SOLAR,Radiación solar global horaria VALIDADA,Wh/m^2,2007-05-19,1583.5,Calculado
21206990,TIBAITATA - AUT [21206990],RAD SOLAR,Radiación solar global horaria VALIDADA,Wh/m^2,2007-05-20,2453.8,Calculado
21206990,TIBAITATA - AUT [21206990],RAD SOLAR,Radiación solar global horaria VALIDADA,Wh/m^2,2007-05-21,2806.6,Calculado
21206990,TIBAITATA - AUT [21206990],RAD SOLAR,Radiación solar global horaria VALIDADA,Wh/m^2,2007-05-22,4788.1,Calculado
21206990,TIBAITATA - AUT [21206990],RAD SOLAR,Radiación solar global horaria VALIDADA,Wh/m^2,2007-05-23,4661.4,Calculado
21206990,TIBAITATA - AUT [21206990],RAD SOLAR,Radiación solar global horaria VALIDADA,Wh/m^2,2007-05-24,1560.8,Calculado
21206990,TIBAITATA - AUT [21206990],RAD SOLAR,Radiación solar global horaria VALIDADA,Wh/m^2,2007-05-25,1999.3,Calculado
21206990,TIBAITATA - AUT [21206990],RAD SOLAR,Radiación solar global horaria VALIDADA,Wh/m^2,2007-05-26,1372.5,Calculado
21206990,TIBAITATA - AUT [21206990],RAD SOLAR,Radiación solar global horaria VALIDADA,Wh/m^2,2007-05-27,2963.7,Calculado
21206990,TIBAITATA - AUT [21206990],RAD SOLAR,Radiación solar global horaria VALIDADA,Wh/m^2,2007-05-28,2188.7,Calculado
21206990,TIBAITATA - AUT [21206990],RAD SOLAR,Radiación solar global horaria VALIDADA,Wh/m^2,2007-05-29,1253.2,Calculado
21206990,TIBAITATA - AUT [21206990],RAD SOLAR,Radiación solar global horaria VALIDADA,Wh/m^2,2007-05-30,2635.7,Calculado
21206990,TIBAITATA - AUT [21206990],RAD SOLAR,Radiación solar global horaria VALIDADA,Wh/m^2,2007-05-31,2285.6,Calculado
21206990,TIBAITATA - AUT [21206990],RAD SOLAR,Radiación solar global horaria VALIDADA,Wh/m^2,2007-06-01,2174.9,Calculado
21206990,TIBAITATA - AUT [21206990],RAD SOLAR,Radiación solar global horaria VALIDADA,Wh/m^2,2007-06-02,2544.2,Calculado
21206990,TIBAITATA - AUT [21206990],RAD SOLAR,Radiación solar global horaria VALIDADA,Wh/m^2,2007-06-03,1996.8,Calculado
21206990,TIBAITATA - AUT [21206990],RAD SOLAR,Radiación solar global horaria VALIDADA,Wh/m^2,2007-06-04,3580.3,Calculado
21206990,TIBAITATA - AUT [21206990],RAD SOLAR,Radiación solar global horaria VALIDADA,Wh/m^2,2007-06-05,1753.1000000000001,Calculado
21206990,TIBAITATA - AUT [21206990],RAD SOLAR,Radiación solar global horaria VALIDADA,Wh/m^2,2007-06-06,2936.0,Calculado
21206990,TIBAITATA - AUT [21206990],RAD SOLAR,Radiación solar global horaria VALIDADA,Wh/m^2,2007-06-07,2156.1,Calculado
21206990,TIBAITATA - AUT [21206990],RAD SOLAR,Radiación solar global horaria VALIDADA,Wh/m^2,2007-06-08,3238.5,Calculado
21206990,TIBAITATA - AUT [21206990],RAD SOLAR,Radiación solar global horaria VALIDADA,Wh/m^2,2007-06-09,5005.5,Calculado
21206990,TIBAITATA - AUT [21206990],RAD SOLAR,Radiación solar global horaria VALIDADA,Wh/m^2,2007-06-10,3919.2999999999997,Calculado
21206990,TIBAITATA - AUT [21206990],RAD SOLAR,Radiación solar global horaria VALIDADA,Wh/m^2,2007-06-11,2119.7,Calculado
21206990,TIBAITATA - AUT [21206990],RAD SOLAR,Radiación solar global horaria VALIDADA,Wh/m^2,2007-06-12,5711.3,Calculado
21206990,TIBAITATA - AUT [21206990],RAD SOLAR,Radiación solar global horaria VALIDADA,Wh/m^2,2007-06-13,4002.0,Calculado
21206990,TIBAITATA - AUT [21206990],RAD SOLAR,Radiación solar global horaria VALIDADA,Wh/m^2,2007-06-14,3105.6,Calculado
21206990,TIBAITATA - AUT [21206990],RAD SOLAR,Radiación solar global horaria VALIDADA,Wh/m^2,2007-06-15,3768.5,Calculado
21206990,TIBAITATA - AUT [21206990],RAD SOLAR,Radiación solar global horaria VALIDADA,Wh/m^2,2007-06-16,1808.2,Calculado
21206990,TIBAITATA - AUT [21206990],RAD SOLAR,Radiación solar global horaria VALIDADA,Wh/m^2,2007-06-17,3645.4,Calculado
21206990,TIBAITATA - AUT [21206990],RAD SOLAR,Radiación solar global horaria VALIDADA,Wh/m^2,2007-06-18,3158.3,Calculado
21206990,TIBAITATA - AUT [21206990],RAD SOLAR,Radiación solar global horaria VALIDADA,Wh/m^2,2007-06-19,2142.2,Calculado
21206990,TIBAITATA - AUT [21206990],RAD SOLAR,Radiación solar global horaria VALIDADA,Wh/m^2,2007-06-20,4192.9,Calculado
21206990,TIBAITATA - AUT [21206990],RAD SOLAR,Radiación solar global horaria VALIDADA,Wh/m^2,2007-06-21,3286.3999999999996,Calculado
21206990,TIBAITATA - AUT [21206990],RAD SOLAR,Radiación solar global horaria VALIDADA,Wh/m^2,2007-06-22,948.0,Calculado
21206990,TIBAITATA - AUT [21206990],RAD SOLAR,Radiación solar global horaria VALIDADA,Wh/m^2,2007-06-23,2059.4,Calculado
21206990,TIBAITATA - AUT [21206990],RAD SOLAR,Radiación solar global horaria VALIDADA,Wh/m^2,2007-06-24,3178.4,Calculado
21206990,TIBAITATA - AUT [21206990],RAD SOLAR,Radiación solar global horaria VALIDADA,Wh/m^2,2007-06-25,3703.2999999999997,Calculado
21206990,TIBAITATA - AUT [21206990],RAD SOLAR,Radiación solar global horaria VALIDADA,Wh/m^2,2007-06-26,2254.1,Calculado
21206990,TIBAITATA - AUT [21206990],RAD SOLAR,Radiación solar global horaria VALIDADA,Wh/m^2,2007-06-27,3895.6,Calculado
21206990,TIBAITATA - AUT [21206990],RAD SOLAR,Radiación solar global horaria VALIDADA,Wh/m^2,2007-06-28,4080.1,Calculado
21206990,TIBAITATA - AUT [21206990],RAD SOLAR,Radiación solar global horaria VALIDADA,Wh/m^2,2007-06-29,3099.3,Calculado
21206990,TIBAITATA - AUT [21206990],RAD SOLAR,Radiación solar global horaria VALIDADA,Wh/m^2,2007-06-30,2992.5,Calculado
21206990,TIBAITATA - AUT [21206990],RAD SOLAR,Radiación solar global horaria VALIDADA,Wh/m^2,2007-07-01,4596.1,Calculado
21206990,TIBAITATA - AUT [21206990],RAD SOLAR,Radiación solar global horaria VALIDADA,Wh/m^2,2007-07-02,5153.6,Calculado
21206990,TIBAITATA - AUT [21206990],RAD SOLAR,Radiación solar global horaria VALIDADA,Wh/m^2,2007-07-03,3507.3,Calculado
21206990,TIBAITATA - AUT [21206990],RAD SOLAR,Radiación solar global horaria VALIDADA,Wh/m^2,2007-07-04,3948.0,Calculado
21206990,TIBAITATA - AUT [21206990],RAD SOLAR,Radiación solar global horaria VALIDADA,Wh/m^2,2007-07-05,2817.9,Calculado
21206990,TIBAITATA - AUT [21206990],RAD SOLAR,Radiación solar global horaria VALIDADA,Wh/m^2,2007-07-06,2894.6,Calculado
21206990,TIBAITATA - AUT [21206990],RAD SOLAR,Radiación solar global horaria VALIDADA,Wh/m^2,2007-07-07,3870.2,Calculado
21206990,TIBAITATA - AUT [21206990],RAD SOLAR,Radiación solar global horaria VALIDADA,Wh/m^2,2007-07-08,2340.7,Calculado
21206990,TIBAITATA - AUT [21206990],RAD SOLAR,Radiación solar global horaria VALIDADA,Wh/m^2,2007-07-09,2689.7999999999997,Calculado
21206990,TIBAITATA - AUT [21206990],RAD SOLAR,Radiación solar global horaria VALIDADA,Wh/m^2,2007-07-10,1041.0,Calculado
21206990,TIBAITATA - AUT [21206990],RAD SOLAR,Radiación solar global horaria VALIDADA,Wh/m^2,2007-07-11,3051.4,Calculado
21206990,TIBAITATA - AUT [21206990],RAD SOLAR,Radiación solar global horaria VALIDADA,Wh/m^2,2007-07-12,2566.9,Calculado
21206990,TIBAITATA - AUT [21206990],RAD SOLAR,Radiación solar global horaria VALIDADA,Wh/m^2,2007-07-13,3719.6,Calculado
21206990,TIBAITATA - AUT [21206990],RAD SOLAR,Radiación solar global horaria VALIDADA,Wh/m^2,2007-07-14,3894.1,Calculado
21206990,TIBAITATA - AUT [21206990],RAD SOLAR,Radiación solar global horaria VALIDADA,Wh/m^2,2007-07-15,2215.2000000000003,Calculado
21206990,TIBAITATA - AUT [21206990],RAD SOLAR,Radiación solar global horaria VALIDADA,Wh/m^2,2007-07-16,2192.6,Calculado
21206990,TIBAITATA - AUT [21206990],RAD SOLAR,Radiación solar global horaria VALIDADA,Wh/m^2,2007-07-17,3150.6,Calculado
21206990,TIBAITATA - AUT [21206990],RAD SOLAR,Radiación solar global horaria VALIDADA,Wh/m^2,2007-07-18,4776.7,Calculado
21206990,TIBAITATA - AUT [21206990],RAD SOLAR,Radiación solar global horaria VALIDADA,Wh/m^2,2007-07-19,3385.4,Calculado
21206990,TIBAITATA - AUT [21206990],RAD SOLAR,Radiación solar global horaria VALIDADA,Wh/m^2,2007-07-20,2289.2,Calculado
21206990,TIBAITATA - AUT [21206990],RAD SOLAR,Radiación solar global horaria VALIDADA,Wh/m^2,2007-07-21,1621.1,Calculado
21206990,TIBAITATA - AUT [21206990],RAD SOLAR,Radiación solar global horaria VALIDADA,Wh/m^2,2007-07-22,2770.2,Calculado
21206990,TIBAITATA - AUT [21206990],RAD SOLAR,Radiación solar global horaria VALIDADA,Wh/m^2,2007-07-23,3184.6,Calculado
21206990,TIBAITATA - AUT [21206990],RAD SOLAR,Radiación solar global horaria VALIDADA,Wh/m^2,2007-07-24,3707.0,Calculado
21206990,TIBAITATA - AUT [21206990],RAD SOLAR,Radiación solar global horaria VALIDADA,Wh/m^2,2007-07-25,2675.8,Calculado
21206990,TIBAITATA - AUT [21206990],RAD SOLAR,Radiación solar global horaria VALIDADA,Wh/m^2,2007-07-26,2871.7999999999997,Calculado
21206990,TIBAITATA - AUT [21206990],RAD SOLAR,Radiación solar global horaria VALIDADA,Wh/m^2,2007-07-27,3754.7,Calculado
21206990,TIBAITATA - AUT [21206990],RAD SOLAR,Radiación solar global horaria VALIDADA,Wh/m^2,2007-07-28,4666.400000000001,Calculado
21206990,TIBAITATA - AUT [21206990],RAD SOLAR,Radiación solar global horaria VALIDADA,Wh/m^2,2007-07-29,5325.7,Calculado
21206990,TIBAITATA - AUT [21206990],RAD SOLAR,Radiación solar global horaria VALIDADA,Wh/m^2,2007-07-30,5669.9,Calculado
21206990,TIBAITATA - AUT [21206990],RAD SOLAR,Radiación solar global horaria VALIDADA,Wh/m^2,2007-07-31,3238.7000000000003,Calculado
21206990,TIBAITATA - AUT [21206990],RAD SOLAR,Radiación solar global horaria VALIDADA,Wh/m^2,2007-08-01,5091.0,Calculado
21206990,TIBAITATA - AUT [21206990],RAD SOLAR,Radiación solar global horaria VALIDADA,Wh/m^2,2007-08-02,3933.0,Calculado
21206990,TIBAITATA - AUT [21206990],RAD SOLAR,Radiación solar global horaria VALIDADA,Wh/m^2,2007-08-03,4311.1,Calculado
21206990,TIBAITATA - AUT [21206990],RAD SOLAR,Radiación solar global horaria VALIDADA,Wh/m^2,2007-08-04,4097.5,Calculado
21206990,TIBAITATA - AUT [21206990],RAD SOLAR,Radiación solar global horaria VALIDADA,Wh/m^2,2007-08-05,2879.6,Calculado
21206990,TIBAITATA - AUT [21206990],RAD SOLAR,Radiación solar global horaria VALIDADA,Wh/m^2,2007-08-06,2691.2,Calculado
21206990,TIBAITATA - AUT [21206990],RAD SOLAR,Radiación solar global horaria VALIDADA,Wh/m^2,2007-08-07,2581.9,Calculado
21206990,TIBAITATA - AUT [21206990],RAD SOLAR,Radiación solar global horaria VALIDADA,Wh/m^2,2007-08-08,1814.6,Calculado
21206990,TIBAITATA - AUT [21206990],RAD SOLAR,Radiación solar global horaria VALIDADA,Wh/m^2,2007-08-09,2769.0,Calculado
21206990,TIBAITATA - AUT [21206990],RAD SOLAR,Radiación solar global horaria VALIDADA,Wh/m^2,2007-08-10,2721.3,Calculado
21206990,TIBAITATA - AUT [21206990],RAD SOLAR,Radiación solar global horaria VALIDADA,Wh/m^2,2007-08-11,3725.7999999999997,Calculado
21206990,TIBAITATA - AUT [21206990],RAD SOLAR,Radiación solar global horaria VALIDADA,Wh/m^2,2007-08-12,3498.4,Calculado
21206990,TIBAITATA - AUT [21206990],RAD SOLAR,Radiación solar global horaria VALIDADA,Wh/m^2,2007-08-13,3508.5,Calculado
21206990,TIBAITATA - AUT [21206990],RAD SOLAR,Radiación solar global horaria VALIDADA,Wh/m^2,2007-08-14,3209.6,Calculado
21206990,TIBAITATA - AUT [21206990],RAD SOLAR,Radiación solar global horaria VALIDADA,Wh/m^2,2007-08-15,2374.6,Calculado
21206990,TIBAITATA - AUT [21206990],RAD SOLAR,Radiación solar global horaria VALIDADA,Wh/m^2,2007-08-16,1748.1,Calculado
21206990,TIBAITATA - AUT [21206990],RAD SOLAR,Radiación solar global horaria VALIDADA,Wh/m^2,2007-08-17,3873.9,Calculado
21206990,TIBAITATA - AUT [21206990],RAD SOLAR,Radiación solar global horaria VALIDADA,Wh/m^2,2007-08-18,3810.1,Calculado
21206990,TIBAITATA - AUT [21206990],RAD SOLAR,Radiación solar global horaria VALIDADA,Wh/m^2,2007-08-19,3369.3,Calculado
21206990,TIBAITATA - AUT [21206990],RAD SOLAR,Radiación solar global horaria VALIDADA,Wh/m^2,2007-08-20,2888.3,Calculado
21206990,TIBAITATA - AUT [21206990],RAD SOLAR,Radiación solar global horaria VALIDADA,Wh/m^2,2007-08-21,3493.6,Calculado
21206990,TIBAITATA - AUT [21206990],RAD SOLAR,Radiación solar global horaria VALIDADA,Wh/m^2,2007-08-22,2550.5,Calculado
21206990,TIBAITATA - AUT [21206990],RAD SOLAR,Radiación solar global horaria VALIDADA,Wh/m^2,2007-08-23,3067.9,Calculado
21206990,TIBAITATA - AUT [21206990],RAD SOLAR,Radiación solar global horaria VALIDADA,Wh/m^2,2007-08-24,2413.5,Calculado
21206990,TIBAITATA - AUT [21206990],RAD SOLAR,Radiación solar global horaria VALIDADA,Wh/m^2,2007-08-25,2355.7,Calculado
21206990,TIBAITATA - AUT [21206990],RAD SOLAR,Radiación solar global horaria VALIDADA,Wh/m^2,2007-08-26,1995.3,Calculado
21206990,TIBAITATA - AUT [21206990],RAD SOLAR,Radiación solar global horaria VALIDADA,Wh/m^2,2007-08-27,1367.5,Calculado
21206990,TIBAITATA - AUT [21206990],RAD SOLAR,Radiación solar global horaria VALIDADA,Wh/m^2,2007-08-28,2640.8,Calculado
21206990,TIBAITATA - AUT [21206990],RAD SOLAR,Radiación solar global horaria VALIDADA,Wh/m^2,2007-08-29,2928.6,Calculado
21206990,TIBAITATA - AUT [21206990],RAD SOLAR,Radiación solar global horaria VALIDADA,Wh/m^2,2007-08-30,4357.4,Calculado
21206990,TIBAITATA - AUT [21206990],RAD SOLAR,Radiación solar global horaria VALIDADA,Wh/m^2,2007-08-31,6062.9,Calculado
21206990,TIBAITATA - AUT [21206990],RAD SOLAR,Radiación solar global horaria VALIDADA,Wh/m^2,2007-09-01,2168.7000000000003,Calculado
21206990,TIBAITATA - AUT [21206990],RAD SOLAR,Radiación solar global horaria VALIDADA,Wh/m^2,2007-09-02,3116.7999999999997,Calculado
21206990,TIBAITATA - AUT [21206990],RAD SOLAR,Radiación solar global horaria VALIDADA,Wh/m^2,2007-09-03,3379.2999999999997,Calculado
21206990,TIBAITATA - AUT [21206990],RAD SOLAR,Radiación solar global horaria VALIDADA,Wh/m^2,2007-09-04,2103.4,Calculado
21206990,TIBAITATA - AUT [21206990],RAD SOLAR,Radiación solar global horaria VALIDADA,Wh/m^2,2007-09-05,4217.0,Calculado
21206990,TIBAITATA - AUT [21206990],RAD SOLAR,Radiación solar global horaria VALIDADA,Wh/m^2,2007-09-06,3554.8,Calculado
21206990,TIBAITATA - AUT [21206990],RAD SOLAR,Radiación solar global horaria VALIDADA,Wh/m^2,2007-09-07,4938.900000000001,Calculado
21206990,TIBAITATA - AUT [21206990],RAD SOLAR,Radiación solar global horaria VALIDADA,Wh/m^2,2007-09-08,4843.4,Calculado
21206990,TIBAITATA - AUT [21206990],RAD SOLAR,Radiación solar global horaria VALIDADA,Wh/m^2,2007-09-09,2529.1,Calculado
21206990,TIBAITATA - AUT [21206990],RAD SOLAR,Radiación solar global horaria VALIDADA,Wh/m^2,2007-09-10,3306.2999999999997,Calculado
21206990,TIBAITATA - AUT [21206990],RAD SOLAR,Radiación solar global horaria VALIDADA,Wh/m^2,2007-09-11,1588.5,Calculado
21206990,TIBAITATA - AUT [21206990],RAD SOLAR,Radiación solar global horaria VALIDADA,Wh/m^2,2007-09-12,4916.5,Calculado
21206990,TIBAITATA - AUT [21206990],RAD SOLAR,Radiación solar global horaria VALIDADA,Wh/m^2,2007-09-13,2652.2,Calculado
21206990,TIBAITATA - AUT [21206990],RAD SOLAR,Radiación solar global horaria VALIDADA,Wh/m^2,2007-09-14,2418.5,Calculado
21206990,TIBAITATA - AUT [21206990],RAD SOLAR,Radiación solar global horaria VALIDADA,Wh/m^2,2007-09-15,4260.9,Calculado
21206990,TIBAITATA - AUT [21206990],RAD SOLAR,Radiación solar global horaria VALIDADA,Wh/m^2,2007-09-16,4037.3,Calculado
21206990,TIBAITATA - AUT [21206990],RAD SOLAR,Radiación solar global horaria VALIDADA,Wh/m^2,2007-09-17,2525.3,Calculado
21206990,TIBAITATA - AUT [21206990],RAD SOLAR,Radiación solar global horaria VALIDADA,Wh/m^2,2007-09-18,3838.7,Calculado
21206990,TIBAITATA - AUT [21206990],RAD SOLAR,Radiación solar global horaria VALIDADA,Wh/m^2,2007-09-19,2555.5,Calculado
21206990,TIBAITATA - AUT [21206990],RAD SOLAR,Radiación solar global horaria VALIDADA,Wh/m^2,2007-09-28,5714.8,Calculado
21206990,TIBAITATA - AUT [21206990],RAD SOLAR,Radiación solar global horaria VALIDADA,Wh/m^2,2007-09-29,3978.2000000000003,Calculado
21206990,TIBAITATA - AUT [21206990],RAD SOLAR,Radiación solar global horaria VALIDADA,Wh/m^2,2007-09-30,3207.2,Calculado
21206990,TIBAITATA - AUT [21206990],RAD SOLAR,Radiación solar global horaria VALIDADA,Wh/m^2,2007-10-01,2861.9,Calculado
21206990,TIBAITATA - AUT [21206990],RAD SOLAR,Radiación solar global horaria VALIDADA,Wh/m^2,2007-10-02,3302.6,Calculado
21206990,TIBAITATA - AUT [21206990],RAD SOLAR,Radiación solar global horaria VALIDADA,Wh/m^2,2007-10-03,3360.5,Calculado
21206990,TIBAITATA - AUT [21206990],RAD SOLAR,Radiación solar global horaria VALIDADA,Wh/m^2,2007-10-04,4400.1,Calculado
21206990,TIBAITATA - AUT [21206990],RAD SOLAR,Radiación solar global horaria VALIDADA,Wh/m^2,2007-10-05,4103.9,Calculado
21206990,TIBAITATA - AUT [21206990],RAD SOLAR,Radiación solar global horaria VALIDADA,Wh/m^2,2007-10-06,4572.099999999999,Calculado
21206990,TIBAITATA - AUT [21206990],RAD SOLAR,Radiación solar global horaria VALIDADA,Wh/m^2,2007-10-07,1493.2,Calculado
21206990,TIBAITATA - AUT [21206990],RAD SOLAR,Radiación solar global horaria VALIDADA,Wh/m^2,2007-10-08,3301.3,Calculado
21206990,TIBAITATA - AUT [21206990],RAD SOLAR,Radiación solar global horaria VALIDADA,Wh/m^2,2007-10-09,1729.1,Calculado
21206990,TIBAITATA - AUT [21206990],RAD SOLAR,Radiación solar global horaria VALIDADA,Wh/m^2,2007-10-10,4994.2,Calculado
21206990,TIBAITATA - AUT [21206990],RAD SOLAR,Radiación solar global horaria VALIDADA,Wh/m^2,2007-10-11,3130.5,Calculado
21206990,TIBAITATA - AUT [21206990],RAD SOLAR,Radiación solar global horaria VALIDADA,Wh/m^2,2007-10-12,4382.6,Calculado
21206990,TIBAITATA - AUT [21206990],RAD SOLAR,Radiación solar global horaria VALIDADA,Wh/m^2,2007-10-13,4144.0,Calculado
21206990,TIBAITATA - AUT [21206990],RAD SOLAR,Radiación solar global horaria VALIDADA,Wh/m^2,2007-10-14,2489.1,Calculado
21206990,TIBAITATA - AUT [21206990],RAD SOLAR,Radiación solar global horaria VALIDADA,Wh/m^2,2007-10-15,5053.1,Calculado
21206990,TIBAITATA - AUT [21206990],RAD SOLAR,Radiación solar global horaria VALIDADA,Wh/m^2,2007-10-16,3311.4,Calculado
21206990,TIBAITATA - AUT [21206990],RAD SOLAR,Radiación solar global horaria VALIDADA,Wh/m^2,2007-10-17,2505.2,Calculado
21206990,TIBAITATA - AUT [21206990],RAD SOLAR,Radiación solar global horaria VALIDADA,Wh/m^2,2007-10-18,2182.4,Calculado
21206990,TIBAITATA - AUT [21206990],RAD SOLAR,Radiación solar global horaria VALIDADA,Wh/m^2,2007-10-19,3020.2,Calculado
21206990,TIBAITATA - AUT [21206990],RAD SOLAR,Radiación solar global horaria VALIDADA,Wh/m^2,2007-10-20,1946.3,Calculado
21206990,TIBAITATA - AUT [21206990],RAD SOLAR,Radiación solar global horaria VALIDADA,Wh/m^2,2007-10-21,3300.1,Calculado
21206990,TIBAITATA - AUT [21206990],RAD SOLAR,Radiación solar global horaria VALIDADA,Wh/m^2,2007-10-22,4805.7,Calculado
21206990,TIBAITATA - AUT [21206990],RAD SOLAR,Radiación solar global horaria VALIDADA,Wh/m^2,2007-10-23,5188.8,Calculado
21206990,TIBAITATA - AUT [21206990],RAD SOLAR,Radiación solar global horaria VALIDADA,Wh/m^2,2007-10-24,5100.8,Calculado
21206990,TIBAITATA - AUT [21206990],RAD SOLAR,Radiación solar global horaria VALIDADA,Wh/m^2,2007-10-25,4952.5,Calculado
21206990,TIBAITATA - AUT [21206990],RAD SOLAR,Radiación solar global horaria VALIDADA,Wh/m^2,2007-10-26,4643.8,Calculado
21206990,TIBAITATA - AUT [21206990],RAD SOLAR,Radiación solar global horaria VALIDADA,Wh/m^2,2007-10-27,3396.7999999999997,Calculado
21206990,TIBAITATA - AUT [21206990],RAD SOLAR,Radiación solar global horaria VALIDADA,Wh/m^2,2007-10-28,2642.1,Calculado
21206990,TIBAITATA - AUT [21206990],RAD SOLAR,Radiación solar global horaria VALIDADA,Wh/m^2,2007-10-29,1740.3999999999999,Calculado
21206990,TIBAITATA - AUT [21206990],RAD SOLAR,Radiación solar global horaria VALIDADA,Wh/m^2,2007-10-30,1801.9,Calculado
21206990,TIBAITATA - AUT [21206990],RAD SOLAR,Radiación solar global horaria VALIDADA,Wh/m^2,2007-10-31,2904.7,Calculado
21206990,TIBAITATA - AUT [21206990],RAD SOLAR,Radiación solar global horaria VALIDADA,Wh/m^2,2007-11-01,2991.1,Calculado
21206990,TIBAITATA - AUT [21206990],RAD SOLAR,Radiación solar global horaria VALIDADA,Wh/m^2,2007-11-02,2842.9,Calculado
21206990,TIBAITATA - AUT [21206990],RAD SOLAR,Radiación solar global horaria VALIDADA,Wh/m^2,2007-11-03,4477.0,Calculado
21206990,TIBAITATA - AUT [21206990],RAD SOLAR,Radiación solar global horaria VALIDADA,Wh/m^2,2007-11-04,2953.5,Calculado
21206990,TIBAITATA - AUT [21206990],RAD SOLAR,Radiación solar global horaria VALIDADA,Wh/m^2,2007-11-05,4907.2,Calculado
21206990,TIBAITATA - AUT [21206990],RAD SOLAR,Radiación solar global horaria VALIDADA,Wh/m^2,2007-11-06,3968.1,Calculado
21206990,TIBAITATA - AUT [21206990],RAD SOLAR,Radiación solar global horaria VALIDADA,Wh/m^2,2007-11-07,3318.9,Calculado
21206990,TIBAITATA - AUT [21206990],RAD SOLAR,Radiación solar global horaria VALIDADA,Wh/m^2,2007-11-08,2059.2999999999997,Calculado
21206990,TIBAITATA - AUT [21206990],RAD SOLAR,Radiación solar global horaria VALIDADA,Wh/m^2,2007-11-09,1770.7,Calculado
21206990,TIBAITATA - AUT [21206990],RAD SOLAR,Radiación solar global horaria VALIDADA,Wh/m^2,2007-11-10,3415.7,Calculado
21206990,TIBAITATA - AUT [21206990],RAD SOLAR,Radiación solar global horaria VALIDADA,Wh/m^2,2007-11-11,4797.0,Calculado
21206990,TIBAITATA - AUT [21206990],RAD SOLAR,Radiación solar global horaria VALIDADA,Wh/m^2,2007-11-12,2615.6,Calculado
21206990,TIBAITATA - AUT [21206990],RAD SOLAR,Radiación solar global horaria VALIDADA,Wh/m^2,2007-11-13,3332.8,Calculado
21206990,TIBAITATA - AUT [21206990],RAD SOLAR,Radiación solar global horaria VALIDADA,Wh/m^2,2007-11-14,2069.5,Calculado
21206990,TIBAITATA - AUT [21206990],RAD SOLAR,Radiación solar global horaria VALIDADA,Wh/m^2,2007-11-15,4706.5,Calculado
21206990,TIBAITATA - AUT [21206990],RAD SOLAR,Radiación solar global horaria VALIDADA,Wh/m^2,2007-11-16,1648.7,Calculado
21206990,TIBAITATA - AUT [21206990],RAD SOLAR,Radiación solar global horaria VALIDADA,Wh/m^2,2007-11-17,2052.1,Calculado
21206990,TIBAITATA - AUT [21206990],RAD SOLAR,Radiación solar global horaria VALIDADA,Wh/m^2,2007-11-18,5192.6,Calculado
21206990,TIBAITATA - AUT [21206990],RAD SOLAR,Radiación solar global horaria VALIDADA,Wh/m^2,2007-11-19,3209.8,Calculado
21206990,TIBAITATA - AUT [21206990],RAD SOLAR,Radiación solar global horaria VALIDADA,Wh/m^2,2007-11-20,6012.599999999999,Calculado
21206990,TIBAITATA - AUT [21206990],RAD SOLAR,Radiación solar global horaria VALIDADA,Wh/m^2,2007-11-21,4980.3,Calculado
21206990,TIBAITATA - AUT [21206990],RAD SOLAR,Radiación solar global horaria VALIDADA,Wh/m^2,2007-11-22,3219.8,Calculado
21206990,TIBAITATA - AUT [21206990],RAD SOLAR,Radiación solar global horaria VALIDADA,Wh/m^2,2007-11-23,2654.7,Calculado
21206990,TIBAITATA - AUT [21206990],RAD SOLAR,Radiación solar global horaria VALIDADA,Wh/m^2,2007-11-24,2365.7000000000003,Calculado
21206990,TIBAITATA - AUT [21206990],RAD SOLAR,Radiación solar global horaria VALIDADA,Wh/m^2,2007-11-25,4653.8,Calculado
21206990,TIBAITATA - AUT [21206990],RAD SOLAR,Radiación solar global horaria VALIDADA,Wh/m^2,2007-11-26,5066.900000000001,Calculado
21206990,TIBAITATA - AUT [21206990],RAD SOLAR,Radiación solar global horaria VALIDADA,Wh/m^2,2007-11-27,4269.6,Calculado
21206990,TIBAITATA - AUT [21206990],RAD SOLAR,Radiación solar global horaria VALIDADA,Wh/m^2,2007-11-28,5093.6,Calculado
21206990,TIBAITATA - AUT [21206990],RAD SOLAR,Radiación solar global horaria VALIDADA,Wh/m^2,2007-11-29,4631.2,Calculado
21206990,TIBAITATA - AUT [21206990],RAD SOLAR,Radiación solar global horaria VALIDADA,Wh/m^2,2007-11-30,6128.2,Calculado
21206990,TIBAITATA - AUT [21206990],RAD SOLAR,Radiación solar global horaria VALIDADA,Wh/m^2,2007-12-01,5652.2,Calculado
21206990,TIBAITATA - AUT [21206990],RAD SOLAR,Radiación solar global horaria VALIDADA,Wh/m^2,2007-12-02,4711.6,Calculado
21206990,TIBAITATA - AUT [21206990],RAD SOLAR,Radiación solar global horaria VALIDADA,Wh/m^2,2007-12-03,3067.9,Calculado
21206990,TIBAITATA - AUT [21206990],RAD SOLAR,Radiación solar global horaria VALIDADA,Wh/m^2,2007-12-04,4563.4,Calculado
21206990,TIBAITATA - AUT [21206990],RAD SOLAR,Radiación solar global horaria VALIDADA,Wh/m^2,2007-12-05,0.0,Calculado
21206990,TIBAITATA - AUT [21206990],RAD SOLAR,Radiación solar global horaria VALIDADA,Wh/m^2,2007-12-06,3925.5,Calculado
21206990,TIBAITATA - AUT [21206990],RAD SOLAR,Radiación solar global horaria VALIDADA,Wh/m^2,2007-12-07,4926.4,Calculado
21206990,TIBAITATA - AUT [21206990],RAD SOLAR,Radiación solar global horaria VALIDADA,Wh/m^2,2007-12-08,4292.2,Calculado
21206990,TIBAITATA - AUT [21206990],RAD SOLAR,Radiación solar global horaria VALIDADA,Wh/m^2,2007-12-09,1475.6,Calculado
21206990,TIBAITATA - AUT [21206990],RAD SOLAR,Radiación solar global horaria VALIDADA,Wh/m^2,2007-12-10,87.9,Calculado
21206990,TIBAITATA - AUT [21206990],RAD SOLAR,Radiación solar global horaria VALIDADA,Wh/m^2,2007-12-11,4410.4,Calculado
21206990,TIBAITATA - AUT [21206990],RAD SOLAR,Radiación solar global horaria VALIDADA,Wh/m^2,2007-12-12,2599.4,Calculado
21206990,TIBAITATA - AUT [21206990],RAD SOLAR,Radiación solar global horaria VALIDADA,Wh/m^2,2007-12-13,2770.2999999999997,Calculado
21206990,TIBAITATA - AUT [21206990],RAD SOLAR,Radiación solar global horaria VALIDADA,Wh/m^2,2007-12-14,1725.4,Calculado
21206990,TIBAITATA - AUT [21206990],RAD SOLAR,Radiación solar global horaria VALIDADA,Wh/m^2,2007-12-15,3017.6,Calculado
21206990,TIBAITATA - AUT [21206990],RAD SOLAR,Radiación solar global horaria VALIDADA,Wh/m^2,2007-12-16,2902.0,Calculado
21206990,TIBAITATA - AUT [21206990],RAD SOLAR,Radiación solar global horaria VALIDADA,Wh/m^2,2007-12-17,4151.5,Calculado
21206990,TIBAITATA - AUT [21206990],RAD SOLAR,Radiación solar global horaria VALIDADA,Wh/m^2,2007-12-18,3473.5,Calculado
21206990,TIBAITATA - AUT [21206990],RAD SOLAR,Radiación solar global horaria VALIDADA,Wh/m^2,2007-12-19,3232.3,Calculado
21206990,TIBAITATA - AUT [21206990],RAD SOLAR,Radiación solar global horaria VALIDADA,Wh/m^2,2007-12-20,3307.7000000000003,Calculado
21206990,TIBAITATA - AUT [21206990],RAD SOLAR,Radiación solar global horaria VALIDADA,Wh/m^2,2007-12-21,4186.8,Calculado
21206990,TIBAITATA - AUT [21206990],RAD SOLAR,Radiación solar global horaria VALIDADA,Wh/m^2,2007-12-22,1430.3,Calculado
21206990,TIBAITATA - AUT [21206990],RAD SOLAR,Radiación solar global horaria VALIDADA,Wh/m^2,2007-12-23,2730.1,Calculado
21206990,TIBAITATA - AUT [21206990],RAD SOLAR,Radiación solar global horaria VALIDADA,Wh/m^2,2007-12-24,3419.4,Calculado
21206990,TIBAITATA - AUT [21206990],RAD SOLAR,Radiación solar global horaria VALIDADA,Wh/m^2,2007-12-25,2453.7,Calculado
21206990,TIBAITATA - AUT [21206990],RAD SOLAR,Radiación solar global horaria VALIDADA,Wh/m^2,2007-12-26,1966.4,Calculado
21206990,TIBAITATA - AUT [21206990],RAD SOLAR,Radiación solar global horaria VALIDADA,Wh/m^2,2007-12-27,3517.5,Calculado
21206990,TIBAITATA - AUT [21206990],RAD SOLAR,Radiación solar global horaria VALIDADA,Wh/m^2,2007-12-28,4387.5,Calculado
21206990,TIBAITATA - AUT [21206990],RAD SOLAR,Radiación solar global horaria VALIDADA,Wh/m^2,2007-12-29,5133.6,Calculado
21206990,TIBAITATA - AUT [21206990],RAD SOLAR,Radiación solar global horaria VALIDADA,Wh/m^2,2007-12-30,6341.5,Calculado
21206990,TIBAITATA - AUT [21206990],RAD SOLAR,Radiación solar global horaria VALIDADA,Wh/m^2,2007-12-31,5760.099999999999,Calculado
21206990,TIBAITATA - AUT [21206990],RAD SOLAR,Radiación solar global horaria VALIDADA,Wh/m^2,2008-01-01,6306.5,Calculado
21206990,TIBAITATA - AUT [21206990],RAD SOLAR,Radiación solar global horaria VALIDADA,Wh/m^2,2008-01-02,4462.8,Calculado
21206990,TIBAITATA - AUT [21206990],RAD SOLAR,Radiación solar global horaria VALIDADA,Wh/m^2,2008-01-03,3751.0,Calculado
21206990,TIBAITATA - AUT [21206990],RAD SOLAR,Radiación solar global horaria VALIDADA,Wh/m^2,2008-01-04,5500.2,Calculado
21206990,TIBAITATA - AUT [21206990],RAD SOLAR,Radiación solar global horaria VALIDADA,Wh/m^2,2008-01-05,2669.7,Calculado
21206990,TIBAITATA - AUT [21206990],RAD SOLAR,Radiación solar global horaria VALIDADA,Wh/m^2,2008-01-06,4098.7,Calculado
21206990,TIBAITATA - AUT [21206990],RAD SOLAR,Radiación solar global horaria VALIDADA,Wh/m^2,2008-01-07,4157.6,Calculado
21206990,TIBAITATA - AUT [21206990],RAD SOLAR,Radiación solar global horaria VALIDADA,Wh/m^2,2008-01-08,2054.4,Calculado
21206990,TIBAITATA - AUT [21206990],RAD SOLAR,Radiación solar global horaria VALIDADA,Wh/m^2,2008-01-09,2487.8,Calculado
21206990,TIBAITATA - AUT [21206990],RAD SOLAR,Radiación solar global horaria VALIDADA,Wh/m^2,2008-01-10,2733.7,Calculado
21206990,TIBAITATA - AUT [21206990],RAD SOLAR,Radiación solar global horaria VALIDADA,Wh/m^2,2008-01-11,3915.2999999999997,Calculado
21206990,TIBAITATA - AUT [21206990],RAD SOLAR,Radiación solar global horaria VALIDADA,Wh/m^2,2008-01-12,4244.4,Calculado
21206990,TIBAITATA - AUT [21206990],RAD SOLAR,Radiación solar global horaria VALIDADA,Wh/m^2,2008-01-13,4488.0,Calculado
21206990,TIBAITATA - AUT [21206990],RAD SOLAR,Radiación solar global horaria VALIDADA,Wh/m^2,2008-01-14,2937.1,Calculado
21206990,TIBAITATA - AUT [21206990],RAD SOLAR,Radiación solar global horaria VALIDADA,Wh/m^2,2008-01-15,2981.2,Calculado
21206990,TIBAITATA - AUT [21206990],RAD SOLAR,Radiación solar global horaria VALIDADA,Wh/m^2,2008-01-16,3233.6,Calculado
21206990,TIBAITATA - AUT [21206990],RAD SOLAR,Radiación solar global horaria VALIDADA,Wh/m^2,2008-01-17,2008.0,Calculado
21206990,TIBAITATA - AUT [21206990],RAD SOLAR,Radiación solar global horaria VALIDADA,Wh/m^2,2008-01-18,5707.2,Calculado
21206990,TIBAITATA - AUT [21206990],RAD SOLAR,Radiación solar global horaria VALIDADA,Wh/m^2,2008-01-19,4872.3,Calculado
21206990,TIBAITATA - AUT [21206990],RAD SOLAR,Radiación solar global horaria VALIDADA,Wh/m^2,2008-01-20,786.1,Calculado
21206990,TIBAITATA - AUT [21206990],RAD SOLAR,Radiación solar global horaria VALIDADA,Wh/m^2,2008-01-21,0.0,Calculado
21206990,TIBAITATA - AUT [21206990],RAD SOLAR,Radiación solar global horaria VALIDADA,Wh/m^2,2008-01-22,1408.8,Calculado
21206990,TIBAITATA - AUT [21206990],RAD SOLAR,Radiación solar global horaria VALIDADA,Wh/m^2,2008-01-23,4511.9,Calculado
21206990,TIBAITATA - AUT [21206990],RAD SOLAR,Radiación solar global horaria VALIDADA,Wh/m^2,2008-01-24,4014.7,Calculado
21206990,TIBAITATA - AUT [21206990],RAD SOLAR,Radiación solar global horaria VALIDADA,Wh/m^2,2008-01-25,3056.4,Calculado
21206990,TIBAITATA - AUT [21206990],RAD SOLAR,Radiación solar global horaria VALIDADA,Wh/m^2,2008-01-26,1383.9,Calculado
21206990,TIBAITATA - AUT [21206990],RAD SOLAR,Radiación solar global horaria VALIDADA,Wh/m^2,2008-01-27,3280.1,Calculado
21206990,TIBAITATA - AUT [21206990],RAD SOLAR,Radiación solar global horaria VALIDADA,Wh/m^2,2008-01-28,6681.9,Calculado
21206990,TIBAITATA - AUT [21206990],RAD SOLAR,Radiación solar global horaria VALIDADA,Wh/m^2,2008-01-29,5818.1,Calculado
21206990,TIBAITATA - AUT [21206990],RAD SOLAR,Radiación solar global horaria VALIDADA,Wh/m^2,2008-01-30,6106.9,Calculado
21206990,TIBAITATA - AUT [21206990],RAD SOLAR,Radiación solar global horaria VALIDADA,Wh/m^2,2008-01-31,5306.8,Calculado
21206990,TIBAITATA - AUT [21206990],RAD SOLAR,Radiación solar global horaria VALIDADA,Wh/m^2,2008-02-01,6605.3,Calculado
21206990,TIBAITATA - AUT [21206990],RAD SOLAR,Radiación solar global horaria VALIDADA,Wh/m^2,2008-02-02,6271.2,Calculado
21206990,TIBAITATA - AUT [21206990],RAD SOLAR,Radiación solar global horaria VALIDADA,Wh/m^2,2008-02-03,6136.9,Calculado
21206990,TIBAITATA - AUT [21206990],RAD SOLAR,Radiación solar global horaria VALIDADA,Wh/m^2,2008-02-04,6455.8,Calculado
21206990,TIBAITATA - AUT [21206990],RAD SOLAR,Radiación solar global horaria VALIDADA,Wh/m^2,2008-02-05,4759.3,Calculado
21206990,TIBAITATA - AUT [21206990],RAD SOLAR,Radiación solar global horaria VALIDADA,Wh/m^2,2008-02-06,3449.5,Calculado
21206990,TIBAITATA - AUT [21206990],RAD SOLAR,Radiación solar global horaria VALIDADA,Wh/m^2,2008-02-07,6238.5,Calculado
21206990,TIBAITATA - AUT [21206990],RAD SOLAR,Radiación solar global horaria VALIDADA,Wh/m^2,2008-02-08,3802.4,Calculado
21206990,TIBAITATA - AUT [21206990],RAD SOLAR,Radiación solar global horaria VALIDADA,Wh/m^2,2008-02-09,1780.6,Calculado
21206990,TIBAITATA - AUT [21206990],RAD SOLAR,Radiación solar global horaria VALIDADA,Wh/m^2,2008-02-10,2185.0,Calculado
21206990,TIBAITATA - AUT [21206990],RAD SOLAR,Radiación solar global horaria VALIDADA,Wh/m^2,2008-02-11,2409.9,Calculado
21206990,TIBAITATA - AUT [21206990],RAD SOLAR,Radiación solar global horaria VALIDADA,Wh/m^2,2008-02-12,2642.2,Calculado
21206990,TIBAITATA - AUT [21206990],RAD SOLAR,Radiación solar global horaria VALIDADA,Wh/m^2,2008-02-13,1856.0,Calculado
21206990,TIBAITATA - AUT [21206990],RAD SOLAR,Radiación solar global horaria VALIDADA,Wh/m^2,2008-02-14,2681.0,Calculado
21206990,TIBAITATA - AUT [21206990],RAD SOLAR,Radiación solar global horaria VALIDADA,Wh/m^2,2008-02-15,5090.9,Calculado
21206990,TIBAITATA - AUT [21206990],RAD SOLAR,Radiación solar global horaria VALIDADA,Wh/m^2,2008-02-16,4559.6,Calculado
21206990,TIBAITATA - AUT [21206990],RAD SOLAR,Radiación solar global horaria VALIDADA,Wh/m^2,2008-02-17,3582.7,Calculado
21206990,TIBAITATA - AUT [21206990],RAD SOLAR,Radiación solar global horaria VALIDADA,Wh/m^2,2008-02-18,3153.2999999999997,Calculado
21206990,TIBAITATA - AUT [21206990],RAD SOLAR,Radiación solar global horaria VALIDADA,Wh/m^2,2008-02-19,2453.8,Calculado
21206990,TIBAITATA - AUT [21206990],RAD SOLAR,Radiación solar global horaria VALIDADA,Wh/m^2,2008-02-20,4586.1,Calculado
21206990,TIBAITATA - AUT [21206990],RAD SOLAR,Radiación solar global horaria VALIDADA,Wh/m^2,2008-02-21,3264.9,Calculado
21206990,TIBAITATA - AUT [21206990],RAD SOLAR,Radiación solar global horaria VALIDADA,Wh/m^2,2008-02-22,5781.5,Calculado
21206990,TIBAITATA - AUT [21206990],RAD SOLAR,Radiación solar global horaria VALIDADA,Wh/m^2,2008-02-23,3439.7,Calculado
21206990,TIBAITATA - AUT [21206990],RAD SOLAR,Radiación solar global horaria VALIDADA,Wh/m^2,2008-02-24,4287.0,Calculado
21206990,TIBAITATA - AUT [21206990],RAD SOLAR,Radiación solar global horaria VALIDADA,Wh/m^2,2008-02-25,3596.3,Calculado
21206990,TIBAITATA - AUT [21206990],RAD SOLAR,Radiación solar global horaria VALIDADA,Wh/m^2,2008-02-26,5529.0,Calculado
21206990,TIBAITATA - AUT [21206990],RAD SOLAR,Radiación solar global horaria VALIDADA,Wh/m^2,2008-02-27,4804.6,Calculado
21206990,TIBAITATA - AUT [21206990],RAD SOLAR,Radiación solar global horaria VALIDADA,Wh/m^2,2008-02-28,3141.8,Calculado
21206990,TIBAITATA - AUT [21206990],RAD SOLAR,Radiación solar global horaria VALIDADA,Wh/m^2,2008-02-29,6281.2,Calculado
21206990,TIBAITATA - AUT [21206990],RAD SOLAR,Radiación solar global horaria VALIDADA,Wh/m^2,2008-03-01,6720.7,Calculado
21206990,TIBAITATA - AUT [21206990],RAD SOLAR,Radiación solar global horaria VALIDADA,Wh/m^2,2008-03-02,4835.9,Calculado
21206990,TIBAITATA - AUT [21206990],RAD SOLAR,Radiación solar global horaria VALIDADA,Wh/m^2,2008-03-03,4956.2,Calculado
21206990,TIBAITATA - AUT [21206990],RAD SOLAR,Radiación solar global horaria VALIDADA,Wh/m^2,2008-03-04,4691.4,Calculado
21206990,TIBAITATA - AUT [21206990],RAD SOLAR,Radiación solar global horaria VALIDADA,Wh/m^2,2008-03-05,5400.8,Calculado
21206990,TIBAITATA - AUT [21206990],RAD SOLAR,Radiación solar global horaria VALIDADA,Wh/m^2,2008-03-06,3676.9,Calculado
21206990,TIBAITATA - AUT [21206990],RAD SOLAR,Radiación solar global horaria VALIDADA,Wh/m^2,2008-03-07,4436.6,Calculado
21206990,TIBAITATA - AUT [21206990],RAD SOLAR,Radiación solar global horaria VALIDADA,Wh/m^2,2008-03-08,4150.2,Calculado
21206990,TIBAITATA - AUT [21206990],RAD SOLAR,Radiación solar global horaria VALIDADA,Wh/m^2,2008-03-09,5595.6,Calculado
21206990,TIBAITATA - AUT [21206990],RAD SOLAR,Radiación solar global horaria VALIDADA,Wh/m^2,2008-03-10,4381.3,Calculado
21206990,TIBAITATA - AUT [21206990],RAD SOLAR,Radiación solar global horaria VALIDADA,Wh/m^2,2008-03-11,1239.5,Calculado
21206990,TIBAITATA - AUT [21206990],RAD SOLAR,Radiación solar global horaria VALIDADA,Wh/m^2,2008-03-12,3169.5,Calculado
21206990,TIBAITATA - AUT [21206990],RAD SOLAR,Radiación solar global horaria VALIDADA,Wh/m^2,2008-03-13,1283.4,Calculado
21206990,TIBAITATA - AUT [21206990],RAD SOLAR,Radiación solar global horaria VALIDADA,Wh/m^2,2008-03-14,1043.6,Calculado
21206990,TIBAITATA - AUT [21206990],RAD SOLAR,Radiación solar global horaria VALIDADA,Wh/m^2,2008-03-15,3832.6,Calculado
21206990,TIBAITATA - AUT [21206990],RAD SOLAR,Radiación solar global horaria VALIDADA,Wh/m^2,2008-03-16,2959.8,Calculado
21206990,TIBAITATA - AUT [21206990],RAD SOLAR,Radiación solar global horaria VALIDADA,Wh/m^2,2008-03-17,2055.7,Calculado
21206990,TIBAITATA - AUT [21206990],RAD SOLAR,Radiación solar global horaria VALIDADA,Wh/m^2,2008-03-18,4033.5,Calculado
21206990,TIBAITATA - AUT [21206990],RAD SOLAR,Radiación solar global horaria VALIDADA,Wh/m^2,2008-03-19,5578.3,Calculado
21206990,TIBAITATA - AUT [21206990],RAD SOLAR,Radiación solar global horaria VALIDADA,Wh/m^2,2008-03-20,5025.5,Calculado
21206990,TIBAITATA - AUT [21206990],RAD SOLAR,Radiación solar global horaria VALIDADA,Wh/m^2,2008-03-21,4613.6,Calculado
21206990,TIBAITATA - AUT [21206990],RAD SOLAR,Radiación solar global horaria VALIDADA,Wh/m^2,2008-03-22,4945.1,Calculado
21206990,TIBAITATA - AUT [21206990],RAD SOLAR,Radiación solar global horaria VALIDADA,Wh/m^2,2008-03-23,3239.8,Calculado
21206990,TIBAITATA - AUT [21206990],RAD SOLAR,Radiación solar global horaria VALIDADA,Wh/m^2,2008-03-24,4892.4,Calculado
21206990,TIBAITATA - AUT [21206990],RAD SOLAR,Radiación solar global horaria VALIDADA,Wh/m^2,2008-03-25,3280.0,Calculado
21206990,TIBAITATA - AUT [21206990],RAD SOLAR,Radiación solar global horaria VALIDADA,Wh/m^2,2008-03-26,6601.6,Calculado
21206990,TIBAITATA - AUT [21206990],RAD SOLAR,Radiación solar global horaria VALIDADA,Wh/m^2,2008-03-27,5334.4,Calculado
21206990,TIBAITATA - AUT [21206990],RAD SOLAR,Radiación solar global horaria VALIDADA,Wh/m^2,2008-03-28,3948.0,Calculado
21206990,TIBAITATA - AUT [21206990],RAD SOLAR,Radiación solar global horaria VALIDADA,Wh/m^2,2008-03-29,4043.4,Calculado
21206990,TIBAITATA - AUT [21206990],RAD SOLAR,Radiación solar global horaria VALIDADA,Wh/m^2,2008-03-30,3843.9,Calculado
21206990,TIBAITATA - AUT [21206990],RAD SOLAR,Radiación solar global horaria VALIDADA,Wh/m^2,2008-03-31,3105.5,Calculado
21206990,TIBAITATA - AUT [21206990],RAD SOLAR,Radiación solar global horaria VALIDADA,Wh/m^2,2008-04-01,2894.6,Calculado
21206990,TIBAITATA - AUT [21206990],RAD SOLAR,Radiación solar global horaria VALIDADA,Wh/m^2,2008-04-02,4553.4,Calculado
21206990,TIBAITATA - AUT [21206990],RAD SOLAR,Radiación solar global horaria VALIDADA,Wh/m^2,2008-04-03,4474.4,Calculado
21206990,TIBAITATA - AUT [21206990],RAD SOLAR,Radiación solar global horaria VALIDADA,Wh/m^2,2008-04-04,4503.0,Calculado
21206990,TIBAITATA - AUT [21206990],RAD SOLAR,Radiación solar global horaria VALIDADA,Wh/m^2,2008-04-05,3031.4,Calculado
21206990,TIBAITATA - AUT [21206990],RAD SOLAR,Radiación solar global horaria VALIDADA,Wh/m^2,2008-04-06,4697.8,Calculado
21206990,TIBAITATA - AUT [21206990],RAD SOLAR,Radiación solar global horaria VALIDADA,Wh/m^2,2008-04-07,4157.6,Calculado
21206990,TIBAITATA - AUT [21206990],RAD SOLAR,Radiación solar global horaria VALIDADA,Wh/m^2,2008-04-08,5165.0,Calculado
21206990,TIBAITATA - AUT [21206990],RAD SOLAR,Radiación solar global horaria VALIDADA,Wh/m^2,2008-04-09,3587.8,Calculado
21206990,TIBAITATA - AUT [21206990],RAD SOLAR,Radiación solar global horaria VALIDADA,Wh/m^2,2008-04-10,3562.7,Calculado
21206990,TIBAITATA - AUT [21206990],RAD SOLAR,Radiación solar global horaria VALIDADA,Wh/m^2,2008-04-11,1981.7,Calculado
21206990,TIBAITATA - AUT [21206990],RAD SOLAR,Radiación solar global horaria VALIDADA,Wh/m^2,2008-04-12,2578.1,Calculado
21206990,TIBAITATA - AUT [21206990],RAD SOLAR,Radiación solar global horaria VALIDADA,Wh/m^2,2008-04-13,2382.2000000000003,Calculado
21206990,TIBAITATA - AUT [21206990],RAD SOLAR,Radiación solar global horaria VALIDADA,Wh/m^2,2008-04-14,2902.1,Calculado
21206990,TIBAITATA - AUT [21206990],RAD SOLAR,Radiación solar global horaria VALIDADA,Wh/m^2,2008-04-15,2609.5,Calculado
21206990,TIBAITATA - AUT [21206990],RAD SOLAR,Radiación solar global horaria VALIDADA,Wh/m^2,2008-04-16,3783.6,Calculado
21206990,TIBAITATA - AUT [21206990],RAD SOLAR,Radiación solar global horaria VALIDADA,Wh/m^2,2008-04-17,4514.5,Calculado
21206990,TIBAITATA - AUT [21206990],RAD SOLAR,Radiación solar global horaria VALIDADA,Wh/m^2,2008-04-18,3263.7,Calculado
21206990,TIBAITATA - AUT [21206990],RAD SOLAR,Radiación solar global horaria VALIDADA,Wh/m^2,2008-04-19,1933.8,Calculado
21206990,TIBAITATA - AUT [21206990],RAD SOLAR,Radiación solar global horaria VALIDADA,Wh/m^2,2008-04-20,3853.9,Calculado
21206990,TIBAITATA - AUT [21206990],RAD SOLAR,Radiación solar global horaria VALIDADA,Wh/m^2,2008-04-21,1675.3,Calculado
21206990,TIBAITATA - AUT [21206990],RAD SOLAR,Radiación solar global horaria VALIDADA,Wh/m^2,2008-04-22,3845.1,Calculado
21206990,TIBAITATA - AUT [21206990],RAD SOLAR,Radiación solar global horaria VALIDADA,Wh/m^2,2008-04-23,2377.1,Calculado
21206990,TIBAITATA - AUT [21206990],RAD SOLAR,Radiación solar global horaria VALIDADA,Wh/m^2,2008-04-24,1824.7,Calculado
21206990,TIBAITATA - AUT [21206990],RAD SOLAR,Radiación solar global horaria VALIDADA,Wh/m^2,2008-04-25,3780.9,Calculado
21206990,TIBAITATA - AUT [21206990],RAD SOLAR,Radiación solar global horaria VALIDADA,Wh/m^2,2008-04-26,4206.8,Calculado
21206990,TIBAITATA - AUT [21206990],RAD SOLAR,Radiación solar global horaria VALIDADA,Wh/m^2,2008-04-27,2516.6,Calculado
21206990,TIBAITATA - AUT [21206990],RAD SOLAR,Radiación solar global horaria VALIDADA,Wh/m^2,2008-04-28,4145.3,Calculado
21206990,TIBAITATA - AUT [21206990],RAD SOLAR,Radiación solar global horaria VALIDADA,Wh/m^2,2008-04-29,5236.6,Calculado
21206990,TIBAITATA - AUT [21206990],RAD SOLAR,Radiación solar global horaria VALIDADA,Wh/m^2,2008-04-30,5401.2,Calculado
21206990,TIBAITATA - AUT [21206990],RAD SOLAR,Radiación solar global horaria VALIDADA,Wh/m^2,2008-05-01,3417.0,Calculado
21206990,TIBAITATA - AUT [21206990],RAD SOLAR,Radiación solar global horaria VALIDADA,Wh/m^2,2008-05-02,5001.7,Calculado
21206990,TIBAITATA - AUT [21206990],RAD SOLAR,Radiación solar global horaria VALIDADA,Wh/m^2,2008-05-03,2627.0,Calculado
21206990,TIBAITATA - AUT [21206990],RAD SOLAR,Radiación solar global horaria VALIDADA,Wh/m^2,2008-05-04,1382.6000000000001,Calculado
21206990,TIBAITATA - AUT [21206990],RAD SOLAR,Radiación solar global horaria VALIDADA,Wh/m^2,2008-05-05,3331.6,Calculado
21206990,TIBAITATA - AUT [21206990],RAD SOLAR,Radiación solar global horaria VALIDADA,Wh/m^2,2008-05-06,3313.9,Calculado
21206990,TIBAITATA - AUT [21206990],RAD SOLAR,Radiación solar global horaria VALIDADA,Wh/m^2,2008-05-07,3599.1,Calculado
21206990,TIBAITATA - AUT [21206990],RAD SOLAR,Radiación solar global horaria VALIDADA,Wh/m^2,2008-05-08,1788.1,Calculado
21206990,TIBAITATA - AUT [21206990],RAD SOLAR,Radiación solar global horaria VALIDADA,Wh/m^2,2008-05-09,2127.3,Calculado
21206990,TIBAITATA - AUT [21206990],RAD SOLAR,Radiación solar global horaria VALIDADA,Wh/m^2,2008-05-10,3502.4,Calculado
21206990,TIBAITATA - AUT [21206990],RAD SOLAR,Radiación solar global horaria VALIDADA,Wh/m^2,2008-05-11,4871.0,Calculado
21206990,TIBAITATA - AUT [21206990],RAD SOLAR,Radiación solar global horaria VALIDADA,Wh/m^2,2008-05-12,3873.9,Calculado
21206990,TIBAITATA - AUT [21206990],RAD SOLAR,Radiación solar global horaria VALIDADA,Wh/m^2,2008-05-13,1820.9,Calculado
21206990,TIBAITATA - AUT [21206990],RAD SOLAR,Radiación solar global horaria VALIDADA,Wh/m^2,2008-05-14,3277.4,Calculado
21206990,TIBAITATA - AUT [21206990],RAD SOLAR,Radiación solar global horaria VALIDADA,Wh/m^2,2008-05-15,3582.5,Calculado
21206990,TIBAITATA - AUT [21206990],RAD SOLAR,Radiación solar global horaria VALIDADA,Wh/m^2,2008-05-16,2035.6000000000001,Calculado
21206990,TIBAITATA - AUT [21206990],RAD SOLAR,Radiación solar global horaria VALIDADA,Wh/m^2,2008-05-17,1472.9,Calculado
21206990,TIBAITATA - AUT [21206990],RAD SOLAR,Radiación solar global horaria VALIDADA,Wh/m^2,2008-05-18,3728.5,Calculado
21206990,TIBAITATA - AUT [21206990],RAD SOLAR,Radiación solar global horaria VALIDADA,Wh/m^2,2008-05-19,2400.9,Calculado
21206990,TIBAITATA - AUT [21206990],RAD SOLAR,Radiación solar global horaria VALIDADA,Wh/m^2,2008-05-20,1461.7,Calculado
21206990,TIBAITATA - AUT [21206990],RAD SOLAR,Radiación solar global horaria VALIDADA,Wh/m^2,2008-05-21,1920.1,Calculado
21206990,TIBAITATA - AUT [21206990],RAD SOLAR,Radiación solar global horaria VALIDADA,Wh/m^2,2008-05-22,1710.2,Calculado
21206990,TIBAITATA - AUT [21206990],RAD SOLAR,Radiación solar global horaria VALIDADA,Wh/m^2,2008-05-23,2746.4,Calculado
21206990,TIBAITATA - AUT [21206990],RAD SOLAR,Radiación solar global horaria VALIDADA,Wh/m^2,2008-05-24,2177.5,Calculado
21206990,TIBAITATA - AUT [21206990],RAD SOLAR,Radiación solar global horaria VALIDADA,Wh/m^2,2008-05-25,3735.9,Calculado
21206990,TIBAITATA - AUT [21206990],RAD SOLAR,Radiación solar global horaria VALIDADA,Wh/m^2,2008-05-26,2525.1,Calculado
21206990,TIBAITATA - AUT [21206990],RAD SOLAR,Radiación solar global horaria VALIDADA,Wh/m^2,2008-05-27,1960.2,Calculado
21206990,TIBAITATA - AUT [21206990],RAD SOLAR,Radiación solar global horaria VALIDADA,Wh/m^2,2008-05-28,1689.1000000000001,Calculado
21206990,TIBAITATA - AUT [21206990],RAD SOLAR,Radiación solar global horaria VALIDADA,Wh/m^2,2008-05-29,3091.6,Calculado
21206990,TIBAITATA - AUT [21206990],RAD SOLAR,Radiación solar global horaria VALIDADA,Wh/m^2,2008-05-30,2524.0,Calculado
21206990,TIBAITATA - AUT [21206990],RAD SOLAR,Radiación solar global horaria VALIDADA,Wh/m^2,2008-05-31,3130.7,Calculado
21206990,TIBAITATA - AUT [21206990],RAD SOLAR,Radiación solar global horaria VALIDADA,Wh/m^2,2008-06-01,4010.9,Calculado
21206990,TIBAITATA - AUT [21206990],RAD SOLAR,Radiación solar global horaria VALIDADA,Wh/m^2,2008-06-02,3285.2999999999997,Calculado
21206990,TIBAITATA - AUT [21206990],RAD SOLAR,Radiación solar global horaria VALIDADA,Wh/m^2,2008-06-03,2408.4,Calculado
21206990,TIBAITATA - AUT [21206990],RAD SOLAR,Radiación solar global horaria VALIDADA,Wh/m^2,2008-06-04,3396.8,Calculado
21206990,TIBAITATA - AUT [21206990],RAD SOLAR,Radiación solar global horaria VALIDADA,Wh/m^2,2008-06-05,3134.4,Calculado
21206990,TIBAITATA - AUT [21206990],RAD SOLAR,Radiación solar global horaria VALIDADA,Wh/m^2,2008-06-06,1481.8,Calculado
21206990,TIBAITATA - AUT [21206990],RAD SOLAR,Radiación solar global horaria VALIDADA,Wh/m^2,2008-06-07,2339.5,Calculado
21206990,TIBAITATA - AUT [21206990],RAD SOLAR,Radiación solar global horaria VALIDADA,Wh/m^2,2008-06-08,2545.2999999999997,Calculado
21206990,TIBAITATA - AUT [21206990],RAD SOLAR,Radiación solar global horaria VALIDADA,Wh/m^2,2008-06-09,2625.7999999999997,Calculado
21206990,TIBAITATA - AUT [21206990],RAD SOLAR,Radiación solar global horaria VALIDADA,Wh/m^2,2008-06-10,2133.4,Calculado
21206990,TIBAITATA - AUT [21206990],RAD SOLAR,Radiación solar global horaria VALIDADA,Wh/m^2,2008-06-11,3654.1,Calculado
21206990,TIBAITATA - AUT [21206990],RAD SOLAR,Radiación solar global horaria VALIDADA,Wh/m^2,2008-06-12,2423.6,Calculado
21206990,TIBAITATA - AUT [21206990],RAD SOLAR,Radiación solar global horaria VALIDADA,Wh/m^2,2008-06-13,5049.4,Calculado
21206990,TIBAITATA - AUT [21206990],RAD SOLAR,Radiación solar global horaria VALIDADA,Wh/m^2,2008-06-14,2714.9,Calculado
21206990,TIBAITATA - AUT [21206990],RAD SOLAR,Radiación solar global horaria VALIDADA,Wh/m^2,2008-06-15,2212.7,Calculado
21206990,TIBAITATA - AUT [21206990],RAD SOLAR,Radiación solar global horaria VALIDADA,Wh/m^2,2008-06-16,2177.4,Calculado
21206990,TIBAITATA - AUT [21206990],RAD SOLAR,Radiación solar global horaria VALIDADA,Wh/m^2,2008-06-17,2704.9,Calculado
21206990,TIBAITATA - AUT [21206990],RAD SOLAR,Radiación solar global horaria VALIDADA,Wh/m^2,2008-06-18,2828.0,Calculado
21206990,TIBAITATA - AUT [21206990],RAD SOLAR,Radiación solar global horaria VALIDADA,Wh/m^2,2008-06-19,3757.3,Calculado
21206990,TIBAITATA - AUT [21206990],RAD SOLAR,Radiación solar global horaria VALIDADA,Wh/m^2,2008-06-20,4100.2,Calculado
21206990,TIBAITATA - AUT [21206990],RAD SOLAR,Radiación solar global horaria VALIDADA,Wh/m^2,2008-06-21,2760.1,Calculado
21206990,TIBAITATA - AUT [21206990],RAD SOLAR,Radiación solar global horaria VALIDADA,Wh/m^2,2008-06-22,2507.7,Calculado
21206990,TIBAITATA - AUT [21206990],RAD SOLAR,Radiación solar global horaria VALIDADA,Wh/m^2,2008-06-23,1667.7,Calculado
21206990,TIBAITATA - AUT [21206990],RAD SOLAR,Radiación solar global horaria VALIDADA,Wh/m^2,2008-06-24,3062.7,Calculado
21206990,TIBAITATA - AUT [21206990],RAD SOLAR,Radiación solar global horaria VALIDADA,Wh/m^2,2008-06-25,1653.9,Calculado
21206990,TIBAITATA - AUT [21206990],RAD SOLAR,Radiación solar global horaria VALIDADA,Wh/m^2,2008-06-26,3833.8,Calculado
21206990,TIBAITATA - AUT [21206990],RAD SOLAR,Radiación solar global horaria VALIDADA,Wh/m^2,2008-06-27,3312.7,Calculado
21206990,TIBAITATA - AUT [21206990],RAD SOLAR,Radiación solar global horaria VALIDADA,Wh/m^2,2008-06-28,2349.7,Calculado
21206990,TIBAITATA - AUT [21206990],RAD SOLAR,Radiación solar global horaria VALIDADA,Wh/m^2,2008-06-29,5800.2,Calculado
21206990,TIBAITATA - AUT [21206990],RAD SOLAR,Radiación solar global horaria VALIDADA,Wh/m^2,2008-06-30,4396.5,Calculado
21206990,TIBAITATA - AUT [21206990],RAD SOLAR,Radiación solar global horaria VALIDADA,Wh/m^2,2008-07-01,2329.4,Calculado
21206990,TIBAITATA - AUT [21206990],RAD SOLAR,Radiación solar global horaria VALIDADA,Wh/m^2,2008-07-02,3865.3,Calculado
21206990,TIBAITATA - AUT [21206990],RAD SOLAR,Radiación solar global horaria VALIDADA,Wh/m^2,2008-07-03,2891.9,Calculado
21206990,TIBAITATA - AUT [21206990],RAD SOLAR,Radiación solar global horaria VALIDADA,Wh/m^2,2008-07-04,3763.4,Calculado
21206990,TIBAITATA - AUT [21206990],RAD SOLAR,Radiación solar global horaria VALIDADA,Wh/m^2,2008-07-05,0.0,Calculado
21206990,TIBAITATA - AUT [21206990],RAD SOLAR,Radiación solar global horaria VALIDADA,Wh/m^2,2008-07-06,2908.3999999999996,Calculado
21206990,TIBAITATA - AUT [21206990],RAD SOLAR,Radiación solar global horaria VALIDADA,Wh/m^2,2008-07-07,2737.6,Calculado
21206990,TIBAITATA - AUT [21206990],RAD SOLAR,Radiación solar global horaria VALIDADA,Wh/m^2,2008-07-08,2183.9,Calculado
21206990,TIBAITATA - AUT [21206990],RAD SOLAR,Radiación solar global horaria VALIDADA,Wh/m^2,2008-07-09,1439.0,Calculado
21206990,TIBAITATA - AUT [21206990],RAD SOLAR,Radiación solar global horaria VALIDADA,Wh/m^2,2008-07-10,1286.0,Calculado
21206990,TIBAITATA - AUT [21206990],RAD SOLAR,Radiación solar global horaria VALIDADA,Wh/m^2,2008-07-11,2378.4,Calculado
21206990,TIBAITATA - AUT [21206990],RAD SOLAR,Radiación solar global horaria VALIDADA,Wh/m^2,2008-07-12,808.8,Calculado
21206990,TIBAITATA - AUT [21206990],RAD SOLAR,Radiación solar global horaria VALIDADA,Wh/m^2,2008-07-13,2961.1,Calculado
21206990,TIBAITATA - AUT [21206990],RAD SOLAR,Radiación solar global horaria VALIDADA,Wh/m^2,2008-07-14,2357.2,Calculado
21206990,TIBAITATA - AUT [21206990],RAD SOLAR,Radiación solar global horaria VALIDADA,Wh/m^2,2008-07-15,3911.7,Calculado
21206990,TIBAITATA - AUT [21206990],RAD SOLAR,Radiación solar global horaria VALIDADA,Wh/m^2,2008-07-16,2105.9,Calculado
21206990,TIBAITATA - AUT [21206990],RAD SOLAR,Radiación solar global horaria VALIDADA,Wh/m^2,2008-07-17,2704.7999999999997,Calculado
21206990,TIBAITATA - AUT [21206990],RAD SOLAR,Radiación solar global horaria VALIDADA,Wh/m^2,2008-07-18,3061.5,Calculado
21206990,TIBAITATA - AUT [21206990],RAD SOLAR,Radiación solar global horaria VALIDADA,Wh/m^2,2008-07-19,3646.7999999999997,Calculado
21206990,TIBAITATA - AUT [21206990],RAD SOLAR,Radiación solar global horaria VALIDADA,Wh/m^2,2008-07-20,2718.7,Calculado
21206990,TIBAITATA - AUT [21206990],RAD SOLAR,Radiación solar global horaria VALIDADA,Wh/m^2,2008-07-21,2338.0,Calculado
21206990,TIBAITATA - AUT [21206990],RAD SOLAR,Radiación solar global horaria VALIDADA,Wh/m^2,2008-07-22,2904.6,Calculado
21206990,TIBAITATA - AUT [21206990],RAD SOLAR,Radiación solar global horaria VALIDADA,Wh/m^2,2008-07-23,3120.5,Calculado
21206990,TIBAITATA - AUT [21206990],RAD SOLAR,Radiación solar global horaria VALIDADA,Wh/m^2,2008-07-24,2363.3,Calculado
21206990,TIBAITATA - AUT [21206990],RAD SOLAR,Radiación solar global horaria VALIDADA,Wh/m^2,2008-07-25,3621.6,Calculado
21206990,TIBAITATA - AUT [21206990],RAD SOLAR,Radiación solar global horaria VALIDADA,Wh/m^2,2008-07-26,3415.6,Calculado
21206990,TIBAITATA - AUT [21206990],RAD SOLAR,Radiación solar global horaria VALIDADA,Wh/m^2,2008-07-27,4324.7,Calculado
21206990,TIBAITATA - AUT [21206990],RAD SOLAR,Radiación solar global horaria VALIDADA,Wh/m^2,2008-07-28,4778.3,Calculado
21206990,TIBAITATA - AUT [21206990],RAD SOLAR,Radiación solar global horaria VALIDADA,Wh/m^2,2008-07-29,2467.6,Calculado
21206990,TIBAITATA - AUT [21206990],RAD SOLAR,Radiación solar global horaria VALIDADA,Wh/m^2,2008-07-30,3988.2999999999997,Calculado
21206990,TIBAITATA - AUT [21206990],RAD SOLAR,Radiación solar global horaria VALIDADA,Wh/m^2,2008-07-31,2470.0,Calculado
21206990,TIBAITATA - AUT [21206990],RAD SOLAR,Radiación solar global horaria VALIDADA,Wh/m^2,2008-08-01,3430.7,Calculado
21206990,TIBAITATA - AUT [21206990],RAD SOLAR,Radiación solar global horaria VALIDADA,Wh/m^2,2008-08-02,2546.8,Calculado
21206990,TIBAITATA - AUT [21206990],RAD SOLAR,Radiación solar global horaria VALIDADA,Wh/m^2,2008-08-03,2629.6,Calculado
21206990,TIBAITATA - AUT [21206990],RAD SOLAR,Radiación solar global horaria VALIDADA,Wh/m^2,2008-08-04,3096.7,Calculado
21206990,TIBAITATA - AUT [21206990],RAD SOLAR,Radiación solar global horaria VALIDADA,Wh/m^2,2008-08-06,2300.4,Calculado
21206990,TIBAITATA - AUT [21206990],RAD SOLAR,Radiación solar global horaria VALIDADA,Wh/m^2,2008-08-07,4443.0,Calculado
21206990,TIBAITATA - AUT [21206990],RAD SOLAR,Radiación solar global horaria VALIDADA,Wh/m^2,2008-08-08,1864.8,Calculado
21206990,TIBAITATA - AUT [21206990],RAD SOLAR,Radiación solar global horaria VALIDADA,Wh/m^2,2008-08-09,3011.4,Calculado
21206990,TIBAITATA - AUT [21206990],RAD SOLAR,Radiación solar global horaria VALIDADA,Wh/m^2,2008-08-10,3334.0,Calculado
21206990,TIBAITATA - AUT [21206990],RAD SOLAR,Radiación solar global horaria VALIDADA,Wh/m^2,2008-08-11,1876.3000000000002,Calculado
21206990,TIBAITATA - AUT [21206990],RAD SOLAR,Radiación solar global horaria VALIDADA,Wh/m^2,2008-08-12,3693.1,Calculado
21206990,TIBAITATA - AUT [21206990],RAD SOLAR,Radiación solar global horaria VALIDADA,Wh/m^2,2008-08-15,2290.5,Calculado
21206990,TIBAITATA - AUT [21206990],RAD SOLAR,Radiación solar global horaria VALIDADA,Wh/m^2,2008-08-16,2590.4,Calculado
21206990,TIBAITATA - AUT [21206990],RAD SOLAR,Radiación solar global horaria VALIDADA,Wh/m^2,2008-08-17,2991.0,Calculado
21206990,TIBAITATA - AUT [21206990],RAD SOLAR,Radiación solar global horaria VALIDADA,Wh/m^2,2008-08-18,2363.4,Calculado
21206990,TIBAITATA - AUT [21206990],RAD SOLAR,Radiación solar global horaria VALIDADA,Wh/m^2,2008-08-19,1858.4,Calculado
21206990,TIBAITATA - AUT [21206990],RAD SOLAR,Radiación solar global horaria VALIDADA,Wh/m^2,2008-08-20,2378.6,Calculado
21206990,TIBAITATA - AUT [21206990],RAD SOLAR,Radiación solar global horaria VALIDADA,Wh/m^2,2008-08-21,3543.7,Calculado
21206990,TIBAITATA - AUT [21206990],RAD SOLAR,Radiación solar global horaria VALIDADA,Wh/m^2,2008-08-22,2698.5,Calculado
21206990,TIBAITATA - AUT [21206990],RAD SOLAR,Radiación solar global horaria VALIDADA,Wh/m^2,2008-08-23,3305.2000000000003,Calculado
21206990,TIBAITATA - AUT [21206990],RAD SOLAR,Radiación solar global horaria VALIDADA,Wh/m^2,2008-08-24,2421.1,Calculado
21206990,TIBAITATA - AUT [21206990],RAD SOLAR,Radiación solar global horaria VALIDADA,Wh/m^2,2008-08-25,4495.6,Calculado
21206990,TIBAITATA - AUT [21206990],RAD SOLAR,Radiación solar global horaria VALIDADA,Wh/m^2,2008-08-26,3101.7,Calculado
21206990,TIBAITATA - AUT [21206990],RAD SOLAR,Radiación solar global horaria VALIDADA,Wh/m^2,2008-08-27,3360.4,Calculado
21206990,TIBAITATA - AUT [21206990],RAD SOLAR,Radiación solar global horaria VALIDADA,Wh/m^2,2008-08-28,2843.0,Calculado
21206990,TIBAITATA - AUT [21206990],RAD SOLAR,Radiación solar global horaria VALIDADA,Wh/m^2,2008-08-29,3914.0,Calculado
21206990,TIBAITATA - AUT [21206990],RAD SOLAR,Radiación solar global horaria VALIDADA,Wh/m^2,2008-08-30,4769.3,Calculado
21206990,TIBAITATA - AUT [21206990],RAD SOLAR,Radiación solar global horaria VALIDADA,Wh/m^2,2008-08-31,1876.1,Calculado
21206990,TIBAITATA - AUT [21206990],RAD SOLAR,Radiación solar global horaria VALIDADA,Wh/m^2,2008-09-01,3297.5,Calculado
21206990,TIBAITATA - AUT [21206990],RAD SOLAR,Radiación solar global horaria VALIDADA,Wh/m^2,2008-09-02,3625.4,Calculado
21206990,TIBAITATA - AUT [21206990],RAD SOLAR,Radiación solar global horaria VALIDADA,Wh/m^2,2008-09-03,2266.8,Calculado
21206990,TIBAITATA - AUT [21206990],RAD SOLAR,Radiación solar global horaria VALIDADA,Wh/m^2,2008-09-04,2122.2,Calculado
21206990,TIBAITATA - AUT [21206990],RAD SOLAR,Radiación solar global horaria VALIDADA,Wh/m^2,2008-09-05,2456.2,Calculado
21206990,TIBAITATA - AUT [21206990],RAD SOLAR,Radiación solar global horaria VALIDADA,Wh/m^2,2008-09-06,6116.7,Calculado
21206990,TIBAITATA - AUT [21206990],RAD SOLAR,Radiación solar global horaria VALIDADA,Wh/m^2,2008-09-07,3306.4,Calculado
21206990,TIBAITATA - AUT [21206990],RAD SOLAR,Radiación solar global horaria VALIDADA,Wh/m^2,2008-09-08,2971.2,Calculado
21206990,TIBAITATA - AUT [21206990],RAD SOLAR,Radiación solar global horaria VALIDADA,Wh/m^2,2008-09-09,2426.0,Calculado
21206990,TIBAITATA - AUT [21206990],RAD SOLAR,Radiación solar global horaria VALIDADA,Wh/m^2,2008-09-10,3667.0,Calculado
21206990,TIBAITATA - AUT [21206990],RAD SOLAR,Radiación solar global horaria VALIDADA,Wh/m^2,2008-09-11,4239.4,Calculado
21206990,TIBAITATA - AUT [21206990],RAD SOLAR,Radiación solar global horaria VALIDADA,Wh/m^2,2008-09-12,1888.7,Calculado
21206990,TIBAITATA - AUT [21206990],RAD SOLAR,Radiación solar global horaria VALIDADA,Wh/m^2,2008-09-13,4549.6,Calculado
21206990,TIBAITATA - AUT [21206990],RAD SOLAR,Radiación solar global horaria VALIDADA,Wh/m^2,2008-09-14,3513.5,Calculado
21206990,TIBAITATA - AUT [21206990],RAD SOLAR,Radiación solar global horaria VALIDADA,Wh/m^2,2008-09-15,1697.8,Calculado
21206990,TIBAITATA - AUT [21206990],RAD SOLAR,Radiación solar global horaria VALIDADA,Wh/m^2,2008-09-16,2820.4,Calculado
21206990,TIBAITATA - AUT [21206990],RAD SOLAR,Radiación solar global horaria VALIDADA,Wh/m^2,2008-09-17,3733.3,Calculado
21206990,TIBAITATA - AUT [21206990],RAD SOLAR,Radiación solar global horaria VALIDADA,Wh/m^2,2008-09-18,4185.5,Calculado
21206990,TIBAITATA - AUT [21206990],RAD SOLAR,Radiación solar global horaria VALIDADA,Wh/m^2,2008-09-19,1520.8,Calculado
21206990,TIBAITATA - AUT [21206990],RAD SOLAR,Radiación solar global horaria VALIDADA,Wh/m^2,2008-09-20,4822.1,Calculado
21206990,TIBAITATA - AUT [21206990],RAD SOLAR,Radiación solar global horaria VALIDADA,Wh/m^2,2008-09-21,5011.8,Calculado
21206990,TIBAITATA - AUT [21206990],RAD SOLAR,Radiación solar global horaria VALIDADA,Wh/m^2,2008-09-22,4720.4,Calculado
21206990,TIBAITATA - AUT [21206990],RAD SOLAR,Radiación solar global horaria VALIDADA,Wh/m^2,2008-09-23,3411.7999999999997,Calculado
21206990,TIBAITATA - AUT [21206990],RAD SOLAR,Radiación solar global horaria VALIDADA,Wh/m^2,2008-09-24,4573.5,Calculado
21206990,TIBAITATA - AUT [21206990],RAD SOLAR,Radiación solar global horaria VALIDADA,Wh/m^2,2008-09-25,3909.2000000000003,Calculado
21206990,TIBAITATA - AUT [21206990],RAD SOLAR,Radiación solar global horaria VALIDADA,Wh/m^2,2008-09-26,2697.3,Calculado
21206990,TIBAITATA - AUT [21206990],RAD SOLAR,Radiación solar global horaria VALIDADA,Wh/m^2,2008-09-27,3511.1,Calculado
21206990,TIBAITATA - AUT [21206990],RAD SOLAR,Radiación solar global horaria VALIDADA,Wh/m^2,2008-09-28,3848.9,Calculado
21206990,TIBAITATA - AUT [21206990],RAD SOLAR,Radiación solar global horaria VALIDADA,Wh/m^2,2008-09-29,3950.5,Calculado
21206990,TIBAITATA - AUT [21206990],RAD SOLAR,Radiación solar global horaria VALIDADA,Wh/m^2,2008-09-30,4087.4,Calculado
21206990,TIBAITATA - AUT [21206990],RAD SOLAR,Radiación solar global horaria VALIDADA,Wh/m^2,2008-10-01,2183.7,Calculado
21206990,TIBAITATA - AUT [21206990],RAD SOLAR,Radiación solar global horaria VALIDADA,Wh/m^2,2008-10-02,2442.6,Calculado
21206990,TIBAITATA - AUT [21206990],RAD SOLAR,Radiación solar global horaria VALIDADA,Wh/m^2,2008-10-03,4155.2,Calculado
21206990,TIBAITATA - AUT [21206990],RAD SOLAR,Radiación solar global horaria VALIDADA,Wh/m^2,2008-10-04,5221.5,Calculado
21206990,TIBAITATA - AUT [21206990],RAD SOLAR,Radiación solar global horaria VALIDADA,Wh/m^2,2008-10-05,1694.1,Calculado
21206990,TIBAITATA - AUT [21206990],RAD SOLAR,Radiación solar global horaria VALIDADA,Wh/m^2,2008-10-06,1932.6,Calculado
21206990,TIBAITATA - AUT [21206990],RAD SOLAR,Radiación solar global horaria VALIDADA,Wh/m^2,2008-10-07,1853.5,Calculado
21206990,TIBAITATA - AUT [21206990],RAD SOLAR,Radiación solar global horaria VALIDADA,Wh/m^2,2008-10-08,5036.9,Calculado
21206990,TIBAITATA - AUT [21206990],RAD SOLAR,Radiación solar global horaria VALIDADA,Wh/m^2,2008-10-09,3942.9,Calculado
21206990,TIBAITATA - AUT [21206990],RAD SOLAR,Radiación solar global horaria VALIDADA,Wh/m^2,2008-10-10,2462.5,Calculado
21206990,TIBAITATA - AUT [21206990],RAD SOLAR,Radiación solar global horaria VALIDADA,Wh/m^2,2008-10-11,5213.9,Calculado
21206990,TIBAITATA - AUT [21206990],RAD SOLAR,Radiación solar global horaria VALIDADA,Wh/m^2,2008-10-12,2220.3,Calculado
21206990,TIBAITATA - AUT [21206990],RAD SOLAR,Radiación solar global horaria VALIDADA,Wh/m^2,2008-10-13,4215.4,Calculado
21206990,TIBAITATA - AUT [21206990],RAD SOLAR,Radiación solar global horaria VALIDADA,Wh/m^2,2008-10-14,3581.4,Calculado
21206990,TIBAITATA - AUT [21206990],RAD SOLAR,Radiación solar global horaria VALIDADA,Wh/m^2,2008-10-15,3586.4,Calculado
21206990,TIBAITATA - AUT [21206990],RAD SOLAR,Radiación solar global horaria VALIDADA,Wh/m^2,2008-10-16,3788.6,Calculado
21206990,TIBAITATA - AUT [21206990],RAD SOLAR,Radiación solar global horaria VALIDADA,Wh/m^2,2008-10-17,4314.7,Calculado
21206990,TIBAITATA - AUT [21206990],RAD SOLAR,Radiación solar global horaria VALIDADA,Wh/m^2,2008-10-18,3252.5,Calculado
21206990,TIBAITATA - AUT [21206990],RAD SOLAR,Radiación solar global horaria VALIDADA,Wh/m^2,2008-10-19,4469.1,Calculado
21206990,TIBAITATA - AUT [21206990],RAD SOLAR,Radiación solar global horaria VALIDADA,Wh/m^2,2008-10-20,2429.9,Calculado
21206990,TIBAITATA - AUT [21206990],RAD SOLAR,Radiación solar global horaria VALIDADA,Wh/m^2,2008-10-21,2447.6,Calculado
21206990,TIBAITATA - AUT [21206990],RAD SOLAR,Radiación solar global horaria VALIDADA,Wh/m^2,2008-10-22,2706.0,Calculado
21206990,TIBAITATA - AUT [21206990],RAD SOLAR,Radiación solar global horaria VALIDADA,Wh/m^2,2008-10-23,3399.4,Calculado
21206990,TIBAITATA - AUT [21206990],RAD SOLAR,Radiación solar global horaria VALIDADA,Wh/m^2,2008-10-24,3946.8,Calculado
21206990,TIBAITATA - AUT [21206990],RAD SOLAR,Radiación solar global horaria VALIDADA,Wh/m^2,2008-10-25,3756.0,Calculado
21206990,TIBAITATA - AUT [21206990],RAD SOLAR,Radiación solar global horaria VALIDADA,Wh/m^2,2008-10-26,3458.4,Calculado
21206990,TIBAITATA - AUT [21206990],RAD SOLAR,Radiación solar global horaria VALIDADA,Wh/m^2,2008-10-27,3518.6,Calculado
21206990,TIBAITATA - AUT [21206990],RAD SOLAR,Radiación solar global horaria VALIDADA,Wh/m^2,2008-10-28,2306.8,Calculado
21206990,TIBAITATA - AUT [21206990],RAD SOLAR,Radiación solar global horaria VALIDADA,Wh/m^2,2008-10-29,4727.8,Calculado
21206990,TIBAITATA - AUT [21206990],RAD SOLAR,Radiación solar global horaria VALIDADA,Wh/m^2,2008-10-30,3136.8999999999996,Calculado
21206990,TIBAITATA - AUT [21206990],RAD SOLAR,Radiación solar global horaria VALIDADA,Wh/m^2,2008-10-31,3619.0,Calculado
21206990,TIBAITATA - AUT [21206990],RAD SOLAR,Radiación solar global horaria VALIDADA,Wh/m^2,2008-11-01,2691.1,Calculado
21206990,TIBAITATA - AUT [21206990],RAD SOLAR,Radiación solar global horaria VALIDADA,Wh/m^2,2008-11-02,4256.9,Calculado
21206990,TIBAITATA - AUT [21206990],RAD SOLAR,Radiación solar global horaria VALIDADA,Wh/m^2,2008-11-03,4159.1,Calculado
21206990,TIBAITATA - AUT [21206990],RAD SOLAR,Radiación solar global horaria VALIDADA,Wh/m^2,2008-11-04,905.5,Calculado
21206990,TIBAITATA - AUT [21206990],RAD SOLAR,Radiación solar global horaria VALIDADA,Wh/m^2,2008-11-05,3003.7,Calculado
21206990,TIBAITATA - AUT [21206990],RAD SOLAR,Radiación solar global horaria VALIDADA,Wh/m^2,2008-11-06,4206.9,Calculado
21206990,TIBAITATA - AUT [21206990],RAD SOLAR,Radiación solar global horaria VALIDADA,Wh/m^2,2008-11-07,4302.3,Calculado
21206990,TIBAITATA - AUT [21206990],RAD SOLAR,Radiación solar global horaria VALIDADA,Wh/m^2,2008-11-08,3742.2,Calculado
21206990,TIBAITATA - AUT [21206990],RAD SOLAR,Radiación solar global horaria VALIDADA,Wh/m^2,2008-11-09,5800.1,Calculado
21206990,TIBAITATA - AUT [21206990],RAD SOLAR,Radiación solar global horaria VALIDADA,Wh/m^2,2008-11-10,4569.6,Calculado
21206990,TIBAITATA - AUT [21206990],RAD SOLAR,Radiación solar global horaria VALIDADA,Wh/m^2,2008-11-11,5934.799999999999,Calculado
21206990,TIBAITATA - AUT [21206990],RAD SOLAR,Radiación solar global horaria VALIDADA,Wh/m^2,2008-11-12,3728.2000000000003,Calculado
21206990,TIBAITATA - AUT [21206990],RAD SOLAR,Radiación solar global horaria VALIDADA,Wh/m^2,2008-11-13,2902.0,Calculado
21206990,TIBAITATA - AUT [21206990],RAD SOLAR,Radiación solar global horaria VALIDADA,Wh/m^2,2008-11-14,3882.7999999999997,Calculado
21206990,TIBAITATA - AUT [21206990],RAD SOLAR,Radiación solar global horaria VALIDADA,Wh/m^2,2008-11-15,2819.2,Calculado
21206990,TIBAITATA - AUT [21206990],RAD SOLAR,Radiación solar global horaria VALIDADA,Wh/m^2,2008-11-16,3649.3,Calculado
21206990,TIBAITATA - AUT [21206990],RAD SOLAR,Radiación solar global horaria VALIDADA,Wh/m^2,2008-11-17,4917.5,Calculado
21206990,TIBAITATA - AUT [21206990],RAD SOLAR,Radiación solar global horaria VALIDADA,Wh/m^2,2008-11-18,1848.6,Calculado
21206990,TIBAITATA - AUT [21206990],RAD SOLAR,Radiación solar global horaria VALIDADA,Wh/m^2,2008-11-19,3738.4,Calculado
21206990,TIBAITATA - AUT [21206990],RAD SOLAR,Radiación solar global horaria VALIDADA,Wh/m^2,2008-11-20,2694.7,Calculado
21206990,TIBAITATA - AUT [21206990],RAD SOLAR,Radiación solar global horaria VALIDADA,Wh/m^2,2008-11-21,4087.4,Calculado
21206990,TIBAITATA - AUT [21206990],RAD SOLAR,Radiación solar global horaria VALIDADA,Wh/m^2,2008-11-22,3948.1,Calculado
21206990,TIBAITATA - AUT [21206990],RAD SOLAR,Radiación solar global horaria VALIDADA,Wh/m^2,2008-11-23,3276.2000000000003,Calculado
21206990,TIBAITATA - AUT [21206990],RAD SOLAR,Radiación solar global horaria VALIDADA,Wh/m^2,2008-11-24,1469.2,Calculado
21206990,TIBAITATA - AUT [21206990],RAD SOLAR,Radiación solar global horaria VALIDADA,Wh/m^2,2008-11-25,2265.4,Calculado
21206990,TIBAITATA - AUT [21206990],RAD SOLAR,Radiación solar global horaria VALIDADA,Wh/m^2,2008-11-26,1158.8999999999999,Calculado
21206990,TIBAITATA - AUT [21206990],RAD SOLAR,Radiación solar global horaria VALIDADA,Wh/m^2,2008-11-27,4046.1,Calculado
21206990,TIBAITATA - AUT [21206990],RAD SOLAR,Radiación solar global horaria VALIDADA,Wh/m^2,2008-11-28,2579.2000000000003,Calculado
21206990,TIBAITATA - AUT [21206990],RAD SOLAR,Radiación solar global horaria VALIDADA,Wh/m^2,2008-11-29,1965.3,Calculado
21206990,TIBAITATA - AUT [21206990],RAD SOLAR,Radiación solar global horaria VALIDADA,Wh/m^2,2008-11-30,4430.3,Calculado
21206990,TIBAITATA - AUT [21206990],RAD SOLAR,Radiación solar global horaria VALIDADA,Wh/m^2,2008-12-01,2529.0,Calculado
21206990,TIBAITATA - AUT [21206990],RAD SOLAR,Radiación solar global horaria VALIDADA,Wh/m^2,2008-12-02,3729.4,Calculado
21206990,TIBAITATA - AUT [21206990],RAD SOLAR,Radiación solar global horaria VALIDADA,Wh/m^2,2008-12-03,4070.1000000000004,Calculado
21206990,TIBAITATA - AUT [21206990],RAD SOLAR,Radiación solar global horaria VALIDADA,Wh/m^2,2008-12-04,4559.6,Calculado
21206990,TIBAITATA - AUT [21206990],RAD SOLAR,Radiación solar global horaria VALIDADA,Wh/m^2,2008-12-05,4095.1,Calculado
21206990,TIBAITATA - AUT [21206990],RAD SOLAR,Radiación solar global horaria VALIDADA,Wh/m^2,2008-12-06,4849.5,Calculado
21206990,TIBAITATA - AUT [21206990],RAD SOLAR,Radiación solar global horaria VALIDADA,Wh/m^2,2008-12-07,2291.7,Calculado
21206990,TIBAITATA - AUT [21206990],RAD SOLAR,Radiación solar global horaria VALIDADA,Wh/m^2,2008-12-08,2535.3,Calculado
21206990,TIBAITATA - AUT [21206990],RAD SOLAR,Radiación solar global horaria VALIDADA,Wh/m^2,2008-12-09,3108.0,Calculado
21206990,TIBAITATA - AUT [21206990],RAD SOLAR,Radiación solar global horaria VALIDADA,Wh/m^2,2008-12-10,2516.5,Calculado
21206990,TIBAITATA - AUT [21206990],RAD SOLAR,Radiación solar global horaria VALIDADA,Wh/m^2,2008-12-11,738.4,Calculado
21206990,TIBAITATA - AUT [21206990],RAD SOLAR,Radiación solar global horaria VALIDADA,Wh/m^2,2008-12-15,1783.2,Calculado
21206990,TIBAITATA - AUT [21206990],RAD SOLAR,Radiación solar global horaria VALIDADA,Wh/m^2,2008-12-16,5723.7,Calculado
21206990,TIBAITATA - AUT [21206990],RAD SOLAR,Radiación solar global horaria VALIDADA,Wh/m^2,2008-12-17,5689.7,Calculado
21206990,TIBAITATA - AUT [21206990],RAD SOLAR,Radiación solar global horaria VALIDADA,Wh/m^2,2008-12-18,2169.9,Calculado
21206990,TIBAITATA - AUT [21206990],RAD SOLAR,Radiación solar global horaria VALIDADA,Wh/m^2,2008-12-19,5134.599999999999,Calculado
21206990,TIBAITATA - AUT [21206990],RAD SOLAR,Radiación solar global horaria VALIDADA,Wh/m^2,2008-12-20,3619.1,Calculado
21206990,TIBAITATA - AUT [21206990],RAD SOLAR,Radiación solar global horaria VALIDADA,Wh/m^2,2008-12-21,2501.4,Calculado
21206990,TIBAITATA - AUT [21206990],RAD SOLAR,Radiación solar global horaria VALIDADA,Wh/m^2,2008-12-22,5070.7,Calculado
21206990,TIBAITATA - AUT [21206990],RAD SOLAR,Radiación solar global horaria VALIDADA,Wh/m^2,2008-12-23,3670.6,Calculado
21206990,TIBAITATA - AUT [21206990],RAD SOLAR,Radiación solar global horaria VALIDADA,Wh/m^2,2008-12-24,4446.5,Calculado
21206990,TIBAITATA - AUT [21206990],RAD SOLAR,Radiación solar global horaria VALIDADA,Wh/m^2,2008-12-25,4041.1,Calculado
21206990,TIBAITATA - AUT [21206990],RAD SOLAR,Radiación solar global horaria VALIDADA,Wh/m^2,2008-12-26,4616.1,Calculado
21206990,TIBAITATA - AUT [21206990],RAD SOLAR,Radiación solar global horaria VALIDADA,Wh/m^2,2008-12-27,6155.6,Calculado
21206990,TIBAITATA - AUT [21206990],RAD SOLAR,Radiación solar global horaria VALIDADA,Wh/m^2,2008-12-28,6636.6,Calculado
21206990,TIBAITATA - AUT [21206990],RAD SOLAR,Radiación solar global horaria VALIDADA,Wh/m^2,2008-12-29,5642.1,Calculado
21206990,TIBAITATA - AUT [21206990],RAD SOLAR,Radiación solar global horaria VALIDADA,Wh/m^2,2008-12-30,5074.5,Calculado
21206990,TIBAITATA - AUT [21206990],RAD SOLAR,Radiación solar global horaria VALIDADA,Wh/m^2,2008-12-31,4151.5,Calculado
21206990,TIBAITATA - AUT [21206990],RAD SOLAR,Radiación solar global horaria VALIDADA,Wh/m^2,2009-01-01,2728.9,Calculado
21206990,TIBAITATA - AUT [21206990],RAD SOLAR,Radiación solar global horaria VALIDADA,Wh/m^2,2009-01-02,2221.5,Calculado
21206990,TIBAITATA - AUT [21206990],RAD SOLAR,Radiación solar global horaria VALIDADA,Wh/m^2,2009-01-03,4063.5,Calculado
21206990,TIBAITATA - AUT [21206990],RAD SOLAR,Radiación solar global horaria VALIDADA,Wh/m^2,2009-01-04,3342.8999999999996,Calculado
21206990,TIBAITATA - AUT [21206990],RAD SOLAR,Radiación solar global horaria VALIDADA,Wh/m^2,2009-01-05,3329.0,Calculado
21206990,TIBAITATA - AUT [21206990],RAD SOLAR,Radiación solar global horaria VALIDADA,Wh/m^2,2009-01-06,2230.3,Calculado
21206990,TIBAITATA - AUT [21206990],RAD SOLAR,Radiación solar global horaria VALIDADA,Wh/m^2,2009-01-07,2546.6,Calculado
21206990,TIBAITATA - AUT [21206990],RAD SOLAR,Radiación solar global horaria VALIDADA,Wh/m^2,2009-01-08,4277.3,Calculado
21206990,TIBAITATA - AUT [21206990],RAD SOLAR,Radiación solar global horaria VALIDADA,Wh/m^2,2009-01-09,2183.7,Calculado
21206990,TIBAITATA - AUT [21206990],RAD SOLAR,Radiación solar global horaria VALIDADA,Wh/m^2,2009-01-10,4938.9,Calculado
21206990,TIBAITATA - AUT [21206990],RAD SOLAR,Radiación solar global horaria VALIDADA,Wh/m^2,2009-01-11,5426.0,Calculado
21206990,TIBAITATA - AUT [21206990],RAD SOLAR,Radiación solar global horaria VALIDADA,Wh/m^2,2009-01-12,0.0,Calculado
21206990,TIBAITATA - AUT [21206990],RAD SOLAR,Radiación solar global horaria VALIDADA,Wh/m^2,2009-01-13,1311.1,Calculado
21206990,TIBAITATA - AUT [21206990],RAD SOLAR,Radiación solar global horaria VALIDADA,Wh/m^2,2009-01-14,4793.1,Calculado
21206990,TIBAITATA - AUT [21206990],RAD SOLAR,Radiación solar global horaria VALIDADA,Wh/m^2,2009-01-15,4440.2,Calculado
21206990,TIBAITATA - AUT [21206990],RAD SOLAR,Radiación solar global horaria VALIDADA,Wh/m^2,2009-01-16,3502.4,Calculado
21206990,TIBAITATA - AUT [21206990],RAD SOLAR,Radiación solar global horaria VALIDADA,Wh/m^2,2009-01-17,2515.4,Calculado
21206990,TIBAITATA - AUT [21206990],RAD SOLAR,Radiación solar global horaria VALIDADA,Wh/m^2,2009-01-18,5246.400000000001,Calculado
21206990,TIBAITATA - AUT [21206990],RAD SOLAR,Radiación solar global horaria VALIDADA,Wh/m^2,2009-01-19,1874.8,Calculado
21206990,TIBAITATA - AUT [21206990],RAD SOLAR,Radiación solar global horaria VALIDADA,Wh/m^2,2009-01-20,3031.5,Calculado
21206990,TIBAITATA - AUT [21206990],RAD SOLAR,Radiación solar global horaria VALIDADA,Wh/m^2,2009-01-21,2226.4,Calculado
21206990,TIBAITATA - AUT [21206990],RAD SOLAR,Radiación solar global horaria VALIDADA,Wh/m^2,2009-01-22,3613.9,Calculado
21206990,TIBAITATA - AUT [21206990],RAD SOLAR,Radiación solar global horaria VALIDADA,Wh/m^2,2009-01-23,3622.9,Calculado
21206990,TIBAITATA - AUT [21206990],RAD SOLAR,Radiación solar global horaria VALIDADA,Wh/m^2,2009-01-24,3783.6000000000004,Calculado
21206990,TIBAITATA - AUT [21206990],RAD SOLAR,Radiación solar global horaria VALIDADA,Wh/m^2,2009-01-25,4486.8,Calculado
21206990,TIBAITATA - AUT [21206990],RAD SOLAR,Radiación solar global horaria VALIDADA,Wh/m^2,2009-01-26,5917.0,Calculado
21206990,TIBAITATA - AUT [21206990],RAD SOLAR,Radiación solar global horaria VALIDADA,Wh/m^2,2009-01-27,4417.7,Calculado
21206990,TIBAITATA - AUT [21206990],RAD SOLAR,Radiación solar global horaria VALIDADA,Wh/m^2,2009-01-28,5400.900000000001,Calculado
21206990,TIBAITATA - AUT [21206990],RAD SOLAR,Radiación solar global horaria VALIDADA,Wh/m^2,2009-01-29,3476.1,Calculado
21206990,TIBAITATA - AUT [21206990],RAD SOLAR,Radiación solar global horaria VALIDADA,Wh/m^2,2009-01-30,3301.5,Calculado
21206990,TIBAITATA - AUT [21206990],RAD SOLAR,Radiación solar global horaria VALIDADA,Wh/m^2,2009-01-31,1660.1,Calculado
21206990,TIBAITATA - AUT [21206990],RAD SOLAR,Radiación solar global horaria VALIDADA,Wh/m^2,2009-02-01,1977.8,Calculado
21206990,TIBAITATA - AUT [21206990],RAD SOLAR,Radiación solar global horaria VALIDADA,Wh/m^2,2009-02-02,2255.2,Calculado
21206990,TIBAITATA - AUT [21206990],RAD SOLAR,Radiación solar global horaria VALIDADA,Wh/m^2,2009-02-03,4273.400000000001,Calculado
21206990,TIBAITATA - AUT [21206990],RAD SOLAR,Radiación solar global horaria VALIDADA,Wh/m^2,2009-02-04,4584.9,Calculado
21206990,TIBAITATA - AUT [21206990],RAD SOLAR,Radiación solar global horaria VALIDADA,Wh/m^2,2009-02-05,2000.3,Calculado
21206990,TIBAITATA - AUT [21206990],RAD SOLAR,Radiación solar global horaria VALIDADA,Wh/m^2,2009-02-06,4072.4,Calculado
21206990,TIBAITATA - AUT [21206990],RAD SOLAR,Radiación solar global horaria VALIDADA,Wh/m^2,2009-02-07,3957.1,Calculado
21206990,TIBAITATA - AUT [21206990],RAD SOLAR,Radiación solar global horaria VALIDADA,Wh/m^2,2009-02-08,4430.4,Calculado
21206990,TIBAITATA - AUT [21206990],RAD SOLAR,Radiación solar global horaria VALIDADA,Wh/m^2,2009-02-09,4883.5,Calculado
21206990,TIBAITATA - AUT [21206990],RAD SOLAR,Radiación solar global horaria VALIDADA,Wh/m^2,2009-02-10,3398.0,Calculado
21206990,TIBAITATA - AUT [21206990],RAD SOLAR,Radiación solar global horaria VALIDADA,Wh/m^2,2009-02-11,2143.5,Calculado
21206990,TIBAITATA - AUT [21206990],RAD SOLAR,Radiación solar global horaria VALIDADA,Wh/m^2,2009-02-12,1386.3,Calculado
21206990,TIBAITATA - AUT [21206990],RAD SOLAR,Radiación solar global horaria VALIDADA,Wh/m^2,2009-02-13,4253.3,Calculado
21206990,TIBAITATA - AUT [21206990],RAD SOLAR,Radiación solar global horaria VALIDADA,Wh/m^2,2009-02-14,1540.7,Calculado
21206990,TIBAITATA - AUT [21206990],RAD SOLAR,Radiación solar global horaria VALIDADA,Wh/m^2,2009-02-15,5654.7,Calculado
21206990,TIBAITATA - AUT [21206990],RAD SOLAR,Radiación solar global horaria VALIDADA,Wh/m^2,2009-02-16,3023.9,Calculado
21206990,TIBAITATA - AUT [21206990],RAD SOLAR,Radiación solar global horaria VALIDADA,Wh/m^2,2009-02-17,3513.6,Calculado
21206990,TIBAITATA - AUT [21206990],RAD SOLAR,Radiación solar global horaria VALIDADA,Wh/m^2,2009-02-18,4559.7,Calculado
21206990,TIBAITATA - AUT [21206990],RAD SOLAR,Radiación solar global horaria VALIDADA,Wh/m^2,2009-02-19,2432.5,Calculado
21206990,TIBAITATA - AUT [21206990],RAD SOLAR,Radiación solar global horaria VALIDADA,Wh/m^2,2009-02-20,4339.9,Calculado
21206990,TIBAITATA - AUT [21206990],RAD SOLAR,Radiación solar global horaria VALIDADA,Wh/m^2,2009-02-21,4985.4,Calculado
21206990,TIBAITATA - AUT [21206990],RAD SOLAR,Radiación solar global horaria VALIDADA,Wh/m^2,2009-02-22,5286.8,Calculado
21206990,TIBAITATA - AUT [21206990],RAD SOLAR,Radiación solar global horaria VALIDADA,Wh/m^2,2009-02-23,5324.5,Calculado
21206990,TIBAITATA - AUT [21206990],RAD SOLAR,Radiación solar global horaria VALIDADA,Wh/m^2,2009-02-24,4627.5,Calculado
21206990,TIBAITATA - AUT [21206990],RAD SOLAR,Radiación solar global horaria VALIDADA,Wh/m^2,2009-02-25,3659.2999999999997,Calculado
21206990,TIBAITATA - AUT [21206990],RAD SOLAR,Radiación solar global horaria VALIDADA,Wh/m^2,2009-02-26,4116.4,Calculado
21206990,TIBAITATA - AUT [21206990],RAD SOLAR,Radiación solar global horaria VALIDADA,Wh/m^2,2009-02-27,3167.0,Calculado
21206990,TIBAITATA - AUT [21206990],RAD SOLAR,Radiación solar global horaria VALIDADA,Wh/m^2,2009-02-28,5235.2,Calculado
21206990,TIBAITATA - AUT [21206990],RAD SOLAR,Radiación solar global horaria VALIDADA,Wh/m^2,2009-03-01,3007.6,Calculado
21206990,TIBAITATA - AUT [21206990],RAD SOLAR,Radiación solar global horaria VALIDADA,Wh/m^2,2009-03-02,3150.8,Calculado
21206990,TIBAITATA - AUT [21206990],RAD SOLAR,Radiación solar global horaria VALIDADA,Wh/m^2,2009-03-03,1365.1,Calculado
21206990,TIBAITATA - AUT [21206990],RAD SOLAR,Radiación solar global horaria VALIDADA,Wh/m^2,2009-03-04,2212.7000000000003,Calculado
21206990,TIBAITATA - AUT [21206990],RAD SOLAR,Radiación solar global horaria VALIDADA,Wh/m^2,2009-03-05,4431.6,Calculado
21206990,TIBAITATA - AUT [21206990],RAD SOLAR,Radiación solar global horaria VALIDADA,Wh/m^2,2009-03-06,3643.0,Calculado
21206990,TIBAITATA - AUT [21206990],RAD SOLAR,Radiación solar global horaria VALIDADA,Wh/m^2,2009-03-07,4891.3,Calculado
21206990,TIBAITATA - AUT [21206990],RAD SOLAR,Radiación solar global horaria VALIDADA,Wh/m^2,2009-03-08,3783.6000000000004,Calculado
21206990,TIBAITATA - AUT [21206990],RAD SOLAR,Radiación solar global horaria VALIDADA,Wh/m^2,2009-03-09,3061.6,Calculado
21206990,TIBAITATA - AUT [21206990],RAD SOLAR,Radiación solar global horaria VALIDADA,Wh/m^2,2009-03-10,3994.5,Calculado
21206990,TIBAITATA - AUT [21206990],RAD SOLAR,Radiación solar global horaria VALIDADA,Wh/m^2,2009-03-11,4808.2,Calculado
21206990,TIBAITATA - AUT [21206990],RAD SOLAR,Radiación solar global horaria VALIDADA,Wh/m^2,2009-03-12,5344.5,Calculado
21206990,TIBAITATA - AUT [21206990],RAD SOLAR,Radiación solar global horaria VALIDADA,Wh/m^2,2009-03-13,6090.4,Calculado
21206990,TIBAITATA - AUT [21206990],RAD SOLAR,Radiación solar global horaria VALIDADA,Wh/m^2,2009-03-14,4022.2,Calculado
21206990,TIBAITATA - AUT [21206990],RAD SOLAR,Radiación solar global horaria VALIDADA,Wh/m^2,2009-03-15,2687.2,Calculado
21206990,TIBAITATA - AUT [21206990],RAD SOLAR,Radiación solar global horaria VALIDADA,Wh/m^2,2009-03-16,1423.0,Calculado
21206990,TIBAITATA - AUT [21206990],RAD SOLAR,Radiación solar global horaria VALIDADA,Wh/m^2,2009-03-17,2436.0,Calculado
21206990,TIBAITATA - AUT [21206990],RAD SOLAR,Radiación solar global horaria VALIDADA,Wh/m^2,2009-03-18,3120.5,Calculado
21206990,TIBAITATA - AUT [21206990],RAD SOLAR,Radiación solar global horaria VALIDADA,Wh/m^2,2009-03-19,2249.0,Calculado
21206990,TIBAITATA - AUT [21206990],RAD SOLAR,Radiación solar global horaria VALIDADA,Wh/m^2,2009-03-20,2664.7,Calculado
21206990,TIBAITATA - AUT [21206990],RAD SOLAR,Radiación solar global horaria VALIDADA,Wh/m^2,2009-03-21,1302.2,Calculado
21206990,TIBAITATA - AUT [21206990],RAD SOLAR,Radiación solar global horaria VALIDADA,Wh/m^2,2009-03-22,738.4,Calculado
21206990,TIBAITATA - AUT [21206990],RAD SOLAR,Radiación solar global horaria VALIDADA,Wh/m^2,2009-03-23,1466.8,Calculado
21206990,TIBAITATA - AUT [21206990],RAD SOLAR,Radiación solar global horaria VALIDADA,Wh/m^2,2009-03-24,2981.0,Calculado
21206990,TIBAITATA - AUT [21206990],RAD SOLAR,Radiación solar global horaria VALIDADA,Wh/m^2,2009-03-25,1170.3999999999999,Calculado
21206990,TIBAITATA - AUT [21206990],RAD SOLAR,Radiación solar global horaria VALIDADA,Wh/m^2,2009-03-26,4446.6,Calculado
21206990,TIBAITATA - AUT [21206990],RAD SOLAR,Radiación solar global horaria VALIDADA,Wh/m^2,2009-03-27,3324.0,Calculado
21206990,TIBAITATA - AUT [21206990],RAD SOLAR,Radiación solar global horaria VALIDADA,Wh/m^2,2009-03-28,901.7,Calculado
21206990,TIBAITATA - AUT [21206990],RAD SOLAR,Radiación solar global horaria VALIDADA,Wh/m^2,2009-03-29,11.3,Calculado
21206990,TIBAITATA - AUT [21206990],RAD SOLAR,Radiación solar global horaria VALIDADA,Wh/m^2,2009-03-30,3874.1,Calculado
21206990,TIBAITATA - AUT [21206990],RAD SOLAR,Radiación solar global horaria VALIDADA,Wh/m^2,2009-03-31,4116.3,Calculado
21206990,TIBAITATA - AUT [21206990],RAD SOLAR,Radiación solar global horaria VALIDADA,Wh/m^2,2009-04-01,4071.2,Calculado
21206990,TIBAITATA - AUT [21206990],RAD SOLAR,Radiación solar global horaria VALIDADA,Wh/m^2,2009-04-02,2776.4,Calculado
21206990,TIBAITATA - AUT [21206990],RAD SOLAR,Radiación solar global horaria VALIDADA,Wh/m^2,2009-04-03,3894.0,Calculado
21206990,TIBAITATA - AUT [21206990],RAD SOLAR,Radiación solar global horaria VALIDADA,Wh/m^2,2009-04-04,4547.1,Calculado
21206990,TIBAITATA - AUT [21206990],RAD SOLAR,Radiación solar global horaria VALIDADA,Wh/m^2,2009-04-05,7110.0,Calculado
21206990,TIBAITATA - AUT [21206990],RAD SOLAR,Radiación solar global horaria VALIDADA,Wh/m^2,2009-04-06,4630.0,Calculado
21206990,TIBAITATA - AUT [21206990],RAD SOLAR,Radiación solar global horaria VALIDADA,Wh/m^2,2009-04-07,4780.900000000001,Calculado
21206990,TIBAITATA - AUT [21206990],RAD SOLAR,Radiación solar global horaria VALIDADA,Wh/m^2,2009-04-08,960.6,Calculado
21206990,TIBAITATA - AUT [21206990],RAD SOLAR,Radiación solar global horaria VALIDADA,Wh/m^2,2009-04-09,3453.3,Calculado
21206990,TIBAITATA - AUT [21206990],RAD SOLAR,Radiación solar global horaria VALIDADA,Wh/m^2,2009-04-10,2918.5,Calculado
21206990,TIBAITATA - AUT [21206990],RAD SOLAR,Radiación solar global horaria VALIDADA,Wh/m^2,2009-04-11,3266.2,Calculado
21206990,TIBAITATA - AUT [21206990],RAD SOLAR,Radiación solar global horaria VALIDADA,Wh/m^2,2009-04-12,3133.0,Calculado
21206990,TIBAITATA - AUT [21206990],RAD SOLAR,Radiación solar global horaria VALIDADA,Wh/m^2,2009-04-13,3366.8,Calculado
21206990,TIBAITATA - AUT [21206990],RAD SOLAR,Radiación solar global horaria VALIDADA,Wh/m^2,2009-04-14,2547.9,Calculado
21206990,TIBAITATA - AUT [21206990],RAD SOLAR,Radiación solar global horaria VALIDADA,Wh/m^2,2009-04-15,3401.9,Calculado
21206990,TIBAITATA - AUT [21206990],RAD SOLAR,Radiación solar global horaria VALIDADA,Wh/m^2,2009-04-16,5668.5,Calculado
21206990,TIBAITATA - AUT [21206990],RAD SOLAR,Radiación solar global horaria VALIDADA,Wh/m^2,2009-04-17,3782.2,Calculado
21206990,TIBAITATA - AUT [21206990],RAD SOLAR,Radiación solar global horaria VALIDADA,Wh/m^2,2009-04-18,2575.6,Calculado
21206990,TIBAITATA - AUT [21206990],RAD SOLAR,Radiación solar global horaria VALIDADA,Wh/m^2,2009-04-19,5397.3,Calculado
21206990,TIBAITATA - AUT [21206990],RAD SOLAR,Radiación solar global horaria VALIDADA,Wh/m^2,2009-04-20,3803.6,Calculado
21206990,TIBAITATA - AUT [21206990],RAD SOLAR,Radiación solar global horaria VALIDADA,Wh/m^2,2009-04-21,1861.0,Calculado
21206990,TIBAITATA - AUT [21206990],RAD SOLAR,Radiación solar global horaria VALIDADA,Wh/m^2,2009-04-22,3085.4,Calculado
21206990,TIBAITATA - AUT [21206990],RAD SOLAR,Radiación solar global horaria VALIDADA,Wh/m^2,2009-04-23,3046.2,Calculado
21206990,TIBAITATA - AUT [21206990],RAD SOLAR,Radiación solar global horaria VALIDADA,Wh/m^2,2009-04-24,3753.5,Calculado
21206990,TIBAITATA - AUT [21206990],RAD SOLAR,Radiación solar global horaria VALIDADA,Wh/m^2,2009-04-25,5163.8,Calculado
21206990,TIBAITATA - AUT [21206990],RAD SOLAR,Radiación solar global horaria VALIDADA,Wh/m^2,2009-04-26,4529.6,Calculado
21206990,TIBAITATA - AUT [21206990],RAD SOLAR,Radiación solar global horaria VALIDADA,Wh/m^2,2009-04-27,2467.5,Calculado
21206990,TIBAITATA - AUT [21206990],RAD SOLAR,Radiación solar global horaria VALIDADA,Wh/m^2,2009-04-28,1805.6,Calculado
21206990,TIBAITATA - AUT [21206990],RAD SOLAR,Radiación solar global horaria VALIDADA,Wh/m^2,2009-04-29,4019.7000000000003,Calculado
21206990,TIBAITATA - AUT [21206990],RAD SOLAR,Radiación solar global horaria VALIDADA,Wh/m^2,2009-04-30,779.8,Calculado
21206990,TIBAITATA - AUT [21206990],RAD SOLAR,Radiación solar global horaria VALIDADA,Wh/m^2,2009-05-01,3209.7999999999997,Calculado
21206990,TIBAITATA - AUT [21206990],RAD SOLAR,Radiación solar global horaria VALIDADA,Wh/m^2,2009-05-02,1923.7,Calculado
21206990,TIBAITATA - AUT [21206990],RAD SOLAR,Radiación solar global horaria VALIDADA,Wh/m^2,2009-05-03,2917.1,Calculado
21206990,TIBAITATA - AUT [21206990],RAD SOLAR,Radiación solar global horaria VALIDADA,Wh/m^2,2009-05-04,2781.5,Calculado
21206990,TIBAITATA - AUT [21206990],RAD SOLAR,Radiación solar global horaria VALIDADA,Wh/m^2,2009-05-05,4175.3,Calculado
21206990,TIBAITATA - AUT [21206990],RAD SOLAR,Radiación solar global horaria VALIDADA,Wh/m^2,2009-05-06,3639.3,Calculado
21206990,TIBAITATA - AUT [21206990],RAD SOLAR,Radiación solar global horaria VALIDADA,Wh/m^2,2009-05-07,2392.1,Calculado
21206990,TIBAITATA - AUT [21206990],RAD SOLAR,Radiación solar global horaria VALIDADA,Wh/m^2,2009-05-08,3797.5,Calculado
21206990,TIBAITATA - AUT [21206990],RAD SOLAR,Radiación solar global horaria VALIDADA,Wh/m^2,2009-05-09,2461.4,Calculado
21206990,TIBAITATA - AUT [21206990],RAD SOLAR,Radiación solar global horaria VALIDADA,Wh/m^2,2009-05-10,2434.9,Calculado
21206990,TIBAITATA - AUT [21206990],RAD SOLAR,Radiación solar global horaria VALIDADA,Wh/m^2,2009-05-11,2928.5,Calculado
21206990,TIBAITATA - AUT [21206990],RAD SOLAR,Radiación solar global horaria VALIDADA,Wh/m^2,2009-05-12,2770.2,Calculado
21206990,TIBAITATA - AUT [21206990],RAD SOLAR,Radiación solar global horaria VALIDADA,Wh/m^2,2009-05-13,3923.1,Calculado
21206990,TIBAITATA - AUT [21206990],RAD SOLAR,Radiación solar global horaria VALIDADA,Wh/m^2,2009-05-14,1910.0,Calculado
21206990,TIBAITATA - AUT [21206990],RAD SOLAR,Radiación solar global horaria VALIDADA,Wh/m^2,2009-05-15,555.0,Calculado
21206990,TIBAITATA - AUT [21206990],RAD SOLAR,Radiación solar global horaria VALIDADA,Wh/m^2,2009-05-17,1981.5,Calculado
21206990,TIBAITATA - AUT [21206990],RAD SOLAR,Radiación solar global horaria VALIDADA,Wh/m^2,2009-05-18,4219.2,Calculado
21206990,TIBAITATA - AUT [21206990],RAD SOLAR,Radiación solar global horaria VALIDADA,Wh/m^2,2009-05-19,3519.8,Calculado
21206990,TIBAITATA - AUT [21206990],RAD SOLAR,Radiación solar global horaria VALIDADA,Wh/m^2,2009-05-20,5087.2,Calculado
21206990,TIBAITATA - AUT [21206990],RAD SOLAR,Radiación solar global horaria VALIDADA,Wh/m^2,2009-05-21,2004.2,Calculado
21206990,TIBAITATA - AUT [21206990],RAD SOLAR,Radiación solar global horaria VALIDADA,Wh/m^2,2009-05-22,2623.2999999999997,Calculado
21206990,TIBAITATA - AUT [21206990],RAD SOLAR,Radiación solar global horaria VALIDADA,Wh/m^2,2009-05-23,2766.5,Calculado
21206990,TIBAITATA - AUT [21206990],RAD SOLAR,Radiación solar global horaria VALIDADA,Wh/m^2,2009-05-24,3110.5,Calculado
21206990,TIBAITATA - AUT [21206990],RAD SOLAR,Radiación solar global horaria VALIDADA,Wh/m^2,2009-05-25,2959.7999999999997,Calculado
21206990,TIBAITATA - AUT [21206990],RAD SOLAR,Radiación solar global horaria VALIDADA,Wh/m^2,2009-05-26,3599.0,Calculado
21206990,TIBAITATA - AUT [21206990],RAD SOLAR,Radiación solar global horaria VALIDADA,Wh/m^2,2009-05-27,2971.2,Calculado
21206990,TIBAITATA - AUT [21206990],RAD SOLAR,Radiación solar global horaria VALIDADA,Wh/m^2,2009-05-28,1937.6,Calculado
21206990,TIBAITATA - AUT [21206990],RAD SOLAR,Radiación solar global horaria VALIDADA,Wh/m^2,2009-05-29,2241.4,Calculado
21206990,TIBAITATA - AUT [21206990],RAD SOLAR,Radiación solar global horaria VALIDADA,Wh/m^2,2009-05-30,5791.5,Calculado
21206990,TIBAITATA - AUT [21206990],RAD SOLAR,Radiación solar global horaria VALIDADA,Wh/m^2,2009-05-31,5294.3,Calculado
21206990,TIBAITATA - AUT [21206990],RAD SOLAR,Radiación solar global horaria VALIDADA,Wh/m^2,2009-06-01,6187.1,Calculado
21206990,TIBAITATA - AUT [21206990],RAD SOLAR,Radiación solar global horaria VALIDADA,Wh/m^2,2009-06-02,5812.9,Calculado
21206990,TIBAITATA - AUT [21206990],RAD SOLAR,Radiación solar global horaria VALIDADA,Wh/m^2,2009-06-03,2939.7999999999997,Calculado
21206990,TIBAITATA - AUT [21206990],RAD SOLAR,Radiación solar global horaria VALIDADA,Wh/m^2,2009-06-04,4236.9,Calculado
21206990,TIBAITATA - AUT [21206990],RAD SOLAR,Radiación solar global horaria VALIDADA,Wh/m^2,2009-06-05,1948.9,Calculado
21206990,TIBAITATA - AUT [21206990],RAD SOLAR,Radiación solar global horaria VALIDADA,Wh/m^2,2009-06-06,5552.9,Calculado
21206990,TIBAITATA - AUT [21206990],RAD SOLAR,Radiación solar global horaria VALIDADA,Wh/m^2,2009-06-07,3025.1,Calculado
21206990,TIBAITATA - AUT [21206990],RAD SOLAR,Radiación solar global horaria VALIDADA,Wh/m^2,2009-06-08,2340.8,Calculado
21206990,TIBAITATA - AUT [21206990],RAD SOLAR,Radiación solar global horaria VALIDADA,Wh/m^2,2009-06-09,5417.3,Calculado
21206990,TIBAITATA - AUT [21206990],RAD SOLAR,Radiación solar global horaria VALIDADA,Wh/m^2,2009-06-10,2476.3,Calculado
21206990,TIBAITATA - AUT [21206990],RAD SOLAR,Radiación solar global horaria VALIDADA,Wh/m^2,2009-06-11,3365.3,Calculado
21206990,TIBAITATA - AUT [21206990],RAD SOLAR,Radiación solar global horaria VALIDADA,Wh/m^2,2009-07-01,0.0,Calculado
21206990,TIBAITATA - AUT [21206990],RAD SOLAR,Radiación solar global horaria VALIDADA,Wh/m^2,2009-07-02,3085.5,Calculado
21206990,TIBAITATA - AUT [21206990],RAD SOLAR,Radiación solar global horaria VALIDADA,Wh/m^2,2009-07-03,1739.2,Calculado
21206990,TIBAITATA - AUT [21206990],RAD SOLAR,Radiación solar global horaria VALIDADA,Wh/m^2,2009-07-04,2545.2,Calculado
21206990,TIBAITATA - AUT [21206990],RAD SOLAR,Radiación solar global horaria VALIDADA,Wh/m^2,2009-07-05,3337.8,Calculado
21206990,TIBAITATA - AUT [21206990],RAD SOLAR,Radiación solar global horaria VALIDADA,Wh/m^2,2009-07-06,2117.2,Calculado
21206990,TIBAITATA - AUT [21206990],RAD SOLAR,Radiación solar global horaria VALIDADA,Wh/m^2,2009-07-07,1857.2,Calculado
21206990,TIBAITATA - AUT [21206990],RAD SOLAR,Radiación solar global horaria VALIDADA,Wh/m^2,2009-07-08,1709.0,Calculado
21206990,TIBAITATA - AUT [21206990],RAD SOLAR,Radiación solar global horaria VALIDADA,Wh/m^2,2009-07-09,3114.2,Calculado
21206990,TIBAITATA - AUT [21206990],RAD SOLAR,Radiación solar global horaria VALIDADA,Wh/m^2,2009-07-10,2635.8,Calculado
21206990,TIBAITATA - AUT [21206990],RAD SOLAR,Radiación solar global horaria VALIDADA,Wh/m^2,2009-07-11,2522.9,Calculado
21206990,TIBAITATA - AUT [21206990],RAD SOLAR,Radiación solar global horaria VALIDADA,Wh/m^2,2009-07-12,3558.9,Calculado
21206990,TIBAITATA - AUT [21206990],RAD SOLAR,Radiación solar global horaria VALIDADA,Wh/m^2,2009-07-13,5419.7,Calculado
21206990,TIBAITATA - AUT [21206990],RAD SOLAR,Radiación solar global horaria VALIDADA,Wh/m^2,2009-07-14,2815.5,Calculado
21206990,TIBAITATA - AUT [21206990],RAD SOLAR,Radiación solar global horaria VALIDADA,Wh/m^2,2009-07-15,2234.1,Calculado
21206990,TIBAITATA - AUT [21206990],RAD SOLAR,Radiación solar global horaria VALIDADA,Wh/m^2,2009-07-16,3433.2,Calculado
21206990,TIBAITATA - AUT [21206990],RAD SOLAR,Radiación solar global horaria VALIDADA,Wh/m^2,2009-07-17,2143.7,Calculado
21206990,TIBAITATA - AUT [21206990],RAD SOLAR,Radiación solar global horaria VALIDADA,Wh/m^2,2009-07-18,5103.3,Calculado
21206990,TIBAITATA - AUT [21206990],RAD SOLAR,Radiación solar global horaria VALIDADA,Wh/m^2,2009-07-19,3386.7,Calculado
21206990,TIBAITATA - AUT [21206990],RAD SOLAR,Radiación solar global horaria VALIDADA,Wh/m^2,2009-07-20,2595.9,Calculado
21206990,TIBAITATA - AUT [21206990],RAD SOLAR,Radiación solar global horaria VALIDADA,Wh/m^2,2009-07-21,3047.9,Calculado
21206990,TIBAITATA - AUT [21206990],RAD SOLAR,Radiación solar global horaria VALIDADA,Wh/m^2,2009-07-22,2651.0,Calculado
21206990,TIBAITATA - AUT [21206990],RAD SOLAR,Radiación solar global horaria VALIDADA,Wh/m^2,2009-07-23,3598.9,Calculado
21206990,TIBAITATA - AUT [21206990],RAD SOLAR,Radiación solar global horaria VALIDADA,Wh/m^2,2009-07-24,4405.1,Calculado
21206990,TIBAITATA - AUT [21206990],RAD SOLAR,Radiación solar global horaria VALIDADA,Wh/m^2,2009-07-25,5530.3,Calculado
21206990,TIBAITATA - AUT [21206990],RAD SOLAR,Radiación solar global horaria VALIDADA,Wh/m^2,2009-07-26,1822.1000000000001,Calculado
21206990,TIBAITATA - AUT [21206990],RAD SOLAR,Radiación solar global horaria VALIDADA,Wh/m^2,2009-07-27,3759.7,Calculado
21206990,TIBAITATA - AUT [21206990],RAD SOLAR,Radiación solar global horaria VALIDADA,Wh/m^2,2009-07-28,3673.1,Calculado
21206990,TIBAITATA - AUT [21206990],RAD SOLAR,Radiación solar global horaria VALIDADA,Wh/m^2,2009-07-29,3815.0,Calculado
21206990,TIBAITATA - AUT [21206990],RAD SOLAR,Radiación solar global horaria VALIDADA,Wh/m^2,2009-07-30,4230.5,Calculado
21206990,TIBAITATA - AUT [21206990],RAD SOLAR,Radiación solar global horaria VALIDADA,Wh/m^2,2009-07-31,1337.5,Calculado
21206990,TIBAITATA - AUT [21206990],RAD SOLAR,Radiación solar global horaria VALIDADA,Wh/m^2,2009-08-01,3562.6,Calculado
21206990,TIBAITATA - AUT [21206990],RAD SOLAR,Radiación solar global horaria VALIDADA,Wh/m^2,2009-08-02,5662.2,Calculado
21206990,TIBAITATA - AUT [21206990],RAD SOLAR,Radiación solar global horaria VALIDADA,Wh/m^2,2009-08-03,4828.6,Calculado
21206990,TIBAITATA - AUT [21206990],RAD SOLAR,Radiación solar global horaria VALIDADA,Wh/m^2,2009-08-04,2767.6,Calculado
21206990,TIBAITATA - AUT [21206990],RAD SOLAR,Radiación solar global horaria VALIDADA,Wh/m^2,2009-08-05,3708.4,Calculado
21206990,TIBAITATA - AUT [21206990],RAD SOLAR,Radiación solar global horaria VALIDADA,Wh/m^2,2009-08-06,3253.7,Calculado
21206990,TIBAITATA - AUT [21206990],RAD SOLAR,Radiación solar global horaria VALIDADA,Wh/m^2,2009-08-07,3299.0,Calculado
21206990,TIBAITATA - AUT [21206990],RAD SOLAR,Radiación solar global horaria VALIDADA,Wh/m^2,2009-08-08,2973.6,Calculado
21206990,TIBAITATA - AUT [21206990],RAD SOLAR,Radiación solar global horaria VALIDADA,Wh/m^2,2009-08-09,4990.4,Calculado
21206990,TIBAITATA - AUT [21206990],RAD SOLAR,Radiación solar global horaria VALIDADA,Wh/m^2,2009-08-10,3396.9,Calculado
21206990,TIBAITATA - AUT [21206990],RAD SOLAR,Radiación solar global horaria VALIDADA,Wh/m^2,2009-08-11,3017.5,Calculado
21206990,TIBAITATA - AUT [21206990],RAD SOLAR,Radiación solar global horaria VALIDADA,Wh/m^2,2009-08-12,3672.0,Calculado
21206990,TIBAITATA - AUT [21206990],RAD SOLAR,Radiación solar global horaria VALIDADA,Wh/m^2,2009-08-13,4968.9,Calculado
21206990,TIBAITATA - AUT [21206990],RAD SOLAR,Radiación solar global horaria VALIDADA,Wh/m^2,2009-08-14,5389.8,Calculado
21206990,TIBAITATA - AUT [21206990],RAD SOLAR,Radiación solar global horaria VALIDADA,Wh/m^2,2009-08-15,3829.9,Calculado
21206990,TIBAITATA - AUT [21206990],RAD SOLAR,Radiación solar global horaria VALIDADA,Wh/m^2,2009-08-16,3503.5,Calculado
21206990,TIBAITATA - AUT [21206990],RAD SOLAR,Radiación solar global horaria VALIDADA,Wh/m^2,2009-08-17,4407.7,Calculado
21206990,TIBAITATA - AUT [21206990],RAD SOLAR,Radiación solar global horaria VALIDADA,Wh/m^2,2009-08-18,2835.6,Calculado
21206990,TIBAITATA - AUT [21206990],RAD SOLAR,Radiación solar global horaria VALIDADA,Wh/m^2,2009-08-19,3847.6,Calculado
21206990,TIBAITATA - AUT [21206990],RAD SOLAR,Radiación solar global horaria VALIDADA,Wh/m^2,2009-08-20,2910.8,Calculado
21206990,TIBAITATA - AUT [21206990],RAD SOLAR,Radiación solar global horaria VALIDADA,Wh/m^2,2009-08-21,1972.9,Calculado
21206990,TIBAITATA - AUT [21206990],RAD SOLAR,Radiación solar global horaria VALIDADA,Wh/m^2,2009-08-22,3448.2999999999997,Calculado
21206990,TIBAITATA - AUT [21206990],RAD SOLAR,Radiación solar global horaria VALIDADA,Wh/m^2,2009-08-23,3857.7,Calculado
21206990,TIBAITATA - AUT [21206990],RAD SOLAR,Radiación solar global horaria VALIDADA,Wh/m^2,2009-08-24,4506.9,Calculado
21206990,TIBAITATA - AUT [21206990],RAD SOLAR,Radiación solar global horaria VALIDADA,Wh/m^2,2009-08-25,3044.0,Calculado
21206990,TIBAITATA - AUT [21206990],RAD SOLAR,Radiación solar global horaria VALIDADA,Wh/m^2,2009-08-26,3455.9,Calculado
21206990,TIBAITATA - AUT [21206990],RAD SOLAR,Radiación solar global horaria VALIDADA,Wh/m^2,2009-08-27,2496.3,Calculado
21206990,TIBAITATA - AUT [21206990],RAD SOLAR,Radiación solar global horaria VALIDADA,Wh/m^2,2009-08-28,5039.4,Calculado
21206990,TIBAITATA - AUT [21206990],RAD SOLAR,Radiación solar global horaria VALIDADA,Wh/m^2,2009-08-29,4714.2,Calculado
21206990,TIBAITATA - AUT [21206990],RAD SOLAR,Radiación solar global horaria VALIDADA,Wh/m^2,2009-08-30,4922.6,Calculado
21206990,TIBAITATA - AUT [21206990],RAD SOLAR,Radiación solar global horaria VALIDADA,Wh/m^2,2009-08-31,3285.2,Calculado
21206990,TIBAITATA - AUT [21206990],RAD SOLAR,Radiación solar global horaria VALIDADA,Wh/m^2,2009-09-01,3541.3,Calculado
21206990,TIBAITATA - AUT [21206990],RAD SOLAR,Radiación solar global horaria VALIDADA,Wh/m^2,2009-09-02,3085.4,Calculado
21206990,TIBAITATA - AUT [21206990],RAD SOLAR,Radiación solar global horaria VALIDADA,Wh/m^2,2009-09-03,3085.4,Calculado
21206990,TIBAITATA - AUT [21206990],RAD SOLAR,Radiación solar global horaria VALIDADA,Wh/m^2,2009-09-04,4065.0,Calculado
21206990,TIBAITATA - AUT [21206990],RAD SOLAR,Radiación solar global horaria VALIDADA,Wh/m^2,2009-09-05,6399.4,Calculado
21206990,TIBAITATA - AUT [21206990],RAD SOLAR,Radiación solar global horaria VALIDADA,Wh/m^2,2009-09-06,1514.5,Calculado
21206990,TIBAITATA - AUT [21206990],RAD SOLAR,Radiación solar global horaria VALIDADA,Wh/m^2,2009-09-07,2694.9,Calculado
21206990,TIBAITATA - AUT [21206990],RAD SOLAR,Radiación solar global horaria VALIDADA,Wh/m^2,2009-09-08,4848.2,Calculado
21206990,TIBAITATA - AUT [21206990],RAD SOLAR,Radiación solar global horaria VALIDADA,Wh/m^2,2009-09-09,4661.5,Calculado
21206990,TIBAITATA - AUT [21206990],RAD SOLAR,Radiación solar global horaria VALIDADA,Wh/m^2,2009-09-10,4861.0,Calculado
21206990,TIBAITATA - AUT [21206990],RAD SOLAR,Radiación solar global horaria VALIDADA,Wh/m^2,2009-09-11,4148.9,Calculado
21206990,TIBAITATA - AUT [21206990],RAD SOLAR,Radiación solar global horaria VALIDADA,Wh/m^2,2009-09-12,3137.0,Calculado
21206990,TIBAITATA - AUT [21206990],RAD SOLAR,Radiación solar global horaria VALIDADA,Wh/m^2,2009-09-13,3884.1,Calculado
21206990,TIBAITATA - AUT [21206990],RAD SOLAR,Radiación solar global horaria VALIDADA,Wh/m^2,2009-09-14,4179.0,Calculado
21206990,TIBAITATA - AUT [21206990],RAD SOLAR,Radiación solar global horaria VALIDADA,Wh/m^2,2009-09-15,1682.6,Calculado
21206990,TIBAITATA - AUT [21206990],RAD SOLAR,Radiación solar global horaria VALIDADA,Wh/m^2,2009-09-16,1903.7,Calculado
21206990,TIBAITATA - AUT [21206990],RAD SOLAR,Radiación solar global horaria VALIDADA,Wh/m^2,2009-09-17,4927.5,Calculado
21206990,TIBAITATA - AUT [21206990],RAD SOLAR,Radiación solar global horaria VALIDADA,Wh/m^2,2009-09-18,3339.1,Calculado
21206990,TIBAITATA - AUT [21206990],RAD SOLAR,Radiación solar global horaria VALIDADA,Wh/m^2,2009-09-19,4796.8,Calculado
21206990,TIBAITATA - AUT [21206990],RAD SOLAR,Radiación solar global horaria VALIDADA,Wh/m^2,2009-09-20,2259.1,Calculado
21206990,TIBAITATA - AUT [21206990],RAD SOLAR,Radiación solar global horaria VALIDADA,Wh/m^2,2009-09-21,2632.0,Calculado
21206990,TIBAITATA - AUT [21206990],RAD SOLAR,Radiación solar global horaria VALIDADA,Wh/m^2,2009-09-22,3237.3,Calculado
21206990,TIBAITATA - AUT [21206990],RAD SOLAR,Radiación solar global horaria VALIDADA,Wh/m^2,2009-09-23,4846.0,Calculado
21206990,TIBAITATA - AUT [21206990],RAD SOLAR,Radiación solar global horaria VALIDADA,Wh/m^2,2009-09-24,5545.3,Calculado
21206990,TIBAITATA - AUT [21206990],RAD SOLAR,Radiación solar global horaria VALIDADA,Wh/m^2,2009-09-25,3552.5,Calculado
21206990,TIBAITATA - AUT [21206990],RAD SOLAR,Radiación solar global horaria VALIDADA,Wh/m^2,2009-09-26,2881.8,Calculado
21206990,TIBAITATA - AUT [21206990],RAD SOLAR,Radiación solar global horaria VALIDADA,Wh/m^2,2009-09-27,2922.0,Calculado
21206990,TIBAITATA - AUT [21206990],RAD SOLAR,Radiación solar global horaria VALIDADA,Wh/m^2,2009-09-28,2119.8,Calculado
21206990,TIBAITATA - AUT [21206990],RAD SOLAR,Radiación solar global horaria VALIDADA,Wh/m^2,2009-09-29,5103.4,Calculado
21206990,TIBAITATA - AUT [21206990],RAD SOLAR,Radiación solar global horaria VALIDADA,Wh/m^2,2009-09-30,3617.9,Calculado
21206990,TIBAITATA - AUT [21206990],RAD SOLAR,Radiación solar global horaria VALIDADA,Wh/m^2,2009-10-01,3238.6,Calculado
21206990,TIBAITATA - AUT [21206990],RAD SOLAR,Radiación solar global horaria VALIDADA,Wh/m^2,2009-10-02,3079.2,Calculado
21206990,TIBAITATA - AUT [21206990],RAD SOLAR,Radiación solar global horaria VALIDADA,Wh/m^2,2009-10-03,2635.7,Calculado
21206990,TIBAITATA - AUT [21206990],RAD SOLAR,Radiación solar global horaria VALIDADA,Wh/m^2,2009-10-04,4174.2,Calculado
21206990,TIBAITATA - AUT [21206990],RAD SOLAR,Radiación solar global horaria VALIDADA,Wh/m^2,2009-10-05,2290.5,Calculado
21206990,TIBAITATA - AUT [21206990],RAD SOLAR,Radiación solar global horaria VALIDADA,Wh/m^2,2009-10-06,5117.3,Calculado
21206990,TIBAITATA - AUT [21206990],RAD SOLAR,Radiación solar global horaria VALIDADA,Wh/m^2,2009-10-07,2451.2,Calculado
21206990,TIBAITATA - AUT [21206990],RAD SOLAR,Radiación solar global horaria VALIDADA,Wh/m^2,2009-10-08,3296.2999999999997,Calculado
21206990,TIBAITATA - AUT [21206990],RAD SOLAR,Radiación solar global horaria VALIDADA,Wh/m^2,2009-10-09,5497.7,Calculado
21206990,TIBAITATA - AUT [21206990],RAD SOLAR,Radiación solar global horaria VALIDADA,Wh/m^2,2009-10-10,856.4,Calculado
21206990,TIBAITATA - AUT [21206990],RAD SOLAR,Radiación solar global horaria VALIDADA,Wh/m^2,2009-10-11,4228.099999999999,Calculado
21206990,TIBAITATA - AUT [21206990],RAD SOLAR,Radiación solar global horaria VALIDADA,Wh/m^2,2009-10-12,2702.3,Calculado
21206990,TIBAITATA - AUT [21206990],RAD SOLAR,Radiación solar global horaria VALIDADA,Wh/m^2,2009-10-13,4144.0,Calculado
21206990,TIBAITATA - AUT [21206990],RAD SOLAR,Radiación solar global horaria VALIDADA,Wh/m^2,2009-10-14,3868.9,Calculado
21206990,TIBAITATA - AUT [21206990],RAD SOLAR,Radiación solar global horaria VALIDADA,Wh/m^2,2009-10-15,3048.9,Calculado
21206990,TIBAITATA - AUT [21206990],RAD SOLAR,Radiación solar global horaria VALIDADA,Wh/m^2,2009-10-16,1341.2,Calculado
21206990,TIBAITATA - AUT [21206990],RAD SOLAR,Radiación solar global horaria VALIDADA,Wh/m^2,2009-10-17,4072.5,Calculado
21206990,TIBAITATA - AUT [21206990],RAD SOLAR,Radiación solar global horaria VALIDADA,Wh/m^2,2009-10-18,3714.5,Calculado
21206990,TIBAITATA - AUT [21206990],RAD SOLAR,Radiación solar global horaria VALIDADA,Wh/m^2,2009-10-19,5206.4,Calculado
21206990,TIBAITATA - AUT [21206990],RAD SOLAR,Radiación solar global horaria VALIDADA,Wh/m^2,2009-10-20,2628.4,Calculado
21206990,TIBAITATA - AUT [21206990],RAD SOLAR,Radiación solar global horaria VALIDADA,Wh/m^2,2009-10-21,5526.6,Calculado
21206990,TIBAITATA - AUT [21206990],RAD SOLAR,Radiación solar global horaria VALIDADA,Wh/m^2,2009-10-22,4234.4,Calculado
21206990,TIBAITATA - AUT [21206990],RAD SOLAR,Radiación solar global horaria VALIDADA,Wh/m^2,2009-10-23,4487.0,Calculado
21206990,TIBAITATA - AUT [21206990],RAD SOLAR,Radiación solar global horaria VALIDADA,Wh/m^2,2009-10-24,2304.3,Calculado
21206990,TIBAITATA - AUT [21206990],RAD SOLAR,Radiación solar global horaria VALIDADA,Wh/m^2,2009-10-25,3494.9,Calculado
21206990,TIBAITATA - AUT [21206990],RAD SOLAR,Radiación solar global horaria VALIDADA,Wh/m^2,2009-10-26,5987.3,Calculado
21206990,TIBAITATA - AUT [21206990],RAD SOLAR,Radiación solar global horaria VALIDADA,Wh/m^2,2009-10-27,5004.2,Calculado
21206990,TIBAITATA - AUT [21206990],RAD SOLAR,Radiación solar global horaria VALIDADA,Wh/m^2,2009-10-28,5556.5,Calculado
21206990,TIBAITATA - AUT [21206990],RAD SOLAR,Radiación solar global horaria VALIDADA,Wh/m^2,2009-10-29,4313.5,Calculado
21206990,TIBAITATA - AUT [21206990],RAD SOLAR,Radiación solar global horaria VALIDADA,Wh/m^2,2009-10-30,2254.1,Calculado
21206990,TIBAITATA - AUT [21206990],RAD SOLAR,Radiación solar global horaria VALIDADA,Wh/m^2,2009-10-31,3211.0,Calculado
21206990,TIBAITATA - AUT [21206990],RAD SOLAR,Radiación solar global horaria VALIDADA,Wh/m^2,2009-11-01,963.1,Calculado
21206990,TIBAITATA - AUT [21206990],RAD SOLAR,Radiación solar global horaria VALIDADA,Wh/m^2,2009-11-02,1792.0,Calculado
21206990,TIBAITATA - AUT [21206990],RAD SOLAR,Radiación solar global horaria VALIDADA,Wh/m^2,2009-11-03,1607.3,Calculado
21206990,TIBAITATA - AUT [21206990],RAD SOLAR,Radiación solar global horaria VALIDADA,Wh/m^2,2009-11-04,1264.6,Calculado
21206990,TIBAITATA - AUT [21206990],RAD SOLAR,Radiación solar global horaria VALIDADA,Wh/m^2,2009-11-05,1371.3000000000002,Calculado
21206990,TIBAITATA - AUT [21206990],RAD SOLAR,Radiación solar global horaria VALIDADA,Wh/m^2,2009-11-06,2404.7,Calculado
21206990,TIBAITATA - AUT [21206990],RAD SOLAR,Radiación solar global horaria VALIDADA,Wh/m^2,2009-11-07,406.8,Calculado
21206990,TIBAITATA - AUT [21206990],RAD SOLAR,Radiación solar global horaria VALIDADA,Wh/m^2,2009-11-08,1032.3,Calculado
21206990,TIBAITATA - AUT [21206990],RAD SOLAR,Radiación solar global horaria VALIDADA,Wh/m^2,2009-11-09,2316.9,Calculado
21206990,TIBAITATA - AUT [21206990],RAD SOLAR,Radiación solar global horaria VALIDADA,Wh/m^2,2009-11-10,3548.8,Calculado
21206990,TIBAITATA - AUT [21206990],RAD SOLAR,Radiación solar global horaria VALIDADA,Wh/m^2,2009-11-11,2943.5,Calculado
21206990,TIBAITATA - AUT [21206990],RAD SOLAR,Radiación solar global horaria VALIDADA,Wh/m^2,2009-11-12,1714.1999999999998,Calculado
21206990,TIBAITATA - AUT [21206990],RAD SOLAR,Radiación solar global horaria VALIDADA,Wh/m^2,2009-11-13,259.9,Calculado
21206990,TIBAITATA - AUT [21206990],RAD SOLAR,Radiación solar global horaria VALIDADA,Wh/m^2,2009-11-14,394.3,Calculado
21206990,TIBAITATA - AUT [21206990],RAD SOLAR,Radiación solar global horaria VALIDADA,Wh/m^2,2009-11-15,3433.2,Calculado
21206990,TIBAITATA - AUT [21206990],RAD SOLAR,Radiación solar global horaria VALIDADA,Wh/m^2,2009-11-16,1543.3000000000002,Calculado
21206990,TIBAITATA - AUT [21206990],RAD SOLAR,Radiación solar global horaria VALIDADA,Wh/m^2,2009-11-17,111.80000000000001,Calculado
21206990,TIBAITATA - AUT [21206990],RAD SOLAR,Radiación solar global horaria VALIDADA,Wh/m^2,2009-11-18,1387.6000000000001,Calculado
21206990,TIBAITATA - AUT [21206990],RAD SOLAR,Radiación solar global horaria VALIDADA,Wh/m^2,2009-11-19,2038.1999999999998,Calculado
21206990,TIBAITATA - AUT [21206990],RAD SOLAR,Radiación solar global horaria VALIDADA,Wh/m^2,2009-11-20,565.1,Calculado
21206990,TIBAITATA - AUT [21206990],RAD SOLAR,Radiación solar global horaria VALIDADA,Wh/m^2,2009-11-21,2532.9,Calculado
21206990,TIBAITATA - AUT [21206990],RAD SOLAR,Radiación solar global horaria VALIDADA,Wh/m^2,2009-11-22,2958.6,Calculado
21206990,TIBAITATA - AUT [21206990],RAD SOLAR,Radiación solar global horaria VALIDADA,Wh/m^2,2009-11-23,1033.5,Calculado
21206990,TIBAITATA - AUT [21206990],RAD SOLAR,Radiación solar global horaria VALIDADA,Wh/m^2,2009-11-24,2019.3000000000002,Calculado
21206990,TIBAITATA - AUT [21206990],RAD SOLAR,Radiación solar global horaria VALIDADA,Wh/m^2,2009-11-25,567.6,Calculado
21206990,TIBAITATA - AUT [21206990],RAD SOLAR,Radiación solar global horaria VALIDADA,Wh/m^2,2009-11-26,1370.1,Calculado
21206990,TIBAITATA - AUT [21206990],RAD SOLAR,Radiación solar global horaria VALIDADA,Wh/m^2,2009-11-27,1829.6,Calculado
21206990,TIBAITATA - AUT [21206990],RAD SOLAR,Radiación solar global horaria VALIDADA,Wh/m^2,2009-11-28,2329.4,Calculado
21206990,TIBAITATA - AUT [21206990],RAD SOLAR,Radiación solar global horaria VALIDADA,Wh/m^2,2009-11-29,4398.8,Calculado
21206990,TIBAITATA - AUT [21206990],RAD SOLAR,Radiación solar global horaria VALIDADA,Wh/m^2,2009-12-07,1106.3,Calculado
21206990,TIBAITATA - AUT [21206990],RAD SOLAR,Radiación solar global horaria VALIDADA,Wh/m^2,2009-12-08,4937.7,Calculado
21206990,TIBAITATA - AUT [21206990],RAD SOLAR,Radiación solar global horaria VALIDADA,Wh/m^2,2009-12-09,4746.8,Calculado
21206990,TIBAITATA - AUT [21206990],RAD SOLAR,Radiación solar global horaria VALIDADA,Wh/m^2,2009-12-10,1864.8,Calculado
21206990,TIBAITATA - AUT [21206990],RAD SOLAR,Radiación solar global horaria VALIDADA,Wh/m^2,2009-12-23,21.3,Calculado
21206990,TIBAITATA - AUT [21206990],RAD SOLAR,Radiación solar global horaria VALIDADA,Wh/m^2,2009-12-24,570.1,Calculado
21206990,TIBAITATA - AUT [21206990],RAD SOLAR,Radiación solar global horaria VALIDADA,Wh/m^2,2009-12-25,2353.2000000000003,Calculado
21206990,TIBAITATA - AUT [21206990],RAD SOLAR,Radiación solar global horaria VALIDADA,Wh/m^2,2009-12-26,2211.3,Calculado
21206990,TIBAITATA - AUT [21206990],RAD SOLAR,Radiación solar global horaria VALIDADA,Wh/m^2,2009-12-27,2119.7,Calculado
21206990,TIBAITATA - AUT [21206990],RAD SOLAR,Radiación solar global horaria VALIDADA,Wh/m^2,2009-12-28,512.3000000000001,Calculado
21206990,TIBAITATA - AUT [21206990],RAD SOLAR,Radiación solar global horaria VALIDADA,Wh/m^2,2009-12-29,543.8,Calculado
21206990,TIBAITATA - AUT [21206990],RAD SOLAR,Radiación solar global horaria VALIDADA,Wh/m^2,2009-12-30,835.1,Calculado
21206990,TIBAITATA - AUT [21206990],RAD SOLAR,Radiación solar global horaria VALIDADA,Wh/m^2,2009-12-31,3087.9,Calculado
21206990,TIBAITATA - AUT [21206990],RAD SOLAR,Radiación solar global horaria VALIDADA,Wh/m^2,2010-01-01,6239.8,Calculado
21206990,TIBAITATA - AUT [21206990],RAD SOLAR,Radiación solar global horaria VALIDADA,Wh/m^2,2010-01-02,3386.7,Calculado
21206990,TIBAITATA - AUT [21206990],RAD SOLAR,Radiación solar global horaria VALIDADA,Wh/m^2,2010-01-03,4812.0,Calculado
21206990,TIBAITATA - AUT [21206990],RAD SOLAR,Radiación solar global horaria VALIDADA,Wh/m^2,2010-01-04,4852.2,Calculado
21206990,TIBAITATA - AUT [21206990],RAD SOLAR,Radiación solar global horaria VALIDADA,Wh/m^2,2010-01-05,5270.4,Calculado
21206990,TIBAITATA - AUT [21206990],RAD SOLAR,Radiación solar global horaria VALIDADA,Wh/m^2,2010-01-06,3216.1,Calculado
21206990,TIBAITATA - AUT [21206990],RAD SOLAR,Radiación solar global horaria VALIDADA,Wh/m^2,2010-01-07,1191.7,Calculado
21206990,TIBAITATA - AUT [21206990],RAD SOLAR,Radiación solar global horaria VALIDADA,Wh/m^2,2010-01-08,3585.2,Calculado
21206990,TIBAITATA - AUT [21206990],RAD SOLAR,Radiación solar global horaria VALIDADA,Wh/m^2,2010-01-12,2402.2,Calculado
21206990,TIBAITATA - AUT [21206990],RAD SOLAR,Radiación solar global horaria VALIDADA,Wh/m^2,2010-01-13,4532.0,Calculado
21206990,TIBAITATA - AUT [21206990],RAD SOLAR,Radiación solar global horaria VALIDADA,Wh/m^2,2010-01-14,4687.5,Calculado
21206990,TIBAITATA - AUT [21206990],RAD SOLAR,Radiación solar global horaria VALIDADA,Wh/m^2,2010-01-15,2461.4,Calculado
21206990,TIBAITATA - AUT [21206990],RAD SOLAR,Radiación solar global horaria VALIDADA,Wh/m^2,2010-01-16,1245.8,Calculado
21206990,TIBAITATA - AUT [21206990],RAD SOLAR,Radiación solar global horaria VALIDADA,Wh/m^2,2010-01-17,4776.9,Calculado
21206990,TIBAITATA - AUT [21206990],RAD SOLAR,Radiación solar global horaria VALIDADA,Wh/m^2,2010-01-18,1554.6,Calculado
21206990,TIBAITATA - AUT [21206990],RAD SOLAR,Radiación solar global horaria VALIDADA,Wh/m^2,2010-01-19,605.3,Calculado
21206990,TIBAITATA - AUT [21206990],RAD SOLAR,Radiación solar global horaria VALIDADA,Wh/m^2,2010-01-20,5058.2,Calculado
21206990,TIBAITATA - AUT [21206990],RAD SOLAR,Radiación solar global horaria VALIDADA,Wh/m^2,2010-01-21,6128.0,Calculado
21206990,TIBAITATA - AUT [21206990],RAD SOLAR,Radiación solar global horaria VALIDADA,Wh/m^2,2010-01-22,4770.6,Calculado
21206990,TIBAITATA - AUT [21206990],RAD SOLAR,Radiación solar global horaria VALIDADA,Wh/m^2,2010-01-23,5197.5,Calculado
21206990,TIBAITATA - AUT [21206990],RAD SOLAR,Radiación solar global horaria VALIDADA,Wh/m^2,2010-01-24,4057.3,Calculado
21206990,TIBAITATA - AUT [21206990],RAD SOLAR,Radiación solar global horaria VALIDADA,Wh/m^2,2010-01-25,3404.4,Calculado
21206990,TIBAITATA - AUT [21206990],RAD SOLAR,Radiación solar global horaria VALIDADA,Wh/m^2,2010-01-26,2085.8,Calculado
21206990,TIBAITATA - AUT [21206990],RAD SOLAR,Radiación solar global horaria VALIDADA,Wh/m^2,2010-01-27,4044.8,Calculado
21206990,TIBAITATA - AUT [21206990],RAD SOLAR,Radiación solar global horaria VALIDADA,Wh/m^2,2010-01-28,2912.2,Calculado
21206990,TIBAITATA - AUT [21206990],RAD SOLAR,Radiación solar global horaria VALIDADA,Wh/m^2,2010-01-29,2462.5,Calculado
21206990,TIBAITATA - AUT [21206990],RAD SOLAR,Radiación solar global horaria VALIDADA,Wh/m^2,2010-01-30,2861.8,Calculado
21206990,TIBAITATA - AUT [21206990],RAD SOLAR,Radiación solar global horaria VALIDADA,Wh/m^2,2010-01-31,3943.2,Calculado
21206990,TIBAITATA - AUT [21206990],RAD SOLAR,Radiación solar global horaria VALIDADA,Wh/m^2,2010-02-01,6492.3,Calculado
21206990,TIBAITATA - AUT [21206990],RAD SOLAR,Radiación solar global horaria VALIDADA,Wh/m^2,2010-02-02,1283.4,Calculado
21206990,TIBAITATA - AUT [21206990],RAD SOLAR,Radiación solar global horaria VALIDADA,Wh/m^2,2010-02-03,1019.7,Calculado
21206990,TIBAITATA - AUT [21206990],RAD SOLAR,Radiación solar global horaria VALIDADA,Wh/m^2,2010-02-04,3724.5,Calculado
21206990,TIBAITATA - AUT [21206990],RAD SOLAR,Radiación solar global horaria VALIDADA,Wh/m^2,2010-02-05,1550.8,Calculado
21206990,TIBAITATA - AUT [21206990],RAD SOLAR,Radiación solar global horaria VALIDADA,Wh/m^2,2010-02-06,1964.0,Calculado
21206990,TIBAITATA - AUT [21206990],RAD SOLAR,Radiación solar global horaria VALIDADA,Wh/m^2,2010-02-07,3045.2,Calculado
21206990,TIBAITATA - AUT [21206990],RAD SOLAR,Radiación solar global horaria VALIDADA,Wh/m^2,2010-02-08,2040.7,Calculado
21206990,TIBAITATA - AUT [21206990],RAD SOLAR,Radiación solar global horaria VALIDADA,Wh/m^2,2010-02-09,1057.4,Calculado
21206990,TIBAITATA - AUT [21206990],RAD SOLAR,Radiación solar global horaria VALIDADA,Wh/m^2,2010-02-10,6434.4,Calculado
21206990,TIBAITATA - AUT [21206990],RAD SOLAR,Radiación solar global horaria VALIDADA,Wh/m^2,2010-02-11,5304.4,Calculado
21206990,TIBAITATA - AUT [21206990],RAD SOLAR,Radiación solar global horaria VALIDADA,Wh/m^2,2010-02-12,4942.6,Calculado
21206990,TIBAITATA - AUT [21206990],RAD SOLAR,Radiación solar global horaria VALIDADA,Wh/m^2,2010-02-13,6234.9,Calculado
21206990,TIBAITATA - AUT [21206990],RAD SOLAR,Radiación solar global horaria VALIDADA,Wh/m^2,2010-02-14,6060.3,Calculado
21206990,TIBAITATA - AUT [21206990],RAD SOLAR,Radiación solar global horaria VALIDADA,Wh/m^2,2010-02-15,3450.8,Calculado
21206990,TIBAITATA - AUT [21206990],RAD SOLAR,Radiación solar global horaria VALIDADA,Wh/m^2,2010-02-16,3845.3,Calculado
21206990,TIBAITATA - AUT [21206990],RAD SOLAR,Radiación solar global horaria VALIDADA,Wh/m^2,2010-02-17,4803.3,Calculado
21206990,TIBAITATA - AUT [21206990],RAD SOLAR,Radiación solar global horaria VALIDADA,Wh/m^2,2010-02-18,4075.0,Calculado
21206990,TIBAITATA - AUT [21206990],RAD SOLAR,Radiación solar global horaria VALIDADA,Wh/m^2,2010-02-19,870.3,Calculado
21206990,TIBAITATA - AUT [21206990],RAD SOLAR,Radiación solar global horaria VALIDADA,Wh/m^2,2010-02-20,910.5,Calculado
21206990,TIBAITATA - AUT [21206990],RAD SOLAR,Radiación solar global horaria VALIDADA,Wh/m^2,2010-02-21,5930.8,Calculado
21206990,TIBAITATA - AUT [21206990],RAD SOLAR,Radiación solar global horaria VALIDADA,Wh/m^2,2010-02-22,1279.6,Calculado
21206990,TIBAITATA - AUT [21206990],RAD SOLAR,Radiación solar global horaria VALIDADA,Wh/m^2,2010-02-23,3733.4,Calculado
21206990,TIBAITATA - AUT [21206990],RAD SOLAR,Radiación solar global horaria VALIDADA,Wh/m^2,2010-02-24,2306.9,Calculado
21206990,TIBAITATA - AUT [21206990],RAD SOLAR,Radiación solar global horaria VALIDADA,Wh/m^2,2010-02-25,108.0,Calculado
21206990,TIBAITATA - AUT [21206990],RAD SOLAR,Radiación solar global horaria VALIDADA,Wh/m^2,2010-02-26,1393.9,Calculado
21206990,TIBAITATA - AUT [21206990],RAD SOLAR,Radiación solar global horaria VALIDADA,Wh/m^2,2010-02-27,6768.5,Calculado
21206990,TIBAITATA - AUT [21206990],RAD SOLAR,Radiación solar global horaria VALIDADA,Wh/m^2,2010-02-28,2360.8,Calculado
21206990,TIBAITATA - AUT [21206990],RAD SOLAR,Radiación solar global horaria VALIDADA,Wh/m^2,2010-03-01,1522.1000000000001,Calculado
21206990,TIBAITATA - AUT [21206990],RAD SOLAR,Radiación solar global horaria VALIDADA,Wh/m^2,2010-03-02,1172.8999999999999,Calculado
21206990,TIBAITATA - AUT [21206990],RAD SOLAR,Radiación solar global horaria VALIDADA,Wh/m^2,2010-03-03,2393.5,Calculado
21206990,TIBAITATA - AUT [21206990],RAD SOLAR,Radiación solar global horaria VALIDADA,Wh/m^2,2010-03-04,3469.7000000000003,Calculado
21206990,TIBAITATA - AUT [21206990],RAD SOLAR,Radiación solar global horaria VALIDADA,Wh/m^2,2010-03-05,3025.2000000000003,Calculado
21206990,TIBAITATA - AUT [21206990],RAD SOLAR,Radiación solar global horaria VALIDADA,Wh/m^2,2010-03-06,4135.2,Calculado
21206990,TIBAITATA - AUT [21206990],RAD SOLAR,Radiación solar global horaria VALIDADA,Wh/m^2,2010-03-07,2456.2,Calculado
21206990,TIBAITATA - AUT [21206990],RAD SOLAR,Radiación solar global horaria VALIDADA,Wh/m^2,2010-03-08,2364.6,Calculado
21206990,TIBAITATA - AUT [21206990],RAD SOLAR,Radiación solar global horaria VALIDADA,Wh/m^2,2010-03-09,2442.3,Calculado
21206990,TIBAITATA - AUT [21206990],RAD SOLAR,Radiación solar global horaria VALIDADA,Wh/m^2,2010-03-10,2240.1,Calculado
21206990,TIBAITATA - AUT [21206990],RAD SOLAR,Radiación solar global horaria VALIDADA,Wh/m^2,2010-03-11,3994.6,Calculado
21206990,TIBAITATA - AUT [21206990],RAD SOLAR,Radiación solar global horaria VALIDADA,Wh/m^2,2010-03-12,3308.9,Calculado
21206990,TIBAITATA - AUT [21206990],RAD SOLAR,Radiación solar global horaria VALIDADA,Wh/m^2,2010-03-13,2546.6,Calculado
21206990,TIBAITATA - AUT [21206990],RAD SOLAR,Radiación solar global horaria VALIDADA,Wh/m^2,2010-03-14,4746.8,Calculado
21206990,TIBAITATA - AUT [21206990],RAD SOLAR,Radiación solar global horaria VALIDADA,Wh/m^2,2010-03-15,5559.3,Calculado
21206990,TIBAITATA - AUT [21206990],RAD SOLAR,Radiación solar global horaria VALIDADA,Wh/m^2,2010-03-16,3723.3,Calculado
21206990,TIBAITATA - AUT [21206990],RAD SOLAR,Radiación solar global horaria VALIDADA,Wh/m^2,2010-03-17,1165.4,Calculado
21206990,TIBAITATA - AUT [21206990],RAD SOLAR,Radiación solar global horaria VALIDADA,Wh/m^2,2010-03-18,1656.3,Calculado
21206990,TIBAITATA - AUT [21206990],RAD SOLAR,Radiación solar global horaria VALIDADA,Wh/m^2,2010-03-19,4313.599999999999,Calculado
21206990,TIBAITATA - AUT [21206990],RAD SOLAR,Radiación solar global horaria VALIDADA,Wh/m^2,2010-03-20,836.3,Calculado
21206990,TIBAITATA - AUT [21206990],RAD SOLAR,Radiación solar global horaria VALIDADA,Wh/m^2,2010-03-21,3961.8,Calculado
21206990,TIBAITATA - AUT [21206990],RAD SOLAR,Radiación solar global horaria VALIDADA,Wh/m^2,2010-03-22,5142.3,Calculado
21206990,TIBAITATA - AUT [21206990],RAD SOLAR,Radiación solar global horaria VALIDADA,Wh/m^2,2010-03-23,5284.1,Calculado
21206990,TIBAITATA - AUT [21206990],RAD SOLAR,Radiación solar global horaria VALIDADA,Wh/m^2,2010-03-24,3472.1,Calculado
21206990,TIBAITATA - AUT [21206990],RAD SOLAR,Radiación solar global horaria VALIDADA,Wh/m^2,2010-03-25,5320.5,Calculado
21206990,TIBAITATA - AUT [21206990],RAD SOLAR,Radiación solar global horaria VALIDADA,Wh/m^2,2010-03-26,3897.8999999999996,Calculado
21206990,TIBAITATA - AUT [21206990],RAD SOLAR,Radiación solar global horaria VALIDADA,Wh/m^2,2010-03-27,5421.0,Calculado
21206990,TIBAITATA - AUT [21206990],RAD SOLAR,Radiación solar global horaria VALIDADA,Wh/m^2,2010-03-28,2202.6,Calculado
21206990,TIBAITATA - AUT [21206990],RAD SOLAR,Radiación solar global horaria VALIDADA,Wh/m^2,2010-03-29,1849.8000000000002,Calculado
21206990,TIBAITATA - AUT [21206990],RAD SOLAR,Radiación solar global horaria VALIDADA,Wh/m^2,2010-03-30,1215.6000000000001,Calculado
21206990,TIBAITATA - AUT [21206990],RAD SOLAR,Radiación solar global horaria VALIDADA,Wh/m^2,2010-03-31,1622.4,Calculado
21206990,TIBAITATA - AUT [21206990],RAD SOLAR,Radiación solar global horaria VALIDADA,Wh/m^2,2010-04-01,4602.4,Calculado
21206990,TIBAITATA - AUT [21206990],RAD SOLAR,Radiación solar global horaria VALIDADA,Wh/m^2,2010-04-02,5241.5,Calculado
21206990,TIBAITATA - AUT [21206990],RAD SOLAR,Radiación solar global horaria VALIDADA,Wh/m^2,2010-04-03,2982.2999999999997,Calculado
21206990,TIBAITATA - AUT [21206990],RAD SOLAR,Radiación solar global horaria VALIDADA,Wh/m^2,2010-04-04,1879.8999999999999,Calculado
21206990,TIBAITATA - AUT [21206990],RAD SOLAR,Radiación solar global horaria VALIDADA,Wh/m^2,2010-04-05,4248.2,Calculado
21206990,TIBAITATA - AUT [21206990],RAD SOLAR,Radiación solar global horaria VALIDADA,Wh/m^2,2010-04-06,2318.1,Calculado
21206990,TIBAITATA - AUT [21206990],RAD SOLAR,Radiación solar global horaria VALIDADA,Wh/m^2,2010-04-07,0.0,Calculado
21206990,TIBAITATA - AUT [21206990],RAD SOLAR,Radiación solar global horaria VALIDADA,Wh/m^2,2010-04-08,1023.5999999999999,Calculado
21206990,TIBAITATA - AUT [21206990],RAD SOLAR,Radiación solar global horaria VALIDADA,Wh/m^2,2010-04-09,1654.0,Calculado
21206990,TIBAITATA - AUT [21206990],RAD SOLAR,Radiación solar global horaria VALIDADA,Wh/m^2,2010-04-10,675.6,Calculado
21206990,TIBAITATA - AUT [21206990],RAD SOLAR,Radiación solar global horaria VALIDADA,Wh/m^2,2010-04-11,696.9,Calculado
21206990,TIBAITATA - AUT [21206990],RAD SOLAR,Radiación solar global horaria VALIDADA,Wh/m^2,2010-04-12,121.8,Calculado
21206990,TIBAITATA - AUT [21206990],RAD SOLAR,Radiación solar global horaria VALIDADA,Wh/m^2,2010-04-13,288.8,Calculado
21206990,TIBAITATA - AUT [21206990],RAD SOLAR,Radiación solar global horaria VALIDADA,Wh/m^2,2010-04-14,822.5,Calculado
21206990,TIBAITATA - AUT [21206990],RAD SOLAR,Radiación solar global horaria VALIDADA,Wh/m^2,2010-04-15,1780.7,Calculado
21206990,TIBAITATA - AUT [21206990],RAD SOLAR,Radiación solar global horaria VALIDADA,Wh/m^2,2010-04-16,2914.6,Calculado
21206990,TIBAITATA - AUT [21206990],RAD SOLAR,Radiación solar global horaria VALIDADA,Wh/m^2,2010-04-17,5060.5,Calculado
21206990,TIBAITATA - AUT [21206990],RAD SOLAR,Radiación solar global horaria VALIDADA,Wh/m^2,2010-04-18,949.3,Calculado
21206990,TIBAITATA - AUT [21206990],RAD SOLAR,Radiación solar global horaria VALIDADA,Wh/m^2,2010-04-19,1351.3,Calculado
21206990,TIBAITATA - AUT [21206990],RAD SOLAR,Radiación solar global horaria VALIDADA,Wh/m^2,2010-04-20,4112.5,Calculado
21206990,TIBAITATA - AUT [21206990],RAD SOLAR,Radiación solar global horaria VALIDADA,Wh/m^2,2010-04-21,4684.0,Calculado
21206990,TIBAITATA - AUT [21206990],RAD SOLAR,Radiación solar global horaria VALIDADA,Wh/m^2,2010-04-22,4797.1,Calculado
21206990,TIBAITATA - AUT [21206990],RAD SOLAR,Radiación solar global horaria VALIDADA,Wh/m^2,2010-04-23,3074.2,Calculado
21206990,TIBAITATA - AUT [21206990],RAD SOLAR,Radiación solar global horaria VALIDADA,Wh/m^2,2010-04-24,2947.4,Calculado
21206990,TIBAITATA - AUT [21206990],RAD SOLAR,Radiación solar global horaria VALIDADA,Wh/m^2,2010-04-25,2912.1,Calculado
21206990,TIBAITATA - AUT [21206990],RAD SOLAR,Radiación solar global horaria VALIDADA,Wh/m^2,2010-04-26,2677.3,Calculado
21206990,TIBAITATA - AUT [21206990],RAD SOLAR,Radiación solar global horaria VALIDADA,Wh/m^2,2010-04-27,2422.3,Calculado
21206990,TIBAITATA - AUT [21206990],RAD SOLAR,Radiación solar global horaria VALIDADA,Wh/m^2,2010-04-28,2718.7000000000003,Calculado
21206990,TIBAITATA - AUT [21206990],RAD SOLAR,Radiación solar global horaria VALIDADA,Wh/m^2,2010-04-29,2988.6,Calculado
21206990,TIBAITATA - AUT [21206990],RAD SOLAR,Radiación solar global horaria VALIDADA,Wh/m^2,2010-04-30,1776.9,Calculado
21206990,TIBAITATA - AUT [21206990],RAD SOLAR,Radiación solar global horaria VALIDADA,Wh/m^2,2010-05-01,2938.4,Calculado
21206990,TIBAITATA - AUT [21206990],RAD SOLAR,Radiación solar global horaria VALIDADA,Wh/m^2,2010-05-02,3183.4,Calculado
21206990,TIBAITATA - AUT [21206990],RAD SOLAR,Radiación solar global horaria VALIDADA,Wh/m^2,2010-05-03,1677.7,Calculado
21206990,TIBAITATA - AUT [21206990],RAD SOLAR,Radiación solar global horaria VALIDADA,Wh/m^2,2010-05-04,1522.0,Calculado
21206990,TIBAITATA - AUT [21206990],RAD SOLAR,Radiación solar global horaria VALIDADA,Wh/m^2,2010-05-05,1775.7,Calculado
21206990,TIBAITATA - AUT [21206990],RAD SOLAR,Radiación solar global horaria VALIDADA,Wh/m^2,2010-05-06,2266.7,Calculado
21206990,TIBAITATA - AUT [21206990],RAD SOLAR,Radiación solar global horaria VALIDADA,Wh/m^2,2010-05-07,2377.2,Calculado
21206990,TIBAITATA - AUT [21206990],RAD SOLAR,Radiación solar global horaria VALIDADA,Wh/m^2,2010-05-08,1917.5,Calculado
21206990,TIBAITATA - AUT [21206990],RAD SOLAR,Radiación solar global horaria VALIDADA,Wh/m^2,2010-05-09,3278.7,Calculado
21206990,TIBAITATA - AUT [21206990],RAD SOLAR,Radiación solar global horaria VALIDADA,Wh/m^2,2010-05-10,3286.2,Calculado
21206990,TIBAITATA - AUT [21206990],RAD SOLAR,Radiación solar global horaria VALIDADA,Wh/m^2,2010-05-11,1901.3,Calculado
21206990,TIBAITATA - AUT [21206990],RAD SOLAR,Radiación solar global horaria VALIDADA,Wh/m^2,2010-05-12,2634.7,Calculado
21206990,TIBAITATA - AUT [21206990],RAD SOLAR,Radiación solar global horaria VALIDADA,Wh/m^2,2010-05-13,2956.2,Calculado
21206990,TIBAITATA - AUT [21206990],RAD SOLAR,Radiación solar global horaria VALIDADA,Wh/m^2,2010-05-14,3045.2999999999997,Calculado
21206990,TIBAITATA - AUT [21206990],RAD SOLAR,Radiación solar global horaria VALIDADA,Wh/m^2,2010-05-15,1959.0,Calculado
21206990,TIBAITATA - AUT [21206990],RAD SOLAR,Radiación solar global horaria VALIDADA,Wh/m^2,2010-05-16,4496.8,Calculado
21206990,TIBAITATA - AUT [21206990],RAD SOLAR,Radiación solar global horaria VALIDADA,Wh/m^2,2010-05-17,959.4,Calculado
21206990,TIBAITATA - AUT [21206990],RAD SOLAR,Radiación solar global horaria VALIDADA,Wh/m^2,2010-05-18,3272.5,Calculado
21206990,TIBAITATA - AUT [21206990],RAD SOLAR,Radiación solar global horaria VALIDADA,Wh/m^2,2010-05-19,2927.2000000000003,Calculado
21206990,TIBAITATA - AUT [21206990],RAD SOLAR,Radiación solar global horaria VALIDADA,Wh/m^2,2010-05-20,3119.4,Calculado
21206990,TIBAITATA - AUT [21206990],RAD SOLAR,Radiación solar global horaria VALIDADA,Wh/m^2,2010-05-21,2789.1,Calculado
21206990,TIBAITATA - AUT [21206990],RAD SOLAR,Radiación solar global horaria VALIDADA,Wh/m^2,2010-05-22,2388.5,Calculado
21206990,TIBAITATA - AUT [21206990],RAD SOLAR,Radiación solar global horaria VALIDADA,Wh/m^2,2010-05-23,3450.7000000000003,Calculado
21206990,TIBAITATA - AUT [21206990],RAD SOLAR,Radiación solar global horaria VALIDADA,Wh/m^2,2010-05-24,3418.2,Calculado
21206990,TIBAITATA - AUT [21206990],RAD SOLAR,Radiación solar global horaria VALIDADA,Wh/m^2,2010-05-25,3953.2000000000003,Calculado
21206990,TIBAITATA - AUT [21206990],RAD SOLAR,Radiación solar global horaria VALIDADA,Wh/m^2,2010-05-26,1694.1,Calculado
21206990,TIBAITATA - AUT [21206990],RAD SOLAR,Radiación solar global horaria VALIDADA,Wh/m^2,2010-05-27,1666.5,Calculado
21206990,TIBAITATA - AUT [21206990],RAD SOLAR,Radiación solar global horaria VALIDADA,Wh/m^2,2010-05-28,2631.0,Calculado
21206990,TIBAITATA - AUT [21206990],RAD SOLAR,Radiación solar global horaria VALIDADA,Wh/m^2,2010-05-29,4460.6,Calculado
21206990,TIBAITATA - AUT [21206990],RAD SOLAR,Radiación solar global horaria VALIDADA,Wh/m^2,2010-05-30,4977.8,Calculado
21206990,TIBAITATA - AUT [21206990],RAD SOLAR,Radiación solar global horaria VALIDADA,Wh/m^2,2010-05-31,2377.3,Calculado
21206990,TIBAITATA - AUT [21206990],RAD SOLAR,Radiación solar global horaria VALIDADA,Wh/m^2,2010-06-01,3640.4,Calculado
21206990,TIBAITATA - AUT [21206990],RAD SOLAR,Radiación solar global horaria VALIDADA,Wh/m^2,2010-06-02,3109.1,Calculado
21206990,TIBAITATA - AUT [21206990],RAD SOLAR,Radiación solar global horaria VALIDADA,Wh/m^2,2010-06-03,2212.6,Calculado
21206990,TIBAITATA - AUT [21206990],RAD SOLAR,Radiación solar global horaria VALIDADA,Wh/m^2,2010-06-04,2653.4,Calculado
21206990,TIBAITATA - AUT [21206990],RAD SOLAR,Radiación solar global horaria VALIDADA,Wh/m^2,2010-06-05,3601.5,Calculado
21206990,TIBAITATA - AUT [21206990],RAD SOLAR,Radiación solar global horaria VALIDADA,Wh/m^2,2010-06-06,3550.0,Calculado
21206990,TIBAITATA - AUT [21206990],RAD SOLAR,Radiación solar global horaria VALIDADA,Wh/m^2,2010-06-07,5025.4,Calculado
21206990,TIBAITATA - AUT [21206990],RAD SOLAR,Radiación solar global horaria VALIDADA,Wh/m^2,2010-06-08,2879.4,Calculado
21206990,TIBAITATA - AUT [21206990],RAD SOLAR,Radiación solar global horaria VALIDADA,Wh/m^2,2010-06-09,4377.6,Calculado
21206990,TIBAITATA - AUT [21206990],RAD SOLAR,Radiación solar global horaria VALIDADA,Wh/m^2,2010-06-10,4216.9,Calculado
21206990,TIBAITATA - AUT [21206990],RAD SOLAR,Radiación solar global horaria VALIDADA,Wh/m^2,2010-06-11,4795.8,Calculado
21206990,TIBAITATA - AUT [21206990],RAD SOLAR,Radiación solar global horaria VALIDADA,Wh/m^2,2010-06-12,5496.5,Calculado
21206990,TIBAITATA - AUT [21206990],RAD SOLAR,Radiación solar global horaria VALIDADA,Wh/m^2,2010-06-13,287.59999999999997,Calculado
21206990,TIBAITATA - AUT [21206990],RAD SOLAR,Radiación solar global horaria VALIDADA,Wh/m^2,2010-06-14,3175.7000000000003,Calculado
21206990,TIBAITATA - AUT [21206990],RAD SOLAR,Radiación solar global horaria VALIDADA,Wh/m^2,2010-06-15,2555.4,Calculado
21206990,TIBAITATA - AUT [21206990],RAD SOLAR,Radiación solar global horaria VALIDADA,Wh/m^2,2010-06-16,1873.7,Calculado
21206990,TIBAITATA - AUT [21206990],RAD SOLAR,Radiación solar global horaria VALIDADA,Wh/m^2,2010-06-17,2731.3,Calculado
21206990,TIBAITATA - AUT [21206990],RAD SOLAR,Radiación solar global horaria VALIDADA,Wh/m^2,2010-06-18,2652.2,Calculado
21206990,TIBAITATA - AUT [21206990],RAD SOLAR,Radiación solar global horaria VALIDADA,Wh/m^2,2010-06-19,2998.8,Calculado
21206990,TIBAITATA - AUT [21206990],RAD SOLAR,Radiación solar global horaria VALIDADA,Wh/m^2,2010-06-20,469.70000000000005,Calculado
21206990,TIBAITATA - AUT [21206990],RAD SOLAR,Radiación solar global horaria VALIDADA,Wh/m^2,2010-06-21,2657.1,Calculado
21206990,TIBAITATA - AUT [21206990],RAD SOLAR,Radiación solar global horaria VALIDADA,Wh/m^2,2010-06-22,2844.4,Calculado
21206990,TIBAITATA - AUT [21206990],RAD SOLAR,Radiación solar global horaria VALIDADA,Wh/m^2,2010-06-23,5736.3,Calculado
21206990,TIBAITATA - AUT [21206990],RAD SOLAR,Radiación solar global horaria VALIDADA,Wh/m^2,2010-06-24,3090.4,Calculado
21206990,TIBAITATA - AUT [21206990],RAD SOLAR,Radiación solar global horaria VALIDADA,Wh/m^2,2010-06-25,2478.9,Calculado
21206990,TIBAITATA - AUT [21206990],RAD SOLAR,Radiación solar global horaria VALIDADA,Wh/m^2,2010-06-26,4748.0,Calculado
21206990,TIBAITATA - AUT [21206990],RAD SOLAR,Radiación solar global horaria VALIDADA,Wh/m^2,2010-06-27,3204.6,Calculado
21206990,TIBAITATA - AUT [21206990],RAD SOLAR,Radiación solar global horaria VALIDADA,Wh/m^2,2010-06-28,2842.9,Calculado
21206990,TIBAITATA - AUT [21206990],RAD SOLAR,Radiación solar global horaria VALIDADA,Wh/m^2,2010-06-29,3681.9,Calculado
21206990,TIBAITATA - AUT [21206990],RAD SOLAR,Radiación solar global horaria VALIDADA,Wh/m^2,2010-06-30,2295.5,Calculado
21206990,TIBAITATA - AUT [21206990],RAD SOLAR,Radiación solar global horaria VALIDADA,Wh/m^2,2010-07-01,2362.0,Calculado
21206990,TIBAITATA - AUT [21206990],RAD SOLAR,Radiación solar global horaria VALIDADA,Wh/m^2,2010-07-02,2616.9,Calculado
21206990,TIBAITATA - AUT [21206990],RAD SOLAR,Radiación solar global horaria VALIDADA,Wh/m^2,2010-07-03,3433.2,Calculado
21206990,TIBAITATA - AUT [21206990],RAD SOLAR,Radiación solar global horaria VALIDADA,Wh/m^2,2010-07-04,3297.6,Calculado
21206990,TIBAITATA - AUT [21206990],RAD SOLAR,Radiación solar global horaria VALIDADA,Wh/m^2,2010-07-05,2657.1,Calculado
21206990,TIBAITATA - AUT [21206990],RAD SOLAR,Radiación solar global horaria VALIDADA,Wh/m^2,2010-07-06,3306.4,Calculado
21206990,TIBAITATA - AUT [21206990],RAD SOLAR,Radiación solar global horaria VALIDADA,Wh/m^2,2010-07-07,1834.7,Calculado
21206990,TIBAITATA - AUT [21206990],RAD SOLAR,Radiación solar global horaria VALIDADA,Wh/m^2,2010-07-08,3091.7,Calculado
21206990,TIBAITATA - AUT [21206990],RAD SOLAR,Radiación solar global horaria VALIDADA,Wh/m^2,2010-07-09,4828.5,Calculado
21206990,TIBAITATA - AUT [21206990],RAD SOLAR,Radiación solar global horaria VALIDADA,Wh/m^2,2010-07-10,3272.4,Calculado
21206990,TIBAITATA - AUT [21206990],RAD SOLAR,Radiación solar global horaria VALIDADA,Wh/m^2,2010-07-11,2009.2,Calculado
21206990,TIBAITATA - AUT [21206990],RAD SOLAR,Radiación solar global horaria VALIDADA,Wh/m^2,2010-07-12,1873.3999999999999,Calculado
21206990,TIBAITATA - AUT [21206990],RAD SOLAR,Radiación solar global horaria VALIDADA,Wh/m^2,2010-07-13,3429.6,Calculado
21206990,TIBAITATA - AUT [21206990],RAD SOLAR,Radiación solar global horaria VALIDADA,Wh/m^2,2010-07-14,3766.0,Calculado
21206990,TIBAITATA - AUT [21206990],RAD SOLAR,Radiación solar global horaria VALIDADA,Wh/m^2,2010-07-15,2859.5,Calculado
21206990,TIBAITATA - AUT [21206990],RAD SOLAR,Radiación solar global horaria VALIDADA,Wh/m^2,2010-07-16,1305.9,Calculado
21206990,TIBAITATA - AUT [21206990],RAD SOLAR,Radiación solar global horaria VALIDADA,Wh/m^2,2010-07-17,3346.6,Calculado
21206990,TIBAITATA - AUT [21206990],RAD SOLAR,Radiación solar global horaria VALIDADA,Wh/m^2,2010-07-18,2407.2,Calculado
21206990,TIBAITATA - AUT [21206990],RAD SOLAR,Radiación solar global horaria VALIDADA,Wh/m^2,2010-07-19,3899.1,Calculado
21206990,TIBAITATA - AUT [21206990],RAD SOLAR,Radiación solar global horaria VALIDADA,Wh/m^2,2010-07-20,4233.3,Calculado
21206990,TIBAITATA - AUT [21206990],RAD SOLAR,Radiación solar global horaria VALIDADA,Wh/m^2,2010-07-21,3935.6,Calculado
21206990,TIBAITATA - AUT [21206990],RAD SOLAR,Radiación solar global horaria VALIDADA,Wh/m^2,2010-07-22,2446.2000000000003,Calculado
21206990,TIBAITATA - AUT [21206990],RAD SOLAR,Radiación solar global horaria VALIDADA,Wh/m^2,2010-07-23,2147.4,Calculado
21206990,TIBAITATA - AUT [21206990],RAD SOLAR,Radiación solar global horaria VALIDADA,Wh/m^2,2010-07-24,3008.8,Calculado
21206990,TIBAITATA - AUT [21206990],RAD SOLAR,Radiación solar global horaria VALIDADA,Wh/m^2,2010-07-25,2954.9,Calculado
21206990,TIBAITATA - AUT [21206990],RAD SOLAR,Radiación solar global horaria VALIDADA,Wh/m^2,2010-07-26,2785.4,Calculado
21206990,TIBAITATA - AUT [21206990],RAD SOLAR,Radiación solar global horaria VALIDADA,Wh/m^2,2010-07-27,1199.3,Calculado
21206990,TIBAITATA - AUT [21206990],RAD SOLAR,Radiación solar global horaria VALIDADA,Wh/m^2,2010-07-28,2463.9,Calculado
21206990,TIBAITATA - AUT [21206990],RAD SOLAR,Radiación solar global horaria VALIDADA,Wh/m^2,2010-07-29,2264.2,Calculado
21206990,TIBAITATA - AUT [21206990],RAD SOLAR,Radiación solar global horaria VALIDADA,Wh/m^2,2010-07-30,2255.4,Calculado
21206990,TIBAITATA - AUT [21206990],RAD SOLAR,Radiación solar global horaria VALIDADA,Wh/m^2,2010-07-31,2600.6,Calculado
21206990,TIBAITATA - AUT [21206990],RAD SOLAR,Radiación solar global horaria VALIDADA,Wh/m^2,2010-08-01,1736.6,Calculado
21206990,TIBAITATA - AUT [21206990],RAD SOLAR,Radiación solar global horaria VALIDADA,Wh/m^2,2010-08-02,2101.0,Calculado
21206990,TIBAITATA - AUT [21206990],RAD SOLAR,Radiación solar global horaria VALIDADA,Wh/m^2,2010-08-03,1717.8,Calculado
21206990,TIBAITATA - AUT [21206990],RAD SOLAR,Radiación solar global horaria VALIDADA,Wh/m^2,2010-08-04,4230.5,Calculado
21206990,TIBAITATA - AUT [21206990],RAD SOLAR,Radiación solar global horaria VALIDADA,Wh/m^2,2010-08-05,5452.5,Calculado
21206990,TIBAITATA - AUT [21206990],RAD SOLAR,Radiación solar global horaria VALIDADA,Wh/m^2,2010-08-06,1636.3,Calculado
21206990,TIBAITATA - AUT [21206990],RAD SOLAR,Radiación solar global horaria VALIDADA,Wh/m^2,2010-08-07,2771.3,Calculado
21206990,TIBAITATA - AUT [21206990],RAD SOLAR,Radiación solar global horaria VALIDADA,Wh/m^2,2010-08-08,2963.5,Calculado
21206990,TIBAITATA - AUT [21206990],RAD SOLAR,Radiación solar global horaria VALIDADA,Wh/m^2,2010-08-09,4576.0,Calculado
21206990,TIBAITATA - AUT [21206990],RAD SOLAR,Radiación solar global horaria VALIDADA,Wh/m^2,2010-08-10,2808.1,Calculado
21206990,TIBAITATA - AUT [21206990],RAD SOLAR,Radiación solar global horaria VALIDADA,Wh/m^2,2010-08-11,4412.8,Calculado
21206990,TIBAITATA - AUT [21206990],RAD SOLAR,Radiación solar global horaria VALIDADA,Wh/m^2,2010-08-12,2355.7,Calculado
21206990,TIBAITATA - AUT [21206990],RAD SOLAR,Radiación solar global horaria VALIDADA,Wh/m^2,2010-08-13,4310.0,Calculado
21206990,TIBAITATA - AUT [21206990],RAD SOLAR,Radiación solar global horaria VALIDADA,Wh/m^2,2010-08-14,1793.2,Calculado
21206990,TIBAITATA - AUT [21206990],RAD SOLAR,Radiación solar global horaria VALIDADA,Wh/m^2,2010-08-15,3465.9,Calculado
21206990,TIBAITATA - AUT [21206990],RAD SOLAR,Radiación solar global horaria VALIDADA,Wh/m^2,2010-08-16,6597.6,Calculado
21206990,TIBAITATA - AUT [21206990],RAD SOLAR,Radiación solar global horaria VALIDADA,Wh/m^2,2010-08-17,4324.9,Calculado
21206990,TIBAITATA - AUT [21206990],RAD SOLAR,Radiación solar global horaria VALIDADA,Wh/m^2,2010-08-18,2919.7,Calculado
21206990,TIBAITATA - AUT [21206990],RAD SOLAR,Radiación solar global horaria VALIDADA,Wh/m^2,2010-08-19,2038.0,Calculado
21206990,TIBAITATA - AUT [21206990],RAD SOLAR,Radiación solar global horaria VALIDADA,Wh/m^2,2010-08-20,3114.2000000000003,Calculado
21206990,TIBAITATA - AUT [21206990],RAD SOLAR,Radiación solar global horaria VALIDADA,Wh/m^2,2010-08-21,2815.2999999999997,Calculado
21206990,TIBAITATA - AUT [21206990],RAD SOLAR,Radiación solar global horaria VALIDADA,Wh/m^2,2010-08-22,4024.6,Calculado
21206990,TIBAITATA - AUT [21206990],RAD SOLAR,Radiación solar global horaria VALIDADA,Wh/m^2,2010-08-23,3597.6,Calculado
21206990,TIBAITATA - AUT [21206990],RAD SOLAR,Radiación solar global horaria VALIDADA,Wh/m^2,2010-08-24,2412.3,Calculado
21206990,TIBAITATA - AUT [21206990],RAD SOLAR,Radiación solar global horaria VALIDADA,Wh/m^2,2010-08-25,2301.9,Calculado
21206990,TIBAITATA - AUT [21206990],RAD SOLAR,Radiación solar global horaria VALIDADA,Wh/m^2,2010-08-26,4210.6,Calculado
21206990,TIBAITATA - AUT [21206990],RAD SOLAR,Radiación solar global horaria VALIDADA,Wh/m^2,2010-08-27,2463.8,Calculado
21206990,TIBAITATA - AUT [21206990],RAD SOLAR,Radiación solar global horaria VALIDADA,Wh/m^2,2010-08-28,3467.0,Calculado
21206990,TIBAITATA - AUT [21206990],RAD SOLAR,Radiación solar global horaria VALIDADA,Wh/m^2,2010-08-29,3047.7,Calculado
21206990,TIBAITATA - AUT [21206990],RAD SOLAR,Radiación solar global horaria VALIDADA,Wh/m^2,2010-08-30,3246.0,Calculado
21206990,TIBAITATA - AUT [21206990],RAD SOLAR,Radiación solar global horaria VALIDADA,Wh/m^2,2010-08-31,4141.5,Calculado
21206990,TIBAITATA - AUT [21206990],RAD SOLAR,Radiación solar global horaria VALIDADA,Wh/m^2,2010-09-01,2084.5,Calculado
21206990,TIBAITATA - AUT [21206990],RAD SOLAR,Radiación solar global horaria VALIDADA,Wh/m^2,2010-09-02,2067.0,Calculado
21206990,TIBAITATA - AUT [21206990],RAD SOLAR,Radiación solar global horaria VALIDADA,Wh/m^2,2010-09-03,2221.5,Calculado
21206990,TIBAITATA - AUT [21206990],RAD SOLAR,Radiación solar global horaria VALIDADA,Wh/m^2,2010-09-04,4302.3,Calculado
21206990,TIBAITATA - AUT [21206990],RAD SOLAR,Radiación solar global horaria VALIDADA,Wh/m^2,2010-09-05,5785.3,Calculado
21206990,TIBAITATA - AUT [21206990],RAD SOLAR,Radiación solar global horaria VALIDADA,Wh/m^2,2010-09-06,2711.2,Calculado
21206990,TIBAITATA - AUT [21206990],RAD SOLAR,Radiación solar global horaria VALIDADA,Wh/m^2,2010-09-07,2117.2,Calculado
21206990,TIBAITATA - AUT [21206990],RAD SOLAR,Radiación solar global horaria VALIDADA,Wh/m^2,2010-09-08,2446.1,Calculado
21206990,TIBAITATA - AUT [21206990],RAD SOLAR,Radiación solar global horaria VALIDADA,Wh/m^2,2010-09-09,5023.0,Calculado
21206990,TIBAITATA - AUT [21206990],RAD SOLAR,Radiación solar global horaria VALIDADA,Wh/m^2,2010-09-10,5191.4,Calculado
21206990,TIBAITATA - AUT [21206990],RAD SOLAR,Radiación solar global horaria VALIDADA,Wh/m^2,2010-09-11,5146.2,Calculado
21206990,TIBAITATA - AUT [21206990],RAD SOLAR,Radiación solar global horaria VALIDADA,Wh/m^2,2010-09-12,5770.2,Calculado
21206990,TIBAITATA - AUT [21206990],RAD SOLAR,Radiación solar global horaria VALIDADA,Wh/m^2,2010-09-13,2897.1,Calculado
21206990,TIBAITATA - AUT [21206990],RAD SOLAR,Radiación solar global horaria VALIDADA,Wh/m^2,2010-09-14,3074.1,Calculado
21206990,TIBAITATA - AUT [21206990],RAD SOLAR,Radiación solar global horaria VALIDADA,Wh/m^2,2010-09-15,2854.5,Calculado
21206990,TIBAITATA - AUT [21206990],RAD SOLAR,Radiación solar global horaria VALIDADA,Wh/m^2,2010-09-16,3472.1,Calculado
21206990,TIBAITATA - AUT [21206990],RAD SOLAR,Radiación solar global horaria VALIDADA,Wh/m^2,2010-09-17,3636.7,Calculado
21206990,TIBAITATA - AUT [21206990],RAD SOLAR,Radiación solar global horaria VALIDADA,Wh/m^2,2010-09-18,5535.5,Calculado
21206990,TIBAITATA - AUT [21206990],RAD SOLAR,Radiación solar global horaria VALIDADA,Wh/m^2,2010-09-19,2440.0,Calculado
21206990,TIBAITATA - AUT [21206990],RAD SOLAR,Radiación solar global horaria VALIDADA,Wh/m^2,2010-09-20,1429.1000000000001,Calculado
21206990,TIBAITATA - AUT [21206990],RAD SOLAR,Radiación solar global horaria VALIDADA,Wh/m^2,2010-09-21,2653.3,Calculado
21206990,TIBAITATA - AUT [21206990],RAD SOLAR,Radiación solar global horaria VALIDADA,Wh/m^2,2010-09-22,4563.5,Calculado
21206990,TIBAITATA - AUT [21206990],RAD SOLAR,Radiación solar global horaria VALIDADA,Wh/m^2,2010-09-23,2064.4,Calculado
21206990,TIBAITATA - AUT [21206990],RAD SOLAR,Radiación solar global horaria VALIDADA,Wh/m^2,2010-09-24,2912.1000000000004,Calculado
21206990,TIBAITATA - AUT [21206990],RAD SOLAR,Radiación solar global horaria VALIDADA,Wh/m^2,2010-09-25,3572.7,Calculado
21206990,TIBAITATA - AUT [21206990],RAD SOLAR,Radiación solar global horaria VALIDADA,Wh/m^2,2010-09-26,3241.0,Calculado
21206990,TIBAITATA - AUT [21206990],RAD SOLAR,Radiación solar global horaria VALIDADA,Wh/m^2,2010-09-27,2679.7000000000003,Calculado
21206990,TIBAITATA - AUT [21206990],RAD SOLAR,Radiación solar global horaria VALIDADA,Wh/m^2,2010-09-28,4366.3,Calculado
21206990,TIBAITATA - AUT [21206990],RAD SOLAR,Radiación solar global horaria VALIDADA,Wh/m^2,2010-09-29,3579.0,Calculado
21206990,TIBAITATA - AUT [21206990],RAD SOLAR,Radiación solar global horaria VALIDADA,Wh/m^2,2010-09-30,2149.9,Calculado
21206990,TIBAITATA - AUT [21206990],RAD SOLAR,Radiación solar global horaria VALIDADA,Wh/m^2,2010-10-01,4995.4,Calculado
21206990,TIBAITATA - AUT [21206990],RAD SOLAR,Radiación solar global horaria VALIDADA,Wh/m^2,2010-10-02,2752.6,Calculado
21206990,TIBAITATA - AUT [21206990],RAD SOLAR,Radiación solar global horaria VALIDADA,Wh/m^2,2010-10-03,4922.5,Calculado
21206990,TIBAITATA - AUT [21206990],RAD SOLAR,Radiación solar global horaria VALIDADA,Wh/m^2,2010-10-04,2384.7,Calculado
21206990,TIBAITATA - AUT [21206990],RAD SOLAR,Radiación solar global horaria VALIDADA,Wh/m^2,2010-10-05,4365.2,Calculado
21206990,TIBAITATA - AUT [21206990],RAD SOLAR,Radiación solar global horaria VALIDADA,Wh/m^2,2010-10-06,2863.1,Calculado
21206990,TIBAITATA - AUT [21206990],RAD SOLAR,Radiación solar global horaria VALIDADA,Wh/m^2,2010-10-07,6228.8,Calculado
21206990,TIBAITATA - AUT [21206990],RAD SOLAR,Radiación solar global horaria VALIDADA,Wh/m^2,2010-10-08,3453.3,Calculado
21206990,TIBAITATA - AUT [21206990],RAD SOLAR,Radiación solar global horaria VALIDADA,Wh/m^2,2010-10-09,2913.4,Calculado
21206990,TIBAITATA - AUT [21206990],RAD SOLAR,Radiación solar global horaria VALIDADA,Wh/m^2,2010-10-10,6472.2,Calculado
21206990,TIBAITATA - AUT [21206990],RAD SOLAR,Radiación solar global horaria VALIDADA,Wh/m^2,2010-10-11,5969.8,Calculado
21206990,TIBAITATA - AUT [21206990],RAD SOLAR,Radiación solar global horaria VALIDADA,Wh/m^2,2010-10-12,2831.8,Calculado
21206990,TIBAITATA - AUT [21206990],RAD SOLAR,Radiación solar global horaria VALIDADA,Wh/m^2,2010-10-13,3192.1,Calculado
21206990,TIBAITATA - AUT [21206990],RAD SOLAR,Radiación solar global horaria VALIDADA,Wh/m^2,2010-10-14,2768.9,Calculado
21206990,TIBAITATA - AUT [21206990],RAD SOLAR,Radiación solar global horaria VALIDADA,Wh/m^2,2010-10-15,2019.2,Calculado
21206990,TIBAITATA - AUT [21206990],RAD SOLAR,Radiación solar global horaria VALIDADA,Wh/m^2,2010-10-16,2152.4,Calculado
21206990,TIBAITATA - AUT [21206990],RAD SOLAR,Radiación solar global horaria VALIDADA,Wh/m^2,2010-10-17,3422.1,Calculado
21206990,TIBAITATA - AUT [21206990],RAD SOLAR,Radiación solar global horaria VALIDADA,Wh/m^2,2010-10-18,3989.5,Calculado
21206990,TIBAITATA - AUT [21206990],RAD SOLAR,Radiación solar global horaria VALIDADA,Wh/m^2,2010-10-19,4745.5,Calculado
21206990,TIBAITATA - AUT [21206990],RAD SOLAR,Radiación solar global horaria VALIDADA,Wh/m^2,2010-10-20,2555.4,Calculado
21206990,TIBAITATA - AUT [21206990],RAD SOLAR,Radiación solar global horaria VALIDADA,Wh/m^2,2010-10-21,3011.4,Calculado
21206990,TIBAITATA - AUT [21206990],RAD SOLAR,Radiación solar global horaria VALIDADA,Wh/m^2,2010-10-22,2801.6,Calculado
21206990,TIBAITATA - AUT [21206990],RAD SOLAR,Radiación solar global horaria VALIDADA,Wh/m^2,2010-10-23,4242.0,Calculado
21206990,TIBAITATA - AUT [21206990],RAD SOLAR,Radiación solar global horaria VALIDADA,Wh/m^2,2010-10-24,4324.8,Calculado
21206990,TIBAITATA - AUT [21206990],RAD SOLAR,Radiación solar global horaria VALIDADA,Wh/m^2,2010-10-25,4402.7,Calculado
21206990,TIBAITATA - AUT [21206990],RAD SOLAR,Radiación solar global horaria VALIDADA,Wh/m^2,2010-10-26,2922.2000000000003,Calculado
21206990,TIBAITATA - AUT [21206990],RAD SOLAR,Radiación solar global horaria VALIDADA,Wh/m^2,2010-10-27,3529.9,Calculado
21206990,TIBAITATA - AUT [21206990],RAD SOLAR,Radiación solar global horaria VALIDADA,Wh/m^2,2010-10-28,4122.599999999999,Calculado
21206990,TIBAITATA - AUT [21206990],RAD SOLAR,Radiación solar global horaria VALIDADA,Wh/m^2,2010-10-29,5825.4,Calculado
21206990,TIBAITATA - AUT [21206990],RAD SOLAR,Radiación solar global horaria VALIDADA,Wh/m^2,2010-10-30,3643.0,Calculado
21206990,TIBAITATA - AUT [21206990],RAD SOLAR,Radiación solar global horaria VALIDADA,Wh/m^2,2010-10-31,2590.6,Calculado
21206990,TIBAITATA - AUT [21206990],RAD SOLAR,Radiación solar global horaria VALIDADA,Wh/m^2,2010-11-01,2176.3,Calculado
21206990,TIBAITATA - AUT [21206990],RAD SOLAR,Radiación solar global horaria VALIDADA,Wh/m^2,2010-11-02,2180.1,Calculado
21206990,TIBAITATA - AUT [21206990],RAD SOLAR,Radiación solar global horaria VALIDADA,Wh/m^2,2010-11-03,4400.2,Calculado
21206990,TIBAITATA - AUT [21206990],RAD SOLAR,Radiación solar global horaria VALIDADA,Wh/m^2,2010-11-04,3631.6,Calculado
21206990,TIBAITATA - AUT [21206990],RAD SOLAR,Radiación solar global horaria VALIDADA,Wh/m^2,2010-11-05,3827.5,Calculado
21206990,TIBAITATA - AUT [21206990],RAD SOLAR,Radiación solar global horaria VALIDADA,Wh/m^2,2010-11-06,2412.3,Calculado
21206990,TIBAITATA - AUT [21206990],RAD SOLAR,Radiación solar global horaria VALIDADA,Wh/m^2,2010-11-07,2824.1,Calculado
21206990,TIBAITATA - AUT [21206990],RAD SOLAR,Radiación solar global horaria VALIDADA,Wh/m^2,2010-11-08,1636.2,Calculado
21206990,TIBAITATA - AUT [21206990],RAD SOLAR,Radiación solar global horaria VALIDADA,Wh/m^2,2010-11-09,3803.7,Calculado
21206990,TIBAITATA - AUT [21206990],RAD SOLAR,Radiación solar global horaria VALIDADA,Wh/m^2,2010-11-10,2312.0,Calculado
21206990,TIBAITATA - AUT [21206990],RAD SOLAR,Radiación solar global horaria VALIDADA,Wh/m^2,2010-11-11,1940.2,Calculado
21206990,TIBAITATA - AUT [21206990],RAD SOLAR,Radiación solar global horaria VALIDADA,Wh/m^2,2010-11-12,1799.4,Calculado
21206990,TIBAITATA - AUT [21206990],RAD SOLAR,Radiación solar global horaria VALIDADA,Wh/m^2,2010-11-13,2652.2,Calculado
21206990,TIBAITATA - AUT [21206990],RAD SOLAR,Radiación solar global horaria VALIDADA,Wh/m^2,2010-11-14,2102.1,Calculado
21206990,TIBAITATA - AUT [21206990],RAD SOLAR,Radiación solar global horaria VALIDADA,Wh/m^2,2010-11-15,2217.7,Calculado
21206990,TIBAITATA - AUT [21206990],RAD SOLAR,Radiación solar global horaria VALIDADA,Wh/m^2,2010-11-16,3183.3,Calculado
21206990,TIBAITATA - AUT [21206990],RAD SOLAR,Radiación solar global horaria VALIDADA,Wh/m^2,2010-11-17,2596.9,Calculado
21206990,TIBAITATA - AUT [21206990],RAD SOLAR,Radiación solar global horaria VALIDADA,Wh/m^2,2010-11-18,2456.3,Calculado
21206990,TIBAITATA - AUT [21206990],RAD SOLAR,Radiación solar global horaria VALIDADA,Wh/m^2,2010-11-19,3272.6,Calculado
21206990,TIBAITATA - AUT [21206990],RAD SOLAR,Radiación solar global horaria VALIDADA,Wh/m^2,2010-11-20,3341.5,Calculado
21206990,TIBAITATA - AUT [21206990],RAD SOLAR,Radiación solar global horaria VALIDADA,Wh/m^2,2010-11-21,2810.4,Calculado
21206990,TIBAITATA - AUT [21206990],RAD SOLAR,Radiación solar global horaria VALIDADA,Wh/m^2,2010-11-22,3612.9,Calculado
21206990,TIBAITATA - AUT [21206990],RAD SOLAR,Radiación solar global horaria VALIDADA,Wh/m^2,2010-11-23,4574.6,Calculado
21206990,TIBAITATA - AUT [21206990],RAD SOLAR,Radiación solar global horaria VALIDADA,Wh/m^2,2010-11-24,2988.7,Calculado
21206990,TIBAITATA - AUT [21206990],RAD SOLAR,Radiación solar global horaria VALIDADA,Wh/m^2,2010-11-25,3662.9,Calculado
21206990,TIBAITATA - AUT [21206990],RAD SOLAR,Radiación solar global horaria VALIDADA,Wh/m^2,2010-11-26,4744.3,Calculado
21206990,TIBAITATA - AUT [21206990],RAD SOLAR,Radiación solar global horaria VALIDADA,Wh/m^2,2010-11-27,2570.6,Calculado
21206990,TIBAITATA - AUT [21206990],RAD SOLAR,Radiación solar global horaria VALIDADA,Wh/m^2,2010-11-28,2817.9,Calculado
21206990,TIBAITATA - AUT [21206990],RAD SOLAR,Radiación solar global horaria VALIDADA,Wh/m^2,2010-11-29,4321.1,Calculado
21206990,TIBAITATA - AUT [21206990],RAD SOLAR,Radiación solar global horaria VALIDADA,Wh/m^2,2010-11-30,2799.1,Calculado
21206990,TIBAITATA - AUT [21206990],RAD SOLAR,Radiación solar global horaria VALIDADA,Wh/m^2,2010-12-01,2505.2999999999997,Calculado
21206990,TIBAITATA - AUT [21206990],RAD SOLAR,Radiación solar global horaria VALIDADA,Wh/m^2,2010-12-02,2903.2,Calculado
21206990,TIBAITATA - AUT [21206990],RAD SOLAR,Radiación solar global horaria VALIDADA,Wh/m^2,2010-12-03,1920.1000000000001,Calculado
21206990,TIBAITATA - AUT [21206990],RAD SOLAR,Radiación solar global horaria VALIDADA,Wh/m^2,2010-12-04,688.1,Calculado
21206990,TIBAITATA - AUT [21206990],RAD SOLAR,Radiación solar global horaria VALIDADA,Wh/m^2,2010-12-05,4144.0,Calculado
21206990,TIBAITATA - AUT [21206990],RAD SOLAR,Radiación solar global horaria VALIDADA,Wh/m^2,2010-12-06,4548.4,Calculado
21206990,TIBAITATA - AUT [21206990],RAD SOLAR,Radiación solar global horaria VALIDADA,Wh/m^2,2010-12-07,2894.5,Calculado
21206990,TIBAITATA - AUT [21206990],RAD SOLAR,Radiación solar global horaria VALIDADA,Wh/m^2,2010-12-08,2874.5,Calculado
21206990,TIBAITATA - AUT [21206990],RAD SOLAR,Radiación solar global horaria VALIDADA,Wh/m^2,2010-12-09,4551.0,Calculado
21206990,TIBAITATA - AUT [21206990],RAD SOLAR,Radiación solar global horaria VALIDADA,Wh/m^2,2010-12-10,4093.7,Calculado
21206990,TIBAITATA - AUT [21206990],RAD SOLAR,Radiación solar global horaria VALIDADA,Wh/m^2,2010-12-11,5006.7,Calculado
21206990,TIBAITATA - AUT [21206990],RAD SOLAR,Radiación solar global horaria VALIDADA,Wh/m^2,2010-12-12,3649.3,Calculado
21206990,TIBAITATA - AUT [21206990],RAD SOLAR,Radiación solar global horaria VALIDADA,Wh/m^2,2010-12-13,4552.2,Calculado
21206990,TIBAITATA - AUT [21206990],RAD SOLAR,Radiación solar global horaria VALIDADA,Wh/m^2,2010-12-14,3518.5,Calculado
21206990,TIBAITATA - AUT [21206990],RAD SOLAR,Radiación solar global horaria VALIDADA,Wh/m^2,2010-12-15,2991.4,Calculado
21206990,TIBAITATA - AUT [21206990],RAD SOLAR,Radiación solar global horaria VALIDADA,Wh/m^2,2010-12-16,2552.8,Calculado
21206990,TIBAITATA - AUT [21206990],RAD SOLAR,Radiación solar global horaria VALIDADA,Wh/m^2,2010-12-17,3668.1,Calculado
21206990,TIBAITATA - AUT [21206990],RAD SOLAR,Radiación solar global horaria VALIDADA,Wh/m^2,2010-12-18,1992.8,Calculado
21206990,TIBAITATA - AUT [21206990],RAD SOLAR,Radiación solar global horaria VALIDADA,Wh/m^2,2010-12-19,3832.6000000000004,Calculado
21206990,TIBAITATA - AUT [21206990],RAD SOLAR,Radiación solar global horaria VALIDADA,Wh/m^2,2010-12-20,3089.1,Calculado
21206990,TIBAITATA - AUT [21206990],RAD SOLAR,Radiación solar global horaria VALIDADA,Wh/m^2,2010-12-21,3068.9,Calculado
21206990,TIBAITATA - AUT [21206990],RAD SOLAR,Radiación solar global horaria VALIDADA,Wh/m^2,2010-12-22,3007.6,Calculado
21206990,TIBAITATA - AUT [21206990],RAD SOLAR,Radiación solar global horaria VALIDADA,Wh/m^2,2010-12-23,2622.1,Calculado
21206990,TIBAITATA - AUT [21206990],RAD SOLAR,Radiación solar global horaria VALIDADA,Wh/m^2,2010-12-24,2666.0,Calculado
21206990,TIBAITATA - AUT [21206990],RAD SOLAR,Radiación solar global horaria VALIDADA,Wh/m^2,2010-12-25,3069.1,Calculado
21206990,TIBAITATA - AUT [21206990],RAD SOLAR,Radiación solar global horaria VALIDADA,Wh/m^2,2010-12-26,2325.7,Calculado
21206990,TIBAITATA - AUT [21206990],RAD SOLAR,Radiación solar global horaria VALIDADA,Wh/m^2,2010-12-27,594.0,Calculado
21206990,TIBAITATA - AUT [21206990],RAD SOLAR,Radiación solar global horaria VALIDADA,Wh/m^2,2010-12-28,1524.5,Calculado
21206990,TIBAITATA - AUT [21206990],RAD SOLAR,Radiación solar global horaria VALIDADA,Wh/m^2,2010-12-29,5509.0,Calculado
21206990,TIBAITATA - AUT [21206990],RAD SOLAR,Radiación solar global horaria VALIDADA,Wh/m^2,2010-12-30,5663.4,Calculado
21206990,TIBAITATA - AUT [21206990],RAD SOLAR,Radiación solar global horaria VALIDADA,Wh/m^2,2010-12-31,6359.0,Calculado
21206990,TIBAITATA - AUT [21206990],RAD SOLAR,Radiación solar global horaria VALIDADA,Wh/m^2,2011-01-01,4770.5,Calculado
21206990,TIBAITATA - AUT [21206990],RAD SOLAR,Radiación solar global horaria VALIDADA,Wh/m^2,2011-01-02,5746.4,Calculado
21206990,TIBAITATA - AUT [21206990],RAD SOLAR,Radiación solar global horaria VALIDADA,Wh/m^2,2011-01-03,3874.0,Calculado
21206990,TIBAITATA - AUT [21206990],RAD SOLAR,Radiación solar global horaria VALIDADA,Wh/m^2,2011-01-04,2743.9,Calculado
21206990,TIBAITATA - AUT [21206990],RAD SOLAR,Radiación solar global horaria VALIDADA,Wh/m^2,2011-01-05,5068.1,Calculado
21206990,TIBAITATA - AUT [21206990],RAD SOLAR,Radiación solar global horaria VALIDADA,Wh/m^2,2011-01-06,5033.099999999999,Calculado
21206990,TIBAITATA - AUT [21206990],RAD SOLAR,Radiación solar global horaria VALIDADA,Wh/m^2,2011-01-07,4157.9,Calculado
21206990,TIBAITATA - AUT [21206990],RAD SOLAR,Radiación solar global horaria VALIDADA,Wh/m^2,2011-01-08,1874.7,Calculado
21206990,TIBAITATA - AUT [21206990],RAD SOLAR,Radiación solar global horaria VALIDADA,Wh/m^2,2011-01-09,1377.8,Calculado
21206990,TIBAITATA - AUT [21206990],RAD SOLAR,Radiación solar global horaria VALIDADA,Wh/m^2,2011-01-10,2441.2,Calculado
21206990,TIBAITATA - AUT [21206990],RAD SOLAR,Radiación solar global horaria VALIDADA,Wh/m^2,2011-01-11,3969.4,Calculado
21206990,TIBAITATA - AUT [21206990],RAD SOLAR,Radiación solar global horaria VALIDADA,Wh/m^2,2011-01-12,5360.8,Calculado
21206990,TIBAITATA - AUT [21206990],RAD SOLAR,Radiación solar global horaria VALIDADA,Wh/m^2,2011-01-13,5077.1,Calculado
21206990,TIBAITATA - AUT [21206990],RAD SOLAR,Radiación solar global horaria VALIDADA,Wh/m^2,2011-01-14,6194.6,Calculado
21206990,TIBAITATA - AUT [21206990],RAD SOLAR,Radiación solar global horaria VALIDADA,Wh/m^2,2011-01-15,6374.2,Calculado
21206990,TIBAITATA - AUT [21206990],RAD SOLAR,Radiación solar global horaria VALIDADA,Wh/m^2,2011-01-16,4941.5,Calculado
21206990,TIBAITATA - AUT [21206990],RAD SOLAR,Radiación solar global horaria VALIDADA,Wh/m^2,2011-01-17,6318.900000000001,Calculado
21206990,TIBAITATA - AUT [21206990],RAD SOLAR,Radiación solar global horaria VALIDADA,Wh/m^2,2011-01-18,5578.1,Calculado
21206990,TIBAITATA - AUT [21206990],RAD SOLAR,Radiación solar global horaria VALIDADA,Wh/m^2,2011-01-19,5439.9,Calculado
21206990,TIBAITATA - AUT [21206990],RAD SOLAR,Radiación solar global horaria VALIDADA,Wh/m^2,2011-01-20,6497.2,Calculado
21206990,TIBAITATA - AUT [21206990],RAD SOLAR,Radiación solar global horaria VALIDADA,Wh/m^2,2011-01-21,5995.1,Calculado
21206990,TIBAITATA - AUT [21206990],RAD SOLAR,Radiación solar global horaria VALIDADA,Wh/m^2,2011-01-22,5781.4,Calculado
21206990,TIBAITATA - AUT [21206990],RAD SOLAR,Radiación solar global horaria VALIDADA,Wh/m^2,2011-01-23,5352.0,Calculado
21206990,TIBAITATA - AUT [21206990],RAD SOLAR,Radiación solar global horaria VALIDADA,Wh/m^2,2011-01-24,5545.4,Calculado
21206990,TIBAITATA - AUT [21206990],RAD SOLAR,Radiación solar global horaria VALIDADA,Wh/m^2,2011-01-25,5822.9,Calculado
21206990,TIBAITATA - AUT [21206990],RAD SOLAR,Radiación solar global horaria VALIDADA,Wh/m^2,2011-01-26,5818.1,Calculado
21206990,TIBAITATA - AUT [21206990],RAD SOLAR,Radiación solar global horaria VALIDADA,Wh/m^2,2011-01-27,4461.6,Calculado
21206990,TIBAITATA - AUT [21206990],RAD SOLAR,Radiación solar global horaria VALIDADA,Wh/m^2,2011-01-28,5359.5,Calculado
21206990,TIBAITATA - AUT [21206990],RAD SOLAR,Radiación solar global horaria VALIDADA,Wh/m^2,2011-01-29,5137.3,Calculado
21206990,TIBAITATA - AUT [21206990],RAD SOLAR,Radiación solar global horaria VALIDADA,Wh/m^2,2011-01-30,6434.6,Calculado
21206990,TIBAITATA - AUT [21206990],RAD SOLAR,Radiación solar global horaria VALIDADA,Wh/m^2,2011-01-31,4862.2,Calculado
21206990,TIBAITATA - AUT [21206990],RAD SOLAR,Radiación solar global horaria VALIDADA,Wh/m^2,2011-02-01,4014.6,Calculado
21206990,TIBAITATA - AUT [21206990],RAD SOLAR,Radiación solar global horaria VALIDADA,Wh/m^2,2011-02-02,5399.7,Calculado
21206990,TIBAITATA - AUT [21206990],RAD SOLAR,Radiación solar global horaria VALIDADA,Wh/m^2,2011-02-03,5064.3,Calculado
21206990,TIBAITATA - AUT [21206990],RAD SOLAR,Radiación solar global horaria VALIDADA,Wh/m^2,2011-02-04,5165.0,Calculado
21206990,TIBAITATA - AUT [21206990],RAD SOLAR,Radiación solar global horaria VALIDADA,Wh/m^2,2011-02-05,5688.6,Calculado
21206990,TIBAITATA - AUT [21206990],RAD SOLAR,Radiación solar global horaria VALIDADA,Wh/m^2,2011-02-06,3635.3999999999996,Calculado
21206990,TIBAITATA - AUT [21206990],RAD SOLAR,Radiación solar global horaria VALIDADA,Wh/m^2,2011-02-07,2718.7,Calculado
21206990,TIBAITATA - AUT [21206990],RAD SOLAR,Radiación solar global horaria VALIDADA,Wh/m^2,2011-02-08,2468.7,Calculado
21206990,TIBAITATA - AUT [21206990],RAD SOLAR,Radiación solar global horaria VALIDADA,Wh/m^2,2011-02-09,1668.9,Calculado
21206990,TIBAITATA - AUT [21206990],RAD SOLAR,Radiación solar global horaria VALIDADA,Wh/m^2,2011-02-10,3418.4,Calculado
21206990,TIBAITATA - AUT [21206990],RAD SOLAR,Radiación solar global horaria VALIDADA,Wh/m^2,2011-02-11,1863.6000000000001,Calculado
21206990,TIBAITATA - AUT [21206990],RAD SOLAR,Radiación solar global horaria VALIDADA,Wh/m^2,2011-02-12,3259.9,Calculado
21206990,TIBAITATA - AUT [21206990],RAD SOLAR,Radiación solar global horaria VALIDADA,Wh/m^2,2011-02-13,3895.2,Calculado
21206990,TIBAITATA - AUT [21206990],RAD SOLAR,Radiación solar global horaria VALIDADA,Wh/m^2,2011-02-14,1609.8999999999999,Calculado
21206990,TIBAITATA - AUT [21206990],RAD SOLAR,Radiación solar global horaria VALIDADA,Wh/m^2,2011-02-15,3568.8,Calculado
21206990,TIBAITATA - AUT [21206990],RAD SOLAR,Radiación solar global horaria VALIDADA,Wh/m^2,2011-02-16,2695.0,Calculado
21206990,TIBAITATA - AUT [21206990],RAD SOLAR,Radiación solar global horaria VALIDADA,Wh/m^2,2011-02-17,4229.2,Calculado
21206990,TIBAITATA - AUT [21206990],RAD SOLAR,Radiación solar global horaria VALIDADA,Wh/m^2,2011-02-18,4400.1,Calculado
21206990,TIBAITATA - AUT [21206990],RAD SOLAR,Radiación solar global horaria VALIDADA,Wh/m^2,2011-02-19,5212.6,Calculado
21206990,TIBAITATA - AUT [21206990],RAD SOLAR,Radiación solar global horaria VALIDADA,Wh/m^2,2011-02-20,5127.2,Calculado
21206990,TIBAITATA - AUT [21206990],RAD SOLAR,Radiación solar global horaria VALIDADA,Wh/m^2,2011-02-21,5845.5,Calculado
21206990,TIBAITATA - AUT [21206990],RAD SOLAR,Radiación solar global horaria VALIDADA,Wh/m^2,2011-02-22,4835.9,Calculado
21206990,TIBAITATA - AUT [21206990],RAD SOLAR,Radiación solar global horaria VALIDADA,Wh/m^2,2011-02-23,3079.1,Calculado
21206990,TIBAITATA - AUT [21206990],RAD SOLAR,Radiación solar global horaria VALIDADA,Wh/m^2,2011-02-24,1900.0,Calculado
21206990,TIBAITATA - AUT [21206990],RAD SOLAR,Radiación solar global horaria VALIDADA,Wh/m^2,2011-02-25,2990.1,Calculado
21206990,TIBAITATA - AUT [21206990],RAD SOLAR,Radiación solar global horaria VALIDADA,Wh/m^2,2011-02-26,3208.5,Calculado
21206990,TIBAITATA - AUT [21206990],RAD SOLAR,Radiación solar global horaria VALIDADA,Wh/m^2,2011-02-27,2211.4,Calculado
21206990,TIBAITATA - AUT [21206990],RAD SOLAR,Radiación solar global horaria VALIDADA,Wh/m^2,2011-02-28,2478.9,Calculado
21206990,TIBAITATA - AUT [21206990],RAD SOLAR,Radiación solar global horaria VALIDADA,Wh/m^2,2011-03-01,4745.4,Calculado
21206990,TIBAITATA - AUT [21206990],RAD SOLAR,Radiación solar global horaria VALIDADA,Wh/m^2,2011-03-02,2576.9,Calculado
21206990,TIBAITATA - AUT [21206990],RAD SOLAR,Radiación solar global horaria VALIDADA,Wh/m^2,2011-03-03,3314.1,Calculado
21206990,TIBAITATA - AUT [21206990],RAD SOLAR,Radiación solar global horaria VALIDADA,Wh/m^2,2011-03-04,2128.4,Calculado
21206990,TIBAITATA - AUT [21206990],RAD SOLAR,Radiación solar global horaria VALIDADA,Wh/m^2,2011-03-05,2652.3,Calculado
21206990,TIBAITATA - AUT [21206990],RAD SOLAR,Radiación solar global horaria VALIDADA,Wh/m^2,2011-03-06,2502.7000000000003,Calculado
21206990,TIBAITATA - AUT [21206990],RAD SOLAR,Radiación solar global horaria VALIDADA,Wh/m^2,2011-03-07,1930.1,Calculado
21206990,TIBAITATA - AUT [21206990],RAD SOLAR,Radiación solar global horaria VALIDADA,Wh/m^2,2011-03-08,2187.5,Calculado
21206990,TIBAITATA - AUT [21206990],RAD SOLAR,Radiación solar global horaria VALIDADA,Wh/m^2,2011-03-09,2939.8,Calculado
21206990,TIBAITATA - AUT [21206990],RAD SOLAR,Radiación solar global horaria VALIDADA,Wh/m^2,2011-03-10,2359.6,Calculado
21206990,TIBAITATA - AUT [21206990],RAD SOLAR,Radiación solar global horaria VALIDADA,Wh/m^2,2011-03-11,4447.8,Calculado
21206990,TIBAITATA - AUT [21206990],RAD SOLAR,Radiación solar global horaria VALIDADA,Wh/m^2,2011-03-12,5703.7,Calculado
21206990,TIBAITATA - AUT [21206990],RAD SOLAR,Radiación solar global horaria VALIDADA,Wh/m^2,2011-03-13,4559.6,Calculado
21206990,TIBAITATA - AUT [21206990],RAD SOLAR,Radiación solar global horaria VALIDADA,Wh/m^2,2011-03-14,4272.1,Calculado
21206990,TIBAITATA - AUT [21206990],RAD SOLAR,Radiación solar global horaria VALIDADA,Wh/m^2,2011-03-15,6137.0,Calculado
21206990,TIBAITATA - AUT [21206990],RAD SOLAR,Radiación solar global horaria VALIDADA,Wh/m^2,2011-03-16,4203.2,Calculado
21206990,TIBAITATA - AUT [21206990],RAD SOLAR,Radiación solar global horaria VALIDADA,Wh/m^2,2011-03-17,2385.9,Calculado
21206990,TIBAITATA - AUT [21206990],RAD SOLAR,Radiación solar global horaria VALIDADA,Wh/m^2,2011-03-18,2416.0,Calculado
21206990,TIBAITATA - AUT [21206990],RAD SOLAR,Radiación solar global horaria VALIDADA,Wh/m^2,2011-03-19,2758.9,Calculado
21206990,TIBAITATA - AUT [21206990],RAD SOLAR,Radiación solar global horaria VALIDADA,Wh/m^2,2011-03-20,894.0,Calculado
21206990,TIBAITATA - AUT [21206990],RAD SOLAR,Radiación solar global horaria VALIDADA,Wh/m^2,2011-04-07,1146.5,Calculado
21206990,TIBAITATA - AUT [21206990],RAD SOLAR,Radiación solar global horaria VALIDADA,Wh/m^2,2011-04-08,3170.7,Calculado
21206990,TIBAITATA - AUT [21206990],RAD SOLAR,Radiación solar global horaria VALIDADA,Wh/m^2,2011-04-09,3458.3,Calculado
21206990,TIBAITATA - AUT [21206990],RAD SOLAR,Radiación solar global horaria VALIDADA,Wh/m^2,2011-04-10,1577.3,Calculado
21206990,TIBAITATA - AUT [21206990],RAD SOLAR,Radiación solar global horaria VALIDADA,Wh/m^2,2011-04-11,4318.5,Calculado
21206990,TIBAITATA - AUT [21206990],RAD SOLAR,Radiación solar global horaria VALIDADA,Wh/m^2,2011-04-12,1675.1,Calculado
21206990,TIBAITATA - AUT [21206990],RAD SOLAR,Radiación solar global horaria VALIDADA,Wh/m^2,2011-04-13,3405.5,Calculado
21206990,TIBAITATA - AUT [21206990],RAD SOLAR,Radiación solar global horaria VALIDADA,Wh/m^2,2011-04-14,3925.5,Calculado
21206990,TIBAITATA - AUT [21206990],RAD SOLAR,Radiación solar global horaria VALIDADA,Wh/m^2,2011-04-15,1198.2,Calculado
21206990,TIBAITATA - AUT [21206990],RAD SOLAR,Radiación solar global horaria VALIDADA,Wh/m^2,2011-04-16,3091.7,Calculado
21206990,TIBAITATA - AUT [21206990],RAD SOLAR,Radiación solar global horaria VALIDADA,Wh/m^2,2011-04-17,1870.0,Calculado
21206990,TIBAITATA - AUT [21206990],RAD SOLAR,Radiación solar global horaria VALIDADA,Wh/m^2,2011-05-06,41.4,Calculado
21206990,TIBAITATA - AUT [21206990],RAD SOLAR,Radiación solar global horaria VALIDADA,Wh/m^2,2011-05-07,3265.0,Calculado
21206990,TIBAITATA - AUT [21206990],RAD SOLAR,Radiación solar global horaria VALIDADA,Wh/m^2,2011-05-08,2393.4,Calculado
21206990,TIBAITATA - AUT [21206990],RAD SOLAR,Radiación solar global horaria VALIDADA,Wh/m^2,2011-05-09,1372.5,Calculado
21206990,TIBAITATA - AUT [21206990],RAD SOLAR,Radiación solar global horaria VALIDADA,Wh/m^2,2011-05-10,2168.7,Calculado
21206990,TIBAITATA - AUT [21206990],RAD SOLAR,Radiación solar global horaria VALIDADA,Wh/m^2,2011-05-11,1916.4,Calculado
21206990,TIBAITATA - AUT [21206990],RAD SOLAR,Radiación solar global horaria VALIDADA,Wh/m^2,2011-05-12,2217.7,Calculado
21206990,TIBAITATA - AUT [21206990],RAD SOLAR,Radiación solar global horaria VALIDADA,Wh/m^2,2011-05-13,2797.7,Calculado
21206990,TIBAITATA - AUT [21206990],RAD SOLAR,Radiación solar global horaria VALIDADA,Wh/m^2,2011-05-14,2367.1,Calculado
21206990,TIBAITATA - AUT [21206990],RAD SOLAR,Radiación solar global horaria VALIDADA,Wh/m^2,2011-05-15,2574.2999999999997,Calculado
21206990,TIBAITATA - AUT [21206990],RAD SOLAR,Radiación solar global horaria VALIDADA,Wh/m^2,2011-05-16,1866.1,Calculado
21206990,TIBAITATA - AUT [21206990],RAD SOLAR,Radiación solar global horaria VALIDADA,Wh/m^2,2011-05-17,3892.9,Calculado
21206990,TIBAITATA - AUT [21206990],RAD SOLAR,Radiación solar global horaria VALIDADA,Wh/m^2,2011-05-18,3504.7000000000003,Calculado
21206990,TIBAITATA - AUT [21206990],RAD SOLAR,Radiación solar global horaria VALIDADA,Wh/m^2,2011-05-19,2021.9,Calculado
21206990,TIBAITATA - AUT [21206990],RAD SOLAR,Radiación solar global horaria VALIDADA,Wh/m^2,2011-05-20,3155.7000000000003,Calculado
21206990,TIBAITATA - AUT [21206990],RAD SOLAR,Radiación solar global horaria VALIDADA,Wh/m^2,2011-05-21,2078.4,Calculado
21206990,TIBAITATA - AUT [21206990],RAD SOLAR,Radiación solar global horaria VALIDADA,Wh/m^2,2011-05-22,3356.6,Calculado
21206990,TIBAITATA - AUT [21206990],RAD SOLAR,Radiación solar global horaria VALIDADA,Wh/m^2,2011-05-23,2025.5,Calculado
21206990,TIBAITATA - AUT [21206990],RAD SOLAR,Radiación solar global horaria VALIDADA,Wh/m^2,2011-05-24,2691.1,Calculado
21206990,TIBAITATA - AUT [21206990],RAD SOLAR,Radiación solar global horaria VALIDADA,Wh/m^2,2011-05-25,1191.8,Calculado
21206990,TIBAITATA - AUT [21206990],RAD SOLAR,Radiación solar global horaria VALIDADA,Wh/m^2,2011-05-26,1461.7,Calculado
21206990,TIBAITATA - AUT [21206990],RAD SOLAR,Radiación solar global horaria VALIDADA,Wh/m^2,2011-05-27,3496.1,Calculado
21206990,TIBAITATA - AUT [21206990],RAD SOLAR,Radiación solar global horaria VALIDADA,Wh/m^2,2011-05-28,2524.1,Calculado
21206990,TIBAITATA - AUT [21206990],RAD SOLAR,Radiación solar global horaria VALIDADA,Wh/m^2,2011-05-29,3039.0,Calculado
21206990,TIBAITATA - AUT [21206990],RAD SOLAR,Radiación solar global horaria VALIDADA,Wh/m^2,2011-05-30,2061.9,Calculado
21206990,TIBAITATA - AUT [21206990],RAD SOLAR,Radiación solar global horaria VALIDADA,Wh/m^2,2011-05-31,3218.5,Calculado
21206990,TIBAITATA - AUT [21206990],RAD SOLAR,Radiación solar global horaria VALIDADA,Wh/m^2,2011-06-01,2038.0,Calculado
21206990,TIBAITATA - AUT [21206990],RAD SOLAR,Radiación solar global horaria VALIDADA,Wh/m^2,2011-06-02,2306.9,Calculado
21206990,TIBAITATA - AUT [21206990],RAD SOLAR,Radiación solar global horaria VALIDADA,Wh/m^2,2011-06-03,1348.6000000000001,Calculado
21206990,TIBAITATA - AUT [21206990],RAD SOLAR,Radiación solar global horaria VALIDADA,Wh/m^2,2011-06-04,976.9,Calculado
21206990,TIBAITATA - AUT [21206990],RAD SOLAR,Radiación solar global horaria VALIDADA,Wh/m^2,2011-06-05,4196.8,Calculado
21206990,TIBAITATA - AUT [21206990],RAD SOLAR,Radiación solar global horaria VALIDADA,Wh/m^2,2011-06-06,2431.2000000000003,Calculado
21206990,TIBAITATA - AUT [21206990],RAD SOLAR,Radiación solar global horaria VALIDADA,Wh/m^2,2011-06-07,3691.9,Calculado
21206990,TIBAITATA - AUT [21206990],RAD SOLAR,Radiación solar global horaria VALIDADA,Wh/m^2,2011-06-08,2347.0,Calculado
21206990,TIBAITATA - AUT [21206990],RAD SOLAR,Radiación solar global horaria VALIDADA,Wh/m^2,2011-06-09,1555.9,Calculado
21206990,TIBAITATA - AUT [21206990],RAD SOLAR,Radiación solar global horaria VALIDADA,Wh/m^2,2011-06-10,2775.4,Calculado
21206990,TIBAITATA - AUT [21206990],RAD SOLAR,Radiación solar global horaria VALIDADA,Wh/m^2,2011-06-11,1582.3,Calculado
21206990,TIBAITATA - AUT [21206990],RAD SOLAR,Radiación solar global horaria VALIDADA,Wh/m^2,2011-06-12,2945.9,Calculado
21206990,TIBAITATA - AUT [21206990],RAD SOLAR,Radiación solar global horaria VALIDADA,Wh/m^2,2011-06-13,1928.8,Calculado
21206990,TIBAITATA - AUT [21206990],RAD SOLAR,Radiación solar global horaria VALIDADA,Wh/m^2,2011-06-14,2824.2,Calculado
21206990,TIBAITATA - AUT [21206990],RAD SOLAR,Radiación solar global horaria VALIDADA,Wh/m^2,2011-06-15,3848.9,Calculado
21206990,TIBAITATA - AUT [21206990],RAD SOLAR,Radiación solar global horaria VALIDADA,Wh/m^2,2011-06-16,1891.2,Calculado
21206990,TIBAITATA - AUT [21206990],RAD SOLAR,Radiación solar global horaria VALIDADA,Wh/m^2,2011-06-17,1643.9,Calculado
21206990,TIBAITATA - AUT [21206990],RAD SOLAR,Radiación solar global horaria VALIDADA,Wh/m^2,2011-06-18,2310.6,Calculado
21206990,TIBAITATA - AUT [21206990],RAD SOLAR,Radiación solar global horaria VALIDADA,Wh/m^2,2011-06-19,3564.9,Calculado
21206990,TIBAITATA - AUT [21206990],RAD SOLAR,Radiación solar global horaria VALIDADA,Wh/m^2,2011-06-20,2659.7,Calculado
21206990,TIBAITATA - AUT [21206990],RAD SOLAR,Radiación solar global horaria VALIDADA,Wh/m^2,2011-06-21,3661.8,Calculado
21206990,TIBAITATA - AUT [21206990],RAD SOLAR,Radiación solar global horaria VALIDADA,Wh/m^2,2011-06-22,1836.0,Calculado
21206990,TIBAITATA - AUT [21206990],RAD SOLAR,Radiación solar global horaria VALIDADA,Wh/m^2,2011-06-23,2561.8,Calculado
21206990,TIBAITATA - AUT [21206990],RAD SOLAR,Radiación solar global horaria VALIDADA,Wh/m^2,2011-06-24,2654.5,Calculado
21206990,TIBAITATA - AUT [21206990],RAD SOLAR,Radiación solar global horaria VALIDADA,Wh/m^2,2011-06-25,2597.0,Calculado
21206990,TIBAITATA - AUT [21206990],RAD SOLAR,Radiación solar global horaria VALIDADA,Wh/m^2,2011-06-26,3438.3,Calculado
21206990,TIBAITATA - AUT [21206990],RAD SOLAR,Radiación solar global horaria VALIDADA,Wh/m^2,2011-06-27,2843.0,Calculado
21206990,TIBAITATA - AUT [21206990],RAD SOLAR,Radiación solar global horaria VALIDADA,Wh/m^2,2011-06-28,2673.6,Calculado
21206990,TIBAITATA - AUT [21206990],RAD SOLAR,Radiación solar global horaria VALIDADA,Wh/m^2,2011-06-29,3769.9,Calculado
21206990,TIBAITATA - AUT [21206990],RAD SOLAR,Radiación solar global horaria VALIDADA,Wh/m^2,2011-06-30,2053.1000000000004,Calculado
21206990,TIBAITATA - AUT [21206990],RAD SOLAR,Radiación solar global horaria VALIDADA,Wh/m^2,2011-07-01,3282.5,Calculado
21206990,TIBAITATA - AUT [21206990],RAD SOLAR,Radiación solar global horaria VALIDADA,Wh/m^2,2011-07-02,2634.7000000000003,Calculado
21206990,TIBAITATA - AUT [21206990],RAD SOLAR,Radiación solar global horaria VALIDADA,Wh/m^2,2011-07-03,5620.7,Calculado
21206990,TIBAITATA - AUT [21206990],RAD SOLAR,Radiación solar global horaria VALIDADA,Wh/m^2,2011-07-04,3050.4,Calculado
21206990,TIBAITATA - AUT [21206990],RAD SOLAR,Radiación solar global horaria VALIDADA,Wh/m^2,2011-07-05,2835.7,Calculado
21206990,TIBAITATA - AUT [21206990],RAD SOLAR,Radiación solar global horaria VALIDADA,Wh/m^2,2011-07-06,1274.6,Calculado
21206990,TIBAITATA - AUT [21206990],RAD SOLAR,Radiación solar global horaria VALIDADA,Wh/m^2,2011-07-07,3119.5,Calculado
21206990,TIBAITATA - AUT [21206990],RAD SOLAR,Radiación solar global horaria VALIDADA,Wh/m^2,2011-07-08,3464.5,Calculado
21206990,TIBAITATA - AUT [21206990],RAD SOLAR,Radiación solar global horaria VALIDADA,Wh/m^2,2011-07-09,2857.9,Calculado
21206990,TIBAITATA - AUT [21206990],RAD SOLAR,Radiación solar global horaria VALIDADA,Wh/m^2,2011-07-10,4179.2,Calculado
21206990,TIBAITATA - AUT [21206990],RAD SOLAR,Radiación solar global horaria VALIDADA,Wh/m^2,2011-07-11,2358.2,Calculado
21206990,TIBAITATA - AUT [21206990],RAD SOLAR,Radiación solar global horaria VALIDADA,Wh/m^2,2011-07-12,1579.8,Calculado
21206990,TIBAITATA - AUT [21206990],RAD SOLAR,Radiación solar global horaria VALIDADA,Wh/m^2,2011-07-13,1871.0,Calculado
21206990,TIBAITATA - AUT [21206990],RAD SOLAR,Radiación solar global horaria VALIDADA,Wh/m^2,2011-07-14,1896.2,Calculado
21206990,TIBAITATA - AUT [21206990],RAD SOLAR,Radiación solar global horaria VALIDADA,Wh/m^2,2011-07-15,1824.7,Calculado
21206990,TIBAITATA - AUT [21206990],RAD SOLAR,Radiación solar global horaria VALIDADA,Wh/m^2,2011-07-16,3654.2,Calculado
21206990,TIBAITATA - AUT [21206990],RAD SOLAR,Radiación solar global horaria VALIDADA,Wh/m^2,2011-07-17,2928.5,Calculado
21206990,TIBAITATA - AUT [21206990],RAD SOLAR,Radiación solar global horaria VALIDADA,Wh/m^2,2011-07-18,2308.2000000000003,Calculado
21206990,TIBAITATA - AUT [21206990],RAD SOLAR,Radiación solar global horaria VALIDADA,Wh/m^2,2011-07-19,2672.1,Calculado
21206990,TIBAITATA - AUT [21206990],RAD SOLAR,Radiación solar global horaria VALIDADA,Wh/m^2,2011-07-20,3684.5,Calculado
21206990,TIBAITATA - AUT [21206990],RAD SOLAR,Radiación solar global horaria VALIDADA,Wh/m^2,2011-07-21,2019.3,Calculado
21206990,TIBAITATA - AUT [21206990],RAD SOLAR,Radiación solar global horaria VALIDADA,Wh/m^2,2011-07-22,2879.5,Calculado
21206990,TIBAITATA - AUT [21206990],RAD SOLAR,Radiación solar global horaria VALIDADA,Wh/m^2,2011-07-23,4245.7,Calculado
21206990,TIBAITATA - AUT [21206990],RAD SOLAR,Radiación solar global horaria VALIDADA,Wh/m^2,2011-07-24,3915.6,Calculado
21206990,TIBAITATA - AUT [21206990],RAD SOLAR,Radiación solar global horaria VALIDADA,Wh/m^2,2011-07-25,3984.4,Calculado
21206990,TIBAITATA - AUT [21206990],RAD SOLAR,Radiación solar global horaria VALIDADA,Wh/m^2,2011-07-26,2393.6,Calculado
21206990,TIBAITATA - AUT [21206990],RAD SOLAR,Radiación solar global horaria VALIDADA,Wh/m^2,2011-07-27,4592.2,Calculado
21206990,TIBAITATA - AUT [21206990],RAD SOLAR,Radiación solar global horaria VALIDADA,Wh/m^2,2011-07-28,2374.7,Calculado
21206990,TIBAITATA - AUT [21206990],RAD SOLAR,Radiación solar global horaria VALIDADA,Wh/m^2,2011-07-29,3249.9,Calculado
21206990,TIBAITATA - AUT [21206990],RAD SOLAR,Radiación solar global horaria VALIDADA,Wh/m^2,2011-07-30,2746.1,Calculado
21206990,TIBAITATA - AUT [21206990],RAD SOLAR,Radiación solar global horaria VALIDADA,Wh/m^2,2011-07-31,4331.3,Calculado
21206990,TIBAITATA - AUT [21206990],RAD SOLAR,Radiación solar global horaria VALIDADA,Wh/m^2,2011-08-01,5668.4,Calculado
21206990,TIBAITATA - AUT [21206990],RAD SOLAR,Radiación solar global horaria VALIDADA,Wh/m^2,2011-08-02,4323.6,Calculado
21206990,TIBAITATA - AUT [21206990],RAD SOLAR,Radiación solar global horaria VALIDADA,Wh/m^2,2011-08-03,5056.9,Calculado
21206990,TIBAITATA - AUT [21206990],RAD SOLAR,Radiación solar global horaria VALIDADA,Wh/m^2,2011-08-04,3271.3,Calculado
21206990,TIBAITATA - AUT [21206990],RAD SOLAR,Radiación solar global horaria VALIDADA,Wh/m^2,2011-08-05,4802.1,Calculado
21206990,TIBAITATA - AUT [21206990],RAD SOLAR,Radiación solar global horaria VALIDADA,Wh/m^2,2011-08-06,6188.4,Calculado
21206990,TIBAITATA - AUT [21206990],RAD SOLAR,Radiación solar global horaria VALIDADA,Wh/m^2,2011-08-07,4779.3,Calculado
21206990,TIBAITATA - AUT [21206990],RAD SOLAR,Radiación solar global horaria VALIDADA,Wh/m^2,2011-08-08,2511.6,Calculado
21206990,TIBAITATA - AUT [21206990],RAD SOLAR,Radiación solar global horaria VALIDADA,Wh/m^2,2011-08-09,1682.7,Calculado
21206990,TIBAITATA - AUT [21206990],RAD SOLAR,Radiación solar global horaria VALIDADA,Wh/m^2,2011-08-10,4656.4,Calculado
21206990,TIBAITATA - AUT [21206990],RAD SOLAR,Radiación solar global horaria VALIDADA,Wh/m^2,2011-08-11,4789.5,Calculado
21206990,TIBAITATA - AUT [21206990],RAD SOLAR,Radiación solar global horaria VALIDADA,Wh/m^2,2011-08-12,2295.5,Calculado
21206990,TIBAITATA - AUT [21206990],RAD SOLAR,Radiación solar global horaria VALIDADA,Wh/m^2,2011-08-13,2098.2,Calculado
21206990,TIBAITATA - AUT [21206990],RAD SOLAR,Radiación solar global horaria VALIDADA,Wh/m^2,2011-08-14,4167.9,Calculado
21206990,TIBAITATA - AUT [21206990],RAD SOLAR,Radiación solar global horaria VALIDADA,Wh/m^2,2011-08-15,3518.5,Calculado
21206990,TIBAITATA - AUT [21206990],RAD SOLAR,Radiación solar global horaria VALIDADA,Wh/m^2,2011-08-16,2104.5,Calculado
21206990,TIBAITATA - AUT [21206990],RAD SOLAR,Radiación solar global horaria VALIDADA,Wh/m^2,2011-08-17,3148.2,Calculado
21206990,TIBAITATA - AUT [21206990],RAD SOLAR,Radiación solar global horaria VALIDADA,Wh/m^2,2011-08-18,4407.7,Calculado
21206990,TIBAITATA - AUT [21206990],RAD SOLAR,Radiación solar global horaria VALIDADA,Wh/m^2,2011-08-19,3615.2,Calculado
21206990,TIBAITATA - AUT [21206990],RAD SOLAR,Radiación solar global horaria VALIDADA,Wh/m^2,2011-08-20,1943.9,Calculado
21206990,TIBAITATA - AUT [21206990],RAD SOLAR,Radiación solar global horaria VALIDADA,Wh/m^2,2011-08-21,4854.7,Calculado
21206990,TIBAITATA - AUT [21206990],RAD SOLAR,Radiación solar global horaria VALIDADA,Wh/m^2,2011-08-22,3017.6,Calculado
21206990,TIBAITATA - AUT [21206990],RAD SOLAR,Radiación solar global horaria VALIDADA,Wh/m^2,2011-08-23,2404.7,Calculado
21206990,TIBAITATA - AUT [21206990],RAD SOLAR,Radiación solar global horaria VALIDADA,Wh/m^2,2011-08-24,3752.1,Calculado
21206990,TIBAITATA - AUT [21206990],RAD SOLAR,Radiación solar global horaria VALIDADA,Wh/m^2,2011-08-25,4696.6,Calculado
21206990,TIBAITATA - AUT [21206990],RAD SOLAR,Radiación solar global horaria VALIDADA,Wh/m^2,2011-08-26,2977.4,Calculado
21206990,TIBAITATA - AUT [21206990],RAD SOLAR,Radiación solar global horaria VALIDADA,Wh/m^2,2011-08-27,3345.2999999999997,Calculado
21206990,TIBAITATA - AUT [21206990],RAD SOLAR,Radiación solar global horaria VALIDADA,Wh/m^2,2011-08-28,4054.7,Calculado
21206990,TIBAITATA - AUT [21206990],RAD SOLAR,Radiación solar global horaria VALIDADA,Wh/m^2,2011-08-29,3193.5,Calculado
21206990,TIBAITATA - AUT [21206990],RAD SOLAR,Radiación solar global horaria VALIDADA,Wh/m^2,2011-08-30,4420.3,Calculado
21206990,TIBAITATA - AUT [21206990],RAD SOLAR,Radiación solar global horaria VALIDADA,Wh/m^2,2011-08-31,3993.3,Calculado
21206990,TIBAITATA - AUT [21206990],RAD SOLAR,Radiación solar global horaria VALIDADA,Wh/m^2,2011-09-01,5274.1,Calculado
21206990,TIBAITATA - AUT [21206990],RAD SOLAR,Radiación solar global horaria VALIDADA,Wh/m^2,2011-09-02,4769.4,Calculado
21206990,TIBAITATA - AUT [21206990],RAD SOLAR,Radiación solar global horaria VALIDADA,Wh/m^2,2011-09-03,1552.1,Calculado
21206990,TIBAITATA - AUT [21206990],RAD SOLAR,Radiación solar global horaria VALIDADA,Wh/m^2,2011-09-04,3296.5,Calculado
21206990,TIBAITATA - AUT [21206990],RAD SOLAR,Radiación solar global horaria VALIDADA,Wh/m^2,2011-09-05,4942.8,Calculado
21206990,TIBAITATA - AUT [21206990],RAD SOLAR,Radiación solar global horaria VALIDADA,Wh/m^2,2011-09-06,2247.8,Calculado
21206990,TIBAITATA - AUT [21206990],RAD SOLAR,Radiación solar global horaria VALIDADA,Wh/m^2,2011-09-07,1633.8,Calculado
21206990,TIBAITATA - AUT [21206990],RAD SOLAR,Radiación solar global horaria VALIDADA,Wh/m^2,2011-09-08,3389.2,Calculado
21206990,TIBAITATA - AUT [21206990],RAD SOLAR,Radiación solar global horaria VALIDADA,Wh/m^2,2011-09-09,3897.8,Calculado
21206990,TIBAITATA - AUT [21206990],RAD SOLAR,Radiación solar global horaria VALIDADA,Wh/m^2,2011-09-10,3233.6,Calculado
21206990,TIBAITATA - AUT [21206990],RAD SOLAR,Radiación solar global horaria VALIDADA,Wh/m^2,2011-09-11,3773.6,Calculado
21206990,TIBAITATA - AUT [21206990],RAD SOLAR,Radiación solar global horaria VALIDADA,Wh/m^2,2011-09-12,4573.4,Calculado
21206990,TIBAITATA - AUT [21206990],RAD SOLAR,Radiación solar global horaria VALIDADA,Wh/m^2,2011-09-13,2785.2,Calculado
21206990,TIBAITATA - AUT [21206990],RAD SOLAR,Radiación solar global horaria VALIDADA,Wh/m^2,2011-09-14,4835.9,Calculado
21206990,TIBAITATA - AUT [21206990],RAD SOLAR,Radiación solar global horaria VALIDADA,Wh/m^2,2011-09-15,4870.900000000001,Calculado
21206990,TIBAITATA - AUT [21206990],RAD SOLAR,Radiación solar global horaria VALIDADA,Wh/m^2,2011-09-16,3052.7000000000003,Calculado
21206990,TIBAITATA - AUT [21206990],RAD SOLAR,Radiación solar global horaria VALIDADA,Wh/m^2,2011-09-17,4194.2,Calculado
21206990,TIBAITATA - AUT [21206990],RAD SOLAR,Radiación solar global horaria VALIDADA,Wh/m^2,2011-09-18,2777.7,Calculado
21206990,TIBAITATA - AUT [21206990],RAD SOLAR,Radiación solar global horaria VALIDADA,Wh/m^2,2011-09-19,2536.6,Calculado
21206990,TIBAITATA - AUT [21206990],RAD SOLAR,Radiación solar global horaria VALIDADA,Wh/m^2,2011-09-20,4105.2,Calculado
21206990,TIBAITATA - AUT [21206990],RAD SOLAR,Radiación solar global horaria VALIDADA,Wh/m^2,2011-09-21,3143.3,Calculado
21206990,TIBAITATA - AUT [21206990],RAD SOLAR,Radiación solar global horaria VALIDADA,Wh/m^2,2011-09-22,2178.7999999999997,Calculado
21206990,TIBAITATA - AUT [21206990],RAD SOLAR,Radiación solar global horaria VALIDADA,Wh/m^2,2011-09-23,4777.1,Calculado
21206990,TIBAITATA - AUT [21206990],RAD SOLAR,Radiación solar global horaria VALIDADA,Wh/m^2,2011-09-24,4371.2,Calculado
21206990,TIBAITATA - AUT [21206990],RAD SOLAR,Radiación solar global horaria VALIDADA,Wh/m^2,2011-09-25,2941.0,Calculado
21206990,TIBAITATA - AUT [21206990],RAD SOLAR,Radiación solar global horaria VALIDADA,Wh/m^2,2011-09-26,5585.5,Calculado
21206990,TIBAITATA - AUT [21206990],RAD SOLAR,Radiación solar global horaria VALIDADA,Wh/m^2,2011-09-27,4627.4,Calculado
21206990,TIBAITATA - AUT [21206990],RAD SOLAR,Radiación solar global horaria VALIDADA,Wh/m^2,2011-09-28,3994.5,Calculado
21206990,TIBAITATA - AUT [21206990],RAD SOLAR,Radiación solar global horaria VALIDADA,Wh/m^2,2011-09-29,2137.2,Calculado
21206990,TIBAITATA - AUT [21206990],RAD SOLAR,Radiación solar global horaria VALIDADA,Wh/m^2,2011-09-30,4850.9,Calculado
21206990,TIBAITATA - AUT [21206990],RAD SOLAR,Radiación solar global horaria VALIDADA,Wh/m^2,2011-10-01,2389.8,Calculado
21206990,TIBAITATA - AUT [21206990],RAD SOLAR,Radiación solar global horaria VALIDADA,Wh/m^2,2011-10-02,3295.1,Calculado
21206990,TIBAITATA - AUT [21206990],RAD SOLAR,Radiación solar global horaria VALIDADA,Wh/m^2,2011-10-03,2550.5,Calculado
21206990,TIBAITATA - AUT [21206990],RAD SOLAR,Radiación solar global horaria VALIDADA,Wh/m^2,2011-10-04,2509.1,Calculado
21206990,TIBAITATA - AUT [21206990],RAD SOLAR,Radiación solar global horaria VALIDADA,Wh/m^2,2011-10-05,5313.0,Calculado
21206990,TIBAITATA - AUT [21206990],RAD SOLAR,Radiación solar global horaria VALIDADA,Wh/m^2,2011-10-06,2586.8,Calculado
21206990,TIBAITATA - AUT [21206990],RAD SOLAR,Radiación solar global horaria VALIDADA,Wh/m^2,2011-10-07,3560.0,Calculado
21206990,TIBAITATA - AUT [21206990],RAD SOLAR,Radiación solar global horaria VALIDADA,Wh/m^2,2011-10-08,2303.1,Calculado
21206990,TIBAITATA - AUT [21206990],RAD SOLAR,Radiación solar global horaria VALIDADA,Wh/m^2,2011-10-09,2816.6,Calculado
21206990,TIBAITATA - AUT [21206990],RAD SOLAR,Radiación solar global horaria VALIDADA,Wh/m^2,2011-10-10,2947.1,Calculado
21206990,TIBAITATA - AUT [21206990],RAD SOLAR,Radiación solar global horaria VALIDADA,Wh/m^2,2011-10-11,4187.8,Calculado
21206990,TIBAITATA - AUT [21206990],RAD SOLAR,Radiación solar global horaria VALIDADA,Wh/m^2,2011-10-12,3372.8999999999996,Calculado
21206990,TIBAITATA - AUT [21206990],RAD SOLAR,Radiación solar global horaria VALIDADA,Wh/m^2,2011-10-13,1721.8,Calculado
21206990,TIBAITATA - AUT [21206990],RAD SOLAR,Radiación solar global horaria VALIDADA,Wh/m^2,2011-10-14,3759.9,Calculado
21206990,TIBAITATA - AUT [21206990],RAD SOLAR,Radiación solar global horaria VALIDADA,Wh/m^2,2011-10-15,3758.5,Calculado
21206990,TIBAITATA - AUT [21206990],RAD SOLAR,Radiación solar global horaria VALIDADA,Wh/m^2,2011-10-16,2676.0,Calculado
21206990,TIBAITATA - AUT [21206990],RAD SOLAR,Radiación solar global horaria VALIDADA,Wh/m^2,2011-10-17,3373.0,Calculado
21206990,TIBAITATA - AUT [21206990],RAD SOLAR,Radiación solar global horaria VALIDADA,Wh/m^2,2011-10-18,2824.2000000000003,Calculado
21206990,TIBAITATA - AUT [21206990],RAD SOLAR,Radiación solar global horaria VALIDADA,Wh/m^2,2011-10-19,4381.3,Calculado
21206990,TIBAITATA - AUT [21206990],RAD SOLAR,Radiación solar global horaria VALIDADA,Wh/m^2,2011-10-20,1856.0,Calculado
21206990,TIBAITATA - AUT [21206990],RAD SOLAR,Radiación solar global horaria VALIDADA,Wh/m^2,2011-10-21,5193.9,Calculado
21206990,TIBAITATA - AUT [21206990],RAD SOLAR,Radiación solar global horaria VALIDADA,Wh/m^2,2011-10-22,4254.4,Calculado
21206990,TIBAITATA - AUT [21206990],RAD SOLAR,Radiación solar global horaria VALIDADA,Wh/m^2,2011-10-23,2360.8,Calculado
21206990,TIBAITATA - AUT [21206990],RAD SOLAR,Radiación solar global horaria VALIDADA,Wh/m^2,2011-10-24,3528.6,Calculado
21206990,TIBAITATA - AUT [21206990],RAD SOLAR,Radiación solar global horaria VALIDADA,Wh/m^2,2011-10-25,4467.9,Calculado
21206990,TIBAITATA - AUT [21206990],RAD SOLAR,Radiación solar global horaria VALIDADA,Wh/m^2,2011-10-26,3172.0,Calculado
21206990,TIBAITATA - AUT [21206990],RAD SOLAR,Radiación solar global horaria VALIDADA,Wh/m^2,2011-10-27,2611.8999999999996,Calculado
21206990,TIBAITATA - AUT [21206990],RAD SOLAR,Radiación solar global horaria VALIDADA,Wh/m^2,2011-10-28,1515.8,Calculado
21206990,TIBAITATA - AUT [21206990],RAD SOLAR,Radiación solar global horaria VALIDADA,Wh/m^2,2011-10-29,2602.0,Calculado
21206990,TIBAITATA - AUT [21206990],RAD SOLAR,Radiación solar global horaria VALIDADA,Wh/m^2,2011-10-30,1910.0,Calculado
21206990,TIBAITATA - AUT [21206990],RAD SOLAR,Radiación solar global horaria VALIDADA,Wh/m^2,2011-10-31,4332.3,Calculado
21206990,TIBAITATA - AUT [21206990],RAD SOLAR,Radiación solar global horaria VALIDADA,Wh/m^2,2011-11-01,3989.4,Calculado
21206990,TIBAITATA - AUT [21206990],RAD SOLAR,Radiación solar global horaria VALIDADA,Wh/m^2,2011-11-02,4289.6,Calculado
21206990,TIBAITATA - AUT [21206990],RAD SOLAR,Radiación solar global horaria VALIDADA,Wh/m^2,2011-11-03,3694.3,Calculado
21206990,TIBAITATA - AUT [21206990],RAD SOLAR,Radiación solar global horaria VALIDADA,Wh/m^2,2011-11-04,1290.9,Calculado
21206990,TIBAITATA - AUT [21206990],RAD SOLAR,Radiación solar global horaria VALIDADA,Wh/m^2,2011-11-05,2335.6,Calculado
21206990,TIBAITATA - AUT [21206990],RAD SOLAR,Radiación solar global horaria VALIDADA,Wh/m^2,2011-11-06,3874.0,Calculado
21206990,TIBAITATA - AUT [21206990],RAD SOLAR,Radiación solar global horaria VALIDADA,Wh/m^2,2011-11-07,4180.3,Calculado
21206990,TIBAITATA - AUT [21206990],RAD SOLAR,Radiación solar global horaria VALIDADA,Wh/m^2,2011-11-08,1643.8,Calculado
21206990,TIBAITATA - AUT [21206990],RAD SOLAR,Radiación solar global horaria VALIDADA,Wh/m^2,2011-11-09,3846.5,Calculado
21206990,TIBAITATA - AUT [21206990],RAD SOLAR,Radiación solar global horaria VALIDADA,Wh/m^2,2011-11-10,3951.9,Calculado
21206990,TIBAITATA - AUT [21206990],RAD SOLAR,Radiación solar global horaria VALIDADA,Wh/m^2,2011-11-11,3637.9,Calculado
21206990,TIBAITATA - AUT [21206990],RAD SOLAR,Radiación solar global horaria VALIDADA,Wh/m^2,2011-11-12,2250.1,Calculado
21206990,TIBAITATA - AUT [21206990],RAD SOLAR,Radiación solar global horaria VALIDADA,Wh/m^2,2011-11-13,1824.7,Calculado
21206990,TIBAITATA - AUT [21206990],RAD SOLAR,Radiación solar global horaria VALIDADA,Wh/m^2,2011-11-14,3532.5,Calculado
21206990,TIBAITATA - AUT [21206990],RAD SOLAR,Radiación solar global horaria VALIDADA,Wh/m^2,2011-11-15,1746.8,Calculado
21206990,TIBAITATA - AUT [21206990],RAD SOLAR,Radiación solar global horaria VALIDADA,Wh/m^2,2011-11-16,2674.7,Calculado
21206990,TIBAITATA - AUT [21206990],RAD SOLAR,Radiación solar global horaria VALIDADA,Wh/m^2,2011-11-17,4073.6,Calculado
21206990,TIBAITATA - AUT [21206990],RAD SOLAR,Radiación solar global horaria VALIDADA,Wh/m^2,2011-11-18,2915.8,Calculado
21206990,TIBAITATA - AUT [21206990],RAD SOLAR,Radiación solar global horaria VALIDADA,Wh/m^2,2011-11-19,3848.9,Calculado
21206990,TIBAITATA - AUT [21206990],RAD SOLAR,Radiación solar global horaria VALIDADA,Wh/m^2,2011-11-20,2316.8,Calculado
21206990,TIBAITATA - AUT [21206990],RAD SOLAR,Radiación solar global horaria VALIDADA,Wh/m^2,2011-11-21,4213.099999999999,Calculado
21206990,TIBAITATA - AUT [21206990],RAD SOLAR,Radiación solar global horaria VALIDADA,Wh/m^2,2011-11-22,1670.1,Calculado
21206990,TIBAITATA - AUT [21206990],RAD SOLAR,Radiación solar global horaria VALIDADA,Wh/m^2,2011-11-23,3450.7000000000003,Calculado
21206990,TIBAITATA - AUT [21206990],RAD SOLAR,Radiación solar global horaria VALIDADA,Wh/m^2,2011-11-24,2671.1,Calculado
21206990,TIBAITATA - AUT [21206990],RAD SOLAR,Radiación solar global horaria VALIDADA,Wh/m^2,2011-11-25,2830.5,Calculado
21206990,TIBAITATA - AUT [21206990],RAD SOLAR,Radiación solar global horaria VALIDADA,Wh/m^2,2011-11-26,3410.7,Calculado
21206990,TIBAITATA - AUT [21206990],RAD SOLAR,Radiación solar global horaria VALIDADA,Wh/m^2,2011-11-27,3534.8,Calculado
21206990,TIBAITATA - AUT [21206990],RAD SOLAR,Radiación solar global horaria VALIDADA,Wh/m^2,2011-11-28,2732.6,Calculado
21206990,TIBAITATA - AUT [21206990],RAD SOLAR,Radiación solar global horaria VALIDADA,Wh/m^2,2011-11-29,2275.4,Calculado
21206990,TIBAITATA - AUT [21206990],RAD SOLAR,Radiación solar global horaria VALIDADA,Wh/m^2,2011-11-30,3227.4,Calculado
21206990,TIBAITATA - AUT [21206990],RAD SOLAR,Radiación solar global horaria VALIDADA,Wh/m^2,2011-12-01,2074.5,Calculado
21206990,TIBAITATA - AUT [21206990],RAD SOLAR,Radiación solar global horaria VALIDADA,Wh/m^2,2011-12-02,4125.2,Calculado
21206990,TIBAITATA - AUT [21206990],RAD SOLAR,Radiación solar global horaria VALIDADA,Wh/m^2,2011-12-03,2205.1,Calculado
21206990,TIBAITATA - AUT [21206990],RAD SOLAR,Radiación solar global horaria VALIDADA,Wh/m^2,2011-12-04,4226.8,Calculado
21206990,TIBAITATA - AUT [21206990],RAD SOLAR,Radiación solar global horaria VALIDADA,Wh/m^2,2011-12-05,3240.0,Calculado
21206990,TIBAITATA - AUT [21206990],RAD SOLAR,Radiación solar global horaria VALIDADA,Wh/m^2,2011-12-06,1292.1,Calculado
21206990,TIBAITATA - AUT [21206990],RAD SOLAR,Radiación solar global horaria VALIDADA,Wh/m^2,2011-12-07,1779.3999999999999,Calculado
21206990,TIBAITATA - AUT [21206990],RAD SOLAR,Radiación solar global horaria VALIDADA,Wh/m^2,2011-12-08,1244.4,Calculado
21206990,TIBAITATA - AUT [21206990],RAD SOLAR,Radiación solar global horaria VALIDADA,Wh/m^2,2011-12-09,4433.9,Calculado
21206990,TIBAITATA - AUT [21206990],RAD SOLAR,Radiación solar global horaria VALIDADA,Wh/m^2,2011-12-10,4246.9,Calculado
21206990,TIBAITATA - AUT [21206990],RAD SOLAR,Radiación solar global horaria VALIDADA,Wh/m^2,2011-12-11,3431.9,Calculado
21206990,TIBAITATA - AUT [21206990],RAD SOLAR,Radiación solar global horaria VALIDADA,Wh/m^2,2011-12-12,3277.5,Calculado
21206990,TIBAITATA - AUT [21206990],RAD SOLAR,Radiación solar global horaria VALIDADA,Wh/m^2,2011-12-13,2058.2,Calculado
21206990,TIBAITATA - AUT [21206990],RAD SOLAR,Radiación solar global horaria VALIDADA,Wh/m^2,2011-12-14,3641.7,Calculado
21206990,TIBAITATA - AUT [21206990],RAD SOLAR,Radiación solar global horaria VALIDADA,Wh/m^2,2011-12-15,3036.4,Calculado
21206990,TIBAITATA - AUT [21206990],RAD SOLAR,Radiación solar global horaria VALIDADA,Wh/m^2,2011-12-16,3595.2,Calculado
21206990,TIBAITATA - AUT [21206990],RAD SOLAR,Radiación solar global horaria VALIDADA,Wh/m^2,2011-12-17,2578.3,Calculado
21206990,TIBAITATA - AUT [21206990],RAD SOLAR,Radiación solar global horaria VALIDADA,Wh/m^2,2011-12-18,4233.1,Calculado
21206990,TIBAITATA - AUT [21206990],RAD SOLAR,Radiación solar global horaria VALIDADA,Wh/m^2,2011-12-19,2721.1,Calculado
21206990,TIBAITATA - AUT [21206990],RAD SOLAR,Radiación solar global horaria VALIDADA,Wh/m^2,2011-12-20,4092.8,Calculado
21206990,TIBAITATA - AUT [21206990],RAD SOLAR,Radiación solar global horaria VALIDADA,Wh/m^2,2011-12-21,3589.0,Calculado
21206990,TIBAITATA - AUT [21206990],RAD SOLAR,Radiación solar global horaria VALIDADA,Wh/m^2,2011-12-22,4465.5,Calculado
21206990,TIBAITATA - AUT [21206990],RAD SOLAR,Radiación solar global horaria VALIDADA,Wh/m^2,2011-12-23,1673.9,Calculado
21206990,TIBAITATA - AUT [21206990],RAD SOLAR,Radiación solar global horaria VALIDADA,Wh/m^2,2011-12-24,2619.5,Calculado
21206990,TIBAITATA - AUT [21206990],RAD SOLAR,Radiación solar global horaria VALIDADA,Wh/m^2,2011-12-25,2524.2,Calculado
21206990,TIBAITATA - AUT [21206990],RAD SOLAR,Radiación solar global horaria VALIDADA,Wh/m^2,2011-12-26,5581.8,Calculado
21206990,TIBAITATA - AUT [21206990],RAD SOLAR,Radiación solar global horaria VALIDADA,Wh/m^2,2011-12-27,4923.8,Calculado
21206990,TIBAITATA - AUT [21206990],RAD SOLAR,Radiación solar global horaria VALIDADA,Wh/m^2,2011-12-28,3017.6,Calculado
21206990,TIBAITATA - AUT [21206990],RAD SOLAR,Radiación solar global horaria VALIDADA,Wh/m^2,2011-12-29,3236.0,Calculado
21206990,TIBAITATA - AUT [21206990],RAD SOLAR,Radiación solar global horaria VALIDADA,Wh/m^2,2011-12-30,2831.7,Calculado
21206990,TIBAITATA - AUT [21206990],RAD SOLAR,Radiación solar global horaria VALIDADA,Wh/m^2,2011-12-31,6506.1,Calculado
21206990,TIBAITATA - AUT [21206990],RAD SOLAR,Radiación solar global horaria VALIDADA,Wh/m^2,2012-01-01,4614.9,Calculado
21206990,TIBAITATA - AUT [21206990],RAD SOLAR,Radiación solar global horaria VALIDADA,Wh/m^2,2012-01-02,4398.9,Calculado
21206990,TIBAITATA - AUT [21206990],RAD SOLAR,Radiación solar global horaria VALIDADA,Wh/m^2,2012-01-03,4704.099999999999,Calculado
21206990,TIBAITATA - AUT [21206990],RAD SOLAR,Radiación solar global horaria VALIDADA,Wh/m^2,2012-01-04,2943.5,Calculado
21206990,TIBAITATA - AUT [21206990],RAD SOLAR,Radiación solar global horaria VALIDADA,Wh/m^2,2012-01-05,3294.9,Calculado
21206990,TIBAITATA - AUT [21206990],RAD SOLAR,Radiación solar global horaria VALIDADA,Wh/m^2,2012-01-06,3867.7,Calculado
21206990,TIBAITATA - AUT [21206990],RAD SOLAR,Radiación solar global horaria VALIDADA,Wh/m^2,2012-01-07,4306.0,Calculado
21206990,TIBAITATA - AUT [21206990],RAD SOLAR,Radiación solar global horaria VALIDADA,Wh/m^2,2012-01-08,3385.5,Calculado
21206990,TIBAITATA - AUT [21206990],RAD SOLAR,Radiación solar global horaria VALIDADA,Wh/m^2,2012-01-09,5226.4,Calculado
21206990,TIBAITATA - AUT [21206990],RAD SOLAR,Radiación solar global horaria VALIDADA,Wh/m^2,2012-01-10,5418.5,Calculado
21206990,TIBAITATA - AUT [21206990],RAD SOLAR,Radiación solar global horaria VALIDADA,Wh/m^2,2012-01-11,4079.8,Calculado
21206990,TIBAITATA - AUT [21206990],RAD SOLAR,Radiación solar global horaria VALIDADA,Wh/m^2,2012-01-12,3144.3,Calculado
21206990,TIBAITATA - AUT [21206990],RAD SOLAR,Radiación solar global horaria VALIDADA,Wh/m^2,2012-01-13,3424.5,Calculado
21206990,TIBAITATA - AUT [21206990],RAD SOLAR,Radiación solar global horaria VALIDADA,Wh/m^2,2012-01-14,2634.5,Calculado
21206990,TIBAITATA - AUT [21206990],RAD SOLAR,Radiación solar global horaria VALIDADA,Wh/m^2,2012-01-15,3376.6000000000004,Calculado
21206990,TIBAITATA - AUT [21206990],RAD SOLAR,Radiación solar global horaria VALIDADA,Wh/m^2,2012-01-16,4046.1,Calculado
21206990,TIBAITATA - AUT [21206990],RAD SOLAR,Radiación solar global horaria VALIDADA,Wh/m^2,2012-01-17,439.5,Calculado
21206990,TIBAITATA - AUT [21206990],RAD SOLAR,Radiación solar global horaria VALIDADA,Wh/m^2,2012-01-18,3111.7999999999997,Calculado
21206990,TIBAITATA - AUT [21206990],RAD SOLAR,Radiación solar global horaria VALIDADA,Wh/m^2,2012-01-19,1878.5,Calculado
21206990,TIBAITATA - AUT [21206990],RAD SOLAR,Radiación solar global horaria VALIDADA,Wh/m^2,2012-01-20,3281.1,Calculado
21206990,TIBAITATA - AUT [21206990],RAD SOLAR,Radiación solar global horaria VALIDADA,Wh/m^2,2012-01-21,1987.9,Calculado
21206990,TIBAITATA - AUT [21206990],RAD SOLAR,Radiación solar global horaria VALIDADA,Wh/m^2,2012-01-22,2306.7999999999997,Calculado
21206990,TIBAITATA - AUT [21206990],RAD SOLAR,Radiación solar global horaria VALIDADA,Wh/m^2,2012-01-23,2717.5,Calculado
21206990,TIBAITATA - AUT [21206990],RAD SOLAR,Radiación solar global horaria VALIDADA,Wh/m^2,2012-01-24,3086.5,Calculado
21206990,TIBAITATA - AUT [21206990],RAD SOLAR,Radiación solar global horaria VALIDADA,Wh/m^2,2012-01-25,5759.0,Calculado
21206990,TIBAITATA - AUT [21206990],RAD SOLAR,Radiación solar global horaria VALIDADA,Wh/m^2,2012-01-26,5486.3,Calculado
21206990,TIBAITATA - AUT [21206990],RAD SOLAR,Radiación solar global horaria VALIDADA,Wh/m^2,2012-01-27,3363.1,Calculado
21206990,TIBAITATA - AUT [21206990],RAD SOLAR,Radiación solar global horaria VALIDADA,Wh/m^2,2012-01-28,5051.9,Calculado
21206990,TIBAITATA - AUT [21206990],RAD SOLAR,Radiación solar global horaria VALIDADA,Wh/m^2,2012-01-29,5853.1,Calculado
21206990,TIBAITATA - AUT [21206990],RAD SOLAR,Radiación solar global horaria VALIDADA,Wh/m^2,2012-01-30,4637.5,Calculado
21206990,TIBAITATA - AUT [21206990],RAD SOLAR,Radiación solar global horaria VALIDADA,Wh/m^2,2012-01-31,3833.6,Calculado
21206990,TIBAITATA - AUT [21206990],RAD SOLAR,Radiación solar global horaria VALIDADA,Wh/m^2,2012-02-01,3104.2,Calculado
21206990,TIBAITATA - AUT [21206990],RAD SOLAR,Radiación solar global horaria VALIDADA,Wh/m^2,2012-02-02,5019.4,Calculado
21206990,TIBAITATA - AUT [21206990],RAD SOLAR,Radiación solar global horaria VALIDADA,Wh/m^2,2012-02-03,3503.5,Calculado
21206990,TIBAITATA - AUT [21206990],RAD SOLAR,Radiación solar global horaria VALIDADA,Wh/m^2,2012-02-04,3771.0,Calculado
21206990,TIBAITATA - AUT [21206990],RAD SOLAR,Radiación solar global horaria VALIDADA,Wh/m^2,2012-02-05,2708.7,Calculado
21206990,TIBAITATA - AUT [21206990],RAD SOLAR,Radiación solar global horaria VALIDADA,Wh/m^2,2012-02-06,1862.1000000000001,Calculado
21206990,TIBAITATA - AUT [21206990],RAD SOLAR,Radiación solar global horaria VALIDADA,Wh/m^2,2012-02-07,4348.6,Calculado
21206990,TIBAITATA - AUT [21206990],RAD SOLAR,Radiación solar global horaria VALIDADA,Wh/m^2,2012-02-08,4049.9,Calculado
21206990,TIBAITATA - AUT [21206990],RAD SOLAR,Radiación solar global horaria VALIDADA,Wh/m^2,2012-02-09,4327.4,Calculado
21206990,TIBAITATA - AUT [21206990],RAD SOLAR,Radiación solar global horaria VALIDADA,Wh/m^2,2012-02-10,4117.7,Calculado
21206990,TIBAITATA - AUT [21206990],RAD SOLAR,Radiación solar global horaria VALIDADA,Wh/m^2,2012-02-11,3886.4,Calculado
21206990,TIBAITATA - AUT [21206990],RAD SOLAR,Radiación solar global horaria VALIDADA,Wh/m^2,2012-02-12,5963.7,Calculado
21206990,TIBAITATA - AUT [21206990],RAD SOLAR,Radiación solar global horaria VALIDADA,Wh/m^2,2012-02-13,5536.6,Calculado
21206990,TIBAITATA - AUT [21206990],RAD SOLAR,Radiación solar global horaria VALIDADA,Wh/m^2,2012-02-14,5245.3,Calculado
21206990,TIBAITATA - AUT [21206990],RAD SOLAR,Radiación solar global horaria VALIDADA,Wh/m^2,2012-02-15,4297.2,Calculado
21206990,TIBAITATA - AUT [21206990],RAD SOLAR,Radiación solar global horaria VALIDADA,Wh/m^2,2012-02-16,5879.400000000001,Calculado
21206990,TIBAITATA - AUT [21206990],RAD SOLAR,Radiación solar global horaria VALIDADA,Wh/m^2,2012-02-17,5442.4,Calculado
21206990,TIBAITATA - AUT [21206990],RAD SOLAR,Radiación solar global horaria VALIDADA,Wh/m^2,2012-02-18,4204.3,Calculado
21206990,TIBAITATA - AUT [21206990],RAD SOLAR,Radiación solar global horaria VALIDADA,Wh/m^2,2012-02-19,4126.3,Calculado
21206990,TIBAITATA - AUT [21206990],RAD SOLAR,Radiación solar global horaria VALIDADA,Wh/m^2,2012-02-20,5812.9,Calculado
21206990,TIBAITATA - AUT [21206990],RAD SOLAR,Radiación solar global horaria VALIDADA,Wh/m^2,2012-02-21,5674.8,Calculado
21206990,TIBAITATA - AUT [21206990],RAD SOLAR,Radiación solar global horaria VALIDADA,Wh/m^2,2012-02-22,2825.5,Calculado
21206990,TIBAITATA - AUT [21206990],RAD SOLAR,Radiación solar global horaria VALIDADA,Wh/m^2,2012-02-23,4025.9,Calculado
21206990,TIBAITATA - AUT [21206990],RAD SOLAR,Radiación solar global horaria VALIDADA,Wh/m^2,2012-02-24,5866.7,Calculado
21206990,TIBAITATA - AUT [21206990],RAD SOLAR,Radiación solar global horaria VALIDADA,Wh/m^2,2012-02-25,3763.5,Calculado
21206990,TIBAITATA - AUT [21206990],RAD SOLAR,Radiación solar global horaria VALIDADA,Wh/m^2,2012-02-26,4291.0,Calculado
21206990,TIBAITATA - AUT [21206990],RAD SOLAR,Radiación solar global horaria VALIDADA,Wh/m^2,2012-02-27,3593.9,Calculado
21206990,TIBAITATA - AUT [21206990],RAD SOLAR,Radiación solar global horaria VALIDADA,Wh/m^2,2012-02-28,5490.1,Calculado
21206990,TIBAITATA - AUT [21206990],RAD SOLAR,Radiación solar global horaria VALIDADA,Wh/m^2,2012-02-29,3958.2,Calculado
21206990,TIBAITATA - AUT [21206990],RAD SOLAR,Radiación solar global horaria VALIDADA,Wh/m^2,2012-03-01,3060.2,Calculado
21206990,TIBAITATA - AUT [21206990],RAD SOLAR,Radiación solar global horaria VALIDADA,Wh/m^2,2012-03-02,2206.4,Calculado
21206990,TIBAITATA - AUT [21206990],RAD SOLAR,Radiación solar global horaria VALIDADA,Wh/m^2,2012-03-03,2835.6,Calculado
21206990,TIBAITATA - AUT [21206990],RAD SOLAR,Radiación solar global horaria VALIDADA,Wh/m^2,2012-03-04,4235.7,Calculado
21206990,TIBAITATA - AUT [21206990],RAD SOLAR,Radiación solar global horaria VALIDADA,Wh/m^2,2012-03-05,4046.1,Calculado
21206990,TIBAITATA - AUT [21206990],RAD SOLAR,Radiación solar global horaria VALIDADA,Wh/m^2,2012-03-06,5490.3,Calculado
21206990,TIBAITATA - AUT [21206990],RAD SOLAR,Radiación solar global horaria VALIDADA,Wh/m^2,2012-03-07,5283.0,Calculado
21206990,TIBAITATA - AUT [21206990],RAD SOLAR,Radiación solar global horaria VALIDADA,Wh/m^2,2012-03-08,5989.9,Calculado
21206990,TIBAITATA - AUT [21206990],RAD SOLAR,Radiación solar global horaria VALIDADA,Wh/m^2,2012-03-09,2389.7999999999997,Calculado
21206990,TIBAITATA - AUT [21206990],RAD SOLAR,Radiación solar global horaria VALIDADA,Wh/m^2,2012-03-10,2011.7,Calculado
21206990,TIBAITATA - AUT [21206990],RAD SOLAR,Radiación solar global horaria VALIDADA,Wh/m^2,2012-03-11,3585.1,Calculado
21206990,TIBAITATA - AUT [21206990],RAD SOLAR,Radiación solar global horaria VALIDADA,Wh/m^2,2012-03-12,3949.2,Calculado
21206990,TIBAITATA - AUT [21206990],RAD SOLAR,Radiación solar global horaria VALIDADA,Wh/m^2,2012-03-13,3393.0,Calculado
21206990,TIBAITATA - AUT [21206990],RAD SOLAR,Radiación solar global horaria VALIDADA,Wh/m^2,2012-03-14,3720.9,Calculado
21206990,TIBAITATA - AUT [21206990],RAD SOLAR,Radiación solar global horaria VALIDADA,Wh/m^2,2012-03-15,3553.7999999999997,Calculado
21206990,TIBAITATA - AUT [21206990],RAD SOLAR,Radiación solar global horaria VALIDADA,Wh/m^2,2012-03-16,2687.3,Calculado
21206990,TIBAITATA - AUT [21206990],RAD SOLAR,Radiación solar global horaria VALIDADA,Wh/m^2,2012-03-17,3930.5,Calculado
21206990,TIBAITATA - AUT [21206990],RAD SOLAR,Radiación solar global horaria VALIDADA,Wh/m^2,2012-03-18,4987.9,Calculado
21206990,TIBAITATA - AUT [21206990],RAD SOLAR,Radiación solar global horaria VALIDADA,Wh/m^2,2012-03-19,2163.7000000000003,Calculado
21206990,TIBAITATA - AUT [21206990],RAD SOLAR,Radiación solar global horaria VALIDADA,Wh/m^2,2012-03-20,3757.2,Calculado
21206990,TIBAITATA - AUT [21206990],RAD SOLAR,Radiación solar global horaria VALIDADA,Wh/m^2,2012-03-21,2951.0,Calculado
21206990,TIBAITATA - AUT [21206990],RAD SOLAR,Radiación solar global horaria VALIDADA,Wh/m^2,2012-03-22,2804.1,Calculado
21206990,TIBAITATA - AUT [21206990],RAD SOLAR,Radiación solar global horaria VALIDADA,Wh/m^2,2012-03-23,5508.9,Calculado
21206990,TIBAITATA - AUT [21206990],RAD SOLAR,Radiación solar global horaria VALIDADA,Wh/m^2,2012-03-24,4824.7,Calculado
21206990,TIBAITATA - AUT [21206990],RAD SOLAR,Radiación solar global horaria VALIDADA,Wh/m^2,2012-03-25,2923.5,Calculado
21206990,TIBAITATA - AUT [21206990],RAD SOLAR,Radiación solar global horaria VALIDADA,Wh/m^2,2012-03-26,2463.8,Calculado
21206990,TIBAITATA - AUT [21206990],RAD SOLAR,Radiación solar global horaria VALIDADA,Wh/m^2,2012-03-27,3987.1,Calculado
21206990,TIBAITATA - AUT [21206990],RAD SOLAR,Radiación solar global horaria VALIDADA,Wh/m^2,2012-03-28,3355.3,Calculado
21206990,TIBAITATA - AUT [21206990],RAD SOLAR,Radiación solar global horaria VALIDADA,Wh/m^2,2012-03-29,2556.7,Calculado
21206990,TIBAITATA - AUT [21206990],RAD SOLAR,Radiación solar global horaria VALIDADA,Wh/m^2,2012-03-30,1794.3,Calculado
21206990,TIBAITATA - AUT [21206990],RAD SOLAR,Radiación solar global horaria VALIDADA,Wh/m^2,2012-03-31,5129.8,Calculado
21206990,TIBAITATA - AUT [21206990],RAD SOLAR,Radiación solar global horaria VALIDADA,Wh/m^2,2012-04-01,4780.6,Calculado
21206990,TIBAITATA - AUT [21206990],RAD SOLAR,Radiación solar global horaria VALIDADA,Wh/m^2,2012-04-02,3283.7999999999997,Calculado
21206990,TIBAITATA - AUT [21206990],RAD SOLAR,Radiación solar global horaria VALIDADA,Wh/m^2,2012-04-03,3099.2,Calculado
21206990,TIBAITATA - AUT [21206990],RAD SOLAR,Radiación solar global horaria VALIDADA,Wh/m^2,2012-04-04,4287.1,Calculado
21206990,TIBAITATA - AUT [21206990],RAD SOLAR,Radiación solar global horaria VALIDADA,Wh/m^2,2012-04-05,2651.0,Calculado
21206990,TIBAITATA - AUT [21206990],RAD SOLAR,Radiación solar global horaria VALIDADA,Wh/m^2,2012-04-06,2659.7,Calculado
21206990,TIBAITATA - AUT [21206990],RAD SOLAR,Radiación solar global horaria VALIDADA,Wh/m^2,2012-04-07,3331.4,Calculado
21206990,TIBAITATA - AUT [21206990],RAD SOLAR,Radiación solar global horaria VALIDADA,Wh/m^2,2012-04-08,2885.6,Calculado
21206990,TIBAITATA - AUT [21206990],RAD SOLAR,Radiación solar global horaria VALIDADA,Wh/m^2,2012-04-09,2875.6,Calculado
21206990,TIBAITATA - AUT [21206990],RAD SOLAR,Radiación solar global horaria VALIDADA,Wh/m^2,2012-04-10,3898.0,Calculado
21206990,TIBAITATA - AUT [21206990],RAD SOLAR,Radiación solar global horaria VALIDADA,Wh/m^2,2012-04-11,3391.9,Calculado
21206990,TIBAITATA - AUT [21206990],RAD SOLAR,Radiación solar global horaria VALIDADA,Wh/m^2,2012-04-12,1499.3999999999999,Calculado
21206990,TIBAITATA - AUT [21206990],RAD SOLAR,Radiación solar global horaria VALIDADA,Wh/m^2,2012-04-13,3472.0,Calculado
21206990,TIBAITATA - AUT [21206990],RAD SOLAR,Radiación solar global horaria VALIDADA,Wh/m^2,2012-04-14,2091.0,Calculado
21206990,TIBAITATA - AUT [21206990],RAD SOLAR,Radiación solar global horaria VALIDADA,Wh/m^2,2012-04-15,1154.0,Calculado
21206990,TIBAITATA - AUT [21206990],RAD SOLAR,Radiación solar global horaria VALIDADA,Wh/m^2,2012-04-16,3729.5,Calculado
21206990,TIBAITATA - AUT [21206990],RAD SOLAR,Radiación solar global horaria VALIDADA,Wh/m^2,2012-04-17,3110.6,Calculado
21206990,TIBAITATA - AUT [21206990],RAD SOLAR,Radiación solar global horaria VALIDADA,Wh/m^2,2012-04-18,2286.8,Calculado
21206990,TIBAITATA - AUT [21206990],RAD SOLAR,Radiación solar global horaria VALIDADA,Wh/m^2,2012-04-19,3101.8,Calculado
21206990,TIBAITATA - AUT [21206990],RAD SOLAR,Radiación solar global horaria VALIDADA,Wh/m^2,2012-04-20,2855.7,Calculado
21206990,TIBAITATA - AUT [21206990],RAD SOLAR,Radiación solar global horaria VALIDADA,Wh/m^2,2012-04-21,3719.5,Calculado
21206990,TIBAITATA - AUT [21206990],RAD SOLAR,Radiación solar global horaria VALIDADA,Wh/m^2,2012-04-22,3651.8,Calculado
21206990,TIBAITATA - AUT [21206990],RAD SOLAR,Radiación solar global horaria VALIDADA,Wh/m^2,2012-04-23,4637.5,Calculado
21206990,TIBAITATA - AUT [21206990],RAD SOLAR,Radiación solar global horaria VALIDADA,Wh/m^2,2012-04-24,3234.8,Calculado
21206990,TIBAITATA - AUT [21206990],RAD SOLAR,Radiación solar global horaria VALIDADA,Wh/m^2,2012-04-25,5712.4,Calculado
21206990,TIBAITATA - AUT [21206990],RAD SOLAR,Radiación solar global horaria VALIDADA,Wh/m^2,2012-04-26,2450.0,Calculado
21206990,TIBAITATA - AUT [21206990],RAD SOLAR,Radiación solar global horaria VALIDADA,Wh/m^2,2012-04-27,3836.3,Calculado
21206990,TIBAITATA - AUT [21206990],RAD SOLAR,Radiación solar global horaria VALIDADA,Wh/m^2,2012-04-28,3772.3,Calculado
21206990,TIBAITATA - AUT [21206990],RAD SOLAR,Radiación solar global horaria VALIDADA,Wh/m^2,2012-04-29,3582.9,Calculado
21206990,TIBAITATA - AUT [21206990],RAD SOLAR,Radiación solar global horaria VALIDADA,Wh/m^2,2012-04-30,3539.9,Calculado
21206990,TIBAITATA - AUT [21206990],RAD SOLAR,Radiación solar global horaria VALIDADA,Wh/m^2,2012-05-01,2515.4,Calculado
21206990,TIBAITATA - AUT [21206990],RAD SOLAR,Radiación solar global horaria VALIDADA,Wh/m^2,2012-05-02,3307.5,Calculado
21206990,TIBAITATA - AUT [21206990],RAD SOLAR,Radiación solar global horaria VALIDADA,Wh/m^2,2012-05-03,6749.7,Calculado
21206990,TIBAITATA - AUT [21206990],RAD SOLAR,Radiación solar global horaria VALIDADA,Wh/m^2,2012-05-04,4894.8,Calculado
21206990,TIBAITATA - AUT [21206990],RAD SOLAR,Radiación solar global horaria VALIDADA,Wh/m^2,2012-05-05,1976.4,Calculado
21206990,TIBAITATA - AUT [21206990],RAD SOLAR,Radiación solar global horaria VALIDADA,Wh/m^2,2012-05-06,3226.0,Calculado
21206990,TIBAITATA - AUT [21206990],RAD SOLAR,Radiación solar global horaria VALIDADA,Wh/m^2,2012-05-07,2797.6,Calculado
21206990,TIBAITATA - AUT [21206990],RAD SOLAR,Radiación solar global horaria VALIDADA,Wh/m^2,2012-05-08,4327.5,Calculado
21206990,TIBAITATA - AUT [21206990],RAD SOLAR,Radiación solar global horaria VALIDADA,Wh/m^2,2012-05-09,4047.2999999999997,Calculado
21206990,TIBAITATA - AUT [21206990],RAD SOLAR,Radiación solar global horaria VALIDADA,Wh/m^2,2012-05-10,2910.8,Calculado
21206990,TIBAITATA - AUT [21206990],RAD SOLAR,Radiación solar global horaria VALIDADA,Wh/m^2,2012-05-11,2593.2000000000003,Calculado
21206990,TIBAITATA - AUT [21206990],RAD SOLAR,Radiación solar global horaria VALIDADA,Wh/m^2,2012-05-12,1550.9,Calculado
21206990,TIBAITATA - AUT [21206990],RAD SOLAR,Radiación solar global horaria VALIDADA,Wh/m^2,2012-05-13,2830.3,Calculado
21206990,TIBAITATA - AUT [21206990],RAD SOLAR,Radiación solar global horaria VALIDADA,Wh/m^2,2012-05-14,3040.3,Calculado
21206990,TIBAITATA - AUT [21206990],RAD SOLAR,Radiación solar global horaria VALIDADA,Wh/m^2,2012-05-15,2540.5,Calculado
21206990,TIBAITATA - AUT [21206990],RAD SOLAR,Radiación solar global horaria VALIDADA,Wh/m^2,2012-05-16,1823.4,Calculado
21206990,TIBAITATA - AUT [21206990],RAD SOLAR,Radiación solar global horaria VALIDADA,Wh/m^2,2012-05-17,1553.5,Calculado
21206990,TIBAITATA - AUT [21206990],RAD SOLAR,Radiación solar global horaria VALIDADA,Wh/m^2,2012-05-18,1916.2,Calculado
21206990,TIBAITATA - AUT [21206990],RAD SOLAR,Radiación solar global horaria VALIDADA,Wh/m^2,2012-05-19,2617.0,Calculado
21206990,TIBAITATA - AUT [21206990],RAD SOLAR,Radiación solar global horaria VALIDADA,Wh/m^2,2012-05-20,2427.5,Calculado
21206990,TIBAITATA - AUT [21206990],RAD SOLAR,Radiación solar global horaria VALIDADA,Wh/m^2,2012-05-21,2294.4,Calculado
21206990,TIBAITATA - AUT [21206990],RAD SOLAR,Radiación solar global horaria VALIDADA,Wh/m^2,2012-05-22,1726.6,Calculado
21206990,TIBAITATA - AUT [21206990],RAD SOLAR,Radiación solar global horaria VALIDADA,Wh/m^2,2012-05-23,3083.0,Calculado
21206990,TIBAITATA - AUT [21206990],RAD SOLAR,Radiación solar global horaria VALIDADA,Wh/m^2,2012-05-24,3965.6,Calculado
21206990,TIBAITATA - AUT [21206990],RAD SOLAR,Radiación solar global horaria VALIDADA,Wh/m^2,2012-05-25,2044.3,Calculado
21206990,TIBAITATA - AUT [21206990],RAD SOLAR,Radiación solar global horaria VALIDADA,Wh/m^2,2012-05-26,3271.3,Calculado
21206990,TIBAITATA - AUT [21206990],RAD SOLAR,Radiación solar global horaria VALIDADA,Wh/m^2,2012-05-27,2904.6,Calculado
21206990,TIBAITATA - AUT [21206990],RAD SOLAR,Radiación solar global horaria VALIDADA,Wh/m^2,2012-05-28,3381.7,Calculado
21206990,TIBAITATA - AUT [21206990],RAD SOLAR,Radiación solar global horaria VALIDADA,Wh/m^2,2012-05-29,3527.5,Calculado
21206990,TIBAITATA - AUT [21206990],RAD SOLAR,Radiación solar global horaria VALIDADA,Wh/m^2,2012-05-30,2239.1,Calculado
21206990,TIBAITATA - AUT [21206990],RAD SOLAR,Radiación solar global horaria VALIDADA,Wh/m^2,2012-05-31,2835.4,Calculado
21206990,TIBAITATA - AUT [21206990],RAD SOLAR,Radiación solar global horaria VALIDADA,Wh/m^2,2012-06-01,2089.6,Calculado
21206990,TIBAITATA - AUT [21206990],RAD SOLAR,Radiación solar global horaria VALIDADA,Wh/m^2,2012-06-02,3782.2,Calculado
21206990,TIBAITATA - AUT [21206990],RAD SOLAR,Radiación solar global horaria VALIDADA,Wh/m^2,2012-06-03,3537.4,Calculado
21206990,TIBAITATA - AUT [21206990],RAD SOLAR,Radiación solar global horaria VALIDADA,Wh/m^2,2012-06-04,2274.2000000000003,Calculado
21206990,TIBAITATA - AUT [21206990],RAD SOLAR,Radiación solar global horaria VALIDADA,Wh/m^2,2012-06-05,1059.9,Calculado
21206990,TIBAITATA - AUT [21206990],RAD SOLAR,Radiación solar global horaria VALIDADA,Wh/m^2,2012-06-06,2716.1,Calculado
21206990,TIBAITATA - AUT [21206990],RAD SOLAR,Radiación solar global horaria VALIDADA,Wh/m^2,2012-06-07,1024.7,Calculado
21206990,TIBAITATA - AUT [21206990],RAD SOLAR,Radiación solar global horaria VALIDADA,Wh/m^2,2012-06-08,555.0999999999999,Calculado
21206990,TIBAITATA - AUT [21206990],RAD SOLAR,Radiación solar global horaria VALIDADA,Wh/m^2,2012-06-09,3290.1,Calculado
21206990,TIBAITATA - AUT [21206990],RAD SOLAR,Radiación solar global horaria VALIDADA,Wh/m^2,2012-06-10,3695.7,Calculado
21206990,TIBAITATA - AUT [21206990],RAD SOLAR,Radiación solar global horaria VALIDADA,Wh/m^2,2012-06-11,2804.2000000000003,Calculado
21206990,TIBAITATA - AUT [21206990],RAD SOLAR,Radiación solar global horaria VALIDADA,Wh/m^2,2012-06-12,2830.3,Calculado
21206990,TIBAITATA - AUT [21206990],RAD SOLAR,Radiación solar global horaria VALIDADA,Wh/m^2,2012-06-13,2871.9,Calculado
21206990,TIBAITATA - AUT [21206990],RAD SOLAR,Radiación solar global horaria VALIDADA,Wh/m^2,2012-06-14,2306.7,Calculado
21206990,TIBAITATA - AUT [21206990],RAD SOLAR,Radiación solar global horaria VALIDADA,Wh/m^2,2012-06-15,2968.6,Calculado
21206990,TIBAITATA - AUT [21206990],RAD SOLAR,Radiación solar global horaria VALIDADA,Wh/m^2,2012-06-16,1514.5,Calculado
21206990,TIBAITATA - AUT [21206990],RAD SOLAR,Radiación solar global horaria VALIDADA,Wh/m^2,2012-06-17,3529.8999999999996,Calculado
21206990,TIBAITATA - AUT [21206990],RAD SOLAR,Radiación solar global horaria VALIDADA,Wh/m^2,2012-06-18,3071.5,Calculado
21206990,TIBAITATA - AUT [21206990],RAD SOLAR,Radiación solar global horaria VALIDADA,Wh/m^2,2012-06-19,3525.0,Calculado
21206990,TIBAITATA - AUT [21206990],RAD SOLAR,Radiación solar global horaria VALIDADA,Wh/m^2,2012-06-20,3418.1,Calculado
21206990,TIBAITATA - AUT [21206990],RAD SOLAR,Radiación solar global horaria VALIDADA,Wh/m^2,2012-06-21,4180.3,Calculado
21206990,TIBAITATA - AUT [21206990],RAD SOLAR,Radiación solar global horaria VALIDADA,Wh/m^2,2012-06-22,3601.6,Calculado
21206990,TIBAITATA - AUT [21206990],RAD SOLAR,Radiación solar global horaria VALIDADA,Wh/m^2,2012-06-23,1452.8,Calculado
21206990,TIBAITATA - AUT [21206990],RAD SOLAR,Radiación solar global horaria VALIDADA,Wh/m^2,2012-06-24,3408.2,Calculado
21206990,TIBAITATA - AUT [21206990],RAD SOLAR,Radiación solar global horaria VALIDADA,Wh/m^2,2012-06-25,2206.4,Calculado
21206990,TIBAITATA - AUT [21206990],RAD SOLAR,Radiación solar global horaria VALIDADA,Wh/m^2,2012-06-26,5546.900000000001,Calculado
21206990,TIBAITATA - AUT [21206990],RAD SOLAR,Radiación solar global horaria VALIDADA,Wh/m^2,2012-06-27,3312.8,Calculado
21206990,TIBAITATA - AUT [21206990],RAD SOLAR,Radiación solar global horaria VALIDADA,Wh/m^2,2012-06-28,3026.5,Calculado
21206990,TIBAITATA - AUT [21206990],RAD SOLAR,Radiación solar global horaria VALIDADA,Wh/m^2,2012-06-29,2825.4,Calculado
21206990,TIBAITATA - AUT [21206990],RAD SOLAR,Radiación solar global horaria VALIDADA,Wh/m^2,2012-06-30,182.1,Calculado
21206990,TIBAITATA - AUT [21206990],RAD SOLAR,Radiación solar global horaria VALIDADA,Wh/m^2,2012-07-02,1931.3,Calculado
21206990,TIBAITATA - AUT [21206990],RAD SOLAR,Radiación solar global horaria VALIDADA,Wh/m^2,2012-07-03,3781.1,Calculado
21206990,TIBAITATA - AUT [21206990],RAD SOLAR,Radiación solar global horaria VALIDADA,Wh/m^2,2012-07-04,3462.1,Calculado
21206990,TIBAITATA - AUT [21206990],RAD SOLAR,Radiación solar global horaria VALIDADA,Wh/m^2,2012-07-05,3383.0,Calculado
21206990,TIBAITATA - AUT [21206990],RAD SOLAR,Radiación solar global horaria VALIDADA,Wh/m^2,2012-07-06,1814.5,Calculado
21206990,TIBAITATA - AUT [21206990],RAD SOLAR,Radiación solar global horaria VALIDADA,Wh/m^2,2012-07-07,2365.9,Calculado
21206990,TIBAITATA - AUT [21206990],RAD SOLAR,Radiación solar global horaria VALIDADA,Wh/m^2,2012-07-08,4387.7,Calculado
21206990,TIBAITATA - AUT [21206990],RAD SOLAR,Radiación solar global horaria VALIDADA,Wh/m^2,2012-07-09,4959.0,Calculado
21206990,TIBAITATA - AUT [21206990],RAD SOLAR,Radiación solar global horaria VALIDADA,Wh/m^2,2012-07-10,335.3,Calculado
21206990,TIBAITATA - AUT [21206990],RAD SOLAR,Radiación solar global horaria VALIDADA,Wh/m^2,2012-07-11,2388.5,Calculado
21206990,TIBAITATA - AUT [21206990],RAD SOLAR,Radiación solar global horaria VALIDADA,Wh/m^2,2012-07-12,2083.2,Calculado
21206990,TIBAITATA - AUT [21206990],RAD SOLAR,Radiación solar global horaria VALIDADA,Wh/m^2,2012-07-13,2728.8,Calculado
21206990,TIBAITATA - AUT [21206990],RAD SOLAR,Radiación solar global horaria VALIDADA,Wh/m^2,2012-07-14,2962.3,Calculado
21206990,TIBAITATA - AUT [21206990],RAD SOLAR,Radiación solar global horaria VALIDADA,Wh/m^2,2012-07-15,994.5999999999999,Calculado
21206990,TIBAITATA - AUT [21206990],RAD SOLAR,Radiación solar global horaria VALIDADA,Wh/m^2,2012-07-16,4773.1,Calculado
21206990,TIBAITATA - AUT [21206990],RAD SOLAR,Radiación solar global horaria VALIDADA,Wh/m^2,2012-07-17,0.0,Calculado
21206990,TIBAITATA - AUT [21206990],RAD SOLAR,Radiación solar global horaria VALIDADA,Wh/m^2,2012-07-18,5712.5,Calculado
21206990,TIBAITATA - AUT [21206990],RAD SOLAR,Radiación solar global horaria VALIDADA,Wh/m^2,2012-07-19,2495.2,Calculado
21206990,TIBAITATA - AUT [21206990],RAD SOLAR,Radiación solar global horaria VALIDADA,Wh/m^2,2012-07-20,4037.2,Calculado
21206990,TIBAITATA - AUT [21206990],RAD SOLAR,Radiación solar global horaria VALIDADA,Wh/m^2,2012-07-21,3948.1,Calculado
21206990,TIBAITATA - AUT [21206990],RAD SOLAR,Radiación solar global horaria VALIDADA,Wh/m^2,2012-07-22,2133.6,Calculado
21206990,TIBAITATA - AUT [21206990],RAD SOLAR,Radiación solar global horaria VALIDADA,Wh/m^2,2012-07-23,1618.6,Calculado
21206990,TIBAITATA - AUT [21206990],RAD SOLAR,Radiación solar global horaria VALIDADA,Wh/m^2,2012-07-24,2478.9,Calculado
21206990,TIBAITATA - AUT [21206990],RAD SOLAR,Radiación solar global horaria VALIDADA,Wh/m^2,2012-07-25,3764.8,Calculado
21206990,TIBAITATA - AUT [21206990],RAD SOLAR,Radiación solar global horaria VALIDADA,Wh/m^2,2012-07-26,2205.2,Calculado
21206990,TIBAITATA - AUT [21206990],RAD SOLAR,Radiación solar global horaria VALIDADA,Wh/m^2,2012-07-27,2615.7,Calculado
21206990,TIBAITATA - AUT [21206990],RAD SOLAR,Radiación solar global horaria VALIDADA,Wh/m^2,2012-07-28,2553.0,Calculado
21206990,TIBAITATA - AUT [21206990],RAD SOLAR,Radiación solar global horaria VALIDADA,Wh/m^2,2012-07-29,1991.7,Calculado
21206990,TIBAITATA - AUT [21206990],RAD SOLAR,Radiación solar global horaria VALIDADA,Wh/m^2,2012-07-30,1943.8,Calculado
21206990,TIBAITATA - AUT [21206990],RAD SOLAR,Radiación solar global horaria VALIDADA,Wh/m^2,2012-07-31,2755.2,Calculado
21206990,TIBAITATA - AUT [21206990],RAD SOLAR,Radiación solar global horaria VALIDADA,Wh/m^2,2012-08-01,3686.9,Calculado
21206990,TIBAITATA - AUT [21206990],RAD SOLAR,Radiación solar global horaria VALIDADA,Wh/m^2,2012-08-02,3002.6,Calculado
21206990,TIBAITATA - AUT [21206990],RAD SOLAR,Radiación solar global horaria VALIDADA,Wh/m^2,2012-08-03,2929.6,Calculado
21206990,TIBAITATA - AUT [21206990],RAD SOLAR,Radiación solar global horaria VALIDADA,Wh/m^2,2012-08-04,2966.1000000000004,Calculado
21206990,TIBAITATA - AUT [21206990],RAD SOLAR,Radiación solar global horaria VALIDADA,Wh/m^2,2012-08-05,3816.2999999999997,Calculado
21206990,TIBAITATA - AUT [21206990],RAD SOLAR,Radiación solar global horaria VALIDADA,Wh/m^2,2012-08-06,3778.5,Calculado
21206990,TIBAITATA - AUT [21206990],RAD SOLAR,Radiación solar global horaria VALIDADA,Wh/m^2,2012-08-07,2972.4,Calculado
21206990,TIBAITATA - AUT [21206990],RAD SOLAR,Radiación solar global horaria VALIDADA,Wh/m^2,2012-08-08,4603.5,Calculado
21206990,TIBAITATA - AUT [21206990],RAD SOLAR,Radiación solar global horaria VALIDADA,Wh/m^2,2012-08-09,2134.8,Calculado
21206990,TIBAITATA - AUT [21206990],RAD SOLAR,Radiación solar global horaria VALIDADA,Wh/m^2,2012-08-10,2915.7,Calculado
21206990,TIBAITATA - AUT [21206990],RAD SOLAR,Radiación solar global horaria VALIDADA,Wh/m^2,2012-08-11,1759.2,Calculado
21206990,TIBAITATA - AUT [21206990],RAD SOLAR,Radiación solar global horaria VALIDADA,Wh/m^2,2012-08-12,2974.9,Calculado
21206990,TIBAITATA - AUT [21206990],RAD SOLAR,Radiación solar global horaria VALIDADA,Wh/m^2,2012-08-13,2034.5,Calculado
21206990,TIBAITATA - AUT [21206990],RAD SOLAR,Radiación solar global horaria VALIDADA,Wh/m^2,2012-08-14,3699.4,Calculado
21206990,TIBAITATA - AUT [21206990],RAD SOLAR,Radiación solar global horaria VALIDADA,Wh/m^2,2012-08-15,1420.3,Calculado
21206990,TIBAITATA - AUT [21206990],RAD SOLAR,Radiación solar global horaria VALIDADA,Wh/m^2,2012-08-16,2977.4,Calculado
21206990,TIBAITATA - AUT [21206990],RAD SOLAR,Radiación solar global horaria VALIDADA,Wh/m^2,2012-08-17,2912.1,Calculado
21206990,TIBAITATA - AUT [21206990],RAD SOLAR,Radiación solar global horaria VALIDADA,Wh/m^2,2012-08-18,2128.7000000000003,Calculado
21206990,TIBAITATA - AUT [21206990],RAD SOLAR,Radiación solar global horaria VALIDADA,Wh/m^2,2012-08-19,2210.1,Calculado
21206990,TIBAITATA - AUT [21206990],RAD SOLAR,Radiación solar global horaria VALIDADA,Wh/m^2,2012-08-20,1949.1,Calculado
21206990,TIBAITATA - AUT [21206990],RAD SOLAR,Radiación solar global horaria VALIDADA,Wh/m^2,2012-08-21,2124.8,Calculado
21206990,TIBAITATA - AUT [21206990],RAD SOLAR,Radiación solar global horaria VALIDADA,Wh/m^2,2012-08-22,734.6,Calculado
21206990,TIBAITATA - AUT [21206990],RAD SOLAR,Radiación solar global horaria VALIDADA,Wh/m^2,2012-08-23,4624.9,Calculado
21206990,TIBAITATA - AUT [21206990],RAD SOLAR,Radiación solar global horaria VALIDADA,Wh/m^2,2012-08-24,2799.1,Calculado
21206990,TIBAITATA - AUT [21206990],RAD SOLAR,Radiación solar global horaria VALIDADA,Wh/m^2,2012-08-25,2468.8,Calculado
21206990,TIBAITATA - AUT [21206990],RAD SOLAR,Radiación solar global horaria VALIDADA,Wh/m^2,2012-08-26,2859.3,Calculado
21206990,TIBAITATA - AUT [21206990],RAD SOLAR,Radiación solar global horaria VALIDADA,Wh/m^2,2012-08-27,2598.2,Calculado
21206990,TIBAITATA - AUT [21206990],RAD SOLAR,Radiación solar global horaria VALIDADA,Wh/m^2,2012-08-28,4656.4,Calculado
21206990,TIBAITATA - AUT [21206990],RAD SOLAR,Radiación solar global horaria VALIDADA,Wh/m^2,2012-08-29,1058.6,Calculado
21206990,TIBAITATA - AUT [21206990],RAD SOLAR,Radiación solar global horaria VALIDADA,Wh/m^2,2012-08-30,1401.5,Calculado
21206990,TIBAITATA - AUT [21206990],RAD SOLAR,Radiación solar global horaria VALIDADA,Wh/m^2,2012-08-31,1515.7,Calculado
21206990,TIBAITATA - AUT [21206990],RAD SOLAR,Radiación solar global horaria VALIDADA,Wh/m^2,2012-09-01,2953.5,Calculado
21206990,TIBAITATA - AUT [21206990],RAD SOLAR,Radiación solar global horaria VALIDADA,Wh/m^2,2012-09-02,2521.6,Calculado
21206990,TIBAITATA - AUT [21206990],RAD SOLAR,Radiación solar global horaria VALIDADA,Wh/m^2,2012-09-03,3007.6,Calculado
21206990,TIBAITATA - AUT [21206990],RAD SOLAR,Radiación solar global horaria VALIDADA,Wh/m^2,2012-09-05,3807.4,Calculado
21206990,TIBAITATA - AUT [21206990],RAD SOLAR,Radiación solar global horaria VALIDADA,Wh/m^2,2012-09-06,1176.7,Calculado
21206990,TIBAITATA - AUT [21206990],RAD SOLAR,Radiación solar global horaria VALIDADA,Wh/m^2,2012-09-07,1053.6,Calculado
21206990,TIBAITATA - AUT [21206990],RAD SOLAR,Radiación solar global horaria VALIDADA,Wh/m^2,2012-09-08,568.9,Calculado
21206990,TIBAITATA - AUT [21206990],RAD SOLAR,Radiación solar global horaria VALIDADA,Wh/m^2,2012-09-09,1702.8,Calculado
21206990,TIBAITATA - AUT [21206990],RAD SOLAR,Radiación solar global horaria VALIDADA,Wh/m^2,2012-09-10,2630.7999999999997,Calculado
21206990,TIBAITATA - AUT [21206990],RAD SOLAR,Radiación solar global horaria VALIDADA,Wh/m^2,2012-09-11,1681.5,Calculado
21206990,TIBAITATA - AUT [21206990],RAD SOLAR,Radiación solar global horaria VALIDADA,Wh/m^2,2012-09-12,1147.7,Calculado
21206990,TIBAITATA - AUT [21206990],RAD SOLAR,Radiación solar global horaria VALIDADA,Wh/m^2,2012-09-13,974.5,Calculado
21206990,TIBAITATA - AUT [21206990],RAD SOLAR,Radiación solar global horaria VALIDADA,Wh/m^2,2012-09-14,3040.2,Calculado
21206990,TIBAITATA - AUT [21206990],RAD SOLAR,Radiación solar global horaria VALIDADA,Wh/m^2,2012-09-15,1940.2,Calculado
21206990,TIBAITATA - AUT [21206990],RAD SOLAR,Radiación solar global horaria VALIDADA,Wh/m^2,2012-09-16,1699.0,Calculado
21206990,TIBAITATA - AUT [21206990],RAD SOLAR,Radiación solar global horaria VALIDADA,Wh/m^2,2012-09-17,1892.5,Calculado
21206990,TIBAITATA - AUT [21206990],RAD SOLAR,Radiación solar global horaria VALIDADA,Wh/m^2,2012-09-18,2485.0,Calculado
21206990,TIBAITATA - AUT [21206990],RAD SOLAR,Radiación solar global horaria VALIDADA,Wh/m^2,2012-09-19,3357.8,Calculado
21206990,TIBAITATA - AUT [21206990],RAD SOLAR,Radiación solar global horaria VALIDADA,Wh/m^2,2012-09-20,3066.5,Calculado
21206990,TIBAITATA - AUT [21206990],RAD SOLAR,Radiación solar global horaria VALIDADA,Wh/m^2,2012-09-21,1596.0,Calculado
21206990,TIBAITATA - AUT [21206990],RAD SOLAR,Radiación solar global horaria VALIDADA,Wh/m^2,2012-09-22,2272.9,Calculado
21206990,TIBAITATA - AUT [21206990],RAD SOLAR,Radiación solar global horaria VALIDADA,Wh/m^2,2012-09-23,2048.2,Calculado
21206990,TIBAITATA - AUT [21206990],RAD SOLAR,Radiación solar global horaria VALIDADA,Wh/m^2,2012-09-24,3610.2000000000003,Calculado
21206990,TIBAITATA - AUT [21206990],RAD SOLAR,Radiación solar global horaria VALIDADA,Wh/m^2,2012-09-25,4522.0,Calculado
21206990,TIBAITATA - AUT [21206990],RAD SOLAR,Radiación solar global horaria VALIDADA,Wh/m^2,2012-09-26,5080.9,Calculado
21206990,TIBAITATA - AUT [21206990],RAD SOLAR,Radiación solar global horaria VALIDADA,Wh/m^2,2012-09-27,1694.0,Calculado
21206990,TIBAITATA - AUT [21206990],RAD SOLAR,Radiación solar global horaria VALIDADA,Wh/m^2,2012-09-28,1200.5,Calculado
21206990,TIBAITATA - AUT [21206990],RAD SOLAR,Radiación solar global horaria VALIDADA,Wh/m^2,2012-09-29,969.5,Calculado
21206990,TIBAITATA - AUT [21206990],RAD SOLAR,Radiación solar global horaria VALIDADA,Wh/m^2,2012-09-30,3933.1000000000004,Calculado
21206990,TIBAITATA - AUT [21206990],RAD SOLAR,Radiación solar global horaria VALIDADA,Wh/m^2,2012-10-01,3174.4,Calculado
21206990,TIBAITATA - AUT [21206990],RAD SOLAR,Radiación solar global horaria VALIDADA,Wh/m^2,2012-10-02,2928.3999999999996,Calculado
21206990,TIBAITATA - AUT [21206990],RAD SOLAR,Radiación solar global horaria VALIDADA,Wh/m^2,2012-10-03,3229.9,Calculado
21206990,TIBAITATA - AUT [21206990],RAD SOLAR,Radiación solar global horaria VALIDADA,Wh/m^2,2012-10-04,1352.4,Calculado
21206990,TIBAITATA - AUT [21206990],RAD SOLAR,Radiación solar global horaria VALIDADA,Wh/m^2,2012-10-05,2336.9,Calculado
21206990,TIBAITATA - AUT [21206990],RAD SOLAR,Radiación solar global horaria VALIDADA,Wh/m^2,2012-10-06,1323.5,Calculado
21206990,TIBAITATA - AUT [21206990],RAD SOLAR,Radiación solar global horaria VALIDADA,Wh/m^2,2012-10-08,1509.5,Calculado
21206990,TIBAITATA - AUT [21206990],RAD SOLAR,Radiación solar global horaria VALIDADA,Wh/m^2,2012-10-09,4465.5,Calculado
21206990,TIBAITATA - AUT [21206990],RAD SOLAR,Radiación solar global horaria VALIDADA,Wh/m^2,2012-10-10,3034.0,Calculado
21206990,TIBAITATA - AUT [21206990],RAD SOLAR,Radiación solar global horaria VALIDADA,Wh/m^2,2012-10-11,3319.1,Calculado
21206990,TIBAITATA - AUT [21206990],RAD SOLAR,Radiación solar global horaria VALIDADA,Wh/m^2,2012-10-12,2730.0,Calculado
21206990,TIBAITATA - AUT [21206990],RAD SOLAR,Radiación solar global horaria VALIDADA,Wh/m^2,2012-10-13,3994.6,Calculado
21206990,TIBAITATA - AUT [21206990],RAD SOLAR,Radiación solar global horaria VALIDADA,Wh/m^2,2012-10-14,2295.5,Calculado
21206990,TIBAITATA - AUT [21206990],RAD SOLAR,Radiación solar global horaria VALIDADA,Wh/m^2,2012-10-15,1746.7,Calculado
21206990,TIBAITATA - AUT [21206990],RAD SOLAR,Radiación solar global horaria VALIDADA,Wh/m^2,2012-10-16,877.9,Calculado
21206990,TIBAITATA - AUT [21206990],RAD SOLAR,Radiación solar global horaria VALIDADA,Wh/m^2,2012-10-17,936.8000000000001,Calculado
21206990,TIBAITATA - AUT [21206990],RAD SOLAR,Radiación solar global horaria VALIDADA,Wh/m^2,2012-10-18,3288.9,Calculado
21206990,TIBAITATA - AUT [21206990],RAD SOLAR,Radiación solar global horaria VALIDADA,Wh/m^2,2012-10-19,1187.9,Calculado
21206990,TIBAITATA - AUT [21206990],RAD SOLAR,Radiación solar global horaria VALIDADA,Wh/m^2,2012-10-20,84.2,Calculado
21206990,TIBAITATA - AUT [21206990],RAD SOLAR,Radiación solar global horaria VALIDADA,Wh/m^2,2012-10-21,2028.0,Calculado
21206990,TIBAITATA - AUT [21206990],RAD SOLAR,Radiación solar global horaria VALIDADA,Wh/m^2,2012-10-22,3684.3,Calculado
21206990,TIBAITATA - AUT [21206990],RAD SOLAR,Radiación solar global horaria VALIDADA,Wh/m^2,2012-10-23,0.0,Calculado
21206990,TIBAITATA - AUT [21206990],RAD SOLAR,Radiación solar global horaria VALIDADA,Wh/m^2,2012-10-24,852.6,Calculado
21206990,TIBAITATA - AUT [21206990],RAD SOLAR,Radiación solar global horaria VALIDADA,Wh/m^2,2012-10-25,2804.1,Calculado
21206990,TIBAITATA - AUT [21206990],RAD SOLAR,Radiación solar global horaria VALIDADA,Wh/m^2,2012-10-26,940.5,Calculado
21206990,TIBAITATA - AUT [21206990],RAD SOLAR,Radiación solar global horaria VALIDADA,Wh/m^2,2012-10-27,1653.8000000000002,Calculado
21206990,TIBAITATA - AUT [21206990],RAD SOLAR,Radiación solar global horaria VALIDADA,Wh/m^2,2012-10-28,914.2,Calculado
21206990,TIBAITATA - AUT [21206990],RAD SOLAR,Radiación solar global horaria VALIDADA,Wh/m^2,2012-10-29,876.5,Calculado
21206990,TIBAITATA - AUT [21206990],RAD SOLAR,Radiación solar global horaria VALIDADA,Wh/m^2,2012-10-30,1643.8000000000002,Calculado
21206990,TIBAITATA - AUT [21206990],RAD SOLAR,Radiación solar global horaria VALIDADA,Wh/m^2,2012-10-31,2632.0,Calculado
21206990,TIBAITATA - AUT [21206990],RAD SOLAR,Radiación solar global horaria VALIDADA,Wh/m^2,2012-11-01,6052.7,Calculado
21206990,TIBAITATA - AUT [21206990],RAD SOLAR,Radiación solar global horaria VALIDADA,Wh/m^2,2012-11-02,3207.2,Calculado
21206990,TIBAITATA - AUT [21206990],RAD SOLAR,Radiación solar global horaria VALIDADA,Wh/m^2,2012-11-03,2770.2,Calculado
21206990,TIBAITATA - AUT [21206990],RAD SOLAR,Radiación solar global horaria VALIDADA,Wh/m^2,2012-11-04,2000.4,Calculado
21206990,TIBAITATA - AUT [21206990],RAD SOLAR,Radiación solar global horaria VALIDADA,Wh/m^2,2012-11-05,1035.0,Calculado
21206990,TIBAITATA - AUT [21206990],RAD SOLAR,Radiación solar global horaria VALIDADA,Wh/m^2,2012-11-06,907.8000000000001,Calculado
21206990,TIBAITATA - AUT [21206990],RAD SOLAR,Radiación solar global horaria VALIDADA,Wh/m^2,2012-11-07,547.5,Calculado
21206990,TIBAITATA - AUT [21206990],RAD SOLAR,Radiación solar global horaria VALIDADA,Wh/m^2,2012-11-08,4235.5,Calculado
21206990,TIBAITATA - AUT [21206990],RAD SOLAR,Radiación solar global horaria VALIDADA,Wh/m^2,2012-11-09,3884.0,Calculado
21206990,TIBAITATA - AUT [21206990],RAD SOLAR,Radiación solar global horaria VALIDADA,Wh/m^2,2012-11-10,1250.7,Calculado
21206990,TIBAITATA - AUT [21206990],RAD SOLAR,Radiación solar global horaria VALIDADA,Wh/m^2,2012-11-11,3188.4,Calculado
21206990,TIBAITATA - AUT [21206990],RAD SOLAR,Radiación solar global horaria VALIDADA,Wh/m^2,2012-11-12,3354.0,Calculado
21206990,TIBAITATA - AUT [21206990],RAD SOLAR,Radiación solar global horaria VALIDADA,Wh/m^2,2012-11-13,2055.7,Calculado
21206990,TIBAITATA - AUT [21206990],RAD SOLAR,Radiación solar global horaria VALIDADA,Wh/m^2,2012-11-14,1272.1,Calculado
21206990,TIBAITATA - AUT [21206990],RAD SOLAR,Radiación solar global horaria VALIDADA,Wh/m^2,2012-11-15,2158.6,Calculado
21206990,TIBAITATA - AUT [21206990],RAD SOLAR,Radiación solar global horaria VALIDADA,Wh/m^2,2012-11-16,1727.9,Calculado
21206990,TIBAITATA - AUT [21206990],RAD SOLAR,Radiación solar global horaria VALIDADA,Wh/m^2,2012-11-17,243.6,Calculado
21206990,TIBAITATA - AUT [21206990],RAD SOLAR,Radiación solar global horaria VALIDADA,Wh/m^2,2012-11-18,1044.8,Calculado
21206990,TIBAITATA - AUT [21206990],RAD SOLAR,Radiación solar global horaria VALIDADA,Wh/m^2,2012-11-19,3145.7,Calculado
21206990,TIBAITATA - AUT [21206990],RAD SOLAR,Radiación solar global horaria VALIDADA,Wh/m^2,2012-11-20,2238.9,Calculado
21206990,TIBAITATA - AUT [21206990],RAD SOLAR,Radiación solar global horaria VALIDADA,Wh/m^2,2012-11-21,2507.9,Calculado
21206990,TIBAITATA - AUT [21206990],RAD SOLAR,Radiación solar global horaria VALIDADA,Wh/m^2,2012-11-22,1759.3,Calculado
21206990,TIBAITATA - AUT [21206990],RAD SOLAR,Radiación solar global horaria VALIDADA,Wh/m^2,2012-11-23,233.5,Calculado
21206990,TIBAITATA - AUT [21206990],RAD SOLAR,Radiación solar global horaria VALIDADA,Wh/m^2,2012-11-24,2517.9,Calculado
21206990,TIBAITATA - AUT [21206990],RAD SOLAR,Radiación solar global horaria VALIDADA,Wh/m^2,2012-11-25,5524.0,Calculado
21206990,TIBAITATA - AUT [21206990],RAD SOLAR,Radiación solar global horaria VALIDADA,Wh/m^2,2012-11-26,1372.6000000000001,Calculado
21206990,TIBAITATA - AUT [21206990],RAD SOLAR,Radiación solar global horaria VALIDADA,Wh/m^2,2012-11-27,2072.1,Calculado
21206990,TIBAITATA - AUT [21206990],RAD SOLAR,Radiación solar global horaria VALIDADA,Wh/m^2,2012-11-30,907.8000000000001,Calculado
21206990,TIBAITATA - AUT [21206990],RAD SOLAR,Radiación solar global horaria VALIDADA,Wh/m^2,2012-12-03,1849.7,Calculado
21206990,TIBAITATA - AUT [21206990],RAD SOLAR,Radiación solar global horaria VALIDADA,Wh/m^2,2012-12-04,3413.1,Calculado
21206990,TIBAITATA - AUT [21206990],RAD SOLAR,Radiación solar global horaria VALIDADA,Wh/m^2,2012-12-05,2545.5,Calculado
21206990,TIBAITATA - AUT [21206990],RAD SOLAR,Radiación solar global horaria VALIDADA,Wh/m^2,2012-12-06,2643.3,Calculado
21206990,TIBAITATA - AUT [21206990],RAD SOLAR,Radiación solar global horaria VALIDADA,Wh/m^2,2012-12-07,3136.9,Calculado
21206990,TIBAITATA - AUT [21206990],RAD SOLAR,Radiación solar global horaria VALIDADA,Wh/m^2,2012-12-08,1415.3,Calculado
21206990,TIBAITATA - AUT [21206990],RAD SOLAR,Radiación solar global horaria VALIDADA,Wh/m^2,2012-12-09,2844.2,Calculado
21206990,TIBAITATA - AUT [21206990],RAD SOLAR,Radiación solar global horaria VALIDADA,Wh/m^2,2012-12-10,761.0,Calculado
21206990,TIBAITATA - AUT [21206990],RAD SOLAR,Radiación solar global horaria VALIDADA,Wh/m^2,2012-12-11,2912.2,Calculado
21206990,TIBAITATA - AUT [21206990],RAD SOLAR,Radiación solar global horaria VALIDADA,Wh/m^2,2012-12-12,4252.0,Calculado
21206990,TIBAITATA - AUT [21206990],RAD SOLAR,Radiación solar global horaria VALIDADA,Wh/m^2,2012-12-13,2210.1,Calculado
21206990,TIBAITATA - AUT [21206990],RAD SOLAR,Radiación solar global horaria VALIDADA,Wh/m^2,2012-12-14,516.2,Calculado
21206990,TIBAITATA - AUT [21206990],RAD SOLAR,Radiación solar global horaria VALIDADA,Wh/m^2,2012-12-15,580.1,Calculado
21206990,TIBAITATA - AUT [21206990],RAD SOLAR,Radiación solar global horaria VALIDADA,Wh/m^2,2012-12-16,816.1999999999999,Calculado
21206990,TIBAITATA - AUT [21206990],RAD SOLAR,Radiación solar global horaria VALIDADA,Wh/m^2,2012-12-17,1557.2,Calculado
21206990,TIBAITATA - AUT [21206990],RAD SOLAR,Radiación solar global horaria VALIDADA,Wh/m^2,2012-12-18,3439.5,Calculado
21206990,TIBAITATA - AUT [21206990],RAD SOLAR,Radiación solar global horaria VALIDADA,Wh/m^2,2012-12-19,2653.3,Calculado
21206990,TIBAITATA - AUT [21206990],RAD SOLAR,Radiación solar global horaria VALIDADA,Wh/m^2,2012-12-20,1606.1,Calculado
21206990,TIBAITATA - AUT [21206990],RAD SOLAR,Radiación solar global horaria VALIDADA,Wh/m^2,2012-12-21,2840.6,Calculado
21206990,TIBAITATA - AUT [21206990],RAD SOLAR,Radiación solar global horaria VALIDADA,Wh/m^2,2012-12-22,2335.6,Calculado
21206990,TIBAITATA - AUT [21206990],RAD SOLAR,Radiación solar global horaria VALIDADA,Wh/m^2,2012-12-23,555.1,Calculado
21206990,TIBAITATA - AUT [21206990],RAD SOLAR,Radiación solar global horaria VALIDADA,Wh/m^2,2012-12-24,452.0,Calculado
21206990,TIBAITATA - AUT [21206990],RAD SOLAR,Radiación solar global horaria VALIDADA,Wh/m^2,2012-12-25,1358.7,Calculado
21206990,TIBAITATA - AUT [21206990],RAD SOLAR,Radiación solar global horaria VALIDADA,Wh/m^2,2012-12-26,1366.3,Calculado
21206990,TIBAITATA - AUT [21206990],RAD SOLAR,Radiación solar global horaria VALIDADA,Wh/m^2,2012-12-27,1277.0,Calculado
21206990,TIBAITATA - AUT [21206990],RAD SOLAR,Radiación solar global horaria VALIDADA,Wh/m^2,2012-12-29,2370.9,Calculado
21206990,TIBAITATA - AUT [21206990],RAD SOLAR,Radiación solar global horaria VALIDADA,Wh/m^2,2012-12-30,366.7,Calculado
21206990,TIBAITATA - AUT [21206990],RAD SOLAR,Radiación solar global horaria VALIDADA,Wh/m^2,2012-12-31,1083.8,Calculado
21206990,TIBAITATA - AUT [21206990],RAD SOLAR,Radiación solar global horaria VALIDADA,Wh/m^2,2013-01-01,1882.5,Calculado
21206990,TIBAITATA - AUT [21206990],RAD SOLAR,Radiación solar global horaria VALIDADA,Wh/m^2,2013-01-02,527.4,Calculado
21206990,TIBAITATA - AUT [21206990],RAD SOLAR,Radiación solar global horaria VALIDADA,Wh/m^2,2013-01-03,2148.6,Calculado
21206990,TIBAITATA - AUT [21206990],RAD SOLAR,Radiación solar global horaria VALIDADA,Wh/m^2,2013-01-04,1508.1,Calculado
21206990,TIBAITATA - AUT [21206990],RAD SOLAR,Radiación solar global horaria VALIDADA,Wh/m^2,2013-01-05,3150.7,Calculado
21206990,TIBAITATA - AUT [21206990],RAD SOLAR,Radiación solar global horaria VALIDADA,Wh/m^2,2013-01-06,1984.1,Calculado
21206990,TIBAITATA - AUT [21206990],RAD SOLAR,Radiación solar global horaria VALIDADA,Wh/m^2,2013-01-07,3646.7,Calculado
21206990,TIBAITATA - AUT [21206990],RAD SOLAR,Radiación solar global horaria VALIDADA,Wh/m^2,2013-01-08,1835.9,Calculado
21206990,TIBAITATA - AUT [21206990],RAD SOLAR,Radiación solar global horaria VALIDADA,Wh/m^2,2013-01-09,413.1,Calculado
21206990,TIBAITATA - AUT [21206990],RAD SOLAR,Radiación solar global horaria VALIDADA,Wh/m^2,2013-01-10,2458.8,Calculado
21206990,TIBAITATA - AUT [21206990],RAD SOLAR,Radiación solar global horaria VALIDADA,Wh/m^2,2013-01-11,1898.7,Calculado
21206990,TIBAITATA - AUT [21206990],RAD SOLAR,Radiación solar global horaria VALIDADA,Wh/m^2,2013-01-12,646.8,Calculado
21206990,TIBAITATA - AUT [21206990],RAD SOLAR,Radiación solar global horaria VALIDADA,Wh/m^2,2013-01-13,694.5,Calculado
21206990,TIBAITATA - AUT [21206990],RAD SOLAR,Radiación solar global horaria VALIDADA,Wh/m^2,2013-01-14,3135.6,Calculado
21206990,TIBAITATA - AUT [21206990],RAD SOLAR,Radiación solar global horaria VALIDADA,Wh/m^2,2013-01-16,3218.6,Calculado
21206990,TIBAITATA - AUT [21206990],RAD SOLAR,Radiación solar global horaria VALIDADA,Wh/m^2,2013-01-17,1543.3,Calculado
21206990,TIBAITATA - AUT [21206990],RAD SOLAR,Radiación solar global horaria VALIDADA,Wh/m^2,2013-01-18,1834.7,Calculado
21206990,TIBAITATA - AUT [21206990],RAD SOLAR,Radiación solar global horaria VALIDADA,Wh/m^2,2013-01-19,4116.3,Calculado
21206990,TIBAITATA - AUT [21206990],RAD SOLAR,Radiación solar global horaria VALIDADA,Wh/m^2,2013-01-20,3552.5,Calculado
21206990,TIBAITATA - AUT [21206990],RAD SOLAR,Radiación solar global horaria VALIDADA,Wh/m^2,2013-01-21,2305.6,Calculado
21206990,TIBAITATA - AUT [21206990],RAD SOLAR,Radiación solar global horaria VALIDADA,Wh/m^2,2013-01-22,1171.6,Calculado
21206990,TIBAITATA - AUT [21206990],RAD SOLAR,Radiación solar global horaria VALIDADA,Wh/m^2,2013-01-23,4896.3,Calculado
21206990,TIBAITATA - AUT [21206990],RAD SOLAR,Radiación solar global horaria VALIDADA,Wh/m^2,2013-01-24,5891.9,Calculado
21206990,TIBAITATA - AUT [21206990],RAD SOLAR,Radiación solar global horaria VALIDADA,Wh/m^2,2013-01-25,2422.3,Calculado
21206990,TIBAITATA - AUT [21206990],RAD SOLAR,Radiación solar global horaria VALIDADA,Wh/m^2,2013-01-26,2476.3,Calculado
21206990,TIBAITATA - AUT [21206990],RAD SOLAR,Radiación solar global horaria VALIDADA,Wh/m^2,2013-01-27,3557.4,Calculado
21206990,TIBAITATA - AUT [21206990],RAD SOLAR,Radiación solar global horaria VALIDADA,Wh/m^2,2013-01-28,2387.2,Calculado
21206990,TIBAITATA - AUT [21206990],RAD SOLAR,Radiación solar global horaria VALIDADA,Wh/m^2,2013-01-29,2640.7,Calculado
21206990,TIBAITATA - AUT [21206990],RAD SOLAR,Radiación solar global horaria VALIDADA,Wh/m^2,2013-01-30,4162.8,Calculado
21206990,TIBAITATA - AUT [21206990],RAD SOLAR,Radiación solar global horaria VALIDADA,Wh/m^2,2013-01-31,5106.0,Calculado
21206990,TIBAITATA - AUT [21206990],RAD SOLAR,Radiación solar global horaria VALIDADA,Wh/m^2,2013-02-01,615.3000000000001,Calculado
21206990,TIBAITATA - AUT [21206990],RAD SOLAR,Radiación solar global horaria VALIDADA,Wh/m^2,2013-02-02,3513.7,Calculado
21206990,TIBAITATA - AUT [21206990],RAD SOLAR,Radiación solar global horaria VALIDADA,Wh/m^2,2013-02-03,5358.3,Calculado
21206990,TIBAITATA - AUT [21206990],RAD SOLAR,Radiación solar global horaria VALIDADA,Wh/m^2,2013-02-04,5436.3,Calculado
21206990,TIBAITATA - AUT [21206990],RAD SOLAR,Radiación solar global horaria VALIDADA,Wh/m^2,2013-02-05,1171.6,Calculado
21206990,TIBAITATA - AUT [21206990],RAD SOLAR,Radiación solar global horaria VALIDADA,Wh/m^2,2013-02-06,4825.9,Calculado
21206990,TIBAITATA - AUT [21206990],RAD SOLAR,Radiación solar global horaria VALIDADA,Wh/m^2,2013-02-07,5295.5,Calculado
21206990,TIBAITATA - AUT [21206990],RAD SOLAR,Radiación solar global horaria VALIDADA,Wh/m^2,2013-02-08,5330.7,Calculado
21206990,TIBAITATA - AUT [21206990],RAD SOLAR,Radiación solar global horaria VALIDADA,Wh/m^2,2013-02-09,3998.2,Calculado
21206990,TIBAITATA - AUT [21206990],RAD SOLAR,Radiación solar global horaria VALIDADA,Wh/m^2,2013-02-10,2721.2000000000003,Calculado
21206990,TIBAITATA - AUT [21206990],RAD SOLAR,Radiación solar global horaria VALIDADA,Wh/m^2,2013-02-11,3007.6,Calculado
21206990,TIBAITATA - AUT [21206990],RAD SOLAR,Radiación solar global horaria VALIDADA,Wh/m^2,2013-02-12,3514.9,Calculado
21206990,TIBAITATA - AUT [21206990],RAD SOLAR,Radiación solar global horaria VALIDADA,Wh/m^2,2013-02-13,7095.0,Calculado
21206990,TIBAITATA - AUT [21206990],RAD SOLAR,Radiación solar global horaria VALIDADA,Wh/m^2,2013-02-14,4660.0,Calculado
21206990,TIBAITATA - AUT [21206990],RAD SOLAR,Radiación solar global horaria VALIDADA,Wh/m^2,2013-02-15,4481.8,Calculado
21206990,TIBAITATA - AUT [21206990],RAD SOLAR,Radiación solar global horaria VALIDADA,Wh/m^2,2013-02-16,3686.8,Calculado
21206990,TIBAITATA - AUT [21206990],RAD SOLAR,Radiación solar global horaria VALIDADA,Wh/m^2,2013-02-17,3196.0,Calculado
21206990,TIBAITATA - AUT [21206990],RAD SOLAR,Radiación solar global horaria VALIDADA,Wh/m^2,2013-02-18,1968.9,Calculado
21206990,TIBAITATA - AUT [21206990],RAD SOLAR,Radiación solar global horaria VALIDADA,Wh/m^2,2013-02-19,3626.5,Calculado
21206990,TIBAITATA - AUT [21206990],RAD SOLAR,Radiación solar global horaria VALIDADA,Wh/m^2,2013-02-20,5684.8,Calculado
21206990,TIBAITATA - AUT [21206990],RAD SOLAR,Radiación solar global horaria VALIDADA,Wh/m^2,2013-02-21,3350.2000000000003,Calculado
21206990,TIBAITATA - AUT [21206990],RAD SOLAR,Radiación solar global horaria VALIDADA,Wh/m^2,2013-02-22,2696.0,Calculado
21206990,TIBAITATA - AUT [21206990],RAD SOLAR,Radiación solar global horaria VALIDADA,Wh/m^2,2013-02-23,5200.2,Calculado
21206990,TIBAITATA - AUT [21206990],RAD SOLAR,Radiación solar global horaria VALIDADA,Wh/m^2,2013-02-24,3106.7,Calculado
21206990,TIBAITATA - AUT [21206990],RAD SOLAR,Radiación solar global horaria VALIDADA,Wh/m^2,2013-02-25,2328.3,Calculado
21206990,TIBAITATA - AUT [21206990],RAD SOLAR,Radiación solar global horaria VALIDADA,Wh/m^2,2013-02-26,4227.0,Calculado
21206990,TIBAITATA - AUT [21206990],RAD SOLAR,Radiación solar global horaria VALIDADA,Wh/m^2,2013-02-27,2858.2000000000003,Calculado
21206990,TIBAITATA - AUT [21206990],RAD SOLAR,Radiación solar global horaria VALIDADA,Wh/m^2,2013-02-28,2762.7,Calculado
21206990,TIBAITATA - AUT [21206990],RAD SOLAR,Radiación solar global horaria VALIDADA,Wh/m^2,2013-03-01,2813.0,Calculado
21206990,TIBAITATA - AUT [21206990],RAD SOLAR,Radiación solar global horaria VALIDADA,Wh/m^2,2013-03-02,5496.4,Calculado
21206990,TIBAITATA - AUT [21206990],RAD SOLAR,Radiación solar global horaria VALIDADA,Wh/m^2,2013-03-03,2659.8,Calculado
21206990,TIBAITATA - AUT [21206990],RAD SOLAR,Radiación solar global horaria VALIDADA,Wh/m^2,2013-03-04,1830.8999999999999,Calculado
21206990,TIBAITATA - AUT [21206990],RAD SOLAR,Radiación solar global horaria VALIDADA,Wh/m^2,2013-03-05,3851.5,Calculado
21206990,TIBAITATA - AUT [21206990],RAD SOLAR,Radiación solar global horaria VALIDADA,Wh/m^2,2013-03-06,4372.5,Calculado
21206990,TIBAITATA - AUT [21206990],RAD SOLAR,Radiación solar global horaria VALIDADA,Wh/m^2,2013-03-07,5999.9,Calculado
21206990,TIBAITATA - AUT [21206990],RAD SOLAR,Radiación solar global horaria VALIDADA,Wh/m^2,2013-03-08,5394.900000000001,Calculado
21206990,TIBAITATA - AUT [21206990],RAD SOLAR,Radiación solar global horaria VALIDADA,Wh/m^2,2013-03-09,2460.0,Calculado
21206990,TIBAITATA - AUT [21206990],RAD SOLAR,Radiación solar global horaria VALIDADA,Wh/m^2,2013-03-10,4054.8,Calculado
21206990,TIBAITATA - AUT [21206990],RAD SOLAR,Radiación solar global horaria VALIDADA,Wh/m^2,2013-03-11,4773.1,Calculado
21206990,TIBAITATA - AUT [21206990],RAD SOLAR,Radiación solar global horaria VALIDADA,Wh/m^2,2013-03-12,2757.7,Calculado
21206990,TIBAITATA - AUT [21206990],RAD SOLAR,Radiación solar global horaria VALIDADA,Wh/m^2,2013-03-13,4711.6,Calculado
21206990,TIBAITATA - AUT [21206990],RAD SOLAR,Radiación solar global horaria VALIDADA,Wh/m^2,2013-03-14,4086.3,Calculado
21206990,TIBAITATA - AUT [21206990],RAD SOLAR,Radiación solar global horaria VALIDADA,Wh/m^2,2013-03-15,1422.9,Calculado
21206990,TIBAITATA - AUT [21206990],RAD SOLAR,Radiación solar global horaria VALIDADA,Wh/m^2,2013-03-16,4975.2,Calculado
21206990,TIBAITATA - AUT [21206990],RAD SOLAR,Radiación solar global horaria VALIDADA,Wh/m^2,2013-03-17,3000.1,Calculado
21206990,TIBAITATA - AUT [21206990],RAD SOLAR,Radiación solar global horaria VALIDADA,Wh/m^2,2013-03-18,4248.2,Calculado
21206990,TIBAITATA - AUT [21206990],RAD SOLAR,Radiación solar global horaria VALIDADA,Wh/m^2,2013-03-19,3094.5,Calculado
21206990,TIBAITATA - AUT [21206990],RAD SOLAR,Radiación solar global horaria VALIDADA,Wh/m^2,2013-03-20,5261.7,Calculado
21206990,TIBAITATA - AUT [21206990],RAD SOLAR,Radiación solar global horaria VALIDADA,Wh/m^2,2013-03-21,4083.9,Calculado
21206990,TIBAITATA - AUT [21206990],RAD SOLAR,Radiación solar global horaria VALIDADA,Wh/m^2,2013-03-22,3320.3,Calculado
21206990,TIBAITATA - AUT [21206990],RAD SOLAR,Radiación solar global horaria VALIDADA,Wh/m^2,2013-03-23,3106.9,Calculado
21206990,TIBAITATA - AUT [21206990],RAD SOLAR,Radiación solar global horaria VALIDADA,Wh/m^2,2013-03-24,3814.9,Calculado
21206990,TIBAITATA - AUT [21206990],RAD SOLAR,Radiación solar global horaria VALIDADA,Wh/m^2,2013-03-25,4205.6,Calculado
21206990,TIBAITATA - AUT [21206990],RAD SOLAR,Radiación solar global horaria VALIDADA,Wh/m^2,2013-03-26,6339.1,Calculado
21206990,TIBAITATA - AUT [21206990],RAD SOLAR,Radiación solar global horaria VALIDADA,Wh/m^2,2013-03-27,5330.8,Calculado
21206990,TIBAITATA - AUT [21206990],RAD SOLAR,Radiación solar global horaria VALIDADA,Wh/m^2,2013-03-28,5049.4,Calculado
21206990,TIBAITATA - AUT [21206990],RAD SOLAR,Radiación solar global horaria VALIDADA,Wh/m^2,2013-03-29,3839.9,Calculado
21206990,TIBAITATA - AUT [21206990],RAD SOLAR,Radiación solar global horaria VALIDADA,Wh/m^2,2013-03-30,3709.4,Calculado
21206990,TIBAITATA - AUT [21206990],RAD SOLAR,Radiación solar global horaria VALIDADA,Wh/m^2,2013-03-31,2398.3,Calculado
21206990,TIBAITATA - AUT [21206990],RAD SOLAR,Radiación solar global horaria VALIDADA,Wh/m^2,2013-04-01,5757.6,Calculado
21206990,TIBAITATA - AUT [21206990],RAD SOLAR,Radiación solar global horaria VALIDADA,Wh/m^2,2013-04-02,3603.8,Calculado
21206990,TIBAITATA - AUT [21206990],RAD SOLAR,Radiación solar global horaria VALIDADA,Wh/m^2,2013-04-03,5112.099999999999,Calculado
21206990,TIBAITATA - AUT [21206990],RAD SOLAR,Radiación solar global horaria VALIDADA,Wh/m^2,2013-04-04,5123.5,Calculado
21206990,TIBAITATA - AUT [21206990],RAD SOLAR,Radiación solar global horaria VALIDADA,Wh/m^2,2013-04-05,6060.2,Calculado
21206990,TIBAITATA - AUT [21206990],RAD SOLAR,Radiación solar global horaria VALIDADA,Wh/m^2,2013-04-06,6145.7,Calculado
21206990,TIBAITATA - AUT [21206990],RAD SOLAR,Radiación solar global horaria VALIDADA,Wh/m^2,2013-04-07,4201.6,Calculado
21206990,TIBAITATA - AUT [21206990],RAD SOLAR,Radiación solar global horaria VALIDADA,Wh/m^2,2013-04-08,4152.8,Calculado
21206990,TIBAITATA - AUT [21206990],RAD SOLAR,Radiación solar global horaria VALIDADA,Wh/m^2,2013-04-09,5539.2,Calculado
21206990,TIBAITATA - AUT [21206990],RAD SOLAR,Radiación solar global horaria VALIDADA,Wh/m^2,2013-04-10,4503.1,Calculado
21206990,TIBAITATA - AUT [21206990],RAD SOLAR,Radiación solar global horaria VALIDADA,Wh/m^2,2013-04-11,6316.6,Calculado
21206990,TIBAITATA - AUT [21206990],RAD SOLAR,Radiación solar global horaria VALIDADA,Wh/m^2,2013-04-12,5145.9,Calculado
21206990,TIBAITATA - AUT [21206990],RAD SOLAR,Radiación solar global horaria VALIDADA,Wh/m^2,2013-04-13,582.6,Calculado
21206990,TIBAITATA - AUT [21206990],RAD SOLAR,Radiación solar global horaria VALIDADA,Wh/m^2,2013-04-14,3467.1,Calculado
21206990,TIBAITATA - AUT [21206990],RAD SOLAR,Radiación solar global horaria VALIDADA,Wh/m^2,2013-04-15,2049.4,Calculado
21206990,TIBAITATA - AUT [21206990],RAD SOLAR,Radiación solar global horaria VALIDADA,Wh/m^2,2013-04-16,4684.1,Calculado
21206990,TIBAITATA - AUT [21206990],RAD SOLAR,Radiación solar global horaria VALIDADA,Wh/m^2,2013-04-17,4573.6,Calculado
21206990,TIBAITATA - AUT [21206990],RAD SOLAR,Radiación solar global horaria VALIDADA,Wh/m^2,2013-04-18,5315.6,Calculado
21206990,TIBAITATA - AUT [21206990],RAD SOLAR,Radiación solar global horaria VALIDADA,Wh/m^2,2013-04-19,2961.1,Calculado
21206990,TIBAITATA - AUT [21206990],RAD SOLAR,Radiación solar global horaria VALIDADA,Wh/m^2,2013-04-20,2794.0,Calculado
21206990,TIBAITATA - AUT [21206990],RAD SOLAR,Radiación solar global horaria VALIDADA,Wh/m^2,2013-04-21,3335.4,Calculado
21206990,TIBAITATA - AUT [21206990],RAD SOLAR,Radiación solar global horaria VALIDADA,Wh/m^2,2013-04-22,5274.3,Calculado
21206990,TIBAITATA - AUT [21206990],RAD SOLAR,Radiación solar global horaria VALIDADA,Wh/m^2,2013-04-23,4665.099999999999,Calculado
21206990,TIBAITATA - AUT [21206990],RAD SOLAR,Radiación solar global horaria VALIDADA,Wh/m^2,2013-04-24,4022.1,Calculado
21206990,TIBAITATA - AUT [21206990],RAD SOLAR,Radiación solar global horaria VALIDADA,Wh/m^2,2013-04-25,4277.1,Calculado
21206990,TIBAITATA - AUT [21206990],RAD SOLAR,Radiación solar global horaria VALIDADA,Wh/m^2,2013-04-26,5717.5,Calculado
21206990,TIBAITATA - AUT [21206990],RAD SOLAR,Radiación solar global horaria VALIDADA,Wh/m^2,2013-04-27,1.3,Calculado
21206990,TIBAITATA - AUT [21206990],RAD SOLAR,Radiación solar global horaria VALIDADA,Wh/m^2,2013-05-13,2556.6,Calculado
21206990,TIBAITATA - AUT [21206990],RAD SOLAR,Radiación solar global horaria VALIDADA,Wh/m^2,2013-05-14,2448.7,Calculado
21206990,TIBAITATA - AUT [21206990],RAD SOLAR,Radiación solar global horaria VALIDADA,Wh/m^2,2013-05-15,3138.1,Calculado
21206990,TIBAITATA - AUT [21206990],RAD SOLAR,Radiación solar global horaria VALIDADA,Wh/m^2,2013-05-16,2984.9,Calculado
21206990,TIBAITATA - AUT [21206990],RAD SOLAR,Radiación solar global horaria VALIDADA,Wh/m^2,2013-05-17,2729.9,Calculado
21206990,TIBAITATA - AUT [21206990],RAD SOLAR,Radiación solar global horaria VALIDADA,Wh/m^2,2013-05-18,4503.0,Calculado
21206990,TIBAITATA - AUT [21206990],RAD SOLAR,Radiación solar global horaria VALIDADA,Wh/m^2,2013-05-19,4269.5,Calculado
21206990,TIBAITATA - AUT [21206990],RAD SOLAR,Radiación solar global horaria VALIDADA,Wh/m^2,2013-05-20,3689.5,Calculado
21206990,TIBAITATA - AUT [21206990],RAD SOLAR,Radiación solar global horaria VALIDADA,Wh/m^2,2013-05-21,2905.9,Calculado
21206990,TIBAITATA - AUT [21206990],RAD SOLAR,Radiación solar global horaria VALIDADA,Wh/m^2,2013-05-22,3252.5,Calculado
21206990,TIBAITATA - AUT [21206990],RAD SOLAR,Radiación solar global horaria VALIDADA,Wh/m^2,2013-05-24,3972.1,Calculado
21206990,TIBAITATA - AUT [21206990],RAD SOLAR,Radiación solar global horaria VALIDADA,Wh/m^2,2013-05-25,5679.8,Calculado
21206990,TIBAITATA - AUT [21206990],RAD SOLAR,Radiación solar global horaria VALIDADA,Wh/m^2,2013-05-26,2617.1,Calculado
21206990,TIBAITATA - AUT [21206990],RAD SOLAR,Radiación solar global horaria VALIDADA,Wh/m^2,2013-05-27,3708.3,Calculado
21206990,TIBAITATA - AUT [21206990],RAD SOLAR,Radiación solar global horaria VALIDADA,Wh/m^2,2013-05-28,2926.0,Calculado
21206990,TIBAITATA - AUT [21206990],RAD SOLAR,Radiación solar global horaria VALIDADA,Wh/m^2,2013-05-29,3467.2000000000003,Calculado
21206990,TIBAITATA - AUT [21206990],RAD SOLAR,Radiación solar global horaria VALIDADA,Wh/m^2,2013-05-30,3213.6,Calculado
21206990,TIBAITATA - AUT [21206990],RAD SOLAR,Radiación solar global horaria VALIDADA,Wh/m^2,2013-05-31,3047.9,Calculado
21206990,TIBAITATA - AUT [21206990],RAD SOLAR,Radiación solar global horaria VALIDADA,Wh/m^2,2013-06-01,2161.2000000000003,Calculado
21206990,TIBAITATA - AUT [21206990],RAD SOLAR,Radiación solar global horaria VALIDADA,Wh/m^2,2013-06-02,4587.4,Calculado
21206990,TIBAITATA - AUT [21206990],RAD SOLAR,Radiación solar global horaria VALIDADA,Wh/m^2,2013-06-03,4545.8,Calculado
21206990,TIBAITATA - AUT [21206990],RAD SOLAR,Radiación solar global horaria VALIDADA,Wh/m^2,2013-06-04,6607.8,Calculado
21206990,TIBAITATA - AUT [21206990],RAD SOLAR,Radiación solar global horaria VALIDADA,Wh/m^2,2013-06-05,5676.0,Calculado
21206990,TIBAITATA - AUT [21206990],RAD SOLAR,Radiación solar global horaria VALIDADA,Wh/m^2,2013-06-06,2972.5,Calculado
21206990,TIBAITATA - AUT [21206990],RAD SOLAR,Radiación solar global horaria VALIDADA,Wh/m^2,2013-06-07,3887.7999999999997,Calculado
21206990,TIBAITATA - AUT [21206990],RAD SOLAR,Radiación solar global horaria VALIDADA,Wh/m^2,2013-06-08,5623.3,Calculado
21206990,TIBAITATA - AUT [21206990],RAD SOLAR,Radiación solar global horaria VALIDADA,Wh/m^2,2013-06-09,5755.2,Calculado
21206990,TIBAITATA - AUT [21206990],RAD SOLAR,Radiación solar global horaria VALIDADA,Wh/m^2,2013-06-10,4191.7,Calculado
21206990,TIBAITATA - AUT [21206990],RAD SOLAR,Radiación solar global horaria VALIDADA,Wh/m^2,2013-06-11,4740.4,Calculado
21206990,TIBAITATA - AUT [21206990],RAD SOLAR,Radiación solar global horaria VALIDADA,Wh/m^2,2013-06-12,3193.4,Calculado
21206990,TIBAITATA - AUT [21206990],RAD SOLAR,Radiación solar global horaria VALIDADA,Wh/m^2,2013-06-13,3499.8,Calculado
21206990,TIBAITATA - AUT [21206990],RAD SOLAR,Radiación solar global horaria VALIDADA,Wh/m^2,2013-06-14,5407.3,Calculado
21206990,TIBAITATA - AUT [21206990],RAD SOLAR,Radiación solar global horaria VALIDADA,Wh/m^2,2013-06-15,5107.2,Calculado
21206990,TIBAITATA - AUT [21206990],RAD SOLAR,Radiación solar global horaria VALIDADA,Wh/m^2,2013-06-16,5585.7,Calculado
21206990,TIBAITATA - AUT [21206990],RAD SOLAR,Radiación solar global horaria VALIDADA,Wh/m^2,2013-06-17,3256.4,Calculado
21206990,TIBAITATA - AUT [21206990],RAD SOLAR,Radiación solar global horaria VALIDADA,Wh/m^2,2013-06-18,4421.8,Calculado
21206990,TIBAITATA - AUT [21206990],RAD SOLAR,Radiación solar global horaria VALIDADA,Wh/m^2,2013-06-19,3712.0,Calculado
21206990,TIBAITATA - AUT [21206990],RAD SOLAR,Radiación solar global horaria VALIDADA,Wh/m^2,2013-06-20,4573.5,Calculado
21206990,TIBAITATA - AUT [21206990],RAD SOLAR,Radiación solar global horaria VALIDADA,Wh/m^2,2013-06-21,3228.6,Calculado
21206990,TIBAITATA - AUT [21206990],RAD SOLAR,Radiación solar global horaria VALIDADA,Wh/m^2,2013-06-22,3943.2000000000003,Calculado
21206990,TIBAITATA - AUT [21206990],RAD SOLAR,Radiación solar global horaria VALIDADA,Wh/m^2,2013-06-23,4999.0,Calculado
21206990,TIBAITATA - AUT [21206990],RAD SOLAR,Radiación solar global horaria VALIDADA,Wh/m^2,2013-06-24,2897.1,Calculado
21206990,TIBAITATA - AUT [21206990],RAD SOLAR,Radiación solar global horaria VALIDADA,Wh/m^2,2013-06-25,4638.6,Calculado
21206990,TIBAITATA - AUT [21206990],RAD SOLAR,Radiación solar global horaria VALIDADA,Wh/m^2,2013-06-26,5686.0,Calculado
21206990,TIBAITATA - AUT [21206990],RAD SOLAR,Radiación solar global horaria VALIDADA,Wh/m^2,2013-06-27,3803.7,Calculado
21206990,TIBAITATA - AUT [21206990],RAD SOLAR,Radiación solar global horaria VALIDADA,Wh/m^2,2013-06-28,4815.6,Calculado
21206990,TIBAITATA - AUT [21206990],RAD SOLAR,Radiación solar global horaria VALIDADA,Wh/m^2,2013-06-29,4250.7,Calculado
21206990,TIBAITATA - AUT [21206990],RAD SOLAR,Radiación solar global horaria VALIDADA,Wh/m^2,2013-06-30,4496.9,Calculado
21206990,TIBAITATA - AUT [21206990],RAD SOLAR,Radiación solar global horaria VALIDADA,Wh/m^2,2013-07-01,2301.8,Calculado
21206990,TIBAITATA - AUT [21206990],RAD SOLAR,Radiación solar global horaria VALIDADA,Wh/m^2,2013-07-02,5021.7,Calculado
21206990,TIBAITATA - AUT [21206990],RAD SOLAR,Radiación solar global horaria VALIDADA,Wh/m^2,2013-07-03,6812.4,Calculado
21206990,TIBAITATA - AUT [21206990],RAD SOLAR,Radiación solar global horaria VALIDADA,Wh/m^2,2013-07-04,4802.3,Calculado
21206990,TIBAITATA - AUT [21206990],RAD SOLAR,Radiación solar global horaria VALIDADA,Wh/m^2,2013-07-05,3812.6,Calculado
21206990,TIBAITATA - AUT [21206990],RAD SOLAR,Radiación solar global horaria VALIDADA,Wh/m^2,2013-07-06,5219.1,Calculado
21206990,TIBAITATA - AUT [21206990],RAD SOLAR,Radiación solar global horaria VALIDADA,Wh/m^2,2013-07-07,4731.7,Calculado
21206990,TIBAITATA - AUT [21206990],RAD SOLAR,Radiación solar global horaria VALIDADA,Wh/m^2,2013-07-08,5127.3,Calculado
21206990,TIBAITATA - AUT [21206990],RAD SOLAR,Radiación solar global horaria VALIDADA,Wh/m^2,2013-07-09,4981.6,Calculado
21206990,TIBAITATA - AUT [21206990],RAD SOLAR,Radiación solar global horaria VALIDADA,Wh/m^2,2013-07-10,5675.9,Calculado
21206990,TIBAITATA - AUT [21206990],RAD SOLAR,Radiación solar global horaria VALIDADA,Wh/m^2,2013-07-11,3100.7000000000003,Calculado
21206990,TIBAITATA - AUT [21206990],RAD SOLAR,Radiación solar global horaria VALIDADA,Wh/m^2,2013-07-12,5048.2,Calculado
21206990,TIBAITATA - AUT [21206990],RAD SOLAR,Radiación solar global horaria VALIDADA,Wh/m^2,2013-07-13,4230.7,Calculado
21206990,TIBAITATA - AUT [21206990],RAD SOLAR,Radiación solar global horaria VALIDADA,Wh/m^2,2013-07-14,6565.2,Calculado
21206990,TIBAITATA - AUT [21206990],RAD SOLAR,Radiación solar global horaria VALIDADA,Wh/m^2,2013-07-15,4757.9,Calculado
21206990,TIBAITATA - AUT [21206990],RAD SOLAR,Radiación solar global horaria VALIDADA,Wh/m^2,2013-07-16,4284.6,Calculado
21206990,TIBAITATA - AUT [21206990],RAD SOLAR,Radiación solar global horaria VALIDADA,Wh/m^2,2013-07-17,3863.9,Calculado
21206990,TIBAITATA - AUT [21206990],RAD SOLAR,Radiación solar global horaria VALIDADA,Wh/m^2,2013-07-18,2316.9,Calculado
21206990,TIBAITATA - AUT [21206990],RAD SOLAR,Radiación solar global horaria VALIDADA,Wh/m^2,2013-07-19,2485.2,Calculado
21206990,TIBAITATA - AUT [21206990],RAD SOLAR,Radiación solar global horaria VALIDADA,Wh/m^2,2013-07-20,4077.5,Calculado
21206990,TIBAITATA - AUT [21206990],RAD SOLAR,Radiación solar global horaria VALIDADA,Wh/m^2,2013-07-21,4418.900000000001,Calculado
21206990,TIBAITATA - AUT [21206990],RAD SOLAR,Radiación solar global horaria VALIDADA,Wh/m^2,2013-07-22,3800.0,Calculado
21206990,TIBAITATA - AUT [21206990],RAD SOLAR,Radiación solar global horaria VALIDADA,Wh/m^2,2013-07-23,3773.6,Calculado
21206990,TIBAITATA - AUT [21206990],RAD SOLAR,Radiación solar global horaria VALIDADA,Wh/m^2,2013-07-24,4252.0,Calculado
21206990,TIBAITATA - AUT [21206990],RAD SOLAR,Radiación solar global horaria VALIDADA,Wh/m^2,2013-07-25,3044.0,Calculado
21206990,TIBAITATA - AUT [21206990],RAD SOLAR,Radiación solar global horaria VALIDADA,Wh/m^2,2013-07-26,4928.7,Calculado
21206990,TIBAITATA - AUT [21206990],RAD SOLAR,Radiación solar global horaria VALIDADA,Wh/m^2,2013-07-27,6413.2,Calculado
21206990,TIBAITATA - AUT [21206990],RAD SOLAR,Radiación solar global horaria VALIDADA,Wh/m^2,2013-07-28,6079.0,Calculado
21206990,TIBAITATA - AUT [21206990],RAD SOLAR,Radiación solar global horaria VALIDADA,Wh/m^2,2013-07-29,5791.7,Calculado
21206990,TIBAITATA - AUT [21206990],RAD SOLAR,Radiación solar global horaria VALIDADA,Wh/m^2,2013-07-30,4617.5,Calculado
21206990,TIBAITATA - AUT [21206990],RAD SOLAR,Radiación solar global horaria VALIDADA,Wh/m^2,2013-07-31,5394.6,Calculado
21206990,TIBAITATA - AUT [21206990],RAD SOLAR,Radiación solar global horaria VALIDADA,Wh/m^2,2013-08-01,3287.6,Calculado
21206990,TIBAITATA - AUT [21206990],RAD SOLAR,Radiación solar global horaria VALIDADA,Wh/m^2,2013-08-02,3695.7,Calculado
21206990,TIBAITATA - AUT [21206990],RAD SOLAR,Radiación solar global horaria VALIDADA,Wh/m^2,2013-08-03,3011.3,Calculado
21206990,TIBAITATA - AUT [21206990],RAD SOLAR,Radiación solar global horaria VALIDADA,Wh/m^2,2013-08-04,3281.3,Calculado
21206990,TIBAITATA - AUT [21206990],RAD SOLAR,Radiación solar global horaria VALIDADA,Wh/m^2,2013-08-05,5240.3,Calculado
21206990,TIBAITATA - AUT [21206990],RAD SOLAR,Radiación solar global horaria VALIDADA,Wh/m^2,2013-08-06,5432.6,Calculado
21206990,TIBAITATA - AUT [21206990],RAD SOLAR,Radiación solar global horaria VALIDADA,Wh/m^2,2013-08-07,3588.9,Calculado
21206990,TIBAITATA - AUT [21206990],RAD SOLAR,Radiación solar global horaria VALIDADA,Wh/m^2,2013-08-08,3538.7,Calculado
21206990,TIBAITATA - AUT [21206990],RAD SOLAR,Radiación solar global horaria VALIDADA,Wh/m^2,2013-08-09,3231.0,Calculado
21206990,TIBAITATA - AUT [21206990],RAD SOLAR,Radiación solar global horaria VALIDADA,Wh/m^2,2013-08-10,4913.8,Calculado
21206990,TIBAITATA - AUT [21206990],RAD SOLAR,Radiación solar global horaria VALIDADA,Wh/m^2,2013-08-11,3600.4,Calculado
21206990,TIBAITATA - AUT [21206990],RAD SOLAR,Radiación solar global horaria VALIDADA,Wh/m^2,2013-08-12,5089.5,Calculado
21206990,TIBAITATA - AUT [21206990],RAD SOLAR,Radiación solar global horaria VALIDADA,Wh/m^2,2013-08-13,3787.3,Calculado
21206990,TIBAITATA - AUT [21206990],RAD SOLAR,Radiación solar global horaria VALIDADA,Wh/m^2,2013-08-14,7037.2,Calculado
21206990,TIBAITATA - AUT [21206990],RAD SOLAR,Radiación solar global horaria VALIDADA,Wh/m^2,2013-08-15,5673.4,Calculado
21206990,TIBAITATA - AUT [21206990],RAD SOLAR,Radiación solar global horaria VALIDADA,Wh/m^2,2013-08-16,5828.1,Calculado
21206990,TIBAITATA - AUT [21206990],RAD SOLAR,Radiación solar global horaria VALIDADA,Wh/m^2,2013-08-17,4764.3,Calculado
21206990,TIBAITATA - AUT [21206990],RAD SOLAR,Radiación solar global horaria VALIDADA,Wh/m^2,2013-08-18,3199.7000000000003,Calculado
21206990,TIBAITATA - AUT [21206990],RAD SOLAR,Radiación solar global horaria VALIDADA,Wh/m^2,2013-08-19,4386.3,Calculado
21206990,TIBAITATA - AUT [21206990],RAD SOLAR,Radiación solar global horaria VALIDADA,Wh/m^2,2013-08-20,5499.0,Calculado
21206990,TIBAITATA - AUT [21206990],RAD SOLAR,Radiación solar global horaria VALIDADA,Wh/m^2,2013-08-21,4623.7,Calculado
21206990,TIBAITATA - AUT [21206990],RAD SOLAR,Radiación solar global horaria VALIDADA,Wh/m^2,2013-08-22,4363.7,Calculado
21206990,TIBAITATA - AUT [21206990],RAD SOLAR,Radiación solar global horaria VALIDADA,Wh/m^2,2013-08-23,3796.4,Calculado
21206990,TIBAITATA - AUT [21206990],RAD SOLAR,Radiación solar global horaria VALIDADA,Wh/m^2,2013-08-24,3572.8,Calculado
21206990,TIBAITATA - AUT [21206990],RAD SOLAR,Radiación solar global horaria VALIDADA,Wh/m^2,2013-08-25,3600.3,Calculado
21206990,TIBAITATA - AUT [21206990],RAD SOLAR,Radiación solar global horaria VALIDADA,Wh/m^2,2013-08-26,4321.0,Calculado
21206990,TIBAITATA - AUT [21206990],RAD SOLAR,Radiación solar global horaria VALIDADA,Wh/m^2,2013-08-27,3710.9,Calculado
21206990,TIBAITATA - AUT [21206990],RAD SOLAR,Radiación solar global horaria VALIDADA,Wh/m^2,2013-08-28,6007.6,Calculado
21206990,TIBAITATA - AUT [21206990],RAD SOLAR,Radiación solar global horaria VALIDADA,Wh/m^2,2013-08-29,4348.8,Calculado
21206990,TIBAITATA - AUT [21206990],RAD SOLAR,Radiación solar global horaria VALIDADA,Wh/m^2,2013-08-30,3895.4,Calculado
21206990,TIBAITATA - AUT [21206990],RAD SOLAR,Radiación solar global horaria VALIDADA,Wh/m^2,2013-08-31,5895.8,Calculado
21206990,TIBAITATA - AUT [21206990],RAD SOLAR,Radiación solar global horaria VALIDADA,Wh/m^2,2013-09-01,5038.0,Calculado
21206990,TIBAITATA - AUT [21206990],RAD SOLAR,Radiación solar global horaria VALIDADA,Wh/m^2,2013-09-02,5610.6,Calculado
21206990,TIBAITATA - AUT [21206990],RAD SOLAR,Radiación solar global horaria VALIDADA,Wh/m^2,2013-09-03,4067.4,Calculado
21206990,TIBAITATA - AUT [21206990],RAD SOLAR,Radiación solar global horaria VALIDADA,Wh/m^2,2013-09-04,3627.9,Calculado
21206990,TIBAITATA - AUT [21206990],RAD SOLAR,Radiación solar global horaria VALIDADA,Wh/m^2,2013-09-05,4063.6,Calculado
21206990,TIBAITATA - AUT [21206990],RAD SOLAR,Radiación solar global horaria VALIDADA,Wh/m^2,2013-09-06,4930.1,Calculado
21206990,TIBAITATA - AUT [21206990],RAD SOLAR,Radiación solar global horaria VALIDADA,Wh/m^2,2013-09-07,5387.2,Calculado
21206990,TIBAITATA - AUT [21206990],RAD SOLAR,Radiación solar global horaria VALIDADA,Wh/m^2,2013-09-08,4341.2,Calculado
21206990,TIBAITATA - AUT [21206990],RAD SOLAR,Radiación solar global horaria VALIDADA,Wh/m^2,2013-09-09,3669.5,Calculado
21206990,TIBAITATA - AUT [21206990],RAD SOLAR,Radiación solar global horaria VALIDADA,Wh/m^2,2013-09-10,5301.7,Calculado
21206990,TIBAITATA - AUT [21206990],RAD SOLAR,Radiación solar global horaria VALIDADA,Wh/m^2,2013-09-11,3450.7999999999997,Calculado
21206990,TIBAITATA - AUT [21206990],RAD SOLAR,Radiación solar global horaria VALIDADA,Wh/m^2,2013-09-12,4868.5,Calculado
21206990,TIBAITATA - AUT [21206990],RAD SOLAR,Radiación solar global horaria VALIDADA,Wh/m^2,2013-09-13,4753.1,Calculado
21206990,TIBAITATA - AUT [21206990],RAD SOLAR,Radiación solar global horaria VALIDADA,Wh/m^2,2013-09-14,4804.4,Calculado
21206990,TIBAITATA - AUT [21206990],RAD SOLAR,Radiación solar global horaria VALIDADA,Wh/m^2,2013-09-15,3167.2,Calculado
21206990,TIBAITATA - AUT [21206990],RAD SOLAR,Radiación solar global horaria VALIDADA,Wh/m^2,2013-09-16,4023.5,Calculado
21206990,TIBAITATA - AUT [21206990],RAD SOLAR,Radiación solar global horaria VALIDADA,Wh/m^2,2013-09-17,3310.2,Calculado
21206990,TIBAITATA - AUT [21206990],RAD SOLAR,Radiación solar global horaria VALIDADA,Wh/m^2,2013-09-18,4509.3,Calculado
21206990,TIBAITATA - AUT [21206990],RAD SOLAR,Radiación solar global horaria VALIDADA,Wh/m^2,2013-09-19,4873.6,Calculado
21206990,TIBAITATA - AUT [21206990],RAD SOLAR,Radiación solar global horaria VALIDADA,Wh/m^2,2013-09-20,6435.8,Calculado
21206990,TIBAITATA - AUT [21206990],RAD SOLAR,Radiación solar global horaria VALIDADA,Wh/m^2,2013-09-21,6774.9,Calculado
21206990,TIBAITATA - AUT [21206990],RAD SOLAR,Radiación solar global horaria VALIDADA,Wh/m^2,2013-09-22,5379.5,Calculado
21206990,TIBAITATA - AUT [21206990],RAD SOLAR,Radiación solar global horaria VALIDADA,Wh/m^2,2013-09-23,5265.5,Calculado
21206990,TIBAITATA - AUT [21206990],RAD SOLAR,Radiación solar global horaria VALIDADA,Wh/m^2,2013-09-24,6126.9,Calculado
21206990,TIBAITATA - AUT [21206990],RAD SOLAR,Radiación solar global horaria VALIDADA,Wh/m^2,2013-09-25,4593.6,Calculado
21206990,TIBAITATA - AUT [21206990],RAD SOLAR,Radiación solar global horaria VALIDADA,Wh/m^2,2013-09-26,4520.8,Calculado
21206990,TIBAITATA - AUT [21206990],RAD SOLAR,Radiación solar global horaria VALIDADA,Wh/m^2,2013-09-27,5192.5,Calculado
21206990,TIBAITATA - AUT [21206990],RAD SOLAR,Radiación solar global horaria VALIDADA,Wh/m^2,2013-09-28,4250.9,Calculado
21206990,TIBAITATA - AUT [21206990],RAD SOLAR,Radiación solar global horaria VALIDADA,Wh/m^2,2013-09-29,3775.1,Calculado
21206990,TIBAITATA - AUT [21206990],RAD SOLAR,Radiación solar global horaria VALIDADA,Wh/m^2,2013-09-30,5117.4,Calculado
21206990,TIBAITATA - AUT [21206990],RAD SOLAR,Radiación solar global horaria VALIDADA,Wh/m^2,2013-10-01,5178.8,Calculado
21206990,TIBAITATA - AUT [21206990],RAD SOLAR,Radiación solar global horaria VALIDADA,Wh/m^2,2013-10-02,3622.9,Calculado
21206990,TIBAITATA - AUT [21206990],RAD SOLAR,Radiación solar global horaria VALIDADA,Wh/m^2,2013-10-03,3186.0,Calculado
21206990,TIBAITATA - AUT [21206990],RAD SOLAR,Radiación solar global horaria VALIDADA,Wh/m^2,2013-10-04,3765.8,Calculado
21206990,TIBAITATA - AUT [21206990],RAD SOLAR,Radiación solar global horaria VALIDADA,Wh/m^2,2013-10-05,6271.3,Calculado
21206990,TIBAITATA - AUT [21206990],RAD SOLAR,Radiación solar global horaria VALIDADA,Wh/m^2,2013-10-06,5624.5,Calculado
21206990,TIBAITATA - AUT [21206990],RAD SOLAR,Radiación solar global horaria VALIDADA,Wh/m^2,2013-10-07,3973.2000000000003,Calculado
21206990,TIBAITATA - AUT [21206990],RAD SOLAR,Radiación solar global horaria VALIDADA,Wh/m^2,2013-10-08,5176.3,Calculado
21206990,TIBAITATA - AUT [21206990],RAD SOLAR,Radiación solar global horaria VALIDADA,Wh/m^2,2013-10-09,3695.6,Calculado
21206990,TIBAITATA - AUT [21206990],RAD SOLAR,Radiación solar global horaria VALIDADA,Wh/m^2,2013-10-10,3988.3,Calculado
21206990,TIBAITATA - AUT [21206990],RAD SOLAR,Radiación solar global horaria VALIDADA,Wh/m^2,2013-10-11,4134.099999999999,Calculado
21206990,TIBAITATA - AUT [21206990],RAD SOLAR,Radiación solar global horaria VALIDADA,Wh/m^2,2013-10-12,4219.4,Calculado
21206990,TIBAITATA - AUT [21206990],RAD SOLAR,Radiación solar global horaria VALIDADA,Wh/m^2,2013-10-13,3767.4,Calculado
21206990,TIBAITATA - AUT [21206990],RAD SOLAR,Radiación solar global horaria VALIDADA,Wh/m^2,2013-10-14,2589.3,Calculado
21206990,TIBAITATA - AUT [21206990],RAD SOLAR,Radiación solar global horaria VALIDADA,Wh/m^2,2013-10-15,2814.3,Calculado
21206990,TIBAITATA - AUT [21206990],RAD SOLAR,Radiación solar global horaria VALIDADA,Wh/m^2,2013-10-16,2785.3,Calculado
21206990,TIBAITATA - AUT [21206990],RAD SOLAR,Radiación solar global horaria VALIDADA,Wh/m^2,2013-10-17,5044.5,Calculado
21206990,TIBAITATA - AUT [21206990],RAD SOLAR,Radiación solar global horaria VALIDADA,Wh/m^2,2013-10-18,6295.1,Calculado
21206990,TIBAITATA - AUT [21206990],RAD SOLAR,Radiación solar global horaria VALIDADA,Wh/m^2,2013-10-19,5178.7,Calculado
21206990,TIBAITATA - AUT [21206990],RAD SOLAR,Radiación solar global horaria VALIDADA,Wh/m^2,2013-10-20,4452.8,Calculado
21206990,TIBAITATA - AUT [21206990],RAD SOLAR,Radiación solar global horaria VALIDADA,Wh/m^2,2013-10-21,4905.0,Calculado
21206990,TIBAITATA - AUT [21206990],RAD SOLAR,Radiación solar global horaria VALIDADA,Wh/m^2,2013-10-22,3915.6,Calculado
21206990,TIBAITATA - AUT [21206990],RAD SOLAR,Radiación solar global horaria VALIDADA,Wh/m^2,2013-10-23,4083.9,Calculado
21206990,TIBAITATA - AUT [21206990],RAD SOLAR,Radiación solar global horaria VALIDADA,Wh/m^2,2013-10-24,3970.7,Calculado
21206990,TIBAITATA - AUT [21206990],RAD SOLAR,Radiación solar global horaria VALIDADA,Wh/m^2,2013-10-25,5554.2,Calculado
21206990,TIBAITATA - AUT [21206990],RAD SOLAR,Radiación solar global horaria VALIDADA,Wh/m^2,2013-10-26,5712.4,Calculado
21206990,TIBAITATA - AUT [21206990],RAD SOLAR,Radiación solar global horaria VALIDADA,Wh/m^2,2013-10-27,5373.3,Calculado
21206990,TIBAITATA - AUT [21206990],RAD SOLAR,Radiación solar global horaria VALIDADA,Wh/m^2,2013-10-28,5179.9,Calculado
21206990,TIBAITATA - AUT [21206990],RAD SOLAR,Radiación solar global horaria VALIDADA,Wh/m^2,2013-10-29,5306.8,Calculado
21206990,TIBAITATA - AUT [21206990],RAD SOLAR,Radiación solar global horaria VALIDADA,Wh/m^2,2013-10-30,5665.9,Calculado
21206990,TIBAITATA - AUT [21206990],RAD SOLAR,Radiación solar global horaria VALIDADA,Wh/m^2,2013-10-31,4373.8,Calculado
21206990,TIBAITATA - AUT [21206990],RAD SOLAR,Radiación solar global horaria VALIDADA,Wh/m^2,2013-11-01,5839.3,Calculado
21206990,TIBAITATA - AUT [21206990],RAD SOLAR,Radiación solar global horaria VALIDADA,Wh/m^2,2013-11-02,5530.5,Calculado
21206990,TIBAITATA - AUT [21206990],RAD SOLAR,Radiación solar global horaria VALIDADA,Wh/m^2,2013-11-03,4347.4,Calculado
21206990,TIBAITATA - AUT [21206990],RAD SOLAR,Radiación solar global horaria VALIDADA,Wh/m^2,2013-11-04,2114.7000000000003,Calculado
21206990,TIBAITATA - AUT [21206990],RAD SOLAR,Radiación solar global horaria VALIDADA,Wh/m^2,2013-11-05,4278.4,Calculado
21206990,TIBAITATA - AUT [21206990],RAD SOLAR,Radiación solar global horaria VALIDADA,Wh/m^2,2013-11-06,2654.7,Calculado
21206990,TIBAITATA - AUT [21206990],RAD SOLAR,Radiación solar global horaria VALIDADA,Wh/m^2,2013-11-07,5623.2,Calculado
21206990,TIBAITATA - AUT [21206990],RAD SOLAR,Radiación solar global horaria VALIDADA,Wh/m^2,2013-11-08,5182.5,Calculado
21206990,TIBAITATA - AUT [21206990],RAD SOLAR,Radiación solar global horaria VALIDADA,Wh/m^2,2013-11-09,4670.2,Calculado
21206990,TIBAITATA - AUT [21206990],RAD SOLAR,Radiación solar global horaria VALIDADA,Wh/m^2,2013-11-10,3821.4,Calculado
21206990,TIBAITATA - AUT [21206990],RAD SOLAR,Radiación solar global horaria VALIDADA,Wh/m^2,2013-11-11,3474.6,Calculado
21206990,TIBAITATA - AUT [21206990],RAD SOLAR,Radiación solar global horaria VALIDADA,Wh/m^2,2013-11-12,3694.5,Calculado
21206990,TIBAITATA - AUT [21206990],RAD SOLAR,Radiación solar global horaria VALIDADA,Wh/m^2,2013-11-13,2872.0,Calculado
21206990,TIBAITATA - AUT [21206990],RAD SOLAR,Radiación solar global horaria VALIDADA,Wh/m^2,2013-11-14,4950.2,Calculado
21206990,TIBAITATA - AUT [21206990],RAD SOLAR,Radiación solar global horaria VALIDADA,Wh/m^2,2013-11-15,3052.8,Calculado
21206990,TIBAITATA - AUT [21206990],RAD SOLAR,Radiación solar global horaria VALIDADA,Wh/m^2,2013-11-16,2846.6,Calculado
21206990,TIBAITATA - AUT [21206990],RAD SOLAR,Radiación solar global horaria VALIDADA,Wh/m^2,2013-11-17,5480.099999999999,Calculado
21206990,TIBAITATA - AUT [21206990],RAD SOLAR,Radiación solar global horaria VALIDADA,Wh/m^2,2013-11-18,5450.1,Calculado
21206990,TIBAITATA - AUT [21206990],RAD SOLAR,Radiación solar global horaria VALIDADA,Wh/m^2,2013-11-19,4442.900000000001,Calculado
21206990,TIBAITATA - AUT [21206990],RAD SOLAR,Radiación solar global horaria VALIDADA,Wh/m^2,2013-11-20,4538.3,Calculado
21206990,TIBAITATA - AUT [21206990],RAD SOLAR,Radiación solar global horaria VALIDADA,Wh/m^2,2013-11-21,5745.0,Calculado
21206990,TIBAITATA - AUT [21206990],RAD SOLAR,Radiación solar global horaria VALIDADA,Wh/m^2,2013-11-22,4842.2,Calculado
21206990,TIBAITATA - AUT [21206990],RAD SOLAR,Radiación solar global horaria VALIDADA,Wh/m^2,2013-11-23,4937.7,Calculado
21206990,TIBAITATA - AUT [21206990],RAD SOLAR,Radiación solar global horaria VALIDADA,Wh/m^2,2013-11-24,4553.4,Calculado
21206990,TIBAITATA - AUT [21206990],RAD SOLAR,Radiación solar global horaria VALIDADA,Wh/m^2,2013-11-25,3089.0,Calculado
21206990,TIBAITATA - AUT [21206990],RAD SOLAR,Radiación solar global horaria VALIDADA,Wh/m^2,2013-11-26,5458.8,Calculado
21206990,TIBAITATA - AUT [21206990],RAD SOLAR,Radiación solar global horaria VALIDADA,Wh/m^2,2013-11-27,5330.5,Calculado
21206990,TIBAITATA - AUT [21206990],RAD SOLAR,Radiación solar global horaria VALIDADA,Wh/m^2,2013-11-28,4081.2000000000003,Calculado
21206990,TIBAITATA - AUT [21206990],RAD SOLAR,Radiación solar global horaria VALIDADA,Wh/m^2,2013-11-30,3701.9,Calculado
21206990,TIBAITATA - AUT [21206990],RAD SOLAR,Radiación solar global horaria VALIDADA,Wh/m^2,2013-12-01,3380.4,Calculado
21206990,TIBAITATA - AUT [21206990],RAD SOLAR,Radiación solar global horaria VALIDADA,Wh/m^2,2013-12-02,2612.0,Calculado
21206990,TIBAITATA - AUT [21206990],RAD SOLAR,Radiación solar global horaria VALIDADA,Wh/m^2,2013-12-03,2571.6,Calculado
21206990,TIBAITATA - AUT [21206990],RAD SOLAR,Radiación solar global horaria VALIDADA,Wh/m^2,2013-12-04,3021.6,Calculado
21206990,TIBAITATA - AUT [21206990],RAD SOLAR,Radiación solar global horaria VALIDADA,Wh/m^2,2013-12-05,3801.2,Calculado
21206990,TIBAITATA - AUT [21206990],RAD SOLAR,Radiación solar global horaria VALIDADA,Wh/m^2,2013-12-06,5118.3,Calculado
21206990,TIBAITATA - AUT [21206990],RAD SOLAR,Radiación solar global horaria VALIDADA,Wh/m^2,2013-12-07,3369.3,Calculado
21206990,TIBAITATA - AUT [21206990],RAD SOLAR,Radiación solar global horaria VALIDADA,Wh/m^2,2013-12-08,4439.2,Calculado
21206990,TIBAITATA - AUT [21206990],RAD SOLAR,Radiación solar global horaria VALIDADA,Wh/m^2,2013-12-09,3280.0,Calculado
21206990,TIBAITATA - AUT [21206990],RAD SOLAR,Radiación solar global horaria VALIDADA,Wh/m^2,2013-12-10,3536.3,Calculado
21206990,TIBAITATA - AUT [21206990],RAD SOLAR,Radiación solar global horaria VALIDADA,Wh/m^2,2013-12-11,4171.6,Calculado
21206990,TIBAITATA - AUT [21206990],RAD SOLAR,Radiación solar global horaria VALIDADA,Wh/m^2,2013-12-12,2403.7,Calculado
21206990,TIBAITATA - AUT [21206990],RAD SOLAR,Radiación solar global horaria VALIDADA,Wh/m^2,2013-12-13,2546.6,Calculado
21206990,TIBAITATA - AUT [21206990],RAD SOLAR,Radiación solar global horaria VALIDADA,Wh/m^2,2013-12-14,3695.7999999999997,Calculado
21206990,TIBAITATA - AUT [21206990],RAD SOLAR,Radiación solar global horaria VALIDADA,Wh/m^2,2013-12-15,4029.9,Calculado
21206990,TIBAITATA - AUT [21206990],RAD SOLAR,Radiación solar global horaria VALIDADA,Wh/m^2,2013-12-16,4622.4,Calculado
21206990,TIBAITATA - AUT [21206990],RAD SOLAR,Radiación solar global horaria VALIDADA,Wh/m^2,2013-12-17,3698.1,Calculado
21206990,TIBAITATA - AUT [21206990],RAD SOLAR,Radiación solar global horaria VALIDADA,Wh/m^2,2013-12-18,3988.3,Calculado
21206990,TIBAITATA - AUT [21206990],RAD SOLAR,Radiación solar global horaria VALIDADA,Wh/m^2,2013-12-19,6467.2,Calculado
21206990,TIBAITATA - AUT [21206990],RAD SOLAR,Radiación solar global horaria VALIDADA,Wh/m^2,2013-12-20,4928.9,Calculado
21206990,TIBAITATA - AUT [21206990],RAD SOLAR,Radiación solar global horaria VALIDADA,Wh/m^2,2013-12-21,5901.0,Calculado
21206990,TIBAITATA - AUT [21206990],RAD SOLAR,Radiación solar global horaria VALIDADA,Wh/m^2,2013-12-22,4965.2,Calculado
21206990,TIBAITATA - AUT [21206990],RAD SOLAR,Radiación solar global horaria VALIDADA,Wh/m^2,2013-12-23,1955.2,Calculado
21206990,TIBAITATA - AUT [21206990],RAD SOLAR,Radiación solar global horaria VALIDADA,Wh/m^2,2013-12-24,3709.6,Calculado
21206990,TIBAITATA - AUT [21206990],RAD SOLAR,Radiación solar global horaria VALIDADA,Wh/m^2,2013-12-25,6684.4,Calculado
21206990,TIBAITATA - AUT [21206990],RAD SOLAR,Radiación solar global horaria VALIDADA,Wh/m^2,2013-12-26,4980.3,Calculado
21206990,TIBAITATA - AUT [21206990],RAD SOLAR,Radiación solar global horaria VALIDADA,Wh/m^2,2013-12-27,4120.1,Calculado
21206990,TIBAITATA - AUT [21206990],RAD SOLAR,Radiación solar global horaria VALIDADA,Wh/m^2,2013-12-28,5961.2,Calculado
21206990,TIBAITATA - AUT [21206990],RAD SOLAR,Radiación solar global horaria VALIDADA,Wh/m^2,2013-12-29,5153.8,Calculado
21206990,TIBAITATA - AUT [21206990],RAD SOLAR,Radiación solar global horaria VALIDADA,Wh/m^2,2013-12-30,6558.9,Calculado
21206990,TIBAITATA - AUT [21206990],RAD SOLAR,Radiación solar global horaria VALIDADA,Wh/m^2,2013-12-31,5794.0,Calculado
21206990,TIBAITATA - AUT [21206990],RAD SOLAR,Radiación solar global horaria VALIDADA,Wh/m^2,2014-01-01,7061.4,Calculado
21206990,TIBAITATA - AUT [21206990],RAD SOLAR,Radiación solar global horaria VALIDADA,Wh/m^2,2014-01-02,7090.1,Calculado
21206990,TIBAITATA - AUT [21206990],RAD SOLAR,Radiación solar global horaria VALIDADA,Wh/m^2,2014-01-03,5036.9,Calculado
21206990,TIBAITATA - AUT [21206990],RAD SOLAR,Radiación solar global horaria VALIDADA,Wh/m^2,2014-01-04,4370.0,Calculado
21206990,TIBAITATA - AUT [21206990],RAD SOLAR,Radiación solar global horaria VALIDADA,Wh/m^2,2014-01-05,6154.3,Calculado
21206990,TIBAITATA - AUT [21206990],RAD SOLAR,Radiación solar global horaria VALIDADA,Wh/m^2,2014-01-06,1966.3999999999999,Calculado
21206990,TIBAITATA - AUT [21206990],RAD SOLAR,Radiación solar global horaria VALIDADA,Wh/m^2,2014-01-07,2656.0,Calculado
21206990,TIBAITATA - AUT [21206990],RAD SOLAR,Radiación solar global horaria VALIDADA,Wh/m^2,2014-01-08,3727.1,Calculado
21206990,TIBAITATA - AUT [21206990],RAD SOLAR,Radiación solar global horaria VALIDADA,Wh/m^2,2014-01-09,5190.1,Calculado
21206990,TIBAITATA - AUT [21206990],RAD SOLAR,Radiación solar global horaria VALIDADA,Wh/m^2,2014-01-10,4972.8,Calculado
21206990,TIBAITATA - AUT [21206990],RAD SOLAR,Radiación solar global horaria VALIDADA,Wh/m^2,2014-01-11,5398.3,Calculado
21206990,TIBAITATA - AUT [21206990],RAD SOLAR,Radiación solar global horaria VALIDADA,Wh/m^2,2014-01-12,5111.1,Calculado
21206990,TIBAITATA - AUT [21206990],RAD SOLAR,Radiación solar global horaria VALIDADA,Wh/m^2,2014-01-13,6843.9,Calculado
21206990,TIBAITATA - AUT [21206990],RAD SOLAR,Radiación solar global horaria VALIDADA,Wh/m^2,2014-01-14,6760.8,Calculado
21206990,TIBAITATA - AUT [21206990],RAD SOLAR,Radiación solar global horaria VALIDADA,Wh/m^2,2014-01-15,5774.0,Calculado
21206990,TIBAITATA - AUT [21206990],RAD SOLAR,Radiación solar global horaria VALIDADA,Wh/m^2,2014-01-16,5745.1,Calculado
21206990,TIBAITATA - AUT [21206990],RAD SOLAR,Radiación solar global horaria VALIDADA,Wh/m^2,2014-01-17,5176.3,Calculado
21206990,TIBAITATA - AUT [21206990],RAD SOLAR,Radiación solar global horaria VALIDADA,Wh/m^2,2014-01-18,2438.7,Calculado
21206990,TIBAITATA - AUT [21206990],RAD SOLAR,Radiación solar global horaria VALIDADA,Wh/m^2,2014-01-19,4475.5,Calculado
21206990,TIBAITATA - AUT [21206990],RAD SOLAR,Radiación solar global horaria VALIDADA,Wh/m^2,2014-01-20,6731.8,Calculado
21206990,TIBAITATA - AUT [21206990],RAD SOLAR,Radiación solar global horaria VALIDADA,Wh/m^2,2014-01-21,5817.9,Calculado
21206990,TIBAITATA - AUT [21206990],RAD SOLAR,Radiación solar global horaria VALIDADA,Wh/m^2,2014-01-22,3557.6,Calculado
21206990,TIBAITATA - AUT [21206990],RAD SOLAR,Radiación solar global horaria VALIDADA,Wh/m^2,2014-01-23,6729.8,Calculado
21206990,TIBAITATA - AUT [21206990],RAD SOLAR,Radiación solar global horaria VALIDADA,Wh/m^2,2014-01-24,6153.2,Calculado
21206990,TIBAITATA - AUT [21206990],RAD SOLAR,Radiación solar global horaria VALIDADA,Wh/m^2,2014-01-25,5801.5,Calculado
21206990,TIBAITATA - AUT [21206990],RAD SOLAR,Radiación solar global horaria VALIDADA,Wh/m^2,2014-01-26,3598.8,Calculado
21206990,TIBAITATA - AUT [21206990],RAD SOLAR,Radiación solar global horaria VALIDADA,Wh/m^2,2014-01-27,5314.2,Calculado
21206990,TIBAITATA - AUT [21206990],RAD SOLAR,Radiación solar global horaria VALIDADA,Wh/m^2,2014-01-28,5381.0,Calculado
21206990,TIBAITATA - AUT [21206990],RAD SOLAR,Radiación solar global horaria VALIDADA,Wh/m^2,2014-01-29,6734.8,Calculado
21206990,TIBAITATA - AUT [21206990],RAD SOLAR,Radiación solar global horaria VALIDADA,Wh/m^2,2014-01-30,4057.3,Calculado
21206990,TIBAITATA - AUT [21206990],RAD SOLAR,Radiación solar global horaria VALIDADA,Wh/m^2,2014-01-31,6268.7,Calculado
21206990,TIBAITATA - AUT [21206990],RAD SOLAR,Radiación solar global horaria VALIDADA,Wh/m^2,2014-02-01,6673.1,Calculado
21206990,TIBAITATA - AUT [21206990],RAD SOLAR,Radiación solar global horaria VALIDADA,Wh/m^2,2014-02-02,3104.2999999999997,Calculado
21206990,TIBAITATA - AUT [21206990],RAD SOLAR,Radiación solar global horaria VALIDADA,Wh/m^2,2014-02-03,6010.3,Calculado
21206990,TIBAITATA - AUT [21206990],RAD SOLAR,Radiación solar global horaria VALIDADA,Wh/m^2,2014-02-04,6363.1,Calculado
21206990,TIBAITATA - AUT [21206990],RAD SOLAR,Radiación solar global horaria VALIDADA,Wh/m^2,2014-02-05,5664.6,Calculado
21206990,TIBAITATA - AUT [21206990],RAD SOLAR,Radiación solar global horaria VALIDADA,Wh/m^2,2014-02-06,5908.4,Calculado
21206990,TIBAITATA - AUT [21206990],RAD SOLAR,Radiación solar global horaria VALIDADA,Wh/m^2,2014-02-07,4951.599999999999,Calculado
21206990,TIBAITATA - AUT [21206990],RAD SOLAR,Radiación solar global horaria VALIDADA,Wh/m^2,2014-02-08,6224.8,Calculado
21206990,TIBAITATA - AUT [21206990],RAD SOLAR,Radiación solar global horaria VALIDADA,Wh/m^2,2014-02-09,4389.0,Calculado
21206990,TIBAITATA - AUT [21206990],RAD SOLAR,Radiación solar global horaria VALIDADA,Wh/m^2,2014-02-10,5379.6,Calculado
21206990,TIBAITATA - AUT [21206990],RAD SOLAR,Radiación solar global horaria VALIDADA,Wh/m^2,2014-02-11,4609.9,Calculado
21206990,TIBAITATA - AUT [21206990],RAD SOLAR,Radiación solar global horaria VALIDADA,Wh/m^2,2014-02-12,4842.3,Calculado
21206990,TIBAITATA - AUT [21206990],RAD SOLAR,Radiación solar global horaria VALIDADA,Wh/m^2,2014-02-13,4789.4,Calculado
21206990,TIBAITATA - AUT [21206990],RAD SOLAR,Radiación solar global horaria VALIDADA,Wh/m^2,2014-02-14,6287.6,Calculado
21206990,TIBAITATA - AUT [21206990],RAD SOLAR,Radiación solar global horaria VALIDADA,Wh/m^2,2014-02-15,6237.4,Calculado
21206990,TIBAITATA - AUT [21206990],RAD SOLAR,Radiación solar global horaria VALIDADA,Wh/m^2,2014-02-16,5835.6,Calculado
21206990,TIBAITATA - AUT [21206990],RAD SOLAR,Radiación solar global horaria VALIDADA,Wh/m^2,2014-02-17,5822.9,Calculado
21206990,TIBAITATA - AUT [21206990],RAD SOLAR,Radiación solar global horaria VALIDADA,Wh/m^2,2014-02-18,4195.5,Calculado
21206990,TIBAITATA - AUT [21206990],RAD SOLAR,Radiación solar global horaria VALIDADA,Wh/m^2,2014-02-19,1637.6,Calculado
21206990,TIBAITATA - AUT [21206990],RAD SOLAR,Radiación solar global horaria VALIDADA,Wh/m^2,2014-02-20,4629.1,Calculado
21206990,TIBAITATA - AUT [21206990],RAD SOLAR,Radiación solar global horaria VALIDADA,Wh/m^2,2014-02-21,3165.8,Calculado
21206990,TIBAITATA - AUT [21206990],RAD SOLAR,Radiación solar global horaria VALIDADA,Wh/m^2,2014-02-22,3751.1,Calculado
21206990,TIBAITATA - AUT [21206990],RAD SOLAR,Radiación solar global horaria VALIDADA,Wh/m^2,2014-02-23,4934.0,Calculado
21206990,TIBAITATA - AUT [21206990],RAD SOLAR,Radiación solar global horaria VALIDADA,Wh/m^2,2014-02-24,4180.5,Calculado
21206990,TIBAITATA - AUT [21206990],RAD SOLAR,Radiación solar global horaria VALIDADA,Wh/m^2,2014-02-25,2332.0,Calculado
21206990,TIBAITATA - AUT [21206990],RAD SOLAR,Radiación solar global horaria VALIDADA,Wh/m^2,2014-02-26,2677.1,Calculado
21206990,TIBAITATA - AUT [21206990],RAD SOLAR,Radiación solar global horaria VALIDADA,Wh/m^2,2014-02-27,2230.2,Calculado
21206990,TIBAITATA - AUT [21206990],RAD SOLAR,Radiación solar global horaria VALIDADA,Wh/m^2,2014-02-28,2578.1,Calculado
21206990,TIBAITATA - AUT [21206990],RAD SOLAR,Radiación solar global horaria VALIDADA,Wh/m^2,2014-03-01,1574.7,Calculado
21206990,TIBAITATA - AUT [21206990],RAD SOLAR,Radiación solar global horaria VALIDADA,Wh/m^2,2014-03-02,2760.1,Calculado
21206990,TIBAITATA - AUT [21206990],RAD SOLAR,Radiación solar global horaria VALIDADA,Wh/m^2,2014-03-03,5433.599999999999,Calculado
21206990,TIBAITATA - AUT [21206990],RAD SOLAR,Radiación solar global horaria VALIDADA,Wh/m^2,2014-03-04,2186.2,Calculado
21206990,TIBAITATA - AUT [21206990],RAD SOLAR,Radiación solar global horaria VALIDADA,Wh/m^2,2014-03-05,1093.8,Calculado
21206990,TIBAITATA - AUT [21206990],RAD SOLAR,Radiación solar global horaria VALIDADA,Wh/m^2,2014-03-06,3826.2999999999997,Calculado
21206990,TIBAITATA - AUT [21206990],RAD SOLAR,Radiación solar global horaria VALIDADA,Wh/m^2,2014-03-07,4307.5,Calculado
21206990,TIBAITATA - AUT [21206990],RAD SOLAR,Radiación solar global horaria VALIDADA,Wh/m^2,2014-03-08,5141.0,Calculado
21206990,TIBAITATA - AUT [21206990],RAD SOLAR,Radiación solar global horaria VALIDADA,Wh/m^2,2014-03-09,4859.900000000001,Calculado
21206990,TIBAITATA - AUT [21206990],RAD SOLAR,Radiación solar global horaria VALIDADA,Wh/m^2,2014-03-10,5981.3,Calculado
21206990,TIBAITATA - AUT [21206990],RAD SOLAR,Radiación solar global horaria VALIDADA,Wh/m^2,2014-03-11,5028.1,Calculado
21206990,TIBAITATA - AUT [21206990],RAD SOLAR,Radiación solar global horaria VALIDADA,Wh/m^2,2014-03-12,4491.900000000001,Calculado
21206990,TIBAITATA - AUT [21206990],RAD SOLAR,Radiación solar global horaria VALIDADA,Wh/m^2,2014-03-13,5153.5,Calculado
21206990,TIBAITATA - AUT [21206990],RAD SOLAR,Radiación solar global horaria VALIDADA,Wh/m^2,2014-03-14,3104.4,Calculado
21206990,TIBAITATA - AUT [21206990],RAD SOLAR,Radiación solar global horaria VALIDADA,Wh/m^2,2014-03-15,2682.3,Calculado
21206990,TIBAITATA - AUT [21206990],RAD SOLAR,Radiación solar global horaria VALIDADA,Wh/m^2,2014-03-16,3936.7000000000003,Calculado
21206990,TIBAITATA - AUT [21206990],RAD SOLAR,Radiación solar global horaria VALIDADA,Wh/m^2,2014-03-17,5108.4,Calculado
21206990,TIBAITATA - AUT [21206990],RAD SOLAR,Radiación solar global horaria VALIDADA,Wh/m^2,2014-03-18,4641.3,Calculado
21206990,TIBAITATA - AUT [21206990],RAD SOLAR,Radiación solar global horaria VALIDADA,Wh/m^2,2014-03-19,3512.5,Calculado
21206990,TIBAITATA - AUT [21206990],RAD SOLAR,Radiación solar global horaria VALIDADA,Wh/m^2,2014-03-20,4243.4,Calculado
21206990,TIBAITATA - AUT [21206990],RAD SOLAR,Radiación solar global horaria VALIDADA,Wh/m^2,2014-03-21,4214.4,Calculado
21206990,TIBAITATA - AUT [21206990],RAD SOLAR,Radiación solar global horaria VALIDADA,Wh/m^2,2014-03-22,4261.1,Calculado
21206990,TIBAITATA - AUT [21206990],RAD SOLAR,Radiación solar global horaria VALIDADA,Wh/m^2,2014-03-23,4270.8,Calculado
21206990,TIBAITATA - AUT [21206990],RAD SOLAR,Radiación solar global horaria VALIDADA,Wh/m^2,2014-03-24,3464.7000000000003,Calculado
21206990,TIBAITATA - AUT [21206990],RAD SOLAR,Radiación solar global horaria VALIDADA,Wh/m^2,2014-03-25,1058.6,Calculado
21206990,TIBAITATA - AUT [21206990],RAD SOLAR,Radiación solar global horaria VALIDADA,Wh/m^2,2014-03-26,3192.2000000000003,Calculado
21206990,TIBAITATA - AUT [21206990],RAD SOLAR,Radiación solar global horaria VALIDADA,Wh/m^2,2014-03-27,3781.1,Calculado
21206990,TIBAITATA - AUT [21206990],RAD SOLAR,Radiación solar global horaria VALIDADA,Wh/m^2,2014-03-28,3513.7,Calculado
21206990,TIBAITATA - AUT [21206990],RAD SOLAR,Radiación solar global horaria VALIDADA,Wh/m^2,2014-03-29,3446.9,Calculado
21206990,TIBAITATA - AUT [21206990],RAD SOLAR,Radiación solar global horaria VALIDADA,Wh/m^2,2014-03-30,5007.9,Calculado
21206990,TIBAITATA - AUT [21206990],RAD SOLAR,Radiación solar global horaria VALIDADA,Wh/m^2,2014-03-31,6096.9,Calculado
21206990,TIBAITATA - AUT [21206990],RAD SOLAR,Radiación solar global horaria VALIDADA,Wh/m^2,2014-04-01,3571.5,Calculado
21206990,TIBAITATA - AUT [21206990],RAD SOLAR,Radiación solar global horaria VALIDADA,Wh/m^2,2014-04-02,4802.0,Calculado
21206990,TIBAITATA - AUT [21206990],RAD SOLAR,Radiación solar global horaria VALIDADA,Wh/m^2,2014-04-03,3163.3,Calculado
21206990,TIBAITATA - AUT [21206990],RAD SOLAR,Radiación solar global horaria VALIDADA,Wh/m^2,2014-04-04,3448.5,Calculado
21206990,TIBAITATA - AUT [21206990],RAD SOLAR,Radiación solar global horaria VALIDADA,Wh/m^2,2014-04-05,5070.7,Calculado
21206990,TIBAITATA - AUT [21206990],RAD SOLAR,Radiación solar global horaria VALIDADA,Wh/m^2,2014-04-06,4564.7,Calculado
21206990,TIBAITATA - AUT [21206990],RAD SOLAR,Radiación solar global horaria VALIDADA,Wh/m^2,2014-04-07,2929.7,Calculado
21206990,TIBAITATA - AUT [21206990],RAD SOLAR,Radiación solar global horaria VALIDADA,Wh/m^2,2014-04-08,2363.3,Calculado
21206990,TIBAITATA - AUT [21206990],RAD SOLAR,Radiación solar global horaria VALIDADA,Wh/m^2,2014-04-09,4254.6,Calculado
21206990,TIBAITATA - AUT [21206990],RAD SOLAR,Radiación solar global horaria VALIDADA,Wh/m^2,2014-04-10,3795.0,Calculado
21206990,TIBAITATA - AUT [21206990],RAD SOLAR,Radiación solar global horaria VALIDADA,Wh/m^2,2014-04-11,3640.5,Calculado
21206990,TIBAITATA - AUT [21206990],RAD SOLAR,Radiación solar global horaria VALIDADA,Wh/m^2,2014-04-12,4156.6,Calculado
21206990,TIBAITATA - AUT [21206990],RAD SOLAR,Radiación solar global horaria VALIDADA,Wh/m^2,2014-04-13,4781.9,Calculado
21206990,TIBAITATA - AUT [21206990],RAD SOLAR,Radiación solar global horaria VALIDADA,Wh/m^2,2014-04-14,6327.8,Calculado
21206990,TIBAITATA - AUT [21206990],RAD SOLAR,Radiación solar global horaria VALIDADA,Wh/m^2,2014-04-15,1215.6000000000001,Calculado
21206990,TIBAITATA - AUT [21206990],RAD SOLAR,Radiación solar global horaria VALIDADA,Wh/m^2,2014-04-16,3813.9,Calculado
21206990,TIBAITATA - AUT [21206990],RAD SOLAR,Radiación solar global horaria VALIDADA,Wh/m^2,2014-04-17,2326.9,Calculado
21206990,TIBAITATA - AUT [21206990],RAD SOLAR,Radiación solar global horaria VALIDADA,Wh/m^2,2014-04-18,3582.6,Calculado
21206990,TIBAITATA - AUT [21206990],RAD SOLAR,Radiación solar global horaria VALIDADA,Wh/m^2,2014-04-19,3738.5,Calculado
21206990,TIBAITATA - AUT [21206990],RAD SOLAR,Radiación solar global horaria VALIDADA,Wh/m^2,2014-04-20,5064.5,Calculado
21206990,TIBAITATA - AUT [21206990],RAD SOLAR,Radiación solar global horaria VALIDADA,Wh/m^2,2014-04-21,1466.8999999999999,Calculado
21206990,TIBAITATA - AUT [21206990],RAD SOLAR,Radiación solar global horaria VALIDADA,Wh/m^2,2014-04-22,2374.8,Calculado
21206990,TIBAITATA - AUT [21206990],RAD SOLAR,Radiación solar global horaria VALIDADA,Wh/m^2,2014-04-23,3851.2,Calculado
21206990,TIBAITATA - AUT [21206990],RAD SOLAR,Radiación solar global horaria VALIDADA,Wh/m^2,2014-04-24,3053.9,Calculado
21206990,TIBAITATA - AUT [21206990],RAD SOLAR,Radiación solar global horaria VALIDADA,Wh/m^2,2014-04-25,3461.0,Calculado
21206990,TIBAITATA - AUT [21206990],RAD SOLAR,Radiación solar global horaria VALIDADA,Wh/m^2,2014-04-26,3777.2999999999997,Calculado
21206990,TIBAITATA - AUT [21206990],RAD SOLAR,Radiación solar global horaria VALIDADA,Wh/m^2,2014-04-27,3940.6,Calculado
21206990,TIBAITATA - AUT [21206990],RAD SOLAR,Radiación solar global horaria VALIDADA,Wh/m^2,2014-04-28,3571.4,Calculado
21206990,TIBAITATA - AUT [21206990],RAD SOLAR,Radiación solar global horaria VALIDADA,Wh/m^2,2014-04-29,3541.2000000000003,Calculado
21206990,TIBAITATA - AUT [21206990],RAD SOLAR,Radiación solar global horaria VALIDADA,Wh/m^2,2014-04-30,2468.7999999999997,Calculado
21206990,TIBAITATA - AUT [21206990],RAD SOLAR,Radiación solar global horaria VALIDADA,Wh/m^2,2014-05-01,3740.8,Calculado
21206990,TIBAITATA - AUT [21206990],RAD SOLAR,Radiación solar global horaria VALIDADA,Wh/m^2,2014-05-02,3263.7,Calculado
21206990,TIBAITATA - AUT [21206990],RAD SOLAR,Radiación solar global horaria VALIDADA,Wh/m^2,2014-05-03,5570.5,Calculado
21206990,TIBAITATA - AUT [21206990],RAD SOLAR,Radiación solar global horaria VALIDADA,Wh/m^2,2014-05-04,4571.0,Calculado
21206990,TIBAITATA - AUT [21206990],RAD SOLAR,Radiación solar global horaria VALIDADA,Wh/m^2,2014-05-05,5486.5,Calculado
21206990,TIBAITATA - AUT [21206990],RAD SOLAR,Radiación solar global horaria VALIDADA,Wh/m^2,2014-05-06,3822.6,Calculado
21206990,TIBAITATA - AUT [21206990],RAD SOLAR,Radiación solar global horaria VALIDADA,Wh/m^2,2014-05-07,2755.1,Calculado
21206990,TIBAITATA - AUT [21206990],RAD SOLAR,Radiación solar global horaria VALIDADA,Wh/m^2,2014-05-08,2799.2,Calculado
21206990,TIBAITATA - AUT [21206990],RAD SOLAR,Radiación solar global horaria VALIDADA,Wh/m^2,2014-05-09,4029.7,Calculado
21206990,TIBAITATA - AUT [21206990],RAD SOLAR,Radiación solar global horaria VALIDADA,Wh/m^2,2014-05-10,4475.5,Calculado
21206990,TIBAITATA - AUT [21206990],RAD SOLAR,Radiación solar global horaria VALIDADA,Wh/m^2,2014-05-11,3016.4,Calculado
21206990,TIBAITATA - AUT [21206990],RAD SOLAR,Radiación solar global horaria VALIDADA,Wh/m^2,2014-05-12,3082.9,Calculado
21206990,TIBAITATA - AUT [21206990],RAD SOLAR,Radiación solar global horaria VALIDADA,Wh/m^2,2014-05-13,4861.2,Calculado
21206990,TIBAITATA - AUT [21206990],RAD SOLAR,Radiación solar global horaria VALIDADA,Wh/m^2,2014-05-14,3175.7999999999997,Calculado
21206990,TIBAITATA - AUT [21206990],RAD SOLAR,Radiación solar global horaria VALIDADA,Wh/m^2,2014-05-15,3639.3,Calculado
21206990,TIBAITATA - AUT [21206990],RAD SOLAR,Radiación solar global horaria VALIDADA,Wh/m^2,2014-05-16,2892.0,Calculado
21206990,TIBAITATA - AUT [21206990],RAD SOLAR,Radiación solar global horaria VALIDADA,Wh/m^2,2014-05-17,2754.1,Calculado
21206990,TIBAITATA - AUT [21206990],RAD SOLAR,Radiación solar global horaria VALIDADA,Wh/m^2,2014-05-18,4152.7,Calculado
21206990,TIBAITATA - AUT [21206990],RAD SOLAR,Radiación solar global horaria VALIDADA,Wh/m^2,2014-05-19,1822.1000000000001,Calculado
21206990,TIBAITATA - AUT [21206990],RAD SOLAR,Radiación solar global horaria VALIDADA,Wh/m^2,2014-05-20,4337.4,Calculado
21206990,TIBAITATA - AUT [21206990],RAD SOLAR,Radiación solar global horaria VALIDADA,Wh/m^2,2014-05-21,6094.4,Calculado
21206990,TIBAITATA - AUT [21206990],RAD SOLAR,Radiación solar global horaria VALIDADA,Wh/m^2,2014-05-22,3081.8,Calculado
21206990,TIBAITATA - AUT [21206990],RAD SOLAR,Radiación solar global horaria VALIDADA,Wh/m^2,2014-05-23,3900.4,Calculado
21206990,TIBAITATA - AUT [21206990],RAD SOLAR,Radiación solar global horaria VALIDADA,Wh/m^2,2014-05-24,6026.3,Calculado
21206990,TIBAITATA - AUT [21206990],RAD SOLAR,Radiación solar global horaria VALIDADA,Wh/m^2,2014-05-25,4964.0,Calculado
21206990,TIBAITATA - AUT [21206990],RAD SOLAR,Radiación solar global horaria VALIDADA,Wh/m^2,2014-05-26,2791.6,Calculado
21206990,TIBAITATA - AUT [21206990],RAD SOLAR,Radiación solar global horaria VALIDADA,Wh/m^2,2014-05-27,687.1,Calculado
21206990,TIBAITATA - AUT [21206990],RAD SOLAR,Radiación solar global horaria VALIDADA,Wh/m^2,2014-05-28,2995.1,Calculado
21206990,TIBAITATA - AUT [21206990],RAD SOLAR,Radiación solar global horaria VALIDADA,Wh/m^2,2014-05-29,2688.6000000000004,Calculado
21206990,TIBAITATA - AUT [21206990],RAD SOLAR,Radiación solar global horaria VALIDADA,Wh/m^2,2014-05-30,4199.4,Calculado
21206990,TIBAITATA - AUT [21206990],RAD SOLAR,Radiación solar global horaria VALIDADA,Wh/m^2,2014-05-31,2748.9,Calculado
21206990,TIBAITATA - AUT [21206990],RAD SOLAR,Radiación solar global horaria VALIDADA,Wh/m^2,2014-06-01,4518.2,Calculado
21206990,TIBAITATA - AUT [21206990],RAD SOLAR,Radiación solar global horaria VALIDADA,Wh/m^2,2014-06-02,2894.4,Calculado
21206990,TIBAITATA - AUT [21206990],RAD SOLAR,Radiación solar global horaria VALIDADA,Wh/m^2,2014-06-03,1802.1000000000001,Calculado
21206990,TIBAITATA - AUT [21206990],RAD SOLAR,Radiación solar global horaria VALIDADA,Wh/m^2,2014-06-04,3476.0,Calculado
21206990,TIBAITATA - AUT [21206990],RAD SOLAR,Radiación solar global horaria VALIDADA,Wh/m^2,2014-06-05,3911.8,Calculado
21206990,TIBAITATA - AUT [21206990],RAD SOLAR,Radiación solar global horaria VALIDADA,Wh/m^2,2014-06-06,671.7,Calculado
21206990,TIBAITATA - AUT [21206990],RAD SOLAR,Radiación solar global horaria VALIDADA,Wh/m^2,2014-06-07,835.1999999999999,Calculado
21206990,TIBAITATA - AUT [21206990],RAD SOLAR,Radiación solar global horaria VALIDADA,Wh/m^2,2014-06-08,4550.8,Calculado
21206990,TIBAITATA - AUT [21206990],RAD SOLAR,Radiación solar global horaria VALIDADA,Wh/m^2,2014-06-09,1328.8,Calculado
21206990,TIBAITATA - AUT [21206990],RAD SOLAR,Radiación solar global horaria VALIDADA,Wh/m^2,2014-06-10,3964.5,Calculado
21206990,TIBAITATA - AUT [21206990],RAD SOLAR,Radiación solar global horaria VALIDADA,Wh/m^2,2014-06-11,5052.0,Calculado
21206990,TIBAITATA - AUT [21206990],RAD SOLAR,Radiación solar global horaria VALIDADA,Wh/m^2,2014-06-12,3434.5,Calculado
21206990,TIBAITATA - AUT [21206990],RAD SOLAR,Radiación solar global horaria VALIDADA,Wh/m^2,2014-06-13,3184.7,Calculado
21206990,TIBAITATA - AUT [21206990],RAD SOLAR,Radiación solar global horaria VALIDADA,Wh/m^2,2014-06-14,2858.1,Calculado
21206990,TIBAITATA - AUT [21206990],RAD SOLAR,Radiación solar global horaria VALIDADA,Wh/m^2,2014-06-15,4247.0,Calculado
21206990,TIBAITATA - AUT [21206990],RAD SOLAR,Radiación solar global horaria VALIDADA,Wh/m^2,2014-06-16,1652.6,Calculado
21206990,TIBAITATA - AUT [21206990],RAD SOLAR,Radiación solar global horaria VALIDADA,Wh/m^2,2014-06-17,4002.1,Calculado
21206990,TIBAITATA - AUT [21206990],RAD SOLAR,Radiación solar global horaria VALIDADA,Wh/m^2,2014-06-18,4169.2,Calculado
21206990,TIBAITATA - AUT [21206990],RAD SOLAR,Radiación solar global horaria VALIDADA,Wh/m^2,2014-06-19,4313.7,Calculado
21206990,TIBAITATA - AUT [21206990],RAD SOLAR,Radiación solar global horaria VALIDADA,Wh/m^2,2014-06-20,5030.4,Calculado
21206990,TIBAITATA - AUT [21206990],RAD SOLAR,Radiación solar global horaria VALIDADA,Wh/m^2,2014-06-21,2475.1,Calculado
21206990,TIBAITATA - AUT [21206990],RAD SOLAR,Radiación solar global horaria VALIDADA,Wh/m^2,2014-06-22,3651.9,Calculado
21206990,TIBAITATA - AUT [21206990],RAD SOLAR,Radiación solar global horaria VALIDADA,Wh/m^2,2014-06-23,3033.9,Calculado
21206990,TIBAITATA - AUT [21206990],RAD SOLAR,Radiación solar global horaria VALIDADA,Wh/m^2,2014-06-24,2651.0,Calculado
21206990,TIBAITATA - AUT [21206990],RAD SOLAR,Radiación solar global horaria VALIDADA,Wh/m^2,2014-06-25,2142.2000000000003,Calculado
21206990,TIBAITATA - AUT [21206990],RAD SOLAR,Radiación solar global horaria VALIDADA,Wh/m^2,2014-06-26,3622.9,Calculado
21206990,TIBAITATA - AUT [21206990],RAD SOLAR,Radiación solar global horaria VALIDADA,Wh/m^2,2014-06-27,3748.3999999999996,Calculado
21206990,TIBAITATA - AUT [21206990],RAD SOLAR,Radiación solar global horaria VALIDADA,Wh/m^2,2014-06-28,1442.8,Calculado
21206990,TIBAITATA - AUT [21206990],RAD SOLAR,Radiación solar global horaria VALIDADA,Wh/m^2,2014-06-29,4300.9,Calculado
21206990,TIBAITATA - AUT [21206990],RAD SOLAR,Radiación solar global horaria VALIDADA,Wh/m^2,2014-06-30,2944.8,Calculado
21206990,TIBAITATA - AUT [21206990],RAD SOLAR,Radiación solar global horaria VALIDADA,Wh/m^2,2014-07-01,3375.5,Calculado
21206990,TIBAITATA - AUT [21206990],RAD SOLAR,Radiación solar global horaria VALIDADA,Wh/m^2,2014-07-02,4513.3,Calculado
21206990,TIBAITATA - AUT [21206990],RAD SOLAR,Radiación solar global horaria VALIDADA,Wh/m^2,2014-07-03,4531.9,Calculado
21206990,TIBAITATA - AUT [21206990],RAD SOLAR,Radiación solar global horaria VALIDADA,Wh/m^2,2014-07-04,2239.0,Calculado
21206990,TIBAITATA - AUT [21206990],RAD SOLAR,Radiación solar global horaria VALIDADA,Wh/m^2,2014-07-05,3105.6,Calculado
21206990,TIBAITATA - AUT [21206990],RAD SOLAR,Radiación solar global horaria VALIDADA,Wh/m^2,2014-07-06,4080.1,Calculado
21206990,TIBAITATA - AUT [21206990],RAD SOLAR,Radiación solar global horaria VALIDADA,Wh/m^2,2014-07-07,2490.4,Calculado
21206990,TIBAITATA - AUT [21206990],RAD SOLAR,Radiación solar global horaria VALIDADA,Wh/m^2,2014-07-08,2369.6,Calculado
21206990,TIBAITATA - AUT [21206990],RAD SOLAR,Radiación solar global horaria VALIDADA,Wh/m^2,2014-07-09,3835.3,Calculado
21206990,TIBAITATA - AUT [21206990],RAD SOLAR,Radiación solar global horaria VALIDADA,Wh/m^2,2014-07-10,3183.1,Calculado
21206990,TIBAITATA - AUT [21206990],RAD SOLAR,Radiación solar global horaria VALIDADA,Wh/m^2,2014-07-11,2654.7,Calculado
21206990,TIBAITATA - AUT [21206990],RAD SOLAR,Radiación solar global horaria VALIDADA,Wh/m^2,2014-07-12,5127.400000000001,Calculado
21206990,TIBAITATA - AUT [21206990],RAD SOLAR,Radiación solar global horaria VALIDADA,Wh/m^2,2014-07-13,5956.0,Calculado
21206990,TIBAITATA - AUT [21206990],RAD SOLAR,Radiación solar global horaria VALIDADA,Wh/m^2,2014-07-14,3105.6,Calculado
21206990,TIBAITATA - AUT [21206990],RAD SOLAR,Radiación solar global horaria VALIDADA,Wh/m^2,2014-07-15,3077.7,Calculado
21206990,TIBAITATA - AUT [21206990],RAD SOLAR,Radiación solar global horaria VALIDADA,Wh/m^2,2014-07-16,3749.7,Calculado
21206990,TIBAITATA - AUT [21206990],RAD SOLAR,Radiación solar global horaria VALIDADA,Wh/m^2,2014-07-17,4459.1,Calculado
21206990,TIBAITATA - AUT [21206990],RAD SOLAR,Radiación solar global horaria VALIDADA,Wh/m^2,2014-07-18,3277.5,Calculado
21206990,TIBAITATA - AUT [21206990],RAD SOLAR,Radiación solar global horaria VALIDADA,Wh/m^2,2014-07-19,4257.3,Calculado
21206990,TIBAITATA - AUT [21206990],RAD SOLAR,Radiación solar global horaria VALIDADA,Wh/m^2,2014-07-20,4614.8,Calculado
21206990,TIBAITATA - AUT [21206990],RAD SOLAR,Radiación solar global horaria VALIDADA,Wh/m^2,2014-07-21,3473.5,Calculado
21206990,TIBAITATA - AUT [21206990],RAD SOLAR,Radiación solar global horaria VALIDADA,Wh/m^2,2014-07-22,3178.2000000000003,Calculado
21206990,TIBAITATA - AUT [21206990],RAD SOLAR,Radiación solar global horaria VALIDADA,Wh/m^2,2014-07-23,2963.6,Calculado
21206990,TIBAITATA - AUT [21206990],RAD SOLAR,Radiación solar global horaria VALIDADA,Wh/m^2,2014-07-24,1558.4,Calculado
21206990,TIBAITATA - AUT [21206990],RAD SOLAR,Radiación solar global horaria VALIDADA,Wh/m^2,2014-07-25,2182.6,Calculado
21206990,TIBAITATA - AUT [21206990],RAD SOLAR,Radiación solar global horaria VALIDADA,Wh/m^2,2014-07-26,3369.3,Calculado
21206990,TIBAITATA - AUT [21206990],RAD SOLAR,Radiación solar global horaria VALIDADA,Wh/m^2,2014-07-27,4429.1,Calculado
21206990,TIBAITATA - AUT [21206990],RAD SOLAR,Radiación solar global horaria VALIDADA,Wh/m^2,2014-07-28,5242.8,Calculado
21206990,TIBAITATA - AUT [21206990],RAD SOLAR,Radiación solar global horaria VALIDADA,Wh/m^2,2014-07-29,2436.2,Calculado
21206990,TIBAITATA - AUT [21206990],RAD SOLAR,Radiación solar global horaria VALIDADA,Wh/m^2,2014-07-30,5330.8,Calculado
21206990,TIBAITATA - AUT [21206990],RAD SOLAR,Radiación solar global horaria VALIDADA,Wh/m^2,2014-07-31,5589.3,Calculado
21206990,TIBAITATA - AUT [21206990],RAD SOLAR,Radiación solar global horaria VALIDADA,Wh/m^2,2014-08-01,3304.0,Calculado
21206990,TIBAITATA - AUT [21206990],RAD SOLAR,Radiación solar global horaria VALIDADA,Wh/m^2,2014-08-02,5046.9,Calculado
21206990,TIBAITATA - AUT [21206990],RAD SOLAR,Radiación solar global horaria VALIDADA,Wh/m^2,2014-08-03,3538.9,Calculado
21206990,TIBAITATA - AUT [21206990],RAD SOLAR,Radiación solar global horaria VALIDADA,Wh/m^2,2014-08-04,5416.1,Calculado
21206990,TIBAITATA - AUT [21206990],RAD SOLAR,Radiación solar global horaria VALIDADA,Wh/m^2,2014-08-05,3352.9,Calculado
21206990,TIBAITATA - AUT [21206990],RAD SOLAR,Radiación solar global horaria VALIDADA,Wh/m^2,2014-08-06,5838.0,Calculado
21206990,TIBAITATA - AUT [21206990],RAD SOLAR,Radiación solar global horaria VALIDADA,Wh/m^2,2014-08-07,4636.2,Calculado
21206990,TIBAITATA - AUT [21206990],RAD SOLAR,Radiación solar global horaria VALIDADA,Wh/m^2,2014-08-08,3179.8,Calculado
21206990,TIBAITATA - AUT [21206990],RAD SOLAR,Radiación solar global horaria VALIDADA,Wh/m^2,2014-08-09,3297.6,Calculado
21206990,TIBAITATA - AUT [21206990],RAD SOLAR,Radiación solar global horaria VALIDADA,Wh/m^2,2014-08-10,3206.0,Calculado
21206990,TIBAITATA - AUT [21206990],RAD SOLAR,Radiación solar global horaria VALIDADA,Wh/m^2,2014-08-11,4263.4,Calculado
21206990,TIBAITATA - AUT [21206990],RAD SOLAR,Radiación solar global horaria VALIDADA,Wh/m^2,2014-08-12,3557.7000000000003,Calculado
21206990,TIBAITATA - AUT [21206990],RAD SOLAR,Radiación solar global horaria VALIDADA,Wh/m^2,2014-08-13,4339.8,Calculado
21206990,TIBAITATA - AUT [21206990],RAD SOLAR,Radiación solar global horaria VALIDADA,Wh/m^2,2014-08-14,5663.400000000001,Calculado
21206990,TIBAITATA - AUT [21206990],RAD SOLAR,Radiación solar global horaria VALIDADA,Wh/m^2,2014-08-15,5914.5,Calculado
21206990,TIBAITATA - AUT [21206990],RAD SOLAR,Radiación solar global horaria VALIDADA,Wh/m^2,2014-08-16,4186.7,Calculado
21206990,TIBAITATA - AUT [21206990],RAD SOLAR,Radiación solar global horaria VALIDADA,Wh/m^2,2014-08-17,5000.4,Calculado
21206990,TIBAITATA - AUT [21206990],RAD SOLAR,Radiación solar global horaria VALIDADA,Wh/m^2,2014-08-18,5595.8,Calculado
21206990,TIBAITATA - AUT [21206990],RAD SOLAR,Radiación solar global horaria VALIDADA,Wh/m^2,2014-08-19,4382.7,Calculado
21206990,TIBAITATA - AUT [21206990],RAD SOLAR,Radiación solar global horaria VALIDADA,Wh/m^2,2014-08-20,6084.099999999999,Calculado
21206990,TIBAITATA - AUT [21206990],RAD SOLAR,Radiación solar global horaria VALIDADA,Wh/m^2,2014-08-21,3333.0,Calculado
21206990,TIBAITATA - AUT [21206990],RAD SOLAR,Radiación solar global horaria VALIDADA,Wh/m^2,2014-08-22,3692.2,Calculado
21206990,TIBAITATA - AUT [21206990],RAD SOLAR,Radiación solar global horaria VALIDADA,Wh/m^2,2014-08-23,4862.5,Calculado
21206990,TIBAITATA - AUT [21206990],RAD SOLAR,Radiación solar global horaria VALIDADA,Wh/m^2,2014-08-24,4018.5,Calculado
21206990,TIBAITATA - AUT [21206990],RAD SOLAR,Radiación solar global horaria VALIDADA,Wh/m^2,2014-08-25,2785.2,Calculado
21206990,TIBAITATA - AUT [21206990],RAD SOLAR,Radiación solar global horaria VALIDADA,Wh/m^2,2014-08-26,3241.1,Calculado
21206990,TIBAITATA - AUT [21206990],RAD SOLAR,Radiación solar global horaria VALIDADA,Wh/m^2,2014-08-27,3047.8,Calculado
21206990,TIBAITATA - AUT [21206990],RAD SOLAR,Radiación solar global horaria VALIDADA,Wh/m^2,2014-08-28,3988.3,Calculado
21206990,TIBAITATA - AUT [21206990],RAD SOLAR,Radiación solar global horaria VALIDADA,Wh/m^2,2014-08-29,5188.8,Calculado
21206990,TIBAITATA - AUT [21206990],RAD SOLAR,Radiación solar global horaria VALIDADA,Wh/m^2,2014-08-30,6934.200000000001,Calculado
21206990,TIBAITATA - AUT [21206990],RAD SOLAR,Radiación solar global horaria VALIDADA,Wh/m^2,2014-08-31,5298.3,Calculado
21206990,TIBAITATA - AUT [21206990],RAD SOLAR,Radiación solar global horaria VALIDADA,Wh/m^2,2014-09-01,4547.2,Calculado
21206990,TIBAITATA - AUT [21206990],RAD SOLAR,Radiación solar global horaria VALIDADA,Wh/m^2,2014-09-02,2645.9,Calculado
21206990,TIBAITATA - AUT [21206990],RAD SOLAR,Radiación solar global horaria VALIDADA,Wh/m^2,2014-09-03,3219.7000000000003,Calculado
21206990,TIBAITATA - AUT [21206990],RAD SOLAR,Radiación solar global horaria VALIDADA,Wh/m^2,2014-09-04,5475.2,Calculado
21206990,TIBAITATA - AUT [21206990],RAD SOLAR,Radiación solar global horaria VALIDADA,Wh/m^2,2014-09-05,1755.6000000000001,Calculado
21206990,TIBAITATA - AUT [21206990],RAD SOLAR,Radiación solar global horaria VALIDADA,Wh/m^2,2014-09-06,2953.7,Calculado
21206990,TIBAITATA - AUT [21206990],RAD SOLAR,Radiación solar global horaria VALIDADA,Wh/m^2,2014-09-08,2102.2,Calculado
21206990,TIBAITATA - AUT [21206990],RAD SOLAR,Radiación solar global horaria VALIDADA,Wh/m^2,2014-09-09,4760.5,Calculado
21206990,TIBAITATA - AUT [21206990],RAD SOLAR,Radiación solar global horaria VALIDADA,Wh/m^2,2014-09-10,1626.3,Calculado
21206990,TIBAITATA - AUT [21206990],RAD SOLAR,Radiación solar global horaria VALIDADA,Wh/m^2,2014-09-11,3302.6,Calculado
21206990,TIBAITATA - AUT [21206990],RAD SOLAR,Radiación solar global horaria VALIDADA,Wh/m^2,2014-09-12,3001.4,Calculado
21206990,TIBAITATA - AUT [21206990],RAD SOLAR,Radiación solar global horaria VALIDADA,Wh/m^2,2014-09-13,4468.2,Calculado
21206990,TIBAITATA - AUT [21206990],RAD SOLAR,Radiación solar global horaria VALIDADA,Wh/m^2,2014-09-14,5176.3,Calculado
21206990,TIBAITATA - AUT [21206990],RAD SOLAR,Radiación solar global horaria VALIDADA,Wh/m^2,2014-09-15,4922.5,Calculado
21206990,TIBAITATA - AUT [21206990],RAD SOLAR,Radiación solar global horaria VALIDADA,Wh/m^2,2014-09-16,3923.0,Calculado
21206990,TIBAITATA - AUT [21206990],RAD SOLAR,Radiación solar global horaria VALIDADA,Wh/m^2,2014-09-17,4115.2,Calculado
21206990,TIBAITATA - AUT [21206990],RAD SOLAR,Radiación solar global horaria VALIDADA,Wh/m^2,2014-09-18,3754.8,Calculado
21206990,TIBAITATA - AUT [21206990],RAD SOLAR,Radiación solar global horaria VALIDADA,Wh/m^2,2014-09-19,3597.8,Calculado
21206990,TIBAITATA - AUT [21206990],RAD SOLAR,Radiación solar global horaria VALIDADA,Wh/m^2,2014-09-20,4403.9,Calculado
21206990,TIBAITATA - AUT [21206990],RAD SOLAR,Radiación solar global horaria VALIDADA,Wh/m^2,2014-09-21,3604.1,Calculado
21206990,TIBAITATA - AUT [21206990],RAD SOLAR,Radiación solar global horaria VALIDADA,Wh/m^2,2014-09-22,4309.8,Calculado
21206990,TIBAITATA - AUT [21206990],RAD SOLAR,Radiación solar global horaria VALIDADA,Wh/m^2,2014-09-23,3989.6,Calculado
21206990,TIBAITATA - AUT [21206990],RAD SOLAR,Radiación solar global horaria VALIDADA,Wh/m^2,2014-09-24,4257.1,Calculado
21206990,TIBAITATA - AUT [21206990],RAD SOLAR,Radiación solar global horaria VALIDADA,Wh/m^2,2014-09-25,5863.0,Calculado
21206990,TIBAITATA - AUT [21206990],RAD SOLAR,Radiación solar global horaria VALIDADA,Wh/m^2,2014-09-26,6660.4,Calculado
21206990,TIBAITATA - AUT [21206990],RAD SOLAR,Radiación solar global horaria VALIDADA,Wh/m^2,2014-09-27,5541.9,Calculado
21206990,TIBAITATA - AUT [21206990],RAD SOLAR,Radiación solar global horaria VALIDADA,Wh/m^2,2014-09-28,3761.0,Calculado
21206990,TIBAITATA - AUT [21206990],RAD SOLAR,Radiación solar global horaria VALIDADA,Wh/m^2,2014-09-29,3298.9,Calculado
21206990,TIBAITATA - AUT [21206990],RAD SOLAR,Radiación solar global horaria VALIDADA,Wh/m^2,2014-09-30,4236.9,Calculado
21206990,TIBAITATA - AUT [21206990],RAD SOLAR,Radiación solar global horaria VALIDADA,Wh/m^2,2014-10-01,5203.8,Calculado
21206990,TIBAITATA - AUT [21206990],RAD SOLAR,Radiación solar global horaria VALIDADA,Wh/m^2,2014-10-02,3713.2,Calculado
21206990,TIBAITATA - AUT [21206990],RAD SOLAR,Radiación solar global horaria VALIDADA,Wh/m^2,2014-10-03,4662.8,Calculado
21206990,TIBAITATA - AUT [21206990],RAD SOLAR,Radiación solar global horaria VALIDADA,Wh/m^2,2014-10-04,4731.9,Calculado
21206990,TIBAITATA - AUT [21206990],RAD SOLAR,Radiación solar global horaria VALIDADA,Wh/m^2,2014-10-05,4623.6,Calculado
21206990,TIBAITATA - AUT [21206990],RAD SOLAR,Radiación solar global horaria VALIDADA,Wh/m^2,2014-10-06,4962.8,Calculado
21206990,TIBAITATA - AUT [21206990],RAD SOLAR,Radiación solar global horaria VALIDADA,Wh/m^2,2014-10-07,3319.1,Calculado
21206990,TIBAITATA - AUT [21206990],RAD SOLAR,Radiación solar global horaria VALIDADA,Wh/m^2,2014-10-08,1484.3,Calculado
21206990,TIBAITATA - AUT [21206990],RAD SOLAR,Radiación solar global horaria VALIDADA,Wh/m^2,2014-10-09,2608.1,Calculado
21206990,TIBAITATA - AUT [21206990],RAD SOLAR,Radiación solar global horaria VALIDADA,Wh/m^2,2014-10-10,2762.7999999999997,Calculado
21206990,TIBAITATA - AUT [21206990],RAD SOLAR,Radiación solar global horaria VALIDADA,Wh/m^2,2014-10-11,1607.3,Calculado
21206990,TIBAITATA - AUT [21206990],RAD SOLAR,Radiación solar global horaria VALIDADA,Wh/m^2,2014-10-12,6024.0,Calculado
21206990,TIBAITATA - AUT [21206990],RAD SOLAR,Radiación solar global horaria VALIDADA,Wh/m^2,2014-10-13,5177.4,Calculado
21206990,TIBAITATA - AUT [21206990],RAD SOLAR,Radiación solar global horaria VALIDADA,Wh/m^2,2014-10-14,5197.4,Calculado
21206990,TIBAITATA - AUT [21206990],RAD SOLAR,Radiación solar global horaria VALIDADA,Wh/m^2,2014-10-15,3262.6,Calculado
21206990,TIBAITATA - AUT [21206990],RAD SOLAR,Radiación solar global horaria VALIDADA,Wh/m^2,2014-10-16,3376.7000000000003,Calculado
21206990,TIBAITATA - AUT [21206990],RAD SOLAR,Radiación solar global horaria VALIDADA,Wh/m^2,2014-10-17,3395.6,Calculado
21206990,TIBAITATA - AUT [21206990],RAD SOLAR,Radiación solar global horaria VALIDADA,Wh/m^2,2014-10-18,3964.3,Calculado
21206990,TIBAITATA - AUT [21206990],RAD SOLAR,Radiación solar global horaria VALIDADA,Wh/m^2,2014-10-19,3731.0,Calculado
21206990,TIBAITATA - AUT [21206990],RAD SOLAR,Radiación solar global horaria VALIDADA,Wh/m^2,2014-10-20,3200.9,Calculado
21206990,TIBAITATA - AUT [21206990],RAD SOLAR,Radiación solar global horaria VALIDADA,Wh/m^2,2014-10-21,3611.5,Calculado
21206990,TIBAITATA - AUT [21206990],RAD SOLAR,Radiación solar global horaria VALIDADA,Wh/m^2,2014-10-22,716.9,Calculado
21206990,TIBAITATA - AUT [21206990],RAD SOLAR,Radiación solar global horaria VALIDADA,Wh/m^2,2014-10-23,2929.6,Calculado
21206990,TIBAITATA - AUT [21206990],RAD SOLAR,Radiación solar global horaria VALIDADA,Wh/m^2,2014-10-24,4770.6,Calculado
21206990,TIBAITATA - AUT [21206990],RAD SOLAR,Radiación solar global horaria VALIDADA,Wh/m^2,2014-10-25,3794.9,Calculado
21206990,TIBAITATA - AUT [21206990],RAD SOLAR,Radiación solar global horaria VALIDADA,Wh/m^2,2014-10-26,3443.4,Calculado
21206990,TIBAITATA - AUT [21206990],RAD SOLAR,Radiación solar global horaria VALIDADA,Wh/m^2,2014-10-27,3489.8,Calculado
21206990,TIBAITATA - AUT [21206990],RAD SOLAR,Radiación solar global horaria VALIDADA,Wh/m^2,2014-10-28,4547.0,Calculado
21206990,TIBAITATA - AUT [21206990],RAD SOLAR,Radiación solar global horaria VALIDADA,Wh/m^2,2014-10-29,874.0,Calculado
21206990,TIBAITATA - AUT [21206990],RAD SOLAR,Radiación solar global horaria VALIDADA,Wh/m^2,2014-10-30,3772.2,Calculado
21206990,TIBAITATA - AUT [21206990],RAD SOLAR,Radiación solar global horaria VALIDADA,Wh/m^2,2014-10-31,4243.099999999999,Calculado
21206990,TIBAITATA - AUT [21206990],RAD SOLAR,Radiación solar global horaria VALIDADA,Wh/m^2,2014-11-01,3798.6,Calculado
21206990,TIBAITATA - AUT [21206990],RAD SOLAR,Radiación solar global horaria VALIDADA,Wh/m^2,2014-11-02,5124.8,Calculado
21206990,TIBAITATA - AUT [21206990],RAD SOLAR,Radiación solar global horaria VALIDADA,Wh/m^2,2014-11-03,3556.2999999999997,Calculado
21206990,TIBAITATA - AUT [21206990],RAD SOLAR,Radiación solar global horaria VALIDADA,Wh/m^2,2014-11-04,5512.9,Calculado
21206990,TIBAITATA - AUT [21206990],RAD SOLAR,Radiación solar global horaria VALIDADA,Wh/m^2,2014-11-05,2883.1,Calculado
21206990,TIBAITATA - AUT [21206990],RAD SOLAR,Radiación solar global horaria VALIDADA,Wh/m^2,2014-11-06,2944.9,Calculado
21206990,TIBAITATA - AUT [21206990],RAD SOLAR,Radiación solar global horaria VALIDADA,Wh/m^2,2014-11-07,3662.0,Calculado
21206990,TIBAITATA - AUT [21206990],RAD SOLAR,Radiación solar global horaria VALIDADA,Wh/m^2,2014-11-08,3366.7,Calculado
21206990,TIBAITATA - AUT [21206990],RAD SOLAR,Radiación solar global horaria VALIDADA,Wh/m^2,2014-11-09,3509.9,Calculado
21206990,TIBAITATA - AUT [21206990],RAD SOLAR,Radiación solar global horaria VALIDADA,Wh/m^2,2014-11-10,2899.5,Calculado
21206990,TIBAITATA - AUT [21206990],RAD SOLAR,Radiación solar global horaria VALIDADA,Wh/m^2,2014-11-11,5372.0,Calculado
21206990,TIBAITATA - AUT [21206990],RAD SOLAR,Radiación solar global horaria VALIDADA,Wh/m^2,2014-11-12,3728.3,Calculado
21206990,TIBAITATA - AUT [21206990],RAD SOLAR,Radiación solar global horaria VALIDADA,Wh/m^2,2014-11-13,5477.6,Calculado
21206990,TIBAITATA - AUT [21206990],RAD SOLAR,Radiación solar global horaria VALIDADA,Wh/m^2,2014-11-14,4618.7,Calculado
21206990,TIBAITATA - AUT [21206990],RAD SOLAR,Radiación solar global horaria VALIDADA,Wh/m^2,2014-11-15,4784.400000000001,Calculado
21206990,TIBAITATA - AUT [21206990],RAD SOLAR,Radiación solar global horaria VALIDADA,Wh/m^2,2014-11-16,2650.9,Calculado
21206990,TIBAITATA - AUT [21206990],RAD SOLAR,Radiación solar global horaria VALIDADA,Wh/m^2,2014-11-17,4642.5,Calculado
21206990,TIBAITATA - AUT [21206990],RAD SOLAR,Radiación solar global horaria VALIDADA,Wh/m^2,2014-11-18,5749.0,Calculado
21206990,TIBAITATA - AUT [21206990],RAD SOLAR,Radiación solar global horaria VALIDADA,Wh/m^2,2014-11-19,2131.0,Calculado
21206990,TIBAITATA - AUT [21206990],RAD SOLAR,Radiación solar global horaria VALIDADA,Wh/m^2,2014-11-20,6420.7,Calculado
21206990,TIBAITATA - AUT [21206990],RAD SOLAR,Radiación solar global horaria VALIDADA,Wh/m^2,2014-11-21,3557.6,Calculado
21206990,TIBAITATA - AUT [21206990],RAD SOLAR,Radiación solar global horaria VALIDADA,Wh/m^2,2014-11-22,4680.2,Calculado
21206990,TIBAITATA - AUT [21206990],RAD SOLAR,Radiación solar global horaria VALIDADA,Wh/m^2,2014-11-23,5969.9,Calculado
21206990,TIBAITATA - AUT [21206990],RAD SOLAR,Radiación solar global horaria VALIDADA,Wh/m^2,2014-11-24,3597.9,Calculado
21206990,TIBAITATA - AUT [21206990],RAD SOLAR,Radiación solar global horaria VALIDADA,Wh/m^2,2014-11-25,2843.2000000000003,Calculado
21206990,TIBAITATA - AUT [21206990],RAD SOLAR,Radiación solar global horaria VALIDADA,Wh/m^2,2014-11-26,4440.2,Calculado
21206990,TIBAITATA - AUT [21206990],RAD SOLAR,Radiación solar global horaria VALIDADA,Wh/m^2,2014-11-27,3856.2000000000003,Calculado
21206990,TIBAITATA - AUT [21206990],RAD SOLAR,Radiación solar global horaria VALIDADA,Wh/m^2,2014-11-28,4180.4,Calculado
21206990,TIBAITATA - AUT [21206990],RAD SOLAR,Radiación solar global horaria VALIDADA,Wh/m^2,2014-11-29,3634.1,Calculado
21206990,TIBAITATA - AUT [21206990],RAD SOLAR,Radiación solar global horaria VALIDADA,Wh/m^2,2014-11-30,3669.2999999999997,Calculado
21206990,TIBAITATA - AUT [21206990],RAD SOLAR,Radiación solar global horaria VALIDADA,Wh/m^2,2014-12-01,2951.1,Calculado
21206990,TIBAITATA - AUT [21206990],RAD SOLAR,Radiación solar global horaria VALIDADA,Wh/m^2,2014-12-02,2163.8,Calculado
21206990,TIBAITATA - AUT [21206990],RAD SOLAR,Radiación solar global horaria VALIDADA,Wh/m^2,2014-12-04,4868.8,Calculado
21206990,TIBAITATA - AUT [21206990],RAD SOLAR,Radiación solar global horaria VALIDADA,Wh/m^2,2014-12-05,4455.3,Calculado
21206990,TIBAITATA - AUT [21206990],RAD SOLAR,Radiación solar global horaria VALIDADA,Wh/m^2,2014-12-06,2986.3,Calculado
21206990,TIBAITATA - AUT [21206990],RAD SOLAR,Radiación solar global horaria VALIDADA,Wh/m^2,2014-12-07,2160.0,Calculado
21206990,TIBAITATA - AUT [21206990],RAD SOLAR,Radiación solar global horaria VALIDADA,Wh/m^2,2014-12-08,3165.7,Calculado
21206990,TIBAITATA - AUT [21206990],RAD SOLAR,Radiación solar global horaria VALIDADA,Wh/m^2,2014-12-09,2045.6000000000001,Calculado
21206990,TIBAITATA - AUT [21206990],RAD SOLAR,Radiación solar global horaria VALIDADA,Wh/m^2,2014-12-10,3144.3,Calculado
21206990,TIBAITATA - AUT [21206990],RAD SOLAR,Radiación solar global horaria VALIDADA,Wh/m^2,2014-12-11,1693.9,Calculado
21206990,TIBAITATA - AUT [21206990],RAD SOLAR,Radiación solar global horaria VALIDADA,Wh/m^2,2014-12-12,3374.1,Calculado
21206990,TIBAITATA - AUT [21206990],RAD SOLAR,Radiación solar global horaria VALIDADA,Wh/m^2,2014-12-13,3282.5,Calculado
21206990,TIBAITATA - AUT [21206990],RAD SOLAR,Radiación solar global horaria VALIDADA,Wh/m^2,2014-12-14,4298.5,Calculado
21206990,TIBAITATA - AUT [21206990],RAD SOLAR,Radiación solar global horaria VALIDADA,Wh/m^2,2014-12-15,4668.9,Calculado
21206990,TIBAITATA - AUT [21206990],RAD SOLAR,Radiación solar global horaria VALIDADA,Wh/m^2,2014-12-16,3126.9,Calculado
21206990,TIBAITATA - AUT [21206990],RAD SOLAR,Radiación solar global horaria VALIDADA,Wh/m^2,2014-12-17,4705.3,Calculado
21206990,TIBAITATA - AUT [21206990],RAD SOLAR,Radiación solar global horaria VALIDADA,Wh/m^2,2014-12-18,4456.7,Calculado
21206990,TIBAITATA - AUT [21206990],RAD SOLAR,Radiación solar global horaria VALIDADA,Wh/m^2,2014-12-19,5174.900000000001,Calculado
21206990,TIBAITATA - AUT [21206990],RAD SOLAR,Radiación solar global horaria VALIDADA,Wh/m^2,2014-12-20,4307.2,Calculado
21206990,TIBAITATA - AUT [21206990],RAD SOLAR,Radiación solar global horaria VALIDADA,Wh/m^2,2014-12-21,4070.0,Calculado
21206990,TIBAITATA - AUT [21206990],RAD SOLAR,Radiación solar global horaria VALIDADA,Wh/m^2,2014-12-22,5500.3,Calculado
21206990,TIBAITATA - AUT [21206990],RAD SOLAR,Radiación solar global horaria VALIDADA,Wh/m^2,2014-12-23,4113.8,Calculado
21206990,TIBAITATA - AUT [21206990],RAD SOLAR,Radiación solar global horaria VALIDADA,Wh/m^2,2014-12-24,2732.7,Calculado
21206990,TIBAITATA - AUT [21206990],RAD SOLAR,Radiación solar global horaria VALIDADA,Wh/m^2,2014-12-25,4035.9,Calculado
21206990,TIBAITATA - AUT [21206990],RAD SOLAR,Radiación solar global horaria VALIDADA,Wh/m^2,2014-12-26,5859.3,Calculado
21206990,TIBAITATA - AUT [21206990],RAD SOLAR,Radiación solar global horaria VALIDADA,Wh/m^2,2014-12-27,6130.5,Calculado
21206990,TIBAITATA - AUT [21206990],RAD SOLAR,Radiación solar global horaria VALIDADA,Wh/m^2,2014-12-28,5364.599999999999,Calculado
21206990,TIBAITATA - AUT [21206990],RAD SOLAR,Radiación solar global horaria VALIDADA,Wh/m^2,2014-12-29,4696.5,Calculado
21206990,TIBAITATA - AUT [21206990],RAD SOLAR,Radiación solar global horaria VALIDADA,Wh/m^2,2014-12-30,4710.3,Calculado
21206990,TIBAITATA - AUT [21206990],RAD SOLAR,Radiación solar global horaria VALIDADA,Wh/m^2,2014-12-31,5360.9,Calculado
21206990,TIBAITATA - AUT [21206990],RAD SOLAR,Radiación solar global horaria VALIDADA,Wh/m^2,2015-01-01,6237.3,Calculado
21206990,TIBAITATA - AUT [21206990],RAD SOLAR,Radiación solar global horaria VALIDADA,Wh/m^2,2015-01-02,5971.2,Calculado
21206990,TIBAITATA - AUT [21206990],RAD SOLAR,Radiación solar global horaria VALIDADA,Wh/m^2,2015-01-03,6853.9,Calculado
21206990,TIBAITATA - AUT [21206990],RAD SOLAR,Radiación solar global horaria VALIDADA,Wh/m^2,2015-01-04,7461.6,Calculado
21206990,TIBAITATA - AUT [21206990],RAD SOLAR,Radiación solar global horaria VALIDADA,Wh/m^2,2015-01-05,6771.0,Calculado
21206990,TIBAITATA - AUT [21206990],RAD SOLAR,Radiación solar global horaria VALIDADA,Wh/m^2,2015-01-06,7277.1,Calculado
21206990,TIBAITATA - AUT [21206990],RAD SOLAR,Radiación solar global horaria VALIDADA,Wh/m^2,2015-01-07,7251.9,Calculado
21206990,TIBAITATA - AUT [21206990],RAD SOLAR,Radiación solar global horaria VALIDADA,Wh/m^2,2015-01-08,4500.5,Calculado
21206990,TIBAITATA - AUT [21206990],RAD SOLAR,Radiación solar global horaria VALIDADA,Wh/m^2,2015-01-09,3403.2000000000003,Calculado
21206990,TIBAITATA - AUT [21206990],RAD SOLAR,Radiación solar global horaria VALIDADA,Wh/m^2,2015-01-10,4748.1,Calculado
21206990,TIBAITATA - AUT [21206990],RAD SOLAR,Radiación solar global horaria VALIDADA,Wh/m^2,2015-01-11,4112.7,Calculado
21206990,TIBAITATA - AUT [21206990],RAD SOLAR,Radiación solar global horaria VALIDADA,Wh/m^2,2015-01-12,5853.2,Calculado
21206990,TIBAITATA - AUT [21206990],RAD SOLAR,Radiación solar global horaria VALIDADA,Wh/m^2,2015-01-13,6655.3,Calculado
21206990,TIBAITATA - AUT [21206990],RAD SOLAR,Radiación solar global horaria VALIDADA,Wh/m^2,2015-01-14,4808.2,Calculado
21206990,TIBAITATA - AUT [21206990],RAD SOLAR,Radiación solar global horaria VALIDADA,Wh/m^2,2015-01-15,2942.2,Calculado
21206990,TIBAITATA - AUT [21206990],RAD SOLAR,Radiación solar global horaria VALIDADA,Wh/m^2,2015-01-16,4476.900000000001,Calculado
21206990,TIBAITATA - AUT [21206990],RAD SOLAR,Radiación solar global horaria VALIDADA,Wh/m^2,2015-01-17,4987.8,Calculado
21206990,TIBAITATA - AUT [21206990],RAD SOLAR,Radiación solar global horaria VALIDADA,Wh/m^2,2015-01-18,4949.0,Calculado
21206990,TIBAITATA - AUT [21206990],RAD SOLAR,Radiación solar global horaria VALIDADA,Wh/m^2,2015-01-19,3817.6,Calculado
21206990,TIBAITATA - AUT [21206990],RAD SOLAR,Radiación solar global horaria VALIDADA,Wh/m^2,2015-01-20,2756.5,Calculado
21206990,TIBAITATA - AUT [21206990],RAD SOLAR,Radiación solar global horaria VALIDADA,Wh/m^2,2015-01-21,2355.9,Calculado
21206990,TIBAITATA - AUT [21206990],RAD SOLAR,Radiación solar global horaria VALIDADA,Wh/m^2,2015-01-22,1716.5,Calculado
21206990,TIBAITATA - AUT [21206990],RAD SOLAR,Radiación solar global horaria VALIDADA,Wh/m^2,2015-01-23,4434.1,Calculado
21206990,TIBAITATA - AUT [21206990],RAD SOLAR,Radiación solar global horaria VALIDADA,Wh/m^2,2015-01-24,3253.6,Calculado
21206990,TIBAITATA - AUT [21206990],RAD SOLAR,Radiación solar global horaria VALIDADA,Wh/m^2,2015-01-25,5944.7,Calculado
21206990,TIBAITATA - AUT [21206990],RAD SOLAR,Radiación solar global horaria VALIDADA,Wh/m^2,2015-01-26,6295.2,Calculado
21206990,TIBAITATA - AUT [21206990],RAD SOLAR,Radiación solar global horaria VALIDADA,Wh/m^2,2015-01-27,5073.2,Calculado
21206990,TIBAITATA - AUT [21206990],RAD SOLAR,Radiación solar global horaria VALIDADA,Wh/m^2,2015-01-28,6617.9,Calculado
21206990,TIBAITATA - AUT [21206990],RAD SOLAR,Radiación solar global horaria VALIDADA,Wh/m^2,2015-01-29,4578.599999999999,Calculado
21206990,TIBAITATA - AUT [21206990],RAD SOLAR,Radiación solar global horaria VALIDADA,Wh/m^2,2015-01-30,2831.7999999999997,Calculado
21206990,TIBAITATA - AUT [21206990],RAD SOLAR,Radiación solar global horaria VALIDADA,Wh/m^2,2015-01-31,2860.5,Calculado
21206990,TIBAITATA - AUT [21206990],RAD SOLAR,Radiación solar global horaria VALIDADA,Wh/m^2,2015-02-01,2809.1,Calculado
21206990,TIBAITATA - AUT [21206990],RAD SOLAR,Radiación solar global horaria VALIDADA,Wh/m^2,2015-02-02,3239.9,Calculado
21206990,TIBAITATA - AUT [21206990],RAD SOLAR,Radiación solar global horaria VALIDADA,Wh/m^2,2015-02-03,2629.5,Calculado
21206990,TIBAITATA - AUT [21206990],RAD SOLAR,Radiación solar global horaria VALIDADA,Wh/m^2,2015-02-04,3954.4,Calculado
21206990,TIBAITATA - AUT [21206990],RAD SOLAR,Radiación solar global horaria VALIDADA,Wh/m^2,2015-02-05,6001.1,Calculado
21206990,TIBAITATA - AUT [21206990],RAD SOLAR,Radiación solar global horaria VALIDADA,Wh/m^2,2015-02-06,2811.7,Calculado
21206990,TIBAITATA - AUT [21206990],RAD SOLAR,Radiación solar global horaria VALIDADA,Wh/m^2,2015-02-07,3351.6,Calculado
21206990,TIBAITATA - AUT [21206990],RAD SOLAR,Radiación solar global horaria VALIDADA,Wh/m^2,2015-02-08,1623.7,Calculado
21206990,TIBAITATA - AUT [21206990],RAD SOLAR,Radiación solar global horaria VALIDADA,Wh/m^2,2015-02-09,3846.3,Calculado
21206990,TIBAITATA - AUT [21206990],RAD SOLAR,Radiación solar global horaria VALIDADA,Wh/m^2,2015-02-10,4187.8,Calculado
21206990,TIBAITATA - AUT [21206990],RAD SOLAR,Radiación solar global horaria VALIDADA,Wh/m^2,2015-02-11,2448.7000000000003,Calculado
21206990,TIBAITATA - AUT [21206990],RAD SOLAR,Radiación solar global horaria VALIDADA,Wh/m^2,2015-02-12,3543.8,Calculado
21206990,TIBAITATA - AUT [21206990],RAD SOLAR,Radiación solar global horaria VALIDADA,Wh/m^2,2015-02-13,728.4,Calculado
21206990,TIBAITATA - AUT [21206990],RAD SOLAR,Radiación solar global horaria VALIDADA,Wh/m^2,2015-02-14,1721.7,Calculado
21206990,TIBAITATA - AUT [21206990],RAD SOLAR,Radiación solar global horaria VALIDADA,Wh/m^2,2015-02-15,5733.9,Calculado
21206990,TIBAITATA - AUT [21206990],RAD SOLAR,Radiación solar global horaria VALIDADA,Wh/m^2,2015-02-16,5349.5,Calculado
21206990,TIBAITATA - AUT [21206990],RAD SOLAR,Radiación solar global horaria VALIDADA,Wh/m^2,2015-02-17,7213.2,Calculado
21206990,TIBAITATA - AUT [21206990],RAD SOLAR,Radiación solar global horaria VALIDADA,Wh/m^2,2015-02-18,7157.9,Calculado
21206990,TIBAITATA - AUT [21206990],RAD SOLAR,Radiación solar global horaria VALIDADA,Wh/m^2,2015-02-19,7353.8,Calculado
21206990,TIBAITATA - AUT [21206990],RAD SOLAR,Radiación solar global horaria VALIDADA,Wh/m^2,2015-02-20,6397.0,Calculado
21206990,TIBAITATA - AUT [21206990],RAD SOLAR,Radiación solar global horaria VALIDADA,Wh/m^2,2015-02-21,6568.8,Calculado
21206990,TIBAITATA - AUT [21206990],RAD SOLAR,Radiación solar global horaria VALIDADA,Wh/m^2,2015-02-22,6355.5,Calculado
21206990,TIBAITATA - AUT [21206990],RAD SOLAR,Radiación solar global horaria VALIDADA,Wh/m^2,2015-02-23,7289.7,Calculado
21206990,TIBAITATA - AUT [21206990],RAD SOLAR,Radiación solar global horaria VALIDADA,Wh/m^2,2015-02-24,5662.2,Calculado
21206990,TIBAITATA - AUT [21206990],RAD SOLAR,Radiación solar global horaria VALIDADA,Wh/m^2,2015-02-25,3852.6,Calculado
21206990,TIBAITATA - AUT [21206990],RAD SOLAR,Radiación solar global horaria VALIDADA,Wh/m^2,2015-02-26,6744.7,Calculado
21206990,TIBAITATA - AUT [21206990],RAD SOLAR,Radiación solar global horaria VALIDADA,Wh/m^2,2015-02-27,5168.8,Calculado
21206990,TIBAITATA - AUT [21206990],RAD SOLAR,Radiación solar global horaria VALIDADA,Wh/m^2,2015-02-28,4534.7,Calculado
21206990,TIBAITATA - AUT [21206990],RAD SOLAR,Radiación solar global horaria VALIDADA,Wh/m^2,2015-03-01,4119.9,Calculado
21206990,TIBAITATA - AUT [21206990],RAD SOLAR,Radiación solar global horaria VALIDADA,Wh/m^2,2015-03-02,4488.0,Calculado
21206990,TIBAITATA - AUT [21206990],RAD SOLAR,Radiación solar global horaria VALIDADA,Wh/m^2,2015-03-03,4858.599999999999,Calculado
21206990,TIBAITATA - AUT [21206990],RAD SOLAR,Radiación solar global horaria VALIDADA,Wh/m^2,2015-03-04,4679.0,Calculado
21206990,TIBAITATA - AUT [21206990],RAD SOLAR,Radiación solar global horaria VALIDADA,Wh/m^2,2015-03-05,6044.0,Calculado
21206990,TIBAITATA - AUT [21206990],RAD SOLAR,Radiación solar global horaria VALIDADA,Wh/m^2,2015-03-06,3316.6,Calculado
21206990,TIBAITATA - AUT [21206990],RAD SOLAR,Radiación solar global horaria VALIDADA,Wh/m^2,2015-03-07,3784.9,Calculado
21206990,TIBAITATA - AUT [21206990],RAD SOLAR,Radiación solar global horaria VALIDADA,Wh/m^2,2015-03-08,3910.6,Calculado
21206990,TIBAITATA - AUT [21206990],RAD SOLAR,Radiación solar global horaria VALIDADA,Wh/m^2,2015-03-09,2936.0,Calculado
21206990,TIBAITATA - AUT [21206990],RAD SOLAR,Radiación solar global horaria VALIDADA,Wh/m^2,2015-03-10,2530.3,Calculado
21206990,TIBAITATA - AUT [21206990],RAD SOLAR,Radiación solar global horaria VALIDADA,Wh/m^2,2015-03-11,3722.1,Calculado
21206990,TIBAITATA - AUT [21206990],RAD SOLAR,Radiación solar global horaria VALIDADA,Wh/m^2,2015-03-12,4776.9,Calculado
21206990,TIBAITATA - AUT [21206990],RAD SOLAR,Radiación solar global horaria VALIDADA,Wh/m^2,2015-03-13,4393.8,Calculado
21206990,TIBAITATA - AUT [21206990],RAD SOLAR,Radiación solar global horaria VALIDADA,Wh/m^2,2015-03-14,2787.8,Calculado
21206990,TIBAITATA - AUT [21206990],RAD SOLAR,Radiación solar global horaria VALIDADA,Wh/m^2,2015-03-15,4685.3,Calculado
21206990,TIBAITATA - AUT [21206990],RAD SOLAR,Radiación solar global horaria VALIDADA,Wh/m^2,2015-03-16,3453.3,Calculado
21206990,TIBAITATA - AUT [21206990],RAD SOLAR,Radiación solar global horaria VALIDADA,Wh/m^2,2015-03-17,3990.7,Calculado
21206990,TIBAITATA - AUT [21206990],RAD SOLAR,Radiación solar global horaria VALIDADA,Wh/m^2,2015-03-18,3514.8,Calculado
21206990,TIBAITATA - AUT [21206990],RAD SOLAR,Radiación solar global horaria VALIDADA,Wh/m^2,2015-03-19,452.09999999999997,Calculado
21206990,TIBAITATA - AUT [21206990],RAD SOLAR,Radiación solar global horaria VALIDADA,Wh/m^2,2015-03-20,3130.6,Calculado
21206990,TIBAITATA - AUT [21206990],RAD SOLAR,Radiación solar global horaria VALIDADA,Wh/m^2,2015-03-21,5117.0,Calculado
21206990,TIBAITATA - AUT [21206990],RAD SOLAR,Radiación solar global horaria VALIDADA,Wh/m^2,2015-03-22,3394.4,Calculado
21206990,TIBAITATA - AUT [21206990],RAD SOLAR,Radiación solar global horaria VALIDADA,Wh/m^2,2015-03-23,6024.0,Calculado
21206990,TIBAITATA - AUT [21206990],RAD SOLAR,Radiación solar global horaria VALIDADA,Wh/m^2,2015-03-24,4803.2,Calculado
21206990,TIBAITATA - AUT [21206990],RAD SOLAR,Radiación solar global horaria VALIDADA,Wh/m^2,2015-03-25,5451.2,Calculado
21206990,TIBAITATA - AUT [21206990],RAD SOLAR,Radiación solar global horaria VALIDADA,Wh/m^2,2015-03-26,4294.8,Calculado
21206990,TIBAITATA - AUT [21206990],RAD SOLAR,Radiación solar global horaria VALIDADA,Wh/m^2,2015-03-27,3666.9,Calculado
21206990,TIBAITATA - AUT [21206990],RAD SOLAR,Radiación solar global horaria VALIDADA,Wh/m^2,2015-03-28,3230.7999999999997,Calculado
21206990,TIBAITATA - AUT [21206990],RAD SOLAR,Radiación solar global horaria VALIDADA,Wh/m^2,2015-03-29,2433.7,Calculado
21206990,TIBAITATA - AUT [21206990],RAD SOLAR,Radiación solar global horaria VALIDADA,Wh/m^2,2015-03-30,2207.6,Calculado
21206990,TIBAITATA - AUT [21206990],RAD SOLAR,Radiación solar global horaria VALIDADA,Wh/m^2,2015-03-31,1218.0,Calculado
21206990,TIBAITATA - AUT [21206990],RAD SOLAR,Radiación solar global horaria VALIDADA,Wh/m^2,2015-04-01,4003.5,Calculado
21206990,TIBAITATA - AUT [21206990],RAD SOLAR,Radiación solar global horaria VALIDADA,Wh/m^2,2015-04-02,2971.1,Calculado
21206990,TIBAITATA - AUT [21206990],RAD SOLAR,Radiación solar global horaria VALIDADA,Wh/m^2,2015-04-03,3183.4,Calculado
21206990,TIBAITATA - AUT [21206990],RAD SOLAR,Radiación solar global horaria VALIDADA,Wh/m^2,2015-04-04,2927.1,Calculado
21206990,TIBAITATA - AUT [21206990],RAD SOLAR,Radiación solar global horaria VALIDADA,Wh/m^2,2015-04-05,2914.6,Calculado
21206990,TIBAITATA - AUT [21206990],RAD SOLAR,Radiación solar global horaria VALIDADA,Wh/m^2,2015-04-06,2982.2999999999997,Calculado
21206990,TIBAITATA - AUT [21206990],RAD SOLAR,Radiación solar global horaria VALIDADA,Wh/m^2,2015-04-07,4823.4,Calculado
21206990,TIBAITATA - AUT [21206990],RAD SOLAR,Radiación solar global horaria VALIDADA,Wh/m^2,2015-04-08,3246.1,Calculado
21206990,TIBAITATA - AUT [21206990],RAD SOLAR,Radiación solar global horaria VALIDADA,Wh/m^2,2015-04-09,4275.9,Calculado
21206990,TIBAITATA - AUT [21206990],RAD SOLAR,Radiación solar global horaria VALIDADA,Wh/m^2,2015-04-10,4177.9,Calculado
21206990,TIBAITATA - AUT [21206990],RAD SOLAR,Radiación solar global horaria VALIDADA,Wh/m^2,2015-04-11,1633.9,Calculado
21206990,TIBAITATA - AUT [21206990],RAD SOLAR,Radiación solar global horaria VALIDADA,Wh/m^2,2015-04-12,3364.2,Calculado
21206990,TIBAITATA - AUT [21206990],RAD SOLAR,Radiación solar global horaria VALIDADA,Wh/m^2,2015-04-13,3900.4,Calculado
21206990,TIBAITATA - AUT [21206990],RAD SOLAR,Radiación solar global horaria VALIDADA,Wh/m^2,2015-04-14,2763.9,Calculado
21206990,TIBAITATA - AUT [21206990],RAD SOLAR,Radiación solar global horaria VALIDADA,Wh/m^2,2015-04-15,3766.1,Calculado
21206990,TIBAITATA - AUT [21206990],RAD SOLAR,Radiación solar global horaria VALIDADA,Wh/m^2,2015-04-16,1852.2,Calculado
21206990,TIBAITATA - AUT [21206990],RAD SOLAR,Radiación solar global horaria VALIDADA,Wh/m^2,2015-04-17,1454.2,Calculado
21206990,TIBAITATA - AUT [21206990],RAD SOLAR,Radiación solar global horaria VALIDADA,Wh/m^2,2015-04-18,3038.9,Calculado
21206990,TIBAITATA - AUT [21206990],RAD SOLAR,Radiación solar global horaria VALIDADA,Wh/m^2,2015-04-20,3852.7,Calculado
21206990,TIBAITATA - AUT [21206990],RAD SOLAR,Radiación solar global horaria VALIDADA,Wh/m^2,2015-04-21,4235.7,Calculado
21206990,TIBAITATA - AUT [21206990],RAD SOLAR,Radiación solar global horaria VALIDADA,Wh/m^2,2015-04-22,3357.9,Calculado
21206990,TIBAITATA - AUT [21206990],RAD SOLAR,Radiación solar global horaria VALIDADA,Wh/m^2,2015-04-23,3522.5,Calculado
21206990,TIBAITATA - AUT [21206990],RAD SOLAR,Radiación solar global horaria VALIDADA,Wh/m^2,2015-04-24,5271.7,Calculado
21206990,TIBAITATA - AUT [21206990],RAD SOLAR,Radiación solar global horaria VALIDADA,Wh/m^2,2015-04-25,3002.6,Calculado
21206990,TIBAITATA - AUT [21206990],RAD SOLAR,Radiación solar global horaria VALIDADA,Wh/m^2,2015-04-26,5157.5,Calculado
21206990,TIBAITATA - AUT [21206990],RAD SOLAR,Radiación solar global horaria VALIDADA,Wh/m^2,2015-04-27,5045.5,Calculado
21206990,TIBAITATA - AUT [21206990],RAD SOLAR,Radiación solar global horaria VALIDADA,Wh/m^2,2015-04-28,4765.6,Calculado
21206990,TIBAITATA - AUT [21206990],RAD SOLAR,Radiación solar global horaria VALIDADA,Wh/m^2,2015-04-29,5028.1,Calculado
21206990,TIBAITATA - AUT [21206990],RAD SOLAR,Radiación solar global horaria VALIDADA,Wh/m^2,2015-04-30,4582.3,Calculado
21206990,TIBAITATA - AUT [21206990],RAD SOLAR,Radiación solar global horaria VALIDADA,Wh/m^2,2015-05-01,3147.0,Calculado
21206990,TIBAITATA - AUT [21206990],RAD SOLAR,Radiación solar global horaria VALIDADA,Wh/m^2,2015-05-02,1141.4,Calculado
21206990,TIBAITATA - AUT [21206990],RAD SOLAR,Radiación solar global horaria VALIDADA,Wh/m^2,2015-05-03,7145.3,Calculado
21206990,TIBAITATA - AUT [21206990],RAD SOLAR,Radiación solar global horaria VALIDADA,Wh/m^2,2015-05-04,5244.0,Calculado
21206990,TIBAITATA - AUT [21206990],RAD SOLAR,Radiación solar global horaria VALIDADA,Wh/m^2,2015-05-05,5731.3,Calculado
21206990,TIBAITATA - AUT [21206990],RAD SOLAR,Radiación solar global horaria VALIDADA,Wh/m^2,2015-05-06,6051.6,Calculado
21206990,TIBAITATA - AUT [21206990],RAD SOLAR,Radiación solar global horaria VALIDADA,Wh/m^2,2015-05-07,5848.099999999999,Calculado
21206990,TIBAITATA - AUT [21206990],RAD SOLAR,Radiación solar global horaria VALIDADA,Wh/m^2,2015-05-08,3495.9,Calculado
21206990,TIBAITATA - AUT [21206990],RAD SOLAR,Radiación solar global horaria VALIDADA,Wh/m^2,2015-05-09,3793.7999999999997,Calculado
21206990,TIBAITATA - AUT [21206990],RAD SOLAR,Radiación solar global horaria VALIDADA,Wh/m^2,2015-05-10,2682.2,Calculado
21206990,TIBAITATA - AUT [21206990],RAD SOLAR,Radiación solar global horaria VALIDADA,Wh/m^2,2015-05-11,3979.6,Calculado
21206990,TIBAITATA - AUT [21206990],RAD SOLAR,Radiación solar global horaria VALIDADA,Wh/m^2,2015-05-12,3778.6,Calculado
21206990,TIBAITATA - AUT [21206990],RAD SOLAR,Radiación solar global horaria VALIDADA,Wh/m^2,2015-05-13,3548.7,Calculado
21206990,TIBAITATA - AUT [21206990],RAD SOLAR,Radiación solar global horaria VALIDADA,Wh/m^2,2015-05-14,2800.4,Calculado
21206990,TIBAITATA - AUT [21206990],RAD SOLAR,Radiación solar global horaria VALIDADA,Wh/m^2,2015-05-15,3245.0,Calculado
21206990,TIBAITATA - AUT [21206990],RAD SOLAR,Radiación solar global horaria VALIDADA,Wh/m^2,2015-05-16,3606.4,Calculado
21206990,TIBAITATA - AUT [21206990],RAD SOLAR,Radiación solar global horaria VALIDADA,Wh/m^2,2015-05-17,2854.2,Calculado
21206990,TIBAITATA - AUT [21206990],RAD SOLAR,Radiación solar global horaria VALIDADA,Wh/m^2,2015-05-18,3985.5,Calculado
21206990,TIBAITATA - AUT [21206990],RAD SOLAR,Radiación solar global horaria VALIDADA,Wh/m^2,2015-05-19,3010.1,Calculado
21206990,TIBAITATA - AUT [21206990],RAD SOLAR,Radiación solar global horaria VALIDADA,Wh/m^2,2015-05-20,3759.8,Calculado
21206990,TIBAITATA - AUT [21206990],RAD SOLAR,Radiación solar global horaria VALIDADA,Wh/m^2,2015-05-21,3732.0,Calculado
21206990,TIBAITATA - AUT [21206990],RAD SOLAR,Radiación solar global horaria VALIDADA,Wh/m^2,2015-05-22,3126.6,Calculado
21206990,TIBAITATA - AUT [21206990],RAD SOLAR,Radiación solar global horaria VALIDADA,Wh/m^2,2015-05-23,3151.8,Calculado
21206990,TIBAITATA - AUT [21206990],RAD SOLAR,Radiación solar global horaria VALIDADA,Wh/m^2,2015-05-24,4091.5,Calculado
21206990,TIBAITATA - AUT [21206990],RAD SOLAR,Radiación solar global horaria VALIDADA,Wh/m^2,2015-05-25,4087.4,Calculado
21206990,TIBAITATA - AUT [21206990],RAD SOLAR,Radiación solar global horaria VALIDADA,Wh/m^2,2015-05-26,4638.6,Calculado
21206990,TIBAITATA - AUT [21206990],RAD SOLAR,Radiación solar global horaria VALIDADA,Wh/m^2,2015-05-27,3595.2000000000003,Calculado
21206990,TIBAITATA - AUT [21206990],RAD SOLAR,Radiación solar global horaria VALIDADA,Wh/m^2,2015-05-28,3837.5,Calculado
21206990,TIBAITATA - AUT [21206990],RAD SOLAR,Radiación solar global horaria VALIDADA,Wh/m^2,2015-05-29,2247.9,Calculado
21206990,TIBAITATA - AUT [21206990],RAD SOLAR,Radiación solar global horaria VALIDADA,Wh/m^2,2015-05-30,3503.7,Calculado
21206990,TIBAITATA - AUT [21206990],RAD SOLAR,Radiación solar global horaria VALIDADA,Wh/m^2,2015-05-31,2839.2,Calculado
21206990,TIBAITATA - AUT [21206990],RAD SOLAR,Radiación solar global horaria VALIDADA,Wh/m^2,2015-06-01,3958.2,Calculado
21206990,TIBAITATA - AUT [21206990],RAD SOLAR,Radiación solar global horaria VALIDADA,Wh/m^2,2015-06-02,6070.2,Calculado
21206990,TIBAITATA - AUT [21206990],RAD SOLAR,Radiación solar global horaria VALIDADA,Wh/m^2,2015-06-03,4724.0,Calculado
21206990,TIBAITATA - AUT [21206990],RAD SOLAR,Radiación solar global horaria VALIDADA,Wh/m^2,2015-06-04,4601.0,Calculado
21206990,TIBAITATA - AUT [21206990],RAD SOLAR,Radiación solar global horaria VALIDADA,Wh/m^2,2015-06-05,2279.3,Calculado
21206990,TIBAITATA - AUT [21206990],RAD SOLAR,Radiación solar global horaria VALIDADA,Wh/m^2,2015-06-06,4485.7,Calculado
21206990,TIBAITATA - AUT [21206990],RAD SOLAR,Radiación solar global horaria VALIDADA,Wh/m^2,2015-06-07,3601.7000000000003,Calculado
21206990,TIBAITATA - AUT [21206990],RAD SOLAR,Radiación solar global horaria VALIDADA,Wh/m^2,2015-06-08,1721.5,Calculado
21206990,TIBAITATA - AUT [21206990],RAD SOLAR,Radiación solar global horaria VALIDADA,Wh/m^2,2015-06-09,3258.7000000000003,Calculado
21206990,TIBAITATA - AUT [21206990],RAD SOLAR,Radiación solar global horaria VALIDADA,Wh/m^2,2015-06-10,5073.4,Calculado
21206990,TIBAITATA - AUT [21206990],RAD SOLAR,Radiación solar global horaria VALIDADA,Wh/m^2,2015-06-11,646.7,Calculado
21206990,TIBAITATA - AUT [21206990],RAD SOLAR,Radiación solar global horaria VALIDADA,Wh/m^2,2015-06-12,4106.5,Calculado
21206990,TIBAITATA - AUT [21206990],RAD SOLAR,Radiación solar global horaria VALIDADA,Wh/m^2,2015-06-13,3050.0,Calculado
21206990,TIBAITATA - AUT [21206990],RAD SOLAR,Radiación solar global horaria VALIDADA,Wh/m^2,2015-06-14,3212.1,Calculado
21206990,TIBAITATA - AUT [21206990],RAD SOLAR,Radiación solar global horaria VALIDADA,Wh/m^2,2015-06-15,794.9000000000001,Calculado
21206990,TIBAITATA - AUT [21206990],RAD SOLAR,Radiación solar global horaria VALIDADA,Wh/m^2,2015-06-16,5763.8,Calculado
21206990,TIBAITATA - AUT [21206990],RAD SOLAR,Radiación solar global horaria VALIDADA,Wh/m^2,2015-06-17,2899.5,Calculado
21206990,TIBAITATA - AUT [21206990],RAD SOLAR,Radiación solar global horaria VALIDADA,Wh/m^2,2015-06-18,2952.2999999999997,Calculado
21206990,TIBAITATA - AUT [21206990],RAD SOLAR,Radiación solar global horaria VALIDADA,Wh/m^2,2015-06-19,5248.9,Calculado
21206990,TIBAITATA - AUT [21206990],RAD SOLAR,Radiación solar global horaria VALIDADA,Wh/m^2,2015-06-20,5457.6,Calculado
21206990,TIBAITATA - AUT [21206990],RAD SOLAR,Radiación solar global horaria VALIDADA,Wh/m^2,2015-06-21,3663.1,Calculado
21206990,TIBAITATA - AUT [21206990],RAD SOLAR,Radiación solar global horaria VALIDADA,Wh/m^2,2015-06-22,4027.3,Calculado
21206990,TIBAITATA - AUT [21206990],RAD SOLAR,Radiación solar global horaria VALIDADA,Wh/m^2,2015-06-23,5595.7,Calculado
21206990,TIBAITATA - AUT [21206990],RAD SOLAR,Radiación solar global horaria VALIDADA,Wh/m^2,2015-06-24,4868.7,Calculado
21206990,TIBAITATA - AUT [21206990],RAD SOLAR,Radiación solar global horaria VALIDADA,Wh/m^2,2015-06-25,5069.6,Calculado
21206990,TIBAITATA - AUT [21206990],RAD SOLAR,Radiación solar global horaria VALIDADA,Wh/m^2,2015-06-26,4233.3,Calculado
21206990,TIBAITATA - AUT [21206990],RAD SOLAR,Radiación solar global horaria VALIDADA,Wh/m^2,2015-06-27,4081.2,Calculado
21206990,TIBAITATA - AUT [21206990],RAD SOLAR,Radiación solar global horaria VALIDADA,Wh/m^2,2015-06-28,5551.6,Calculado
21206990,TIBAITATA - AUT [21206990],RAD SOLAR,Radiación solar global horaria VALIDADA,Wh/m^2,2015-06-29,3622.9,Calculado
21206990,TIBAITATA - AUT [21206990],RAD SOLAR,Radiación solar global horaria VALIDADA,Wh/m^2,2015-06-30,3496.0,Calculado
21206990,TIBAITATA - AUT [21206990],RAD SOLAR,Radiación solar global horaria VALIDADA,Wh/m^2,2015-07-01,3606.7,Calculado
21206990,TIBAITATA - AUT [21206990],RAD SOLAR,Radiación solar global horaria VALIDADA,Wh/m^2,2015-07-02,5741.2,Calculado
21206990,TIBAITATA - AUT [21206990],RAD SOLAR,Radiación solar global horaria VALIDADA,Wh/m^2,2015-07-03,3591.4,Calculado
21206990,TIBAITATA - AUT [21206990],RAD SOLAR,Radiación solar global horaria VALIDADA,Wh/m^2,2015-07-04,4084.9,Calculado
21206990,TIBAITATA - AUT [21206990],RAD SOLAR,Radiación solar global horaria VALIDADA,Wh/m^2,2015-07-05,6031.4,Calculado
21206990,TIBAITATA - AUT [21206990],RAD SOLAR,Radiación solar global horaria VALIDADA,Wh/m^2,2015-07-06,2142.5,Calculado
21206990,TIBAITATA - AUT [21206990],RAD SOLAR,Radiación solar global horaria VALIDADA,Wh/m^2,2015-07-07,2830.5,Calculado
21206990,TIBAITATA - AUT [21206990],RAD SOLAR,Radiación solar global horaria VALIDADA,Wh/m^2,2015-07-08,4351.2,Calculado
21206990,TIBAITATA - AUT [21206990],RAD SOLAR,Radiación solar global horaria VALIDADA,Wh/m^2,2015-07-09,3236.1,Calculado
21206990,TIBAITATA - AUT [21206990],RAD SOLAR,Radiación solar global horaria VALIDADA,Wh/m^2,2015-07-10,3275.2,Calculado
21206990,TIBAITATA - AUT [21206990],RAD SOLAR,Radiación solar global horaria VALIDADA,Wh/m^2,2015-07-11,4107.7,Calculado
21206990,TIBAITATA - AUT [21206990],RAD SOLAR,Radiación solar global horaria VALIDADA,Wh/m^2,2015-07-12,4135.099999999999,Calculado
21206990,TIBAITATA - AUT [21206990],RAD SOLAR,Radiación solar global horaria VALIDADA,Wh/m^2,2015-07-13,2333.2000000000003,Calculado
21206990,TIBAITATA - AUT [21206990],RAD SOLAR,Radiación solar global horaria VALIDADA,Wh/m^2,2015-07-14,2389.6,Calculado
21206990,TIBAITATA - AUT [21206990],RAD SOLAR,Radiación solar global horaria VALIDADA,Wh/m^2,2015-07-15,3583.9,Calculado
21206990,TIBAITATA - AUT [21206990],RAD SOLAR,Radiación solar global horaria VALIDADA,Wh/m^2,2015-07-16,6085.6,Calculado
21206990,TIBAITATA - AUT [21206990],RAD SOLAR,Radiación solar global horaria VALIDADA,Wh/m^2,2015-07-18,3517.4,Calculado
21206990,TIBAITATA - AUT [21206990],RAD SOLAR,Radiación solar global horaria VALIDADA,Wh/m^2,2015-07-19,3192.1,Calculado
21206990,TIBAITATA - AUT [21206990],RAD SOLAR,Radiación solar global horaria VALIDADA,Wh/m^2,2015-07-20,3075.4,Calculado
21206990,TIBAITATA - AUT [21206990],RAD SOLAR,Radiación solar global horaria VALIDADA,Wh/m^2,2015-07-21,2980.0,Calculado
21206990,TIBAITATA - AUT [21206990],RAD SOLAR,Radiación solar global horaria VALIDADA,Wh/m^2,2015-07-22,1262.0,Calculado
21206990,TIBAITATA - AUT [21206990],RAD SOLAR,Radiación solar global horaria VALIDADA,Wh/m^2,2015-07-23,2711.2,Calculado
21206990,TIBAITATA - AUT [21206990],RAD SOLAR,Radiación solar global horaria VALIDADA,Wh/m^2,2015-07-24,5815.5,Calculado
21206990,TIBAITATA - AUT [21206990],RAD SOLAR,Radiación solar global horaria VALIDADA,Wh/m^2,2015-07-25,5067.0,Calculado
21206990,TIBAITATA - AUT [21206990],RAD SOLAR,Radiación solar global horaria VALIDADA,Wh/m^2,2015-07-26,4581.0,Calculado
21206990,TIBAITATA - AUT [21206990],RAD SOLAR,Radiación solar global horaria VALIDADA,Wh/m^2,2015-07-27,3843.9,Calculado
21206990,TIBAITATA - AUT [21206990],RAD SOLAR,Radiación solar global horaria VALIDADA,Wh/m^2,2015-07-28,4934.9,Calculado
21206990,TIBAITATA - AUT [21206990],RAD SOLAR,Radiación solar global horaria VALIDADA,Wh/m^2,2015-07-29,3577.7,Calculado
21206990,TIBAITATA - AUT [21206990],RAD SOLAR,Radiación solar global horaria VALIDADA,Wh/m^2,2015-07-30,3685.7,Calculado
21206990,TIBAITATA - AUT [21206990],RAD SOLAR,Radiación solar global horaria VALIDADA,Wh/m^2,2015-07-31,5426.3,Calculado
21206990,TIBAITATA - AUT [21206990],RAD SOLAR,Radiación solar global horaria VALIDADA,Wh/m^2,2015-08-01,2894.6,Calculado
21206990,TIBAITATA - AUT [21206990],RAD SOLAR,Radiación solar global horaria VALIDADA,Wh/m^2,2015-08-02,5216.4,Calculado
21206990,TIBAITATA - AUT [21206990],RAD SOLAR,Radiación solar global horaria VALIDADA,Wh/m^2,2015-08-03,3968.1,Calculado
21206990,TIBAITATA - AUT [21206990],RAD SOLAR,Radiación solar global horaria VALIDADA,Wh/m^2,2015-08-04,3496.1,Calculado
21206990,TIBAITATA - AUT [21206990],RAD SOLAR,Radiación solar global horaria VALIDADA,Wh/m^2,2015-08-05,5483.7,Calculado
21206990,TIBAITATA - AUT [21206990],RAD SOLAR,Radiación solar global horaria VALIDADA,Wh/m^2,2015-08-06,4741.8,Calculado
21206990,TIBAITATA - AUT [21206990],RAD SOLAR,Radiación solar global horaria VALIDADA,Wh/m^2,2015-08-07,3626.6,Calculado
21206990,TIBAITATA - AUT [21206990],RAD SOLAR,Radiación solar global horaria VALIDADA,Wh/m^2,2015-08-08,3812.3,Calculado
21206990,TIBAITATA - AUT [21206990],RAD SOLAR,Radiación solar global horaria VALIDADA,Wh/m^2,2015-08-09,3045.1,Calculado
21206990,TIBAITATA - AUT [21206990],RAD SOLAR,Radiación solar global horaria VALIDADA,Wh/m^2,2015-08-10,2499.0,Calculado
21206990,TIBAITATA - AUT [21206990],RAD SOLAR,Radiación solar global horaria VALIDADA,Wh/m^2,2015-08-11,3483.2999999999997,Calculado
21206990,TIBAITATA - AUT [21206990],RAD SOLAR,Radiación solar global horaria VALIDADA,Wh/m^2,2015-08-12,3134.3,Calculado
21206990,TIBAITATA - AUT [21206990],RAD SOLAR,Radiación solar global horaria VALIDADA,Wh/m^2,2015-08-13,2182.5,Calculado
21206990,TIBAITATA - AUT [21206990],RAD SOLAR,Radiación solar global horaria VALIDADA,Wh/m^2,2015-08-14,3645.4,Calculado
21206990,TIBAITATA - AUT [21206990],RAD SOLAR,Radiación solar global horaria VALIDADA,Wh/m^2,2015-08-15,2008.0,Calculado
21206990,TIBAITATA - AUT [21206990],RAD SOLAR,Radiación solar global horaria VALIDADA,Wh/m^2,2015-08-16,3727.1,Calculado
21206990,TIBAITATA - AUT [21206990],RAD SOLAR,Radiación solar global horaria VALIDADA,Wh/m^2,2015-08-17,5809.0,Calculado
21206990,TIBAITATA - AUT [21206990],RAD SOLAR,Radiación solar global horaria VALIDADA,Wh/m^2,2015-08-19,3157.1,Calculado
21206990,TIBAITATA - AUT [21206990],RAD SOLAR,Radiación solar global horaria VALIDADA,Wh/m^2,2015-08-20,6508.599999999999,Calculado
21206990,TIBAITATA - AUT [21206990],RAD SOLAR,Radiación solar global horaria VALIDADA,Wh/m^2,2015-08-21,4152.8,Calculado
21206990,TIBAITATA - AUT [21206990],RAD SOLAR,Radiación solar global horaria VALIDADA,Wh/m^2,2015-08-22,3160.8,Calculado
21206990,TIBAITATA - AUT [21206990],RAD SOLAR,Radiación solar global horaria VALIDADA,Wh/m^2,2015-08-23,3995.7999999999997,Calculado
21206990,TIBAITATA - AUT [21206990],RAD SOLAR,Radiación solar global horaria VALIDADA,Wh/m^2,2015-08-24,5107.0,Calculado
21206990,TIBAITATA - AUT [21206990],RAD SOLAR,Radiación solar global horaria VALIDADA,Wh/m^2,2015-08-25,4072.5,Calculado
21206990,TIBAITATA - AUT [21206990],RAD SOLAR,Radiación solar global horaria VALIDADA,Wh/m^2,2015-08-26,2913.4,Calculado
21206990,TIBAITATA - AUT [21206990],RAD SOLAR,Radiación solar global horaria VALIDADA,Wh/m^2,2015-08-27,2738.8,Calculado
21206990,TIBAITATA - AUT [21206990],RAD SOLAR,Radiación solar global horaria VALIDADA,Wh/m^2,2015-08-28,4070.0,Calculado
21206990,TIBAITATA - AUT [21206990],RAD SOLAR,Radiación solar global horaria VALIDADA,Wh/m^2,2015-08-29,6411.9,Calculado
21206990,TIBAITATA - AUT [21206990],RAD SOLAR,Radiación solar global horaria VALIDADA,Wh/m^2,2015-08-30,5028.0,Calculado
21206990,TIBAITATA - AUT [21206990],RAD SOLAR,Radiación solar global horaria VALIDADA,Wh/m^2,2015-08-31,3995.7,Calculado
21206990,TIBAITATA - AUT [21206990],RAD SOLAR,Radiación solar global horaria VALIDADA,Wh/m^2,2015-09-01,2529.1,Calculado
21206990,TIBAITATA - AUT [21206990],RAD SOLAR,Radiación solar global horaria VALIDADA,Wh/m^2,2015-09-02,3573.9,Calculado
21206990,TIBAITATA - AUT [21206990],RAD SOLAR,Radiación solar global horaria VALIDADA,Wh/m^2,2015-09-03,1187.9,Calculado
21206990,TIBAITATA - AUT [21206990],RAD SOLAR,Radiación solar global horaria VALIDADA,Wh/m^2,2015-09-04,2376.1,Calculado
21206990,TIBAITATA - AUT [21206990],RAD SOLAR,Radiación solar global horaria VALIDADA,Wh/m^2,2015-09-05,4294.6,Calculado
21206990,TIBAITATA - AUT [21206990],RAD SOLAR,Radiación solar global horaria VALIDADA,Wh/m^2,2015-09-06,2639.7999999999997,Calculado
21206990,TIBAITATA - AUT [21206990],RAD SOLAR,Radiación solar global horaria VALIDADA,Wh/m^2,2015-09-07,3858.8,Calculado
21206990,TIBAITATA - AUT [21206990],RAD SOLAR,Radiación solar global horaria VALIDADA,Wh/m^2,2015-09-08,4927.7,Calculado
21206990,TIBAITATA - AUT [21206990],RAD SOLAR,Radiación solar global horaria VALIDADA,Wh/m^2,2015-09-09,2492.7,Calculado
21206990,TIBAITATA - AUT [21206990],RAD SOLAR,Radiación solar global horaria VALIDADA,Wh/m^2,2015-09-10,3806.0,Calculado
21206990,TIBAITATA - AUT [21206990],RAD SOLAR,Radiación solar global horaria VALIDADA,Wh/m^2,2015-09-11,2638.4,Calculado
21206990,TIBAITATA - AUT [21206990],RAD SOLAR,Radiación solar global horaria VALIDADA,Wh/m^2,2015-09-15,1005.8000000000001,Calculado
21206990,TIBAITATA - AUT [21206990],RAD SOLAR,Radiación solar global horaria VALIDADA,Wh/m^2,2015-09-16,1303.5,Calculado
21206990,TIBAITATA - AUT [21206990],RAD SOLAR,Radiación solar global horaria VALIDADA,Wh/m^2,2015-09-17,3792.2,Calculado
21206990,TIBAITATA - AUT [21206990],RAD SOLAR,Radiación solar global horaria VALIDADA,Wh/m^2,2015-09-18,4216.8,Calculado
21206990,TIBAITATA - AUT [21206990],RAD SOLAR,Radiación solar global horaria VALIDADA,Wh/m^2,2015-09-19,5190.0,Calculado
21206990,TIBAITATA - AUT [21206990],RAD SOLAR,Radiación solar global horaria VALIDADA,Wh/m^2,2015-09-20,4842.1,Calculado
21206990,TIBAITATA - AUT [21206990],RAD SOLAR,Radiación solar global horaria VALIDADA,Wh/m^2,2015-09-21,2775.3,Calculado
21206990,TIBAITATA - AUT [21206990],RAD SOLAR,Radiación solar global horaria VALIDADA,Wh/m^2,2015-09-22,3634.2000000000003,Calculado
21206990,TIBAITATA - AUT [21206990],RAD SOLAR,Radiación solar global horaria VALIDADA,Wh/m^2,2015-09-23,3553.9,Calculado
21206990,TIBAITATA - AUT [21206990],RAD SOLAR,Radiación solar global horaria VALIDADA,Wh/m^2,2015-09-24,4317.3,Calculado
21206990,TIBAITATA - AUT [21206990],RAD SOLAR,Radiación solar global horaria VALIDADA,Wh/m^2,2015-09-25,4018.5,Calculado
21206990,TIBAITATA - AUT [21206990],RAD SOLAR,Radiación solar global horaria VALIDADA,Wh/m^2,2015-09-26,6484.7,Calculado
21206990,TIBAITATA - AUT [21206990],RAD SOLAR,Radiación solar global horaria VALIDADA,Wh/m^2,2015-09-27,6396.7,Calculado
21206990,TIBAITATA - AUT [21206990],RAD SOLAR,Radiación solar global horaria VALIDADA,Wh/m^2,2015-09-28,7004.5,Calculado
21206990,TIBAITATA - AUT [21206990],RAD SOLAR,Radiación solar global horaria VALIDADA,Wh/m^2,2015-09-29,887.6999999999999,Calculado
21206990,TIBAITATA - AUT [21206990],RAD SOLAR,Radiación solar global horaria VALIDADA,Wh/m^2,2015-09-30,3591.6,Calculado
21206990,TIBAITATA - AUT [21206990],RAD SOLAR,Radiación solar global horaria VALIDADA,Wh/m^2,2015-10-01,3326.5,Calculado
21206990,TIBAITATA - AUT [21206990],RAD SOLAR,Radiación solar global horaria VALIDADA,Wh/m^2,2015-10-02,4977.7,Calculado
21206990,TIBAITATA - AUT [21206990],RAD SOLAR,Radiación solar global horaria VALIDADA,Wh/m^2,2015-10-03,3665.7,Calculado
21206990,TIBAITATA - AUT [21206990],RAD SOLAR,Radiación solar global horaria VALIDADA,Wh/m^2,2015-10-04,5084.7,Calculado
21206990,TIBAITATA - AUT [21206990],RAD SOLAR,Radiación solar global horaria VALIDADA,Wh/m^2,2015-10-05,4766.900000000001,Calculado
21206990,TIBAITATA - AUT [21206990],RAD SOLAR,Radiación solar global horaria VALIDADA,Wh/m^2,2015-10-06,3443.2999999999997,Calculado
21206990,TIBAITATA - AUT [21206990],RAD SOLAR,Radiación solar global horaria VALIDADA,Wh/m^2,2015-10-07,5070.8,Calculado
21206990,TIBAITATA - AUT [21206990],RAD SOLAR,Radiación solar global horaria VALIDADA,Wh/m^2,2015-10-08,3306.6,Calculado
21206990,TIBAITATA - AUT [21206990],RAD SOLAR,Radiación solar global horaria VALIDADA,Wh/m^2,2015-10-09,4368.6,Calculado
21206990,TIBAITATA - AUT [21206990],RAD SOLAR,Radiación solar global horaria VALIDADA,Wh/m^2,2015-10-10,3595.1,Calculado
21206990,TIBAITATA - AUT [21206990],RAD SOLAR,Radiación solar global horaria VALIDADA,Wh/m^2,2015-10-11,3140.7,Calculado
21206990,TIBAITATA - AUT [21206990],RAD SOLAR,Radiación solar global horaria VALIDADA,Wh/m^2,2015-10-12,4023.5,Calculado
21206990,TIBAITATA - AUT [21206990],RAD SOLAR,Radiación solar global horaria VALIDADA,Wh/m^2,2015-10-13,3688.1000000000004,Calculado
21206990,TIBAITATA - AUT [21206990],RAD SOLAR,Radiación solar global horaria VALIDADA,Wh/m^2,2015-10-14,2870.8,Calculado
21206990,TIBAITATA - AUT [21206990],RAD SOLAR,Radiación solar global horaria VALIDADA,Wh/m^2,2015-10-15,4882.5,Calculado
21206990,TIBAITATA - AUT [21206990],RAD SOLAR,Radiación solar global horaria VALIDADA,Wh/m^2,2015-10-16,1097.4,Calculado
21206990,TIBAITATA - AUT [21206990],RAD SOLAR,Radiación solar global horaria VALIDADA,Wh/m^2,2015-10-17,6176.9,Calculado
21206990,TIBAITATA - AUT [21206990],RAD SOLAR,Radiación solar global horaria VALIDADA,Wh/m^2,2015-10-18,2883.2000000000003,Calculado
21206990,TIBAITATA - AUT [21206990],RAD SOLAR,Radiación solar global horaria VALIDADA,Wh/m^2,2015-10-19,2792.7000000000003,Calculado
21206990,TIBAITATA - AUT [21206990],RAD SOLAR,Radiación solar global horaria VALIDADA,Wh/m^2,2015-10-20,6223.6,Calculado
21206990,TIBAITATA - AUT [21206990],RAD SOLAR,Radiación solar global horaria VALIDADA,Wh/m^2,2015-10-21,5801.7,Calculado
21206990,TIBAITATA - AUT [21206990],RAD SOLAR,Radiación solar global horaria VALIDADA,Wh/m^2,2015-10-22,3178.3,Calculado
21206990,TIBAITATA - AUT [21206990],RAD SOLAR,Radiación solar global horaria VALIDADA,Wh/m^2,2015-10-23,3885.3999999999996,Calculado
21206990,TIBAITATA - AUT [21206990],RAD SOLAR,Radiación solar global horaria VALIDADA,Wh/m^2,2015-10-24,5222.8,Calculado
21206990,TIBAITATA - AUT [21206990],RAD SOLAR,Radiación solar global horaria VALIDADA,Wh/m^2,2015-10-25,3967.0,Calculado
21206990,TIBAITATA - AUT [21206990],RAD SOLAR,Radiación solar global horaria VALIDADA,Wh/m^2,2015-10-26,5439.9,Calculado
21206990,TIBAITATA - AUT [21206990],RAD SOLAR,Radiación solar global horaria VALIDADA,Wh/m^2,2015-10-27,1839.7,Calculado
21206990,TIBAITATA - AUT [21206990],RAD SOLAR,Radiación solar global horaria VALIDADA,Wh/m^2,2015-10-28,2568.3,Calculado
21206990,TIBAITATA - AUT [21206990],RAD SOLAR,Radiación solar global horaria VALIDADA,Wh/m^2,2015-10-29,3670.4,Calculado
21206990,TIBAITATA - AUT [21206990],RAD SOLAR,Radiación solar global horaria VALIDADA,Wh/m^2,2015-10-30,6463.3,Calculado
21206990,TIBAITATA - AUT [21206990],RAD SOLAR,Radiación solar global horaria VALIDADA,Wh/m^2,2015-11-01,2566.7999999999997,Calculado
21206990,TIBAITATA - AUT [21206990],RAD SOLAR,Radiación solar global horaria VALIDADA,Wh/m^2,2015-11-02,2333.2,Calculado
21206990,TIBAITATA - AUT [21206990],RAD SOLAR,Radiación solar global horaria VALIDADA,Wh/m^2,2015-11-03,5103.3,Calculado
21206990,TIBAITATA - AUT [21206990],RAD SOLAR,Radiación solar global horaria VALIDADA,Wh/m^2,2015-11-04,1867.2,Calculado
21206990,TIBAITATA - AUT [21206990],RAD SOLAR,Radiación solar global horaria VALIDADA,Wh/m^2,2015-11-05,3188.4,Calculado
21206990,TIBAITATA - AUT [21206990],RAD SOLAR,Radiación solar global horaria VALIDADA,Wh/m^2,2015-11-06,3472.3,Calculado
21206990,TIBAITATA - AUT [21206990],RAD SOLAR,Radiación solar global horaria VALIDADA,Wh/m^2,2015-11-07,2810.5,Calculado
21206990,TIBAITATA - AUT [21206990],RAD SOLAR,Radiación solar global horaria VALIDADA,Wh/m^2,2015-11-08,777.3,Calculado
21206990,TIBAITATA - AUT [21206990],RAD SOLAR,Radiación solar global horaria VALIDADA,Wh/m^2,2015-11-09,2303.1,Calculado
21206990,TIBAITATA - AUT [21206990],RAD SOLAR,Radiación solar global horaria VALIDADA,Wh/m^2,2015-11-10,3841.2,Calculado
21206990,TIBAITATA - AUT [21206990],RAD SOLAR,Radiación solar global horaria VALIDADA,Wh/m^2,2015-11-11,5427.5,Calculado
21206990,TIBAITATA - AUT [21206990],RAD SOLAR,Radiación solar global horaria VALIDADA,Wh/m^2,2015-11-12,3333.0,Calculado
21206990,TIBAITATA - AUT [21206990],RAD SOLAR,Radiación solar global horaria VALIDADA,Wh/m^2,2015-11-13,1951.4,Calculado
21206990,TIBAITATA - AUT [21206990],RAD SOLAR,Radiación solar global horaria VALIDADA,Wh/m^2,2015-11-14,3749.7,Calculado
21206990,TIBAITATA - AUT [21206990],RAD SOLAR,Radiación solar global horaria VALIDADA,Wh/m^2,2015-11-15,4416.5,Calculado
21206990,TIBAITATA - AUT [21206990],RAD SOLAR,Radiación solar global horaria VALIDADA,Wh/m^2,2015-11-16,4122.6,Calculado
21206990,TIBAITATA - AUT [21206990],RAD SOLAR,Radiación solar global horaria VALIDADA,Wh/m^2,2015-11-17,1995.3,Calculado
21206990,TIBAITATA - AUT [21206990],RAD SOLAR,Radiación solar global horaria VALIDADA,Wh/m^2,2015-11-18,4645.1,Calculado
21206990,TIBAITATA - AUT [21206990],RAD SOLAR,Radiación solar global horaria VALIDADA,Wh/m^2,2015-11-19,4705.2,Calculado
21206990,TIBAITATA - AUT [21206990],RAD SOLAR,Radiación solar global horaria VALIDADA,Wh/m^2,2015-11-20,5354.5,Calculado
21206990,TIBAITATA - AUT [21206990],RAD SOLAR,Radiación solar global horaria VALIDADA,Wh/m^2,2015-11-21,3665.7000000000003,Calculado
21206990,TIBAITATA - AUT [21206990],RAD SOLAR,Radiación solar global horaria VALIDADA,Wh/m^2,2015-11-22,6133.1,Calculado
21206990,TIBAITATA - AUT [21206990],RAD SOLAR,Radiación solar global horaria VALIDADA,Wh/m^2,2015-11-23,3812.5,Calculado
21206990,TIBAITATA - AUT [21206990],RAD SOLAR,Radiación solar global horaria VALIDADA,Wh/m^2,2015-11-24,4219.3,Calculado
21206990,TIBAITATA - AUT [21206990],RAD SOLAR,Radiación solar global horaria VALIDADA,Wh/m^2,2015-11-25,3724.4,Calculado
21206990,TIBAITATA - AUT [21206990],RAD SOLAR,Radiación solar global horaria VALIDADA,Wh/m^2,2015-11-26,4878.5,Calculado
21206990,TIBAITATA - AUT [21206990],RAD SOLAR,Radiación solar global horaria VALIDADA,Wh/m^2,2015-11-27,3850.2,Calculado
21206990,TIBAITATA - AUT [21206990],RAD SOLAR,Radiación solar global horaria VALIDADA,Wh/m^2,2015-11-28,5352.2,Calculado
21206990,TIBAITATA - AUT [21206990],RAD SOLAR,Radiación solar global horaria VALIDADA,Wh/m^2,2015-11-29,4833.2,Calculado
21206990,TIBAITATA - AUT [21206990],RAD SOLAR,Radiación solar global horaria VALIDADA,Wh/m^2,2015-11-30,1995.5,Calculado
21206990,TIBAITATA - AUT [21206990],RAD SOLAR,Radiación solar global horaria VALIDADA,Wh/m^2,2015-12-01,5198.7,Calculado
21206990,TIBAITATA - AUT [21206990],RAD SOLAR,Radiación solar global horaria VALIDADA,Wh/m^2,2015-12-02,2797.9,Calculado
21206990,TIBAITATA - AUT [21206990],RAD SOLAR,Radiación solar global horaria VALIDADA,Wh/m^2,2015-12-03,3270.1,Calculado
21206990,TIBAITATA - AUT [21206990],RAD SOLAR,Radiación solar global horaria VALIDADA,Wh/m^2,2015-12-04,1739.3000000000002,Calculado
21206990,TIBAITATA - AUT [21206990],RAD SOLAR,Radiación solar global horaria VALIDADA,Wh/m^2,2015-12-05,3504.8,Calculado
21206990,TIBAITATA - AUT [21206990],RAD SOLAR,Radiación solar global horaria VALIDADA,Wh/m^2,2015-12-06,3901.8,Calculado
21206990,TIBAITATA - AUT [21206990],RAD SOLAR,Radiación solar global horaria VALIDADA,Wh/m^2,2015-12-07,6449.6,Calculado
21206990,TIBAITATA - AUT [21206990],RAD SOLAR,Radiación solar global horaria VALIDADA,Wh/m^2,2015-12-08,2718.8,Calculado
21206990,TIBAITATA - AUT [21206990],RAD SOLAR,Radiación solar global horaria VALIDADA,Wh/m^2,2015-12-09,4837.3,Calculado
21206990,TIBAITATA - AUT [21206990],RAD SOLAR,Radiación solar global horaria VALIDADA,Wh/m^2,2015-12-10,4195.5,Calculado
21206990,TIBAITATA - AUT [21206990],RAD SOLAR,Radiación solar global horaria VALIDADA,Wh/m^2,2015-12-11,6635.4,Calculado
21206990,TIBAITATA - AUT [21206990],RAD SOLAR,Radiación solar global horaria VALIDADA,Wh/m^2,2015-12-12,5834.3,Calculado
21206990,TIBAITATA - AUT [21206990],RAD SOLAR,Radiación solar global horaria VALIDADA,Wh/m^2,2015-12-13,4931.4,Calculado
21206990,TIBAITATA - AUT [21206990],RAD SOLAR,Radiación solar global horaria VALIDADA,Wh/m^2,2015-12-14,3914.2,Calculado
21206990,TIBAITATA - AUT [21206990],RAD SOLAR,Radiación solar global horaria VALIDADA,Wh/m^2,2015-12-15,3609.1,Calculado
21206990,TIBAITATA - AUT [21206990],RAD SOLAR,Radiación solar global horaria VALIDADA,Wh/m^2,2015-12-16,3454.7000000000003,Calculado
21206990,TIBAITATA - AUT [21206990],RAD SOLAR,Radiación solar global horaria VALIDADA,Wh/m^2,2015-12-17,3675.7,Calculado
21206990,TIBAITATA - AUT [21206990],RAD SOLAR,Radiación solar global horaria VALIDADA,Wh/m^2,2015-12-18,2846.7999999999997,Calculado
21206990,TIBAITATA - AUT [21206990],RAD SOLAR,Radiación solar global horaria VALIDADA,Wh/m^2,2015-12-19,3188.4,Calculado
21206990,TIBAITATA - AUT [21206990],RAD SOLAR,Radiación solar global horaria VALIDADA,Wh/m^2,2015-12-20,3207.2,Calculado
21206990,TIBAITATA - AUT [21206990],RAD SOLAR,Radiación solar global horaria VALIDADA,Wh/m^2,2015-12-21,5291.5,Calculado
21206990,TIBAITATA - AUT [21206990],RAD SOLAR,Radiación solar global horaria VALIDADA,Wh/m^2,2015-12-22,4708.9,Calculado
21206990,TIBAITATA - AUT [21206990],RAD SOLAR,Radiación solar global horaria VALIDADA,Wh/m^2,2015-12-23,5608.2,Calculado
21206990,TIBAITATA - AUT [21206990],RAD SOLAR,Radiación solar global horaria VALIDADA,Wh/m^2,2015-12-24,5092.1,Calculado
21206990,TIBAITATA - AUT [21206990],RAD SOLAR,Radiación solar global horaria VALIDADA,Wh/m^2,2015-12-25,4149.0,Calculado
21206990,TIBAITATA - AUT [21206990],RAD SOLAR,Radiación solar global horaria VALIDADA,Wh/m^2,2015-12-26,5821.8,Calculado
21206990,TIBAITATA - AUT [21206990],RAD SOLAR,Radiación solar global horaria VALIDADA,Wh/m^2,2015-12-27,6064.0,Calculado
21206990,TIBAITATA - AUT [21206990],RAD SOLAR,Radiación solar global horaria VALIDADA,Wh/m^2,2015-12-28,5196.4,Calculado
21206990,TIBAITATA - AUT [21206990],RAD SOLAR,Radiación solar global horaria VALIDADA,Wh/m^2,2015-12-29,5364.6,Calculado
21206990,TIBAITATA - AUT [21206990],RAD SOLAR,Radiación solar global horaria VALIDADA,Wh/m^2,2015-12-30,3388.1,Calculado
21206990,TIBAITATA - AUT [21206990],RAD SOLAR,Radiación solar global horaria VALIDADA,Wh/m^2,2015-12-31,4046.1,Calculado
21206990,TIBAITATA - AUT [21206990],RAD SOLAR,Radiación solar global horaria VALIDADA,Wh/m^2,2016-01-01,5698.7,Calculado
21206990,TIBAITATA - AUT [21206990],RAD SOLAR,Radiación solar global horaria VALIDADA,Wh/m^2,2016-01-02,3291.4,Calculado
21206990,TIBAITATA - AUT [21206990],RAD SOLAR,Radiación solar global horaria VALIDADA,Wh/m^2,2016-01-03,5483.900000000001,Calculado
21206990,TIBAITATA - AUT [21206990],RAD SOLAR,Radiación solar global horaria VALIDADA,Wh/m^2,2016-01-04,3929.2,Calculado
21206990,TIBAITATA - AUT [21206990],RAD SOLAR,Radiación solar global horaria VALIDADA,Wh/m^2,2016-01-05,6212.3,Calculado
21206990,TIBAITATA - AUT [21206990],RAD SOLAR,Radiación solar global horaria VALIDADA,Wh/m^2,2016-01-06,2270.4,Calculado
21206990,TIBAITATA - AUT [21206990],RAD SOLAR,Radiación solar global horaria VALIDADA,Wh/m^2,2016-01-07,5205.2,Calculado
21206990,TIBAITATA - AUT [21206990],RAD SOLAR,Radiación solar global horaria VALIDADA,Wh/m^2,2016-01-08,4707.8,Calculado
21206990,TIBAITATA - AUT [21206990],RAD SOLAR,Radiación solar global horaria VALIDADA,Wh/m^2,2016-01-09,6585.3,Calculado
21206990,TIBAITATA - AUT [21206990],RAD SOLAR,Radiación solar global horaria VALIDADA,Wh/m^2,2016-01-10,6850.1,Calculado
21206990,TIBAITATA - AUT [21206990],RAD SOLAR,Radiación solar global horaria VALIDADA,Wh/m^2,2016-01-11,5617.0,Calculado
21206990,TIBAITATA - AUT [21206990],RAD SOLAR,Radiación solar global horaria VALIDADA,Wh/m^2,2016-01-12,5914.7,Calculado
21206990,TIBAITATA - AUT [21206990],RAD SOLAR,Radiación solar global horaria VALIDADA,Wh/m^2,2016-01-13,6369.4,Calculado
21206990,TIBAITATA - AUT [21206990],RAD SOLAR,Radiación solar global horaria VALIDADA,Wh/m^2,2016-01-14,4773.1,Calculado
21206990,TIBAITATA - AUT [21206990],RAD SOLAR,Radiación solar global horaria VALIDADA,Wh/m^2,2016-01-15,6757.3,Calculado
21206990,TIBAITATA - AUT [21206990],RAD SOLAR,Radiación solar global horaria VALIDADA,Wh/m^2,2016-01-16,5917.1,Calculado
21206990,TIBAITATA - AUT [21206990],RAD SOLAR,Radiación solar global horaria VALIDADA,Wh/m^2,2016-01-17,6514.9,Calculado
21206990,TIBAITATA - AUT [21206990],RAD SOLAR,Radiación solar global horaria VALIDADA,Wh/m^2,2016-01-18,6728.5,Calculado
21206990,TIBAITATA - AUT [21206990],RAD SOLAR,Radiación solar global horaria VALIDADA,Wh/m^2,2016-01-19,6792.3,Calculado
21206990,TIBAITATA - AUT [21206990],RAD SOLAR,Radiación solar global horaria VALIDADA,Wh/m^2,2016-01-20,5637.1,Calculado
21206990,TIBAITATA - AUT [21206990],RAD SOLAR,Radiación solar global horaria VALIDADA,Wh/m^2,2016-01-21,5382.0,Calculado
21206990,TIBAITATA - AUT [21206990],RAD SOLAR,Radiación solar global horaria VALIDADA,Wh/m^2,2016-01-22,5402.2,Calculado
21206990,TIBAITATA - AUT [21206990],RAD SOLAR,Radiación solar global horaria VALIDADA,Wh/m^2,2016-01-23,6301.3,Calculado
21206990,TIBAITATA - AUT [21206990],RAD SOLAR,Radiación solar global horaria VALIDADA,Wh/m^2,2016-01-24,5795.3,Calculado
21206990,TIBAITATA - AUT [21206990],RAD SOLAR,Radiación solar global horaria VALIDADA,Wh/m^2,2016-01-25,6198.3,Calculado
21206990,TIBAITATA - AUT [21206990],RAD SOLAR,Radiación solar global horaria VALIDADA,Wh/m^2,2016-01-26,6450.6,Calculado
21206990,TIBAITATA - AUT [21206990],RAD SOLAR,Radiación solar global horaria VALIDADA,Wh/m^2,2016-01-27,6968.1,Calculado
21206990,TIBAITATA - AUT [21206990],RAD SOLAR,Radiación solar global horaria VALIDADA,Wh/m^2,2016-01-28,7010.9,Calculado
21206990,TIBAITATA - AUT [21206990],RAD SOLAR,Radiación solar global horaria VALIDADA,Wh/m^2,2016-01-29,5832.8,Calculado
21206990,TIBAITATA - AUT [21206990],RAD SOLAR,Radiación solar global horaria VALIDADA,Wh/m^2,2016-01-30,6282.6,Calculado
21206990,TIBAITATA - AUT [21206990],RAD SOLAR,Radiación solar global horaria VALIDADA,Wh/m^2,2016-01-31,6369.4,Calculado
21206990,TIBAITATA - AUT [21206990],RAD SOLAR,Radiación solar global horaria VALIDADA,Wh/m^2,2016-02-01,7277.1,Calculado
21206990,TIBAITATA - AUT [21206990],RAD SOLAR,Radiación solar global horaria VALIDADA,Wh/m^2,2016-02-02,6703.3,Calculado
21206990,TIBAITATA - AUT [21206990],RAD SOLAR,Radiación solar global horaria VALIDADA,Wh/m^2,2016-02-03,5944.7,Calculado
21206990,TIBAITATA - AUT [21206990],RAD SOLAR,Radiación solar global horaria VALIDADA,Wh/m^2,2016-02-04,5977.3,Calculado
21206990,TIBAITATA - AUT [21206990],RAD SOLAR,Radiación solar global horaria VALIDADA,Wh/m^2,2016-02-05,3180.6,Calculado
21206990,TIBAITATA - AUT [21206990],RAD SOLAR,Radiación solar global horaria VALIDADA,Wh/m^2,2016-02-06,3993.4,Calculado
21206990,TIBAITATA - AUT [21206990],RAD SOLAR,Radiación solar global horaria VALIDADA,Wh/m^2,2016-02-07,4602.4,Calculado
21206990,TIBAITATA - AUT [21206990],RAD SOLAR,Radiación solar global horaria VALIDADA,Wh/m^2,2016-02-08,2746.4,Calculado
21206990,TIBAITATA - AUT [21206990],RAD SOLAR,Radiación solar global horaria VALIDADA,Wh/m^2,2016-02-09,3708.3,Calculado
21206990,TIBAITATA - AUT [21206990],RAD SOLAR,Radiación solar global horaria VALIDADA,Wh/m^2,2016-02-10,3208.5,Calculado
21206990,TIBAITATA - AUT [21206990],RAD SOLAR,Radiación solar global horaria VALIDADA,Wh/m^2,2016-02-11,6796.1,Calculado
21206990,TIBAITATA - AUT [21206990],RAD SOLAR,Radiación solar global horaria VALIDADA,Wh/m^2,2016-02-12,5010.4,Calculado
21206990,TIBAITATA - AUT [21206990],RAD SOLAR,Radiación solar global horaria VALIDADA,Wh/m^2,2016-02-13,5295.3,Calculado
21206990,TIBAITATA - AUT [21206990],RAD SOLAR,Radiación solar global horaria VALIDADA,Wh/m^2,2016-02-14,5380.9,Calculado
21206990,TIBAITATA - AUT [21206990],RAD SOLAR,Radiación solar global horaria VALIDADA,Wh/m^2,2016-02-15,5269.2,Calculado
21206990,TIBAITATA - AUT [21206990],RAD SOLAR,Radiación solar global horaria VALIDADA,Wh/m^2,2016-02-16,3665.6,Calculado
21206990,TIBAITATA - AUT [21206990],RAD SOLAR,Radiación solar global horaria VALIDADA,Wh/m^2,2016-02-17,3344.2,Calculado
21206990,TIBAITATA - AUT [21206990],RAD SOLAR,Radiación solar global horaria VALIDADA,Wh/m^2,2016-02-18,5438.6,Calculado
21206990,TIBAITATA - AUT [21206990],RAD SOLAR,Radiación solar global horaria VALIDADA,Wh/m^2,2016-02-19,6809.9,Calculado
21206990,TIBAITATA - AUT [21206990],RAD SOLAR,Radiación solar global horaria VALIDADA,Wh/m^2,2016-02-20,4269.7,Calculado
21206990,TIBAITATA - AUT [21206990],RAD SOLAR,Radiación solar global horaria VALIDADA,Wh/m^2,2016-02-21,1952.7,Calculado
21206990,TIBAITATA - AUT [21206990],RAD SOLAR,Radiación solar global horaria VALIDADA,Wh/m^2,2016-02-22,925.4,Calculado
21206990,TIBAITATA - AUT [21206990],RAD SOLAR,Radiación solar global horaria VALIDADA,Wh/m^2,2016-02-23,2294.5,Calculado
21206990,TIBAITATA - AUT [21206990],RAD SOLAR,Radiación solar global horaria VALIDADA,Wh/m^2,2016-02-24,3526.2000000000003,Calculado
21206990,TIBAITATA - AUT [21206990],RAD SOLAR,Radiación solar global horaria VALIDADA,Wh/m^2,2016-02-25,4219.3,Calculado
21206990,TIBAITATA - AUT [21206990],RAD SOLAR,Radiación solar global horaria VALIDADA,Wh/m^2,2016-02-26,4900.0,Calculado
21206990,TIBAITATA - AUT [21206990],RAD SOLAR,Radiación solar global horaria VALIDADA,Wh/m^2,2016-02-27,6263.8,Calculado
21206990,TIBAITATA - AUT [21206990],RAD SOLAR,Radiación solar global horaria VALIDADA,Wh/m^2,2016-02-28,5997.4,Calculado
21206990,TIBAITATA - AUT [21206990],RAD SOLAR,Radiación solar global horaria VALIDADA,Wh/m^2,2016-02-29,5264.1,Calculado
21206990,TIBAITATA - AUT [21206990],RAD SOLAR,Radiación solar global horaria VALIDADA,Wh/m^2,2016-03-01,4216.7,Calculado
21206990,TIBAITATA - AUT [21206990],RAD SOLAR,Radiación solar global horaria VALIDADA,Wh/m^2,2016-03-02,5098.4,Calculado
21206990,TIBAITATA - AUT [21206990],RAD SOLAR,Radiación solar global horaria VALIDADA,Wh/m^2,2016-03-03,5247.8,Calculado
21206990,TIBAITATA - AUT [21206990],RAD SOLAR,Radiación solar global horaria VALIDADA,Wh/m^2,2016-03-04,6114.3,Calculado
21206990,TIBAITATA - AUT [21206990],RAD SOLAR,Radiación solar global horaria VALIDADA,Wh/m^2,2016-03-05,5547.9,Calculado
21206990,TIBAITATA - AUT [21206990],RAD SOLAR,Radiación solar global horaria VALIDADA,Wh/m^2,2016-03-06,6734.5,Calculado
21206990,TIBAITATA - AUT [21206990],RAD SOLAR,Radiación solar global horaria VALIDADA,Wh/m^2,2016-03-07,5256.599999999999,Calculado
21206990,TIBAITATA - AUT [21206990],RAD SOLAR,Radiación solar global horaria VALIDADA,Wh/m^2,2016-03-08,6161.0,Calculado
21206990,TIBAITATA - AUT [21206990],RAD SOLAR,Radiación solar global horaria VALIDADA,Wh/m^2,2016-03-09,5210.1,Calculado
21206990,TIBAITATA - AUT [21206990],RAD SOLAR,Radiación solar global horaria VALIDADA,Wh/m^2,2016-03-10,6920.4,Calculado
21206990,TIBAITATA - AUT [21206990],RAD SOLAR,Radiación solar global horaria VALIDADA,Wh/m^2,2016-03-11,6758.4,Calculado
21206990,TIBAITATA - AUT [21206990],RAD SOLAR,Radiación solar global horaria VALIDADA,Wh/m^2,2016-03-12,6354.0,Calculado
21206990,TIBAITATA - AUT [21206990],RAD SOLAR,Radiación solar global horaria VALIDADA,Wh/m^2,2016-03-13,4833.5,Calculado
21206990,TIBAITATA - AUT [21206990],RAD SOLAR,Radiación solar global horaria VALIDADA,Wh/m^2,2016-03-14,3610.4,Calculado
21206990,TIBAITATA - AUT [21206990],RAD SOLAR,Radiación solar global horaria VALIDADA,Wh/m^2,2016-03-15,4365.0,Calculado
21206990,TIBAITATA - AUT [21206990],RAD SOLAR,Radiación solar global horaria VALIDADA,Wh/m^2,2016-03-16,2495.1,Calculado
21206990,TIBAITATA - AUT [21206990],RAD SOLAR,Radiación solar global horaria VALIDADA,Wh/m^2,2016-03-17,3375.7,Calculado
21206990,TIBAITATA - AUT [21206990],RAD SOLAR,Radiación solar global horaria VALIDADA,Wh/m^2,2016-03-18,2721.3,Calculado
21206990,TIBAITATA - AUT [21206990],RAD SOLAR,Radiación solar global horaria VALIDADA,Wh/m^2,2016-03-19,2992.4,Calculado
21206990,TIBAITATA - AUT [21206990],RAD SOLAR,Radiación solar global horaria VALIDADA,Wh/m^2,2016-03-20,6311.3,Calculado
21206990,TIBAITATA - AUT [21206990],RAD SOLAR,Radiación solar global horaria VALIDADA,Wh/m^2,2016-03-21,4710.4,Calculado
21206990,TIBAITATA - AUT [21206990],RAD SOLAR,Radiación solar global horaria VALIDADA,Wh/m^2,2016-03-22,2828.1,Calculado
21206990,TIBAITATA - AUT [21206990],RAD SOLAR,Radiación solar global horaria VALIDADA,Wh/m^2,2016-03-23,3228.7,Calculado
21206990,TIBAITATA - AUT [21206990],RAD SOLAR,Radiación solar global horaria VALIDADA,Wh/m^2,2016-03-24,5842.9,Calculado
21206990,TIBAITATA - AUT [21206990],RAD SOLAR,Radiación solar global horaria VALIDADA,Wh/m^2,2016-03-25,7002.2,Calculado
21206990,TIBAITATA - AUT [21206990],RAD SOLAR,Radiación solar global horaria VALIDADA,Wh/m^2,2016-03-26,5631.9,Calculado
21206990,TIBAITATA - AUT [21206990],RAD SOLAR,Radiación solar global horaria VALIDADA,Wh/m^2,2016-03-27,4936.3,Calculado
21206990,TIBAITATA - AUT [21206990],RAD SOLAR,Radiación solar global horaria VALIDADA,Wh/m^2,2016-03-28,5974.8,Calculado
21206990,TIBAITATA - AUT [21206990],RAD SOLAR,Radiación solar global horaria VALIDADA,Wh/m^2,2016-03-29,5323.0,Calculado
21206990,TIBAITATA - AUT [21206990],RAD SOLAR,Radiación solar global horaria VALIDADA,Wh/m^2,2016-03-30,2687.2,Calculado
21206990,TIBAITATA - AUT [21206990],RAD SOLAR,Radiación solar global horaria VALIDADA,Wh/m^2,2016-03-31,3402.9,Calculado
21206990,TIBAITATA - AUT [21206990],RAD SOLAR,Radiación solar global horaria VALIDADA,Wh/m^2,2016-04-01,4542.1,Calculado
21206990,TIBAITATA - AUT [21206990],RAD SOLAR,Radiación solar global horaria VALIDADA,Wh/m^2,2016-04-02,2841.7,Calculado
21206990,TIBAITATA - AUT [21206990],RAD SOLAR,Radiación solar global horaria VALIDADA,Wh/m^2,2016-04-03,4376.2,Calculado
21206990,TIBAITATA - AUT [21206990],RAD SOLAR,Radiación solar global horaria VALIDADA,Wh/m^2,2016-04-04,1669.0,Calculado
21206990,TIBAITATA - AUT [21206990],RAD SOLAR,Radiación solar global horaria VALIDADA,Wh/m^2,2016-04-05,1348.7,Calculado
21206990,TIBAITATA - AUT [21206990],RAD SOLAR,Radiación solar global horaria VALIDADA,Wh/m^2,2016-04-06,2230.2,Calculado
21206990,TIBAITATA - AUT [21206990],RAD SOLAR,Radiación solar global horaria VALIDADA,Wh/m^2,2016-04-07,3703.2,Calculado
21206990,TIBAITATA - AUT [21206990],RAD SOLAR,Radiación solar global horaria VALIDADA,Wh/m^2,2016-04-08,3715.7,Calculado
21206990,TIBAITATA - AUT [21206990],RAD SOLAR,Radiación solar global horaria VALIDADA,Wh/m^2,2016-04-09,2235.3,Calculado
21206990,TIBAITATA - AUT [21206990],RAD SOLAR,Radiación solar global horaria VALIDADA,Wh/m^2,2016-04-10,3751.0,Calculado
21206990,TIBAITATA - AUT [21206990],RAD SOLAR,Radiación solar global horaria VALIDADA,Wh/m^2,2016-04-11,4720.5,Calculado
21206990,TIBAITATA - AUT [21206990],RAD SOLAR,Radiación solar global horaria VALIDADA,Wh/m^2,2016-04-12,1989.1,Calculado
21206990,TIBAITATA - AUT [21206990],RAD SOLAR,Radiación solar global horaria VALIDADA,Wh/m^2,2016-04-13,4543.4,Calculado
21206990,TIBAITATA - AUT [21206990],RAD SOLAR,Radiación solar global horaria VALIDADA,Wh/m^2,2016-04-14,6921.7,Calculado
21206990,TIBAITATA - AUT [21206990],RAD SOLAR,Radiación solar global horaria VALIDADA,Wh/m^2,2016-04-15,5617.0,Calculado
21206990,TIBAITATA - AUT [21206990],RAD SOLAR,Radiación solar global horaria VALIDADA,Wh/m^2,2016-04-16,4467.9,Calculado
21206990,TIBAITATA - AUT [21206990],RAD SOLAR,Radiación solar global horaria VALIDADA,Wh/m^2,2016-04-17,3963.2,Calculado
21206990,TIBAITATA - AUT [21206990],RAD SOLAR,Radiación solar global horaria VALIDADA,Wh/m^2,2016-04-18,4076.2000000000003,Calculado
21206990,TIBAITATA - AUT [21206990],RAD SOLAR,Radiación solar global horaria VALIDADA,Wh/m^2,2016-04-19,4039.7999999999997,Calculado
21206990,TIBAITATA - AUT [21206990],RAD SOLAR,Radiación solar global horaria VALIDADA,Wh/m^2,2016-04-20,3182.2,Calculado
21206990,TIBAITATA - AUT [21206990],RAD SOLAR,Radiación solar global horaria VALIDADA,Wh/m^2,2016-04-21,5349.5,Calculado
21206990,TIBAITATA - AUT [21206990],RAD SOLAR,Radiación solar global horaria VALIDADA,Wh/m^2,2016-04-22,2753.7,Calculado
21206990,TIBAITATA - AUT [21206990],RAD SOLAR,Radiación solar global horaria VALIDADA,Wh/m^2,2016-04-23,3692.0,Calculado
21206990,TIBAITATA - AUT [21206990],RAD SOLAR,Radiación solar global horaria VALIDADA,Wh/m^2,2016-04-24,2275.3,Calculado
21206990,TIBAITATA - AUT [21206990],RAD SOLAR,Radiación solar global horaria VALIDADA,Wh/m^2,2016-04-25,5044.3,Calculado
21206990,TIBAITATA - AUT [21206990],RAD SOLAR,Radiación solar global horaria VALIDADA,Wh/m^2,2016-04-26,3075.5,Calculado
21206990,TIBAITATA - AUT [21206990],RAD SOLAR,Radiación solar global horaria VALIDADA,Wh/m^2,2016-04-27,5132.3,Calculado
21206990,TIBAITATA - AUT [21206990],RAD SOLAR,Radiación solar global horaria VALIDADA,Wh/m^2,2016-04-28,3084.1,Calculado
21206990,TIBAITATA - AUT [21206990],RAD SOLAR,Radiación solar global horaria VALIDADA,Wh/m^2,2016-04-29,2328.1,Calculado
21206990,TIBAITATA - AUT [21206990],RAD SOLAR,Radiación solar global horaria VALIDADA,Wh/m^2,2016-04-30,3394.4,Calculado
21206990,TIBAITATA - AUT [21206990],RAD SOLAR,Radiación solar global horaria VALIDADA,Wh/m^2,2016-05-01,3001.3,Calculado
21206990,TIBAITATA - AUT [21206990],RAD SOLAR,Radiación solar global horaria VALIDADA,Wh/m^2,2016-05-02,3375.4,Calculado
21206990,TIBAITATA - AUT [21206990],RAD SOLAR,Radiación solar global horaria VALIDADA,Wh/m^2,2016-05-03,2098.4,Calculado
21206990,TIBAITATA - AUT [21206990],RAD SOLAR,Radiación solar global horaria VALIDADA,Wh/m^2,2016-05-04,2167.5,Calculado
21206990,TIBAITATA - AUT [21206990],RAD SOLAR,Radiación solar global horaria VALIDADA,Wh/m^2,2016-05-05,5103.3,Calculado
21206990,TIBAITATA - AUT [21206990],RAD SOLAR,Radiación solar global horaria VALIDADA,Wh/m^2,2016-05-06,3439.6,Calculado
21206990,TIBAITATA - AUT [21206990],RAD SOLAR,Radiación solar global horaria VALIDADA,Wh/m^2,2016-05-07,4854.8,Calculado
21206990,TIBAITATA - AUT [21206990],RAD SOLAR,Radiación solar global horaria VALIDADA,Wh/m^2,2016-05-08,3975.7000000000003,Calculado
21206990,TIBAITATA - AUT [21206990],RAD SOLAR,Radiación solar global horaria VALIDADA,Wh/m^2,2016-05-09,2619.4,Calculado
21206990,TIBAITATA - AUT [21206990],RAD SOLAR,Radiación solar global horaria VALIDADA,Wh/m^2,2016-05-10,2090.9,Calculado
21206990,TIBAITATA - AUT [21206990],RAD SOLAR,Radiación solar global horaria VALIDADA,Wh/m^2,2016-05-11,4979.2,Calculado
21206990,TIBAITATA - AUT [21206990],RAD SOLAR,Radiación solar global horaria VALIDADA,Wh/m^2,2016-05-12,4510.599999999999,Calculado
21206990,TIBAITATA - AUT [21206990],RAD SOLAR,Radiación solar global horaria VALIDADA,Wh/m^2,2016-05-13,1574.6,Calculado
21206990,TIBAITATA - AUT [21206990],RAD SOLAR,Radiación solar global horaria VALIDADA,Wh/m^2,2016-05-14,4606.1,Calculado
21206990,TIBAITATA - AUT [21206990],RAD SOLAR,Radiación solar global horaria VALIDADA,Wh/m^2,2016-05-15,5483.9,Calculado
21206990,TIBAITATA - AUT [21206990],RAD SOLAR,Radiación solar global horaria VALIDADA,Wh/m^2,2016-05-16,3437.1,Calculado
21206990,TIBAITATA - AUT [21206990],RAD SOLAR,Radiación solar global horaria VALIDADA,Wh/m^2,2016-05-17,4029.7000000000003,Calculado
21206990,TIBAITATA - AUT [21206990],RAD SOLAR,Radiación solar global horaria VALIDADA,Wh/m^2,2016-05-18,3241.4,Calculado
21206990,TIBAITATA - AUT [21206990],RAD SOLAR,Radiación solar global horaria VALIDADA,Wh/m^2,2016-05-19,3815.0,Calculado
21206990,TIBAITATA - AUT [21206990],RAD SOLAR,Radiación solar global horaria VALIDADA,Wh/m^2,2016-05-20,3728.3,Calculado
21206990,TIBAITATA - AUT [21206990],RAD SOLAR,Radiación solar global horaria VALIDADA,Wh/m^2,2016-05-21,4382.7,Calculado
21206990,TIBAITATA - AUT [21206990],RAD SOLAR,Radiación solar global horaria VALIDADA,Wh/m^2,2016-05-22,6246.099999999999,Calculado
21206990,TIBAITATA - AUT [21206990],RAD SOLAR,Radiación solar global horaria VALIDADA,Wh/m^2,2016-05-23,5390.9,Calculado
21206990,TIBAITATA - AUT [21206990],RAD SOLAR,Radiación solar global horaria VALIDADA,Wh/m^2,2016-05-24,3185.9,Calculado
21206990,TIBAITATA - AUT [21206990],RAD SOLAR,Radiación solar global horaria VALIDADA,Wh/m^2,2016-05-25,3138.3,Calculado
21206990,TIBAITATA - AUT [21206990],RAD SOLAR,Radiación solar global horaria VALIDADA,Wh/m^2,2016-05-26,1238.1,Calculado
21206990,TIBAITATA - AUT [21206990],RAD SOLAR,Radiación solar global horaria VALIDADA,Wh/m^2,2016-05-27,5295.6,Calculado
21206990,TIBAITATA - AUT [21206990],RAD SOLAR,Radiación solar global horaria VALIDADA,Wh/m^2,2016-05-28,3430.8,Calculado
21206990,TIBAITATA - AUT [21206990],RAD SOLAR,Radiación solar global horaria VALIDADA,Wh/m^2,2016-05-29,3023.8,Calculado
21206990,TIBAITATA - AUT [21206990],RAD SOLAR,Radiación solar global horaria VALIDADA,Wh/m^2,2016-05-30,4104.900000000001,Calculado
21206990,TIBAITATA - AUT [21206990],RAD SOLAR,Radiación solar global horaria VALIDADA,Wh/m^2,2016-05-31,3062.9,Calculado
21206990,TIBAITATA - AUT [21206990],RAD SOLAR,Radiación solar global horaria VALIDADA,Wh/m^2,2016-06-01,5392.2,Calculado
21206990,TIBAITATA - AUT [21206990],RAD SOLAR,Radiación solar global horaria VALIDADA,Wh/m^2,2016-06-02,1872.2,Calculado
21206990,TIBAITATA - AUT [21206990],RAD SOLAR,Radiación solar global horaria VALIDADA,Wh/m^2,2016-06-03,2233.9,Calculado
21206990,TIBAITATA - AUT [21206990],RAD SOLAR,Radiación solar global horaria VALIDADA,Wh/m^2,2016-06-04,6233.5,Calculado
21206990,TIBAITATA - AUT [21206990],RAD SOLAR,Radiación solar global horaria VALIDADA,Wh/m^2,2016-06-05,6505.900000000001,Calculado
21206990,TIBAITATA - AUT [21206990],RAD SOLAR,Radiación solar global horaria VALIDADA,Wh/m^2,2016-06-06,3646.9,Calculado
21206990,TIBAITATA - AUT [21206990],RAD SOLAR,Radiación solar global horaria VALIDADA,Wh/m^2,2016-06-07,3744.5,Calculado
21206990,TIBAITATA - AUT [21206990],RAD SOLAR,Radiación solar global horaria VALIDADA,Wh/m^2,2016-06-08,3871.6,Calculado
21206990,TIBAITATA - AUT [21206990],RAD SOLAR,Radiación solar global horaria VALIDADA,Wh/m^2,2016-06-09,2656.0,Calculado
21206990,TIBAITATA - AUT [21206990],RAD SOLAR,Radiación solar global horaria VALIDADA,Wh/m^2,2016-06-10,3974.5,Calculado
21206990,TIBAITATA - AUT [21206990],RAD SOLAR,Radiación solar global horaria VALIDADA,Wh/m^2,2016-06-11,5604.5,Calculado
21206990,TIBAITATA - AUT [21206990],RAD SOLAR,Radiación solar global horaria VALIDADA,Wh/m^2,2016-06-12,4859.6,Calculado
21206990,TIBAITATA - AUT [21206990],RAD SOLAR,Radiación solar global horaria VALIDADA,Wh/m^2,2016-06-13,4120.0,Calculado
21206990,TIBAITATA - AUT [21206990],RAD SOLAR,Radiación solar global horaria VALIDADA,Wh/m^2,2016-06-14,4152.8,Calculado
21206990,TIBAITATA - AUT [21206990],RAD SOLAR,Radiación solar global horaria VALIDADA,Wh/m^2,2016-06-15,6217.2,Calculado
21206990,TIBAITATA - AUT [21206990],RAD SOLAR,Radiación solar global horaria VALIDADA,Wh/m^2,2016-06-16,6429.4,Calculado
21206990,TIBAITATA - AUT [21206990],RAD SOLAR,Radiación solar global horaria VALIDADA,Wh/m^2,2016-06-17,4591.1,Calculado
21206990,TIBAITATA - AUT [21206990],RAD SOLAR,Radiación solar global horaria VALIDADA,Wh/m^2,2016-06-18,2993.7000000000003,Calculado
21206990,TIBAITATA - AUT [21206990],RAD SOLAR,Radiación solar global horaria VALIDADA,Wh/m^2,2016-06-19,2713.7,Calculado
21206990,TIBAITATA - AUT [21206990],RAD SOLAR,Radiación solar global horaria VALIDADA,Wh/m^2,2016-06-20,5729.8,Calculado
21206990,TIBAITATA - AUT [21206990],RAD SOLAR,Radiación solar global horaria VALIDADA,Wh/m^2,2016-06-21,4653.8,Calculado
21206990,TIBAITATA - AUT [21206990],RAD SOLAR,Radiación solar global horaria VALIDADA,Wh/m^2,2016-06-22,4004.6,Calculado
21206990,TIBAITATA - AUT [21206990],RAD SOLAR,Radiación solar global horaria VALIDADA,Wh/m^2,2016-06-23,3452.1,Calculado
21206990,TIBAITATA - AUT [21206990],RAD SOLAR,Radiación solar global horaria VALIDADA,Wh/m^2,2016-06-24,2529.2,Calculado
21206990,TIBAITATA - AUT [21206990],RAD SOLAR,Radiación solar global horaria VALIDADA,Wh/m^2,2016-06-25,3840.1,Calculado
21206990,TIBAITATA - AUT [21206990],RAD SOLAR,Radiación solar global horaria VALIDADA,Wh/m^2,2016-06-26,4229.5,Calculado
21206990,TIBAITATA - AUT [21206990],RAD SOLAR,Radiación solar global horaria VALIDADA,Wh/m^2,2016-06-27,5048.2,Calculado
21206990,TIBAITATA - AUT [21206990],RAD SOLAR,Radiación solar global horaria VALIDADA,Wh/m^2,2016-06-28,6123.3,Calculado
21206990,TIBAITATA - AUT [21206990],RAD SOLAR,Radiación solar global horaria VALIDADA,Wh/m^2,2016-06-29,4629.9,Calculado
21206990,TIBAITATA - AUT [21206990],RAD SOLAR,Radiación solar global horaria VALIDADA,Wh/m^2,2016-06-30,2305.6,Calculado
21206990,TIBAITATA - AUT [21206990],RAD SOLAR,Radiación solar global horaria VALIDADA,Wh/m^2,2016-07-01,3443.4,Calculado
21206990,TIBAITATA - AUT [21206990],RAD SOLAR,Radiación solar global horaria VALIDADA,Wh/m^2,2016-07-02,3005.1,Calculado
21206990,TIBAITATA - AUT [21206990],RAD SOLAR,Radiación solar global horaria VALIDADA,Wh/m^2,2016-07-03,3487.2,Calculado
21206990,TIBAITATA - AUT [21206990],RAD SOLAR,Radiación solar global horaria VALIDADA,Wh/m^2,2016-07-04,3960.8,Calculado
21206990,TIBAITATA - AUT [21206990],RAD SOLAR,Radiación solar global horaria VALIDADA,Wh/m^2,2016-07-05,4533.2,Calculado
21206990,TIBAITATA - AUT [21206990],RAD SOLAR,Radiación solar global horaria VALIDADA,Wh/m^2,2016-07-06,2839.3,Calculado
21206990,TIBAITATA - AUT [21206990],RAD SOLAR,Radiación solar global horaria VALIDADA,Wh/m^2,2016-07-07,5988.7,Calculado
21206990,TIBAITATA - AUT [21206990],RAD SOLAR,Radiación solar global horaria VALIDADA,Wh/m^2,2016-07-08,4921.4,Calculado
21206990,TIBAITATA - AUT [21206990],RAD SOLAR,Radiación solar global horaria VALIDADA,Wh/m^2,2016-07-09,5247.9,Calculado
21206990,TIBAITATA - AUT [21206990],RAD SOLAR,Radiación solar global horaria VALIDADA,Wh/m^2,2016-07-10,3066.6,Calculado
21206990,TIBAITATA - AUT [21206990],RAD SOLAR,Radiación solar global horaria VALIDADA,Wh/m^2,2016-07-11,3717.1,Calculado
21206990,TIBAITATA - AUT [21206990],RAD SOLAR,Radiación solar global horaria VALIDADA,Wh/m^2,2016-07-12,3631.6,Calculado
21206990,TIBAITATA - AUT [21206990],RAD SOLAR,Radiación solar global horaria VALIDADA,Wh/m^2,2016-07-13,3845.0,Calculado
21206990,TIBAITATA - AUT [21206990],RAD SOLAR,Radiación solar global horaria VALIDADA,Wh/m^2,2016-07-14,3862.8,Calculado
21206990,TIBAITATA - AUT [21206990],RAD SOLAR,Radiación solar global horaria VALIDADA,Wh/m^2,2016-07-15,3231.2,Calculado
21206990,TIBAITATA - AUT [21206990],RAD SOLAR,Radiación solar global horaria VALIDADA,Wh/m^2,2016-07-16,2835.4,Calculado
21206990,TIBAITATA - AUT [21206990],RAD SOLAR,Radiación solar global horaria VALIDADA,Wh/m^2,2016-07-17,5938.5,Calculado
21206990,TIBAITATA - AUT [21206990],RAD SOLAR,Radiación solar global horaria VALIDADA,Wh/m^2,2016-07-18,2809.1,Calculado
21206990,TIBAITATA - AUT [21206990],RAD SOLAR,Radiación solar global horaria VALIDADA,Wh/m^2,2016-07-19,3671.9,Calculado
21206990,TIBAITATA - AUT [21206990],RAD SOLAR,Radiación solar global horaria VALIDADA,Wh/m^2,2016-07-20,3478.5,Calculado
21206990,TIBAITATA - AUT [21206990],RAD SOLAR,Radiación solar global horaria VALIDADA,Wh/m^2,2016-07-21,3150.6,Calculado
21206990,TIBAITATA - AUT [21206990],RAD SOLAR,Radiación solar global horaria VALIDADA,Wh/m^2,2016-07-22,3774.9,Calculado
21206990,TIBAITATA - AUT [21206990],RAD SOLAR,Radiación solar global horaria VALIDADA,Wh/m^2,2016-07-23,3924.4,Calculado
21206990,TIBAITATA - AUT [21206990],RAD SOLAR,Radiación solar global horaria VALIDADA,Wh/m^2,2016-07-24,4082.5,Calculado
21206990,TIBAITATA - AUT [21206990],RAD SOLAR,Radiación solar global horaria VALIDADA,Wh/m^2,2016-07-25,3909.2999999999997,Calculado
21206990,TIBAITATA - AUT [21206990],RAD SOLAR,Radiación solar global horaria VALIDADA,Wh/m^2,2016-07-26,3448.2999999999997,Calculado
21206990,TIBAITATA - AUT [21206990],RAD SOLAR,Radiación solar global horaria VALIDADA,Wh/m^2,2016-07-27,3197.2,Calculado
21206990,TIBAITATA - AUT [21206990],RAD SOLAR,Radiación solar global horaria VALIDADA,Wh/m^2,2016-07-28,5838.0,Calculado
21206990,TIBAITATA - AUT [21206990],RAD SOLAR,Radiación solar global horaria VALIDADA,Wh/m^2,2016-07-29,4007.1,Calculado
21206990,TIBAITATA - AUT [21206990],RAD SOLAR,Radiación solar global horaria VALIDADA,Wh/m^2,2016-07-30,2943.5,Calculado
21206990,TIBAITATA - AUT [21206990],RAD SOLAR,Radiación solar global horaria VALIDADA,Wh/m^2,2016-07-31,4564.7,Calculado
21206990,TIBAITATA - AUT [21206990],RAD SOLAR,Radiación solar global horaria VALIDADA,Wh/m^2,2016-08-01,4734.4,Calculado
21206990,TIBAITATA - AUT [21206990],RAD SOLAR,Radiación solar global horaria VALIDADA,Wh/m^2,2016-08-02,5501.5,Calculado
21206990,TIBAITATA - AUT [21206990],RAD SOLAR,Radiación solar global horaria VALIDADA,Wh/m^2,2016-08-03,6087.9,Calculado
21206990,TIBAITATA - AUT [21206990],RAD SOLAR,Radiación solar global horaria VALIDADA,Wh/m^2,2016-08-04,5127.4,Calculado
21206990,TIBAITATA - AUT [21206990],RAD SOLAR,Radiación solar global horaria VALIDADA,Wh/m^2,2016-08-05,3743.2999999999997,Calculado
21206990,TIBAITATA - AUT [21206990],RAD SOLAR,Radiación solar global horaria VALIDADA,Wh/m^2,2016-08-06,6636.6,Calculado
21206990,TIBAITATA - AUT [21206990],RAD SOLAR,Radiación solar global horaria VALIDADA,Wh/m^2,2016-08-07,3602.9,Calculado
21206990,TIBAITATA - AUT [21206990],RAD SOLAR,Radiación solar global horaria VALIDADA,Wh/m^2,2016-08-08,5054.6,Calculado
21206990,TIBAITATA - AUT [21206990],RAD SOLAR,Radiación solar global horaria VALIDADA,Wh/m^2,2016-08-09,2863.1,Calculado
21206990,TIBAITATA - AUT [21206990],RAD SOLAR,Radiación solar global horaria VALIDADA,Wh/m^2,2016-08-10,5689.8,Calculado
21206990,TIBAITATA - AUT [21206990],RAD SOLAR,Radiación solar global horaria VALIDADA,Wh/m^2,2016-08-11,3926.6,Calculado
21206990,TIBAITATA - AUT [21206990],RAD SOLAR,Radiación solar global horaria VALIDADA,Wh/m^2,2016-08-12,3592.7,Calculado
21206990,TIBAITATA - AUT [21206990],RAD SOLAR,Radiación solar global horaria VALIDADA,Wh/m^2,2016-08-13,3207.2,Calculado
21206990,TIBAITATA - AUT [21206990],RAD SOLAR,Radiación solar global horaria VALIDADA,Wh/m^2,2016-08-14,4578.6,Calculado
21206990,TIBAITATA - AUT [21206990],RAD SOLAR,Radiación solar global horaria VALIDADA,Wh/m^2,2016-08-15,4317.2,Calculado
21206990,TIBAITATA - AUT [21206990],RAD SOLAR,Radiación solar global horaria VALIDADA,Wh/m^2,2016-08-16,3813.7,Calculado
21206990,TIBAITATA - AUT [21206990],RAD SOLAR,Radiación solar global horaria VALIDADA,Wh/m^2,2016-08-17,4229.3,Calculado
21206990,TIBAITATA - AUT [21206990],RAD SOLAR,Radiación solar global horaria VALIDADA,Wh/m^2,2016-08-18,2948.4,Calculado
21206990,TIBAITATA - AUT [21206990],RAD SOLAR,Radiación solar global horaria VALIDADA,Wh/m^2,2016-08-19,1668.9,Calculado
21206990,TIBAITATA - AUT [21206990],RAD SOLAR,Radiación solar global horaria VALIDADA,Wh/m^2,2016-08-20,5472.6,Calculado
21206990,TIBAITATA - AUT [21206990],RAD SOLAR,Radiación solar global horaria VALIDADA,Wh/m^2,2016-08-21,4800.9,Calculado
21206990,TIBAITATA - AUT [21206990],RAD SOLAR,Radiación solar global horaria VALIDADA,Wh/m^2,2016-08-22,3758.4,Calculado
21206990,TIBAITATA - AUT [21206990],RAD SOLAR,Radiación solar global horaria VALIDADA,Wh/m^2,2016-08-23,3658.1,Calculado
21206990,TIBAITATA - AUT [21206990],RAD SOLAR,Radiación solar global horaria VALIDADA,Wh/m^2,2016-08-24,4202.8,Calculado
21206990,TIBAITATA - AUT [21206990],RAD SOLAR,Radiación solar global horaria VALIDADA,Wh/m^2,2016-08-25,3845.2999999999997,Calculado
21206990,TIBAITATA - AUT [21206990],RAD SOLAR,Radiación solar global horaria VALIDADA,Wh/m^2,2016-08-26,5010.5,Calculado
21206990,TIBAITATA - AUT [21206990],RAD SOLAR,Radiación solar global horaria VALIDADA,Wh/m^2,2016-08-27,2732.4,Calculado
21206990,TIBAITATA - AUT [21206990],RAD SOLAR,Radiación solar global horaria VALIDADA,Wh/m^2,2016-08-28,5157.5,Calculado
21206990,TIBAITATA - AUT [21206990],RAD SOLAR,Radiación solar global horaria VALIDADA,Wh/m^2,2016-08-29,5623.2,Calculado
21206990,TIBAITATA - AUT [21206990],RAD SOLAR,Radiación solar global horaria VALIDADA,Wh/m^2,2016-08-30,3773.7,Calculado
21206990,TIBAITATA - AUT [21206990],RAD SOLAR,Radiación solar global horaria VALIDADA,Wh/m^2,2016-08-31,3323.9,Calculado
21206990,TIBAITATA - AUT [21206990],RAD SOLAR,Radiación solar global horaria VALIDADA,Wh/m^2,2016-09-01,4179.2,Calculado
21206990,TIBAITATA - AUT [21206990],RAD SOLAR,Radiación solar global horaria VALIDADA,Wh/m^2,2016-09-02,2637.0,Calculado
21206990,TIBAITATA - AUT [21206990],RAD SOLAR,Radiación solar global horaria VALIDADA,Wh/m^2,2016-09-03,2605.8,Calculado
21206990,TIBAITATA - AUT [21206990],RAD SOLAR,Radiación solar global horaria VALIDADA,Wh/m^2,2016-09-04,3547.5,Calculado
21206990,TIBAITATA - AUT [21206990],RAD SOLAR,Radiación solar global horaria VALIDADA,Wh/m^2,2016-09-05,4854.7,Calculado
21206990,TIBAITATA - AUT [21206990],RAD SOLAR,Radiación solar global horaria VALIDADA,Wh/m^2,2016-09-06,5627.2,Calculado
21206990,TIBAITATA - AUT [21206990],RAD SOLAR,Radiación solar global horaria VALIDADA,Wh/m^2,2016-09-07,654.2,Calculado
21206990,TIBAITATA - AUT [21206990],RAD SOLAR,Radiación solar global horaria VALIDADA,Wh/m^2,2016-09-08,5830.5,Calculado
21206990,TIBAITATA - AUT [21206990],RAD SOLAR,Radiación solar global horaria VALIDADA,Wh/m^2,2016-09-09,5399.8,Calculado
21206990,TIBAITATA - AUT [21206990],RAD SOLAR,Radiación solar global horaria VALIDADA,Wh/m^2,2016-09-10,2785.4,Calculado
21206990,TIBAITATA - AUT [21206990],RAD SOLAR,Radiación solar global horaria VALIDADA,Wh/m^2,2016-09-11,4577.2,Calculado
21206990,TIBAITATA - AUT [21206990],RAD SOLAR,Radiación solar global horaria VALIDADA,Wh/m^2,2016-09-12,2499.0,Calculado
21206990,TIBAITATA - AUT [21206990],RAD SOLAR,Radiación solar global horaria VALIDADA,Wh/m^2,2016-09-13,2507.7,Calculado
21206990,TIBAITATA - AUT [21206990],RAD SOLAR,Radiación solar global horaria VALIDADA,Wh/m^2,2016-09-14,4137.7,Calculado
21206990,TIBAITATA - AUT [21206990],RAD SOLAR,Radiación solar global horaria VALIDADA,Wh/m^2,2016-09-15,4633.6,Calculado
21206990,TIBAITATA - AUT [21206990],RAD SOLAR,Radiación solar global horaria VALIDADA,Wh/m^2,2016-09-16,5267.9,Calculado
21206990,TIBAITATA - AUT [21206990],RAD SOLAR,Radiación solar global horaria VALIDADA,Wh/m^2,2016-09-17,5408.7,Calculado
21206990,TIBAITATA - AUT [21206990],RAD SOLAR,Radiación solar global horaria VALIDADA,Wh/m^2,2016-09-18,5041.7,Calculado
21206990,TIBAITATA - AUT [21206990],RAD SOLAR,Radiación solar global horaria VALIDADA,Wh/m^2,2016-09-19,4338.7,Calculado
21206990,TIBAITATA - AUT [21206990],RAD SOLAR,Radiación solar global horaria VALIDADA,Wh/m^2,2016-09-20,6015.2,Calculado
21206990,TIBAITATA - AUT [21206990],RAD SOLAR,Radiación solar global horaria VALIDADA,Wh/m^2,2016-09-21,5818.0,Calculado
21206990,TIBAITATA - AUT [21206990],RAD SOLAR,Radiación solar global horaria VALIDADA,Wh/m^2,2016-09-22,2430.0,Calculado
21206990,TIBAITATA - AUT [21206990],RAD SOLAR,Radiación solar global horaria VALIDADA,Wh/m^2,2016-09-23,2659.7,Calculado
21206990,TIBAITATA - AUT [21206990],RAD SOLAR,Radiación solar global horaria VALIDADA,Wh/m^2,2016-09-24,2855.5,Calculado
21206990,TIBAITATA - AUT [21206990],RAD SOLAR,Radiación solar global horaria VALIDADA,Wh/m^2,2016-09-25,3951.8,Calculado
21206990,TIBAITATA - AUT [21206990],RAD SOLAR,Radiación solar global horaria VALIDADA,Wh/m^2,2016-09-26,5271.6,Calculado
21206990,TIBAITATA - AUT [21206990],RAD SOLAR,Radiación solar global horaria VALIDADA,Wh/m^2,2016-09-27,4043.6,Calculado
21206990,TIBAITATA - AUT [21206990],RAD SOLAR,Radiación solar global horaria VALIDADA,Wh/m^2,2016-09-28,4088.7,Calculado
21206990,TIBAITATA - AUT [21206990],RAD SOLAR,Radiación solar global horaria VALIDADA,Wh/m^2,2016-09-29,5578.1,Calculado
21206990,TIBAITATA - AUT [21206990],RAD SOLAR,Radiación solar global horaria VALIDADA,Wh/m^2,2016-09-30,5374.4,Calculado
21206990,TIBAITATA - AUT [21206990],RAD SOLAR,Radiación solar global horaria VALIDADA,Wh/m^2,2016-10-01,5388.5,Calculado
21206990,TIBAITATA - AUT [21206990],RAD SOLAR,Radiación solar global horaria VALIDADA,Wh/m^2,2016-10-02,4076.1,Calculado
21206990,TIBAITATA - AUT [21206990],RAD SOLAR,Radiación solar global horaria VALIDADA,Wh/m^2,2016-10-03,5098.4,Calculado
21206990,TIBAITATA - AUT [21206990],RAD SOLAR,Radiación solar global horaria VALIDADA,Wh/m^2,2016-10-04,5765.3,Calculado
21206990,TIBAITATA - AUT [21206990],RAD SOLAR,Radiación solar global horaria VALIDADA,Wh/m^2,2016-10-05,2333.2000000000003,Calculado
21206990,TIBAITATA - AUT [21206990],RAD SOLAR,Radiación solar global horaria VALIDADA,Wh/m^2,2016-10-06,3423.2,Calculado
21206990,TIBAITATA - AUT [21206990],RAD SOLAR,Radiación solar global horaria VALIDADA,Wh/m^2,2016-10-07,4833.3,Calculado
21206990,TIBAITATA - AUT [21206990],RAD SOLAR,Radiación solar global horaria VALIDADA,Wh/m^2,2016-10-08,3963.3,Calculado
21206990,TIBAITATA - AUT [21206990],RAD SOLAR,Radiación solar global horaria VALIDADA,Wh/m^2,2016-10-09,4246.9,Calculado
21206990,TIBAITATA - AUT [21206990],RAD SOLAR,Radiación solar global horaria VALIDADA,Wh/m^2,2016-10-10,3212.2,Calculado
21206990,TIBAITATA - AUT [21206990],RAD SOLAR,Radiación solar global horaria VALIDADA,Wh/m^2,2016-10-11,4049.7000000000003,Calculado
21206990,TIBAITATA - AUT [21206990],RAD SOLAR,Radiación solar global horaria VALIDADA,Wh/m^2,2016-10-12,3066.6,Calculado
21206990,TIBAITATA - AUT [21206990],RAD SOLAR,Radiación solar global horaria VALIDADA,Wh/m^2,2016-10-13,4888.6,Calculado
21206990,TIBAITATA - AUT [21206990],RAD SOLAR,Radiación solar global horaria VALIDADA,Wh/m^2,2016-10-14,3857.7,Calculado
21206990,TIBAITATA - AUT [21206990],RAD SOLAR,Radiación solar global horaria VALIDADA,Wh/m^2,2016-10-15,5200.0,Calculado
21206990,TIBAITATA - AUT [21206990],RAD SOLAR,Radiación solar global horaria VALIDADA,Wh/m^2,2016-10-16,4903.900000000001,Calculado
21206990,TIBAITATA - AUT [21206990],RAD SOLAR,Radiación solar global horaria VALIDADA,Wh/m^2,2016-10-17,5853.1,Calculado
21206990,TIBAITATA - AUT [21206990],RAD SOLAR,Radiación solar global horaria VALIDADA,Wh/m^2,2016-10-18,5154.8,Calculado
21206990,TIBAITATA - AUT [21206990],RAD SOLAR,Radiación solar global horaria VALIDADA,Wh/m^2,2016-10-19,3326.5,Calculado
21206990,TIBAITATA - AUT [21206990],RAD SOLAR,Radiación solar global horaria VALIDADA,Wh/m^2,2016-10-20,3302.7,Calculado
21206990,TIBAITATA - AUT [21206990],RAD SOLAR,Radiación solar global horaria VALIDADA,Wh/m^2,2016-10-21,3718.4,Calculado
21206990,TIBAITATA - AUT [21206990],RAD SOLAR,Radiación solar global horaria VALIDADA,Wh/m^2,2016-10-22,4348.9,Calculado
21206990,TIBAITATA - AUT [21206990],RAD SOLAR,Radiación solar global horaria VALIDADA,Wh/m^2,2016-10-23,4162.8,Calculado
21206990,TIBAITATA - AUT [21206990],RAD SOLAR,Radiación solar global horaria VALIDADA,Wh/m^2,2016-10-24,4991.6,Calculado
21206990,TIBAITATA - AUT [21206990],RAD SOLAR,Radiación solar global horaria VALIDADA,Wh/m^2,2016-10-25,3900.5,Calculado
21206990,TIBAITATA - AUT [21206990],RAD SOLAR,Radiación solar global horaria VALIDADA,Wh/m^2,2016-10-26,5110.9,Calculado
21206990,TIBAITATA - AUT [21206990],RAD SOLAR,Radiación solar global horaria VALIDADA,Wh/m^2,2016-10-27,5708.8,Calculado
21206990,TIBAITATA - AUT [21206990],RAD SOLAR,Radiación solar global horaria VALIDADA,Wh/m^2,2016-10-28,3760.9,Calculado
21206990,TIBAITATA - AUT [21206990],RAD SOLAR,Radiación solar global horaria VALIDADA,Wh/m^2,2016-10-29,2070.9,Calculado
21206990,TIBAITATA - AUT [21206990],RAD SOLAR,Radiación solar global horaria VALIDADA,Wh/m^2,2016-10-30,3571.3,Calculado
21206990,TIBAITATA - AUT [21206990],RAD SOLAR,Radiación solar global horaria VALIDADA,Wh/m^2,2016-10-31,4586.0,Calculado
21206990,TIBAITATA - AUT [21206990],RAD SOLAR,Radiación solar global horaria VALIDADA,Wh/m^2,2016-11-01,5566.9,Calculado
21206990,TIBAITATA - AUT [21206990],RAD SOLAR,Radiación solar global horaria VALIDADA,Wh/m^2,2016-11-02,5001.599999999999,Calculado
21206990,TIBAITATA - AUT [21206990],RAD SOLAR,Radiación solar global horaria VALIDADA,Wh/m^2,2016-11-03,5688.7,Calculado
21206990,TIBAITATA - AUT [21206990],RAD SOLAR,Radiación solar global horaria VALIDADA,Wh/m^2,2016-11-04,4873.6,Calculado
21206990,TIBAITATA - AUT [21206990],RAD SOLAR,Radiación solar global horaria VALIDADA,Wh/m^2,2016-11-05,5364.6,Calculado
21206990,TIBAITATA - AUT [21206990],RAD SOLAR,Radiación solar global horaria VALIDADA,Wh/m^2,2016-11-06,3969.5,Calculado
21206990,TIBAITATA - AUT [21206990],RAD SOLAR,Radiación solar global horaria VALIDADA,Wh/m^2,2016-11-07,4159.0,Calculado
21206990,TIBAITATA - AUT [21206990],RAD SOLAR,Radiación solar global horaria VALIDADA,Wh/m^2,2016-11-08,6066.7,Calculado
21206990,TIBAITATA - AUT [21206990],RAD SOLAR,Radiación solar global horaria VALIDADA,Wh/m^2,2016-11-09,3440.9,Calculado
21206990,TIBAITATA - AUT [21206990],RAD SOLAR,Radiación solar global horaria VALIDADA,Wh/m^2,2016-11-10,4272.2,Calculado
21206990,TIBAITATA - AUT [21206990],RAD SOLAR,Radiación solar global horaria VALIDADA,Wh/m^2,2016-11-11,1844.7,Calculado
21206990,TIBAITATA - AUT [21206990],RAD SOLAR,Radiación solar global horaria VALIDADA,Wh/m^2,2016-11-12,4551.0,Calculado
21206990,TIBAITATA - AUT [21206990],RAD SOLAR,Radiación solar global horaria VALIDADA,Wh/m^2,2016-11-13,5939.7,Calculado
21206990,TIBAITATA - AUT [21206990],RAD SOLAR,Radiación solar global horaria VALIDADA,Wh/m^2,2016-11-14,4377.5,Calculado
21206990,TIBAITATA - AUT [21206990],RAD SOLAR,Radiación solar global horaria VALIDADA,Wh/m^2,2016-11-15,2216.4,Calculado
21206990,TIBAITATA - AUT [21206990],RAD SOLAR,Radiación solar global horaria VALIDADA,Wh/m^2,2016-11-16,6261.2,Calculado
21206990,TIBAITATA - AUT [21206990],RAD SOLAR,Radiación solar global horaria VALIDADA,Wh/m^2,2016-11-17,4755.5,Calculado
21206990,TIBAITATA - AUT [21206990],RAD SOLAR,Radiación solar global horaria VALIDADA,Wh/m^2,2016-11-18,2818.8,Calculado
21206990,TIBAITATA - AUT [21206990],RAD SOLAR,Radiación solar global horaria VALIDADA,Wh/m^2,2016-11-19,1606.0,Calculado
21206990,TIBAITATA - AUT [21206990],RAD SOLAR,Radiación solar global horaria VALIDADA,Wh/m^2,2016-11-20,3367.6,Calculado
21206990,TIBAITATA - AUT [21206990],RAD SOLAR,Radiación solar global horaria VALIDADA,Wh/m^2,2016-11-21,5967.3,Calculado
21206990,TIBAITATA - AUT [21206990],RAD SOLAR,Radiación solar global horaria VALIDADA,Wh/m^2,2016-11-22,5378.3,Calculado
21206990,TIBAITATA - AUT [21206990],RAD SOLAR,Radiación solar global horaria VALIDADA,Wh/m^2,2016-11-23,2560.0,Calculado
21206990,TIBAITATA - AUT [21206990],RAD SOLAR,Radiación solar global horaria VALIDADA,Wh/m^2,2016-11-24,2897.7,Calculado
21206990,TIBAITATA - AUT [21206990],RAD SOLAR,Radiación solar global horaria VALIDADA,Wh/m^2,2016-11-25,3093.7,Calculado
21206990,TIBAITATA - AUT [21206990],RAD SOLAR,Radiación solar global horaria VALIDADA,Wh/m^2,2016-11-26,3212.6,Calculado
21206990,TIBAITATA - AUT [21206990],RAD SOLAR,Radiación solar global horaria VALIDADA,Wh/m^2,2016-11-27,2928.8,Calculado
21206990,TIBAITATA - AUT [21206990],RAD SOLAR,Radiación solar global horaria VALIDADA,Wh/m^2,2016-11-28,3543.7,Calculado
21206990,TIBAITATA - AUT [21206990],RAD SOLAR,Radiación solar global horaria VALIDADA,Wh/m^2,2016-11-29,2161.9,Calculado
21206990,TIBAITATA - AUT [21206990],RAD SOLAR,Radiación solar global horaria VALIDADA,Wh/m^2,2016-11-30,4370.3,Calculado
21206990,TIBAITATA - AUT [21206990],RAD SOLAR,Radiación solar global horaria VALIDADA,Wh/m^2,2016-12-01,2416.9,Calculado
21206990,TIBAITATA - AUT [21206990],RAD SOLAR,Radiación solar global horaria VALIDADA,Wh/m^2,2016-12-02,1965.8,Calculado
21206990,TIBAITATA - AUT [21206990],RAD SOLAR,Radiación solar global horaria VALIDADA,Wh/m^2,2016-12-03,1976.0,Calculado
21206990,TIBAITATA - AUT [21206990],RAD SOLAR,Radiación solar global horaria VALIDADA,Wh/m^2,2016-12-04,3065.8,Calculado
21206990,TIBAITATA - AUT [21206990],RAD SOLAR,Radiación solar global horaria VALIDADA,Wh/m^2,2016-12-05,3545.7,Calculado
21206990,TIBAITATA - AUT [21206990],RAD SOLAR,Radiación solar global horaria VALIDADA,Wh/m^2,2016-12-06,4247.6,Calculado
21206990,TIBAITATA - AUT [21206990],RAD SOLAR,Radiación solar global horaria VALIDADA,Wh/m^2,2016-12-07,3240.7,Calculado
21206990,TIBAITATA - AUT [21206990],RAD SOLAR,Radiación solar global horaria VALIDADA,Wh/m^2,2016-12-08,2852.8,Calculado
21206990,TIBAITATA - AUT [21206990],RAD SOLAR,Radiación solar global horaria VALIDADA,Wh/m^2,2016-12-09,4462.4,Calculado
21206990,TIBAITATA - AUT [21206990],RAD SOLAR,Radiación solar global horaria VALIDADA,Wh/m^2,2016-12-10,4367.4,Calculado
21206990,TIBAITATA - AUT [21206990],RAD SOLAR,Radiación solar global horaria VALIDADA,Wh/m^2,2016-12-11,5577.4,Calculado
21206990,TIBAITATA - AUT [21206990],RAD SOLAR,Radiación solar global horaria VALIDADA,Wh/m^2,2016-12-12,3898.5,Calculado
21206990,TIBAITATA - AUT [21206990],RAD SOLAR,Radiación solar global horaria VALIDADA,Wh/m^2,2016-12-13,2418.8,Calculado
21206990,TIBAITATA - AUT [21206990],RAD SOLAR,Radiación solar global horaria VALIDADA,Wh/m^2,2016-12-14,5768.4,Calculado
21206990,TIBAITATA - AUT [21206990],RAD SOLAR,Radiación solar global horaria VALIDADA,Wh/m^2,2016-12-15,5720.2,Calculado
21206990,TIBAITATA - AUT [21206990],RAD SOLAR,Radiación solar global horaria VALIDADA,Wh/m^2,2016-12-16,4471.4,Calculado
21206990,TIBAITATA - AUT [21206990],RAD SOLAR,Radiación solar global horaria VALIDADA,Wh/m^2,2016-12-17,6072.3,Calculado
21206990,TIBAITATA - AUT [21206990],RAD SOLAR,Radiación solar global horaria VALIDADA,Wh/m^2,2016-12-18,5975.3,Calculado
21206990,TIBAITATA - AUT [21206990],RAD SOLAR,Radiación solar global horaria VALIDADA,Wh/m^2,2016-12-19,5623.3,Calculado
21206990,TIBAITATA - AUT [21206990],RAD SOLAR,Radiación solar global horaria VALIDADA,Wh/m^2,2016-12-20,3453.6,Calculado
21206990,TIBAITATA - AUT [21206990],RAD SOLAR,Radiación solar global horaria VALIDADA,Wh/m^2,2016-12-21,2159.0,Calculado
21206990,TIBAITATA - AUT [21206990],RAD SOLAR,Radiación solar global horaria VALIDADA,Wh/m^2,2016-12-22,4245.5,Calculado
21206990,TIBAITATA - AUT [21206990],RAD SOLAR,Radiación solar global horaria VALIDADA,Wh/m^2,2016-12-23,2917.8,Calculado
21206990,TIBAITATA - AUT [21206990],RAD SOLAR,Radiación solar global horaria VALIDADA,Wh/m^2,2016-12-24,3636.6,Calculado
21206990,TIBAITATA - AUT [21206990],RAD SOLAR,Radiación solar global horaria VALIDADA,Wh/m^2,2016-12-25,4445.4,Calculado
21206990,TIBAITATA - AUT [21206990],RAD SOLAR,Radiación solar global horaria VALIDADA,Wh/m^2,2016-12-26,4018.7,Calculado
21206990,TIBAITATA - AUT [21206990],RAD SOLAR,Radiación solar global horaria VALIDADA,Wh/m^2,2016-12-27,4301.6,Calculado
21206990,TIBAITATA - AUT [21206990],RAD SOLAR,Radiación solar global horaria VALIDADA,Wh/m^2,2016-12-28,5530.3,Calculado
21206990,TIBAITATA - AUT [21206990],RAD SOLAR,Radiación solar global horaria VALIDADA,Wh/m^2,2016-12-29,6266.2,Calculado
21206990,TIBAITATA - AUT [21206990],RAD SOLAR,Radiación solar global horaria VALIDADA,Wh/m^2,2016-12-30,3076.7,Calculado
21206990,TIBAITATA - AUT [21206990],RAD SOLAR,Radiación solar global horaria VALIDADA,Wh/m^2,2016-12-31,2665.9,Calculado
21206990,TIBAITATA - AUT [21206990],RAD SOLAR,Radiación solar global horaria VALIDADA,Wh/m^2,2017-01-01,5419.3,Calculado
21206990,TIBAITATA - AUT [21206990],RAD SOLAR,Radiación solar global horaria VALIDADA,Wh/m^2,2017-01-02,6161.3,Calculado
21206990,TIBAITATA - AUT [21206990],RAD SOLAR,Radiación solar global horaria VALIDADA,Wh/m^2,2017-01-03,6290.3,Calculado
21206990,TIBAITATA - AUT [21206990],RAD SOLAR,Radiación solar global horaria VALIDADA,Wh/m^2,2017-01-04,4489.6,Calculado
21206990,TIBAITATA - AUT [21206990],RAD SOLAR,Radiación solar global horaria VALIDADA,Wh/m^2,2017-01-05,3015.0,Calculado
21206990,TIBAITATA - AUT [21206990],RAD SOLAR,Radiación solar global horaria VALIDADA,Wh/m^2,2017-01-06,3338.8,Calculado
21206990,TIBAITATA - AUT [21206990],RAD SOLAR,Radiación solar global horaria VALIDADA,Wh/m^2,2017-01-07,2698.7,Calculado
21206990,TIBAITATA - AUT [21206990],RAD SOLAR,Radiación solar global horaria VALIDADA,Wh/m^2,2017-01-08,2258.9,Calculado
21206990,TIBAITATA - AUT [21206990],RAD SOLAR,Radiación solar global horaria VALIDADA,Wh/m^2,2017-01-09,2970.8,Calculado
21206990,TIBAITATA - AUT [21206990],RAD SOLAR,Radiación solar global horaria VALIDADA,Wh/m^2,2017-01-10,3895.5,Calculado
21206990,TIBAITATA - AUT [21206990],RAD SOLAR,Radiación solar global horaria VALIDADA,Wh/m^2,2017-01-11,5014.4,Calculado
21206990,TIBAITATA - AUT [21206990],RAD SOLAR,Radiación solar global horaria VALIDADA,Wh/m^2,2017-01-12,5126.4,Calculado
21206990,TIBAITATA - AUT [21206990],RAD SOLAR,Radiación solar global horaria VALIDADA,Wh/m^2,2017-01-13,4712.4,Calculado
21206990,TIBAITATA - AUT [21206990],RAD SOLAR,Radiación solar global horaria VALIDADA,Wh/m^2,2017-01-14,2860.0,Calculado
21206990,TIBAITATA - AUT [21206990],RAD SOLAR,Radiación solar global horaria VALIDADA,Wh/m^2,2017-01-15,4736.3,Calculado
21206990,TIBAITATA - AUT [21206990],RAD SOLAR,Radiación solar global horaria VALIDADA,Wh/m^2,2017-01-16,4986.4,Calculado
21206990,TIBAITATA - AUT [21206990],RAD SOLAR,Radiación solar global horaria VALIDADA,Wh/m^2,2017-01-17,4822.4,Calculado
21206990,TIBAITATA - AUT [21206990],RAD SOLAR,Radiación solar global horaria VALIDADA,Wh/m^2,2017-01-18,2422.9,Calculado
21206990,TIBAITATA - AUT [21206990],RAD SOLAR,Radiación solar global horaria VALIDADA,Wh/m^2,2017-01-19,6217.2,Calculado
21206990,TIBAITATA - AUT [21206990],RAD SOLAR,Radiación solar global horaria VALIDADA,Wh/m^2,2017-01-20,6081.2,Calculado
21206990,TIBAITATA - AUT [21206990],RAD SOLAR,Radiación solar global horaria VALIDADA,Wh/m^2,2017-01-21,6775.2,Calculado
21206990,TIBAITATA - AUT [21206990],RAD SOLAR,Radiación solar global horaria VALIDADA,Wh/m^2,2017-01-22,7297.2,Calculado
21206990,TIBAITATA - AUT [21206990],RAD SOLAR,Radiación solar global horaria VALIDADA,Wh/m^2,2017-01-23,6856.2,Calculado
21206990,TIBAITATA - AUT [21206990],RAD SOLAR,Radiación solar global horaria VALIDADA,Wh/m^2,2017-01-24,6416.2,Calculado
21206990,TIBAITATA - AUT [21206990],RAD SOLAR,Radiación solar global horaria VALIDADA,Wh/m^2,2017-01-25,3853.5,Calculado
21206990,TIBAITATA - AUT [21206990],RAD SOLAR,Radiación solar global horaria VALIDADA,Wh/m^2,2017-01-30,2404.8,Calculado
21206990,TIBAITATA - AUT [21206990],RAD SOLAR,Radiación solar global horaria VALIDADA,Wh/m^2,2017-02-06,5348.4,Calculado
21206990,TIBAITATA - AUT [21206990],RAD SOLAR,Radiación solar global horaria VALIDADA,Wh/m^2,2017-02-07,7129.2,Calculado
21206990,TIBAITATA - AUT [21206990],RAD SOLAR,Radiación solar global horaria VALIDADA,Wh/m^2,2017-02-08,7281.2,Calculado
21206990,TIBAITATA - AUT [21206990],RAD SOLAR,Radiación solar global horaria VALIDADA,Wh/m^2,2017-02-09,6485.2,Calculado
21206990,TIBAITATA - AUT [21206990],RAD SOLAR,Radiación solar global horaria VALIDADA,Wh/m^2,2017-02-10,5219.3,Calculado
21206990,TIBAITATA - AUT [21206990],RAD SOLAR,Radiación solar global horaria VALIDADA,Wh/m^2,2017-02-11,6716.2,Calculado
21206990,TIBAITATA - AUT [21206990],RAD SOLAR,Radiación solar global horaria VALIDADA,Wh/m^2,2017-02-12,3968.5,Calculado
21206990,TIBAITATA - AUT [21206990],RAD SOLAR,Radiación solar global horaria VALIDADA,Wh/m^2,2017-02-13,5069.4,Calculado
21206990,TIBAITATA - AUT [21206990],RAD SOLAR,Radiación solar global horaria VALIDADA,Wh/m^2,2017-02-14,5037.3,Calculado
21206990,TIBAITATA - AUT [21206990],RAD SOLAR,Radiación solar global horaria VALIDADA,Wh/m^2,2017-02-15,6635.3,Calculado
21206990,TIBAITATA - AUT [21206990],RAD SOLAR,Radiación solar global horaria VALIDADA,Wh/m^2,2017-02-16,4523.3,Calculado
21206990,TIBAITATA - AUT [21206990],RAD SOLAR,Radiación solar global horaria VALIDADA,Wh/m^2,2017-02-17,3077.8,Calculado
21206990,TIBAITATA - AUT [21206990],RAD SOLAR,Radiación solar global horaria VALIDADA,Wh/m^2,2017-02-18,6390.2,Calculado
21206990,TIBAITATA - AUT [21206990],RAD SOLAR,Radiación solar global horaria VALIDADA,Wh/m^2,2017-02-19,5948.2,Calculado
21206990,TIBAITATA - AUT [21206990],RAD SOLAR,Radiación solar global horaria VALIDADA,Wh/m^2,2017-02-20,5359.4,Calculado
21206990,TIBAITATA - AUT [21206990],RAD SOLAR,Radiación solar global horaria VALIDADA,Wh/m^2,2017-02-21,6811.099999999999,Calculado
21206990,TIBAITATA - AUT [21206990],RAD SOLAR,Radiación solar global horaria VALIDADA,Wh/m^2,2017-02-22,5991.2,Calculado
21206990,TIBAITATA - AUT [21206990],RAD SOLAR,Radiación solar global horaria VALIDADA,Wh/m^2,2017-02-23,4036.7,Calculado
21206990,TIBAITATA - AUT [21206990],RAD SOLAR,Radiación solar global horaria VALIDADA,Wh/m^2,2017-02-24,1970.0,Calculado
21206990,TIBAITATA - AUT [21206990],RAD SOLAR,Radiación solar global horaria VALIDADA,Wh/m^2,2017-02-25,2681.6,Calculado
21206990,TIBAITATA - AUT [21206990],RAD SOLAR,Radiación solar global horaria VALIDADA,Wh/m^2,2017-02-26,1.0,Calculado
21206990,TIBAITATA - AUT [21206990],RAD SOLAR,Radiación solar global horaria VALIDADA,Wh/m^2,2017-02-27,2956.8,Calculado
21206990,TIBAITATA - AUT [21206990],RAD SOLAR,Radiación solar global horaria VALIDADA,Wh/m^2,2017-02-28,4498.4,Calculado
21206990,TIBAITATA - AUT [21206990],RAD SOLAR,Radiación solar global horaria VALIDADA,Wh/m^2,2017-03-01,3406.7,Calculado
21206990,TIBAITATA - AUT [21206990],RAD SOLAR,Radiación solar global horaria VALIDADA,Wh/m^2,2017-03-02,4108.6,Calculado
21206990,TIBAITATA - AUT [21206990],RAD SOLAR,Radiación solar global horaria VALIDADA,Wh/m^2,2017-03-03,4740.4,Calculado
21206990,TIBAITATA - AUT [21206990],RAD SOLAR,Radiación solar global horaria VALIDADA,Wh/m^2,2017-03-04,3830.8,Calculado
21206990,TIBAITATA - AUT [21206990],RAD SOLAR,Radiación solar global horaria VALIDADA,Wh/m^2,2017-03-05,2785.9,Calculado
21206990,TIBAITATA - AUT [21206990],RAD SOLAR,Radiación solar global horaria VALIDADA,Wh/m^2,2017-03-06,4010.5,Calculado
21206990,TIBAITATA - AUT [21206990],RAD SOLAR,Radiación solar global horaria VALIDADA,Wh/m^2,2017-03-07,5214.4,Calculado
21206990,TIBAITATA - AUT [21206990],RAD SOLAR,Radiación solar global horaria VALIDADA,Wh/m^2,2017-03-08,1795.0,Calculado
21206990,TIBAITATA - AUT [21206990],RAD SOLAR,Radiación solar global horaria VALIDADA,Wh/m^2,2017-03-09,3635.7,Calculado
21206990,TIBAITATA - AUT [21206990],RAD SOLAR,Radiación solar global horaria VALIDADA,Wh/m^2,2017-03-10,4000.8,Calculado
21206990,TIBAITATA - AUT [21206990],RAD SOLAR,Radiación solar global horaria VALIDADA,Wh/m^2,2017-03-11,4413.3,Calculado
21206990,TIBAITATA - AUT [21206990],RAD SOLAR,Radiación solar global horaria VALIDADA,Wh/m^2,2017-03-12,2161.0,Calculado
21206990,TIBAITATA - AUT [21206990],RAD SOLAR,Radiación solar global horaria VALIDADA,Wh/m^2,2017-03-13,3371.5,Calculado
21206990,TIBAITATA - AUT [21206990],RAD SOLAR,Radiación solar global horaria VALIDADA,Wh/m^2,2017-03-14,4017.5,Calculado
21206990,TIBAITATA - AUT [21206990],RAD SOLAR,Radiación solar global horaria VALIDADA,Wh/m^2,2017-03-15,2979.9,Calculado
21206990,TIBAITATA - AUT [21206990],RAD SOLAR,Radiación solar global horaria VALIDADA,Wh/m^2,2017-03-16,6900.2,Calculado
21206990,TIBAITATA - AUT [21206990],RAD SOLAR,Radiación solar global horaria VALIDADA,Wh/m^2,2017-03-17,5244.4,Calculado
21206990,TIBAITATA - AUT [21206990],RAD SOLAR,Radiación solar global horaria VALIDADA,Wh/m^2,2017-03-18,4437.4,Calculado
21206990,TIBAITATA - AUT [21206990],RAD SOLAR,Radiación solar global horaria VALIDADA,Wh/m^2,2017-03-19,3828.6,Calculado
21206990,TIBAITATA - AUT [21206990],RAD SOLAR,Radiación solar global horaria VALIDADA,Wh/m^2,2017-03-20,3137.8,Calculado
21206990,TIBAITATA - AUT [21206990],RAD SOLAR,Radiación solar global horaria VALIDADA,Wh/m^2,2017-03-21,3327.8,Calculado
21206990,TIBAITATA - AUT [21206990],RAD SOLAR,Radiación solar global horaria VALIDADA,Wh/m^2,2017-03-22,2080.9,Calculado
21206990,TIBAITATA - AUT [21206990],RAD SOLAR,Radiación solar global horaria VALIDADA,Wh/m^2,2017-03-23,3791.7,Calculado
21206990,TIBAITATA - AUT [21206990],RAD SOLAR,Radiación solar global horaria VALIDADA,Wh/m^2,2017-03-24,2556.9,Calculado
21206990,TIBAITATA - AUT [21206990],RAD SOLAR,Radiación solar global horaria VALIDADA,Wh/m^2,2017-03-25,3828.5,Calculado
21206990,TIBAITATA - AUT [21206990],RAD SOLAR,Radiación solar global horaria VALIDADA,Wh/m^2,2017-03-26,3007.6,Calculado
21206990,TIBAITATA - AUT [21206990],RAD SOLAR,Radiación solar global horaria VALIDADA,Wh/m^2,2017-03-27,5060.5,Calculado
21206990,TIBAITATA - AUT [21206990],RAD SOLAR,Radiación solar global horaria VALIDADA,Wh/m^2,2017-03-28,3649.6,Calculado
21206990,TIBAITATA - AUT [21206990],RAD SOLAR,Radiación solar global horaria VALIDADA,Wh/m^2,2017-03-29,3530.7,Calculado
21206990,TIBAITATA - AUT [21206990],RAD SOLAR,Radiación solar global horaria VALIDADA,Wh/m^2,2017-03-30,2479.0,Calculado
21206990,TIBAITATA - AUT [21206990],RAD SOLAR,Radiación solar global horaria VALIDADA,Wh/m^2,2017-03-31,3299.6,Calculado
21206990,TIBAITATA - AUT [21206990],RAD SOLAR,Radiación solar global horaria VALIDADA,Wh/m^2,2017-04-01,2469.0,Calculado
21206990,TIBAITATA - AUT [21206990],RAD SOLAR,Radiación solar global horaria VALIDADA,Wh/m^2,2017-04-02,4934.4,Calculado
21206990,TIBAITATA - AUT [21206990],RAD SOLAR,Radiación solar global horaria VALIDADA,Wh/m^2,2017-04-03,6857.4,Calculado
21206990,TIBAITATA - AUT [21206990],RAD SOLAR,Radiación solar global horaria VALIDADA,Wh/m^2,2017-04-04,6162.3,Calculado
21206990,TIBAITATA - AUT [21206990],RAD SOLAR,Radiación solar global horaria VALIDADA,Wh/m^2,2017-04-05,6751.2,Calculado
21206990,TIBAITATA - AUT [21206990],RAD SOLAR,Radiación solar global horaria VALIDADA,Wh/m^2,2017-04-06,6785.3,Calculado
21206990,TIBAITATA - AUT [21206990],RAD SOLAR,Radiación solar global horaria VALIDADA,Wh/m^2,2017-04-07,4506.5,Calculado
21206990,TIBAITATA - AUT [21206990],RAD SOLAR,Radiación solar global horaria VALIDADA,Wh/m^2,2017-04-08,5084.4,Calculado
21206990,TIBAITATA - AUT [21206990],RAD SOLAR,Radiación solar global horaria VALIDADA,Wh/m^2,2017-04-09,2807.9,Calculado
21206990,TIBAITATA - AUT [21206990],RAD SOLAR,Radiación solar global horaria VALIDADA,Wh/m^2,2017-04-10,4095.6,Calculado
21206990,TIBAITATA - AUT [21206990],RAD SOLAR,Radiación solar global horaria VALIDADA,Wh/m^2,2017-04-11,3135.9,Calculado
21206990,TIBAITATA - AUT [21206990],RAD SOLAR,Radiación solar global horaria VALIDADA,Wh/m^2,2017-04-12,4010.5,Calculado
21206990,TIBAITATA - AUT [21206990],RAD SOLAR,Radiación solar global horaria VALIDADA,Wh/m^2,2017-04-13,3579.6,Calculado
21206990,TIBAITATA - AUT [21206990],RAD SOLAR,Radiación solar global horaria VALIDADA,Wh/m^2,2017-04-14,2450.0,Calculado
21206990,TIBAITATA - AUT [21206990],RAD SOLAR,Radiación solar global horaria VALIDADA,Wh/m^2,2017-04-15,4196.5,Calculado
21206990,TIBAITATA - AUT [21206990],RAD SOLAR,Radiación solar global horaria VALIDADA,Wh/m^2,2017-04-16,3066.9,Calculado
21206990,TIBAITATA - AUT [21206990],RAD SOLAR,Radiación solar global horaria VALIDADA,Wh/m^2,2017-04-17,4324.4,Calculado
21206990,TIBAITATA - AUT [21206990],RAD SOLAR,Radiación solar global horaria VALIDADA,Wh/m^2,2017-04-18,3285.8,Calculado
21206990,TIBAITATA - AUT [21206990],RAD SOLAR,Radiación solar global horaria VALIDADA,Wh/m^2,2017-04-19,3473.7,Calculado
21206990,TIBAITATA - AUT [21206990],RAD SOLAR,Radiación solar global horaria VALIDADA,Wh/m^2,2017-04-20,2024.0,Calculado
21206990,TIBAITATA - AUT [21206990],RAD SOLAR,Radiación solar global horaria VALIDADA,Wh/m^2,2017-04-21,4862.4,Calculado
21206990,TIBAITATA - AUT [21206990],RAD SOLAR,Radiación solar global horaria VALIDADA,Wh/m^2,2017-04-22,4382.4,Calculado
21206990,TIBAITATA - AUT [21206990],RAD SOLAR,Radiación solar global horaria VALIDADA,Wh/m^2,2017-04-23,5334.4,Calculado
21206990,TIBAITATA - AUT [21206990],RAD SOLAR,Radiación solar global horaria VALIDADA,Wh/m^2,2017-04-24,4043.2999999999997,Calculado
21206990,TIBAITATA - AUT [21206990],RAD SOLAR,Radiación solar global horaria VALIDADA,Wh/m^2,2017-04-25,3401.9,Calculado
21206990,TIBAITATA - AUT [21206990],RAD SOLAR,Radiación solar global horaria VALIDADA,Wh/m^2,2017-04-26,3859.3999999999996,Calculado
21206990,TIBAITATA - AUT [21206990],RAD SOLAR,Radiación solar global horaria VALIDADA,Wh/m^2,2017-04-27,6451.2,Calculado
21206990,TIBAITATA - AUT [21206990],RAD SOLAR,Radiación solar global horaria VALIDADA,Wh/m^2,2017-04-28,3430.7,Calculado
21206990,TIBAITATA - AUT [21206990],RAD SOLAR,Radiación solar global horaria VALIDADA,Wh/m^2,2017-04-29,2262.0,Calculado
21206990,TIBAITATA - AUT [21206990],RAD SOLAR,Radiación solar global horaria VALIDADA,Wh/m^2,2017-04-30,2471.9,Calculado
21206990,TIBAITATA - AUT [21206990],RAD SOLAR,Radiación solar global horaria VALIDADA,Wh/m^2,2017-05-01,4609.5,Calculado
21206990,TIBAITATA - AUT [21206990],RAD SOLAR,Radiación solar global horaria VALIDADA,Wh/m^2,2017-05-02,3098.7,Calculado
21206990,TIBAITATA - AUT [21206990],RAD SOLAR,Radiación solar global horaria VALIDADA,Wh/m^2,2017-05-03,2519.9,Calculado
21206990,TIBAITATA - AUT [21206990],RAD SOLAR,Radiación solar global horaria VALIDADA,Wh/m^2,2017-05-04,3358.6,Calculado
21206990,TIBAITATA - AUT [21206990],RAD SOLAR,Radiación solar global horaria VALIDADA,Wh/m^2,2017-05-05,3239.6,Calculado
21206990,TIBAITATA - AUT [21206990],RAD SOLAR,Radiación solar global horaria VALIDADA,Wh/m^2,2017-05-06,3467.5,Calculado
21206990,TIBAITATA - AUT [21206990],RAD SOLAR,Radiación solar global horaria VALIDADA,Wh/m^2,2017-05-07,3825.5,Calculado
21206990,TIBAITATA - AUT [21206990],RAD SOLAR,Radiación solar global horaria VALIDADA,Wh/m^2,2017-05-08,2914.8,Calculado
21206990,TIBAITATA - AUT [21206990],RAD SOLAR,Radiación solar global horaria VALIDADA,Wh/m^2,2017-05-09,2531.8,Calculado
21206990,TIBAITATA - AUT [21206990],RAD SOLAR,Radiación solar global horaria VALIDADA,Wh/m^2,2017-05-10,2576.9,Calculado
21206990,TIBAITATA - AUT [21206990],RAD SOLAR,Radiación solar global horaria VALIDADA,Wh/m^2,2017-05-11,2909.7,Calculado
21206990,TIBAITATA - AUT [21206990],RAD SOLAR,Radiación solar global horaria VALIDADA,Wh/m^2,2017-05-12,3413.7,Calculado
21206990,TIBAITATA - AUT [21206990],RAD SOLAR,Radiación solar global horaria VALIDADA,Wh/m^2,2017-05-13,3962.5,Calculado
21206990,TIBAITATA - AUT [21206990],RAD SOLAR,Radiación solar global horaria VALIDADA,Wh/m^2,2017-05-14,5112.4,Calculado
21206990,TIBAITATA - AUT [21206990],RAD SOLAR,Radiación solar global horaria VALIDADA,Wh/m^2,2017-05-15,3794.6,Calculado
21206990,TIBAITATA - AUT [21206990],RAD SOLAR,Radiación solar global horaria VALIDADA,Wh/m^2,2017-05-16,5066.3,Calculado
21206990,TIBAITATA - AUT [21206990],RAD SOLAR,Radiación solar global horaria VALIDADA,Wh/m^2,2017-05-17,4150.6,Calculado
21206990,TIBAITATA - AUT [21206990],RAD SOLAR,Radiación solar global horaria VALIDADA,Wh/m^2,2017-05-18,5333.5,Calculado
21206990,TIBAITATA - AUT [21206990],RAD SOLAR,Radiación solar global horaria VALIDADA,Wh/m^2,2017-05-19,5638.3,Calculado
21206990,TIBAITATA - AUT [21206990],RAD SOLAR,Radiación solar global horaria VALIDADA,Wh/m^2,2017-05-20,3576.6,Calculado
21206990,TIBAITATA - AUT [21206990],RAD SOLAR,Radiación solar global horaria VALIDADA,Wh/m^2,2017-05-21,4152.6,Calculado
21206990,TIBAITATA - AUT [21206990],RAD SOLAR,Radiación solar global horaria VALIDADA,Wh/m^2,2017-05-22,2210.9,Calculado
21206990,TIBAITATA - AUT [21206990],RAD SOLAR,Radiación solar global horaria VALIDADA,Wh/m^2,2017-05-23,2505.0,Calculado
21206990,TIBAITATA - AUT [21206990],RAD SOLAR,Radiación solar global horaria VALIDADA,Wh/m^2,2017-05-24,3549.6,Calculado
21206990,TIBAITATA - AUT [21206990],RAD SOLAR,Radiación solar global horaria VALIDADA,Wh/m^2,2017-05-25,4270.5,Calculado
21206990,TIBAITATA - AUT [21206990],RAD SOLAR,Radiación solar global horaria VALIDADA,Wh/m^2,2017-05-26,4453.4,Calculado
21206990,TIBAITATA - AUT [21206990],RAD SOLAR,Radiación solar global horaria VALIDADA,Wh/m^2,2017-05-27,5135.5,Calculado
21206990,TIBAITATA - AUT [21206990],RAD SOLAR,Radiación solar global horaria VALIDADA,Wh/m^2,2017-05-28,5309.3,Calculado
21206990,TIBAITATA - AUT [21206990],RAD SOLAR,Radiación solar global horaria VALIDADA,Wh/m^2,2017-05-29,4515.6,Calculado
21206990,TIBAITATA - AUT [21206990],RAD SOLAR,Radiación solar global horaria VALIDADA,Wh/m^2,2017-05-30,3624.7,Calculado
21206990,TIBAITATA - AUT [21206990],RAD SOLAR,Radiación solar global horaria VALIDADA,Wh/m^2,2017-05-31,3553.8,Calculado
21206990,TIBAITATA - AUT [21206990],RAD SOLAR,Radiación solar global horaria VALIDADA,Wh/m^2,2017-06-01,3577.6,Calculado
21206990,TIBAITATA - AUT [21206990],RAD SOLAR,Radiación solar global horaria VALIDADA,Wh/m^2,2017-06-02,3230.0,Calculado
21206990,TIBAITATA - AUT [21206990],RAD SOLAR,Radiación solar global horaria VALIDADA,Wh/m^2,2017-06-03,4084.7,Calculado
21206990,TIBAITATA - AUT [21206990],RAD SOLAR,Radiación solar global horaria VALIDADA,Wh/m^2,2017-06-04,2976.9,Calculado
21206990,TIBAITATA - AUT [21206990],RAD SOLAR,Radiación solar global horaria VALIDADA,Wh/m^2,2017-06-05,5485.3,Calculado
21206990,TIBAITATA - AUT [21206990],RAD SOLAR,Radiación solar global horaria VALIDADA,Wh/m^2,2017-06-06,3620.7,Calculado
21206990,TIBAITATA - AUT [21206990],RAD SOLAR,Radiación solar global horaria VALIDADA,Wh/m^2,2017-06-07,2426.9,Calculado
21206990,TIBAITATA - AUT [21206990],RAD SOLAR,Radiación solar global horaria VALIDADA,Wh/m^2,2017-06-08,2855.8,Calculado
21206990,TIBAITATA - AUT [21206990],RAD SOLAR,Radiación solar global horaria VALIDADA,Wh/m^2,2017-06-09,4112.6,Calculado
21206990,TIBAITATA - AUT [21206990],RAD SOLAR,Radiación solar global horaria VALIDADA,Wh/m^2,2017-06-10,3435.7,Calculado
21206990,TIBAITATA - AUT [21206990],RAD SOLAR,Radiación solar global horaria VALIDADA,Wh/m^2,2017-06-11,4576.5,Calculado
21206990,TIBAITATA - AUT [21206990],RAD SOLAR,Radiación solar global horaria VALIDADA,Wh/m^2,2017-06-12,2705.7,Calculado
21206990,TIBAITATA - AUT [21206990],RAD SOLAR,Radiación solar global horaria VALIDADA,Wh/m^2,2017-06-13,3683.6,Calculado
21206990,TIBAITATA - AUT [21206990],RAD SOLAR,Radiación solar global horaria VALIDADA,Wh/m^2,2017-06-14,3671.5,Calculado
21206990,TIBAITATA - AUT [21206990],RAD SOLAR,Radiación solar global horaria VALIDADA,Wh/m^2,2017-06-15,3174.8,Calculado
21206990,TIBAITATA - AUT [21206990],RAD SOLAR,Radiación solar global horaria VALIDADA,Wh/m^2,2017-06-16,4319.6,Calculado
21206990,TIBAITATA - AUT [21206990],RAD SOLAR,Radiación solar global horaria VALIDADA,Wh/m^2,2017-06-17,3200.8,Calculado
21206990,TIBAITATA - AUT [21206990],RAD SOLAR,Radiación solar global horaria VALIDADA,Wh/m^2,2017-06-18,3865.5,Calculado
21206990,TIBAITATA - AUT [21206990],RAD SOLAR,Radiación solar global horaria VALIDADA,Wh/m^2,2017-06-19,3146.8,Calculado
21206990,TIBAITATA - AUT [21206990],RAD SOLAR,Radiación solar global horaria VALIDADA,Wh/m^2,2017-06-20,2964.7,Calculado
21206990,TIBAITATA - AUT [21206990],RAD SOLAR,Radiación solar global horaria VALIDADA,Wh/m^2,2017-06-21,5030.3,Calculado
21206990,TIBAITATA - AUT [21206990],RAD SOLAR,Radiación solar global horaria VALIDADA,Wh/m^2,2017-06-22,3102.9,Calculado
21206990,TIBAITATA - AUT [21206990],RAD SOLAR,Radiación solar global horaria VALIDADA,Wh/m^2,2017-06-23,4473.5,Calculado
21206990,TIBAITATA - AUT [21206990],RAD SOLAR,Radiación solar global horaria VALIDADA,Wh/m^2,2017-06-24,3295.7,Calculado
21206990,TIBAITATA - AUT [21206990],RAD SOLAR,Radiación solar global horaria VALIDADA,Wh/m^2,2017-06-25,6126.3,Calculado
21206990,TIBAITATA - AUT [21206990],RAD SOLAR,Radiación solar global horaria VALIDADA,Wh/m^2,2017-06-26,431.0,Calculado
21206990,TIBAITATA - AUT [21206990],RAD SOLAR,Radiación solar global horaria VALIDADA,Wh/m^2,2017-06-27,0.0,Calculado
21206990,TIBAITATA - AUT [21206990],RAD SOLAR,Radiación solar global horaria VALIDADA,Wh/m^2,2017-06-28,4453.5,Calculado
21206990,TIBAITATA - AUT [21206990],RAD SOLAR,Radiación solar global horaria VALIDADA,Wh/m^2,2017-06-29,4391.5,Calculado
21206990,TIBAITATA - AUT [21206990],RAD SOLAR,Radiación solar global horaria VALIDADA,Wh/m^2,2017-06-30,5483.4,Calculado
21206990,TIBAITATA - AUT [21206990],RAD SOLAR,Radiación solar global horaria VALIDADA,Wh/m^2,2017-07-01,5799.2,Calculado
21206990,TIBAITATA - AUT [21206990],RAD SOLAR,Radiación solar global horaria VALIDADA,Wh/m^2,2017-07-02,6243.3,Calculado
21206990,TIBAITATA - AUT [21206990],RAD SOLAR,Radiación solar global horaria VALIDADA,Wh/m^2,2017-07-03,4970.4,Calculado
21206990,TIBAITATA - AUT [21206990],RAD SOLAR,Radiación solar global horaria VALIDADA,Wh/m^2,2017-07-04,4103.5,Calculado
21206990,TIBAITATA - AUT [21206990],RAD SOLAR,Radiación solar global horaria VALIDADA,Wh/m^2,2017-07-05,2581.8,Calculado
21206990,TIBAITATA - AUT [21206990],RAD SOLAR,Radiación solar global horaria VALIDADA,Wh/m^2,2017-07-06,5278.4,Calculado
21206990,TIBAITATA - AUT [21206990],RAD SOLAR,Radiación solar global horaria VALIDADA,Wh/m^2,2017-07-07,5192.5,Calculado
21206990,TIBAITATA - AUT [21206990],RAD SOLAR,Radiación solar global horaria VALIDADA,Wh/m^2,2017-07-08,3279.6,Calculado
21206990,TIBAITATA - AUT [21206990],RAD SOLAR,Radiación solar global horaria VALIDADA,Wh/m^2,2017-07-09,5094.4,Calculado
21206990,TIBAITATA - AUT [21206990],RAD SOLAR,Radiación solar global horaria VALIDADA,Wh/m^2,2017-07-10,3739.5,Calculado
21206990,TIBAITATA - AUT [21206990],RAD SOLAR,Radiación solar global horaria VALIDADA,Wh/m^2,2017-07-11,4624.5,Calculado
21206990,TIBAITATA - AUT [21206990],RAD SOLAR,Radiación solar global horaria VALIDADA,Wh/m^2,2017-07-12,2808.9,Calculado
21206990,TIBAITATA - AUT [21206990],RAD SOLAR,Radiación solar global horaria VALIDADA,Wh/m^2,2017-07-13,5289.5,Calculado
21206990,TIBAITATA - AUT [21206990],RAD SOLAR,Radiación solar global horaria VALIDADA,Wh/m^2,2017-07-14,2949.8,Calculado
21206990,TIBAITATA - AUT [21206990],RAD SOLAR,Radiación solar global horaria VALIDADA,Wh/m^2,2017-07-15,3387.7,Calculado
21206990,TIBAITATA - AUT [21206990],RAD SOLAR,Radiación solar global horaria VALIDADA,Wh/m^2,2017-07-16,3810.6,Calculado
21206990,TIBAITATA - AUT [21206990],RAD SOLAR,Radiación solar global horaria VALIDADA,Wh/m^2,2017-07-17,3017.7,Calculado
21206990,TIBAITATA - AUT [21206990],RAD SOLAR,Radiación solar global horaria VALIDADA,Wh/m^2,2017-07-18,2968.9,Calculado
21206990,TIBAITATA - AUT [21206990],RAD SOLAR,Radiación solar global horaria VALIDADA,Wh/m^2,2017-07-19,5419.2,Calculado
21206990,TIBAITATA - AUT [21206990],RAD SOLAR,Radiación solar global horaria VALIDADA,Wh/m^2,2017-07-20,0.0,Calculado
21206990,TIBAITATA - AUT [21206990],RAD SOLAR,Radiación solar global horaria VALIDADA,Wh/m^2,2017-07-21,4399.5,Calculado
21206990,TIBAITATA - AUT [21206990],RAD SOLAR,Radiación solar global horaria VALIDADA,Wh/m^2,2017-07-22,3849.6,Calculado
21206990,TIBAITATA - AUT [21206990],RAD SOLAR,Radiación solar global horaria VALIDADA,Wh/m^2,2017-07-23,4901.4,Calculado
21206990,TIBAITATA - AUT [21206990],RAD SOLAR,Radiación solar global horaria VALIDADA,Wh/m^2,2017-07-24,3603.9,Calculado
21206990,TIBAITATA - AUT [21206990],RAD SOLAR,Radiación solar global horaria VALIDADA,Wh/m^2,2017-07-25,5701.3,Calculado
21206990,TIBAITATA - AUT [21206990],RAD SOLAR,Radiación solar global horaria VALIDADA,Wh/m^2,2017-07-26,4521.6,Calculado
21206990,TIBAITATA - AUT [21206990],RAD SOLAR,Radiación solar global horaria VALIDADA,Wh/m^2,2017-07-27,5572.3,Calculado
21206990,TIBAITATA - AUT [21206990],RAD SOLAR,Radiación solar global horaria VALIDADA,Wh/m^2,2017-07-28,4932.4,Calculado
21206990,TIBAITATA - AUT [21206990],RAD SOLAR,Radiación solar global horaria VALIDADA,Wh/m^2,2017-07-29,0.0,Calculado
21206990,TIBAITATA - AUT [21206990],RAD SOLAR,Radiación solar global horaria VALIDADA,Wh/m^2,2017-07-30,4264.4,Calculado
21206990,TIBAITATA - AUT [21206990],RAD SOLAR,Radiación solar global horaria VALIDADA,Wh/m^2,2017-07-31,3953.7,Calculado
21206990,TIBAITATA - AUT [21206990],RAD SOLAR,Radiación solar global horaria VALIDADA,Wh/m^2,2017-08-01,4019.5,Calculado
21206990,TIBAITATA - AUT [21206990],RAD SOLAR,Radiación solar global horaria VALIDADA,Wh/m^2,2017-08-02,4896.4,Calculado
21206990,TIBAITATA - AUT [21206990],RAD SOLAR,Radiación solar global horaria VALIDADA,Wh/m^2,2017-08-03,6146.3,Calculado
21206990,TIBAITATA - AUT [21206990],RAD SOLAR,Radiación solar global horaria VALIDADA,Wh/m^2,2017-08-04,3245.7,Calculado
21206990,TIBAITATA - AUT [21206990],RAD SOLAR,Radiación solar global horaria VALIDADA,Wh/m^2,2017-08-05,5177.4,Calculado
21206990,TIBAITATA - AUT [21206990],RAD SOLAR,Radiación solar global horaria VALIDADA,Wh/m^2,2017-08-06,110.0,Calculado
21206990,TIBAITATA - AUT [21206990],RAD SOLAR,Radiación solar global horaria VALIDADA,Wh/m^2,2017-08-07,3267.7,Calculado
21206990,TIBAITATA - AUT [21206990],RAD SOLAR,Radiación solar global horaria VALIDADA,Wh/m^2,2017-08-08,3651.8,Calculado
21206990,TIBAITATA - AUT [21206990],RAD SOLAR,Radiación solar global horaria VALIDADA,Wh/m^2,2017-08-09,4734.5,Calculado
21206990,TIBAITATA - AUT [21206990],RAD SOLAR,Radiación solar global horaria VALIDADA,Wh/m^2,2017-08-10,3577.6,Calculado
21206990,TIBAITATA - AUT [21206990],RAD SOLAR,Radiación solar global horaria VALIDADA,Wh/m^2,2017-08-11,3213.7,Calculado
21206990,TIBAITATA - AUT [21206990],RAD SOLAR,Radiación solar global horaria VALIDADA,Wh/m^2,2017-08-14,4858.5,Calculado
21206990,TIBAITATA - AUT [21206990],RAD SOLAR,Radiación solar global horaria VALIDADA,Wh/m^2,2017-08-15,3204.8,Calculado
21206990,TIBAITATA - AUT [21206990],RAD SOLAR,Radiación solar global horaria VALIDADA,Wh/m^2,2017-08-16,4336.6,Calculado
21206990,TIBAITATA - AUT [21206990],RAD SOLAR,Radiación solar global horaria VALIDADA,Wh/m^2,2017-08-17,4351.6,Calculado
21206990,TIBAITATA - AUT [21206990],RAD SOLAR,Radiación solar global horaria VALIDADA,Wh/m^2,2017-08-18,4588.5,Calculado
21206990,TIBAITATA - AUT [21206990],RAD SOLAR,Radiación solar global horaria VALIDADA,Wh/m^2,2017-08-19,4226.5,Calculado
21206990,TIBAITATA - AUT [21206990],RAD SOLAR,Radiación solar global horaria VALIDADA,Wh/m^2,2017-08-21,4137.4,Calculado
21206990,TIBAITATA - AUT [21206990],RAD SOLAR,Radiación solar global horaria VALIDADA,Wh/m^2,2017-08-22,5221.4,Calculado
21206990,TIBAITATA - AUT [21206990],RAD SOLAR,Radiación solar global horaria VALIDADA,Wh/m^2,2017-08-23,4529.6,Calculado
21206990,TIBAITATA - AUT [21206990],RAD SOLAR,Radiación solar global horaria VALIDADA,Wh/m^2,2017-08-24,2320.0,Calculado
21206990,TIBAITATA - AUT [21206990],RAD SOLAR,Radiación solar global horaria VALIDADA,Wh/m^2,2017-08-25,3144.0,Calculado
21206990,TIBAITATA - AUT [21206990],RAD SOLAR,Radiación solar global horaria VALIDADA,Wh/m^2,2017-08-26,3032.9,Calculado
21206990,TIBAITATA - AUT [21206990],RAD SOLAR,Radiación solar global horaria VALIDADA,Wh/m^2,2017-08-27,4984.5,Calculado
21206990,TIBAITATA - AUT [21206990],RAD SOLAR,Radiación solar global horaria VALIDADA,Wh/m^2,2017-08-28,2680.9,Calculado
21206990,TIBAITATA - AUT [21206990],RAD SOLAR,Radiación solar global horaria VALIDADA,Wh/m^2,2017-08-29,2732.0,Calculado
21206990,TIBAITATA - AUT [21206990],RAD SOLAR,Radiación solar global horaria VALIDADA,Wh/m^2,2017-08-30,3483.8,Calculado
21206990,TIBAITATA - AUT [21206990],RAD SOLAR,Radiación solar global horaria VALIDADA,Wh/m^2,2017-08-31,6649.2,Calculado
21206990,TIBAITATA - AUT [21206990],RAD SOLAR,Radiación solar global horaria VALIDADA,Wh/m^2,2017-09-01,6137.4,Calculado
21206990,TIBAITATA - AUT [21206990],RAD SOLAR,Radiación solar global horaria VALIDADA,Wh/m^2,2017-09-02,5231.3,Calculado
21206990,TIBAITATA - AUT [21206990],RAD SOLAR,Radiación solar global horaria VALIDADA,Wh/m^2,2017-09-03,4927.3,Calculado
21206990,TIBAITATA - AUT [21206990],RAD SOLAR,Radiación solar global horaria VALIDADA,Wh/m^2,2017-09-04,4930.5,Calculado
21206990,TIBAITATA - AUT [21206990],RAD SOLAR,Radiación solar global horaria VALIDADA,Wh/m^2,2017-09-05,3601.7,Calculado
21206990,TIBAITATA - AUT [21206990],RAD SOLAR,Radiación solar global horaria VALIDADA,Wh/m^2,2017-09-06,6216.3,Calculado
21206990,TIBAITATA - AUT [21206990],RAD SOLAR,Radiación solar global horaria VALIDADA,Wh/m^2,2017-09-07,3929.5,Calculado
21206990,TIBAITATA - AUT [21206990],RAD SOLAR,Radiación solar global horaria VALIDADA,Wh/m^2,2017-09-08,2190.9,Calculado
21206990,TIBAITATA - AUT [21206990],RAD SOLAR,Radiación solar global horaria VALIDADA,Wh/m^2,2017-09-09,3304.7,Calculado
21206990,TIBAITATA - AUT [21206990],RAD SOLAR,Radiación solar global horaria VALIDADA,Wh/m^2,2017-09-10,5688.3,Calculado
21206990,TIBAITATA - AUT [21206990],RAD SOLAR,Radiación solar global horaria VALIDADA,Wh/m^2,2017-09-11,5822.3,Calculado
21206990,TIBAITATA - AUT [21206990],RAD SOLAR,Radiación solar global horaria VALIDADA,Wh/m^2,2017-09-12,4780.5,Calculado
21206990,TIBAITATA - AUT [21206990],RAD SOLAR,Radiación solar global horaria VALIDADA,Wh/m^2,2017-09-13,5210.5,Calculado
21206990,TIBAITATA - AUT [21206990],RAD SOLAR,Radiación solar global horaria VALIDADA,Wh/m^2,2017-09-14,5633.3,Calculado
21206990,TIBAITATA - AUT [21206990],RAD SOLAR,Radiación solar global horaria VALIDADA,Wh/m^2,2017-09-15,3223.7,Calculado
21206990,TIBAITATA - AUT [21206990],RAD SOLAR,Radiación solar global horaria VALIDADA,Wh/m^2,2017-09-16,3584.6,Calculado
21206990,TIBAITATA - AUT [21206990],RAD SOLAR,Radiación solar global horaria VALIDADA,Wh/m^2,2017-09-17,2857.7,Calculado
21206990,TIBAITATA - AUT [21206990],RAD SOLAR,Radiación solar global horaria VALIDADA,Wh/m^2,2017-09-18,4630.4,Calculado
21206990,TIBAITATA - AUT [21206990],RAD SOLAR,Radiación solar global horaria VALIDADA,Wh/m^2,2017-09-19,6847.2,Calculado
21206990,TIBAITATA - AUT [21206990],RAD SOLAR,Radiación solar global horaria VALIDADA,Wh/m^2,2017-09-20,3818.5,Calculado
21206990,TIBAITATA - AUT [21206990],RAD SOLAR,Radiación solar global horaria VALIDADA,Wh/m^2,2017-09-21,4708.3,Calculado
21206990,TIBAITATA - AUT [21206990],RAD SOLAR,Radiación solar global horaria VALIDADA,Wh/m^2,2017-09-22,4737.4,Calculado
21206990,TIBAITATA - AUT [21206990],RAD SOLAR,Radiación solar global horaria VALIDADA,Wh/m^2,2017-09-23,3475.7,Calculado
21206990,TIBAITATA - AUT [21206990],RAD SOLAR,Radiación solar global horaria VALIDADA,Wh/m^2,2017-09-24,3172.7,Calculado
21206990,TIBAITATA - AUT [21206990],RAD SOLAR,Radiación solar global horaria VALIDADA,Wh/m^2,2017-09-25,6148.3,Calculado
21206990,TIBAITATA - AUT [21206990],RAD SOLAR,Radiación solar global horaria VALIDADA,Wh/m^2,2017-09-26,2695.0,Calculado
21206990,TIBAITATA - AUT [21206990],RAD SOLAR,Radiación solar global horaria VALIDADA,Wh/m^2,2017-09-27,5835.2,Calculado
21206990,TIBAITATA - AUT [21206990],RAD SOLAR,Radiación solar global horaria VALIDADA,Wh/m^2,2017-09-28,3697.6,Calculado
21206990,TIBAITATA - AUT [21206990],RAD SOLAR,Radiación solar global horaria VALIDADA,Wh/m^2,2017-09-29,4717.5,Calculado
21206990,TIBAITATA - AUT [21206990],RAD SOLAR,Radiación solar global horaria VALIDADA,Wh/m^2,2017-09-30,3345.6,Calculado
21206990,TIBAITATA - AUT [21206990],RAD SOLAR,Radiación solar global horaria VALIDADA,Wh/m^2,2017-10-01,0.0,Calculado
21206990,TIBAITATA - AUT [21206990],RAD SOLAR,Radiación solar global horaria VALIDADA,Wh/m^2,2017-12-14,3963.7,Calculado
21206990,TIBAITATA - AUT [21206990],RAD SOLAR,Radiación solar global horaria VALIDADA,Wh/m^2,2017-12-15,3815.5,Calculado
21206990,TIBAITATA - AUT [21206990],RAD SOLAR,Radiación solar global horaria VALIDADA,Wh/m^2,2017-12-16,4771.4,Calculado
21206990,TIBAITATA - AUT [21206990],RAD SOLAR,Radiación solar global horaria VALIDADA,Wh/m^2,2017-12-17,6497.2,Calculado
21206990,TIBAITATA - AUT [21206990],RAD SOLAR,Radiación solar global horaria VALIDADA,Wh/m^2,2017-12-18,6686.2,Calculado
21206990,TIBAITATA - AUT [21206990],RAD SOLAR,Radiación solar global horaria VALIDADA,Wh/m^2,2017-12-19,6041.2,Calculado
21206990,TIBAITATA - AUT [21206990],RAD SOLAR,Radiación solar global horaria VALIDADA,Wh/m^2,2017-12-20,5357.3,Calculado
21206990,TIBAITATA - AUT [21206990],RAD SOLAR,Radiación solar global horaria VALIDADA,Wh/m^2,2017-12-21,5394.3,Calculado
21206990,TIBAITATA - AUT [21206990],RAD SOLAR,Radiación solar global horaria VALIDADA,Wh/m^2,2017-12-22,5491.2,Calculado
21206990,TIBAITATA - AUT [21206990],RAD SOLAR,Radiación solar global horaria VALIDADA,Wh/m^2,2017-12-23,59.0,Calculado
21206990,TIBAITATA - AUT [21206990],RAD SOLAR,Radiación solar global horaria VALIDADA,Wh/m^2,2017-12-25,0.0,Calculado
21206990,TIBAITATA - AUT [21206990],RAD SOLAR,Radiación solar global horaria VALIDADA,Wh/m^2,2017-12-26,2794.8,Calculado
21206990,TIBAITATA - AUT [21206990],RAD SOLAR,Radiación solar global horaria VALIDADA,Wh/m^2,2017-12-27,2562.8,Calculado
21206990,TIBAITATA - AUT [21206990],RAD SOLAR,Radiación solar global horaria VALIDADA,Wh/m^2,2017-12-28,3707.6,Calculado
21206990,TIBAITATA - AUT [21206990],RAD SOLAR,Radiación solar global horaria VALIDADA,Wh/m^2,2017-12-29,4635.2,Calculado
21206990,TIBAITATA - AUT [21206990],RAD SOLAR,Radiación solar global horaria VALIDADA,Wh/m^2,2017-12-30,3560.6,Calculado
21206990,TIBAITATA - AUT [21206990],RAD SOLAR,Radiación solar global horaria VALIDADA,Wh/m^2,2017-12-31,3508.5,Calculado
21206990,TIBAITATA - AUT [21206990],RAD SOLAR,Radiación solar global horaria VALIDADA,Wh/m^2,2018-01-01,3848.5,Calculado
21206990,TIBAITATA - AUT [21206990],RAD SOLAR,Radiación solar global horaria VALIDADA,Wh/m^2,2018-01-02,2600.9,Calculado
21206990,TIBAITATA - AUT [21206990],RAD SOLAR,Radiación solar global horaria VALIDADA,Wh/m^2,2018-01-03,5304.3,Calculado
21206990,TIBAITATA - AUT [21206990],RAD SOLAR,Radiación solar global horaria VALIDADA,Wh/m^2,2018-01-04,4731.4,Calculado
21206990,TIBAITATA - AUT [21206990],RAD SOLAR,Radiación solar global horaria VALIDADA,Wh/m^2,2018-01-05,5026.4,Calculado
21206990,TIBAITATA - AUT [21206990],RAD SOLAR,Radiación solar global horaria VALIDADA,Wh/m^2,2018-01-06,4089.2999999999997,Calculado
21206990,TIBAITATA - AUT [21206990],RAD SOLAR,Radiación solar global horaria VALIDADA,Wh/m^2,2018-01-07,6320.2,Calculado
21206990,TIBAITATA - AUT [21206990],RAD SOLAR,Radiación solar global horaria VALIDADA,Wh/m^2,2018-01-08,4606.4,Calculado
21206990,TIBAITATA - AUT [21206990],RAD SOLAR,Radiación solar global horaria VALIDADA,Wh/m^2,2018-01-09,4588.5,Calculado
21206990,TIBAITATA - AUT [21206990],RAD SOLAR,Radiación solar global horaria VALIDADA,Wh/m^2,2018-01-10,5013.3,Calculado
21206990,TIBAITATA - AUT [21206990],RAD SOLAR,Radiación solar global horaria VALIDADA,Wh/m^2,2018-01-11,2621.8,Calculado
21206990,TIBAITATA - AUT [21206990],RAD SOLAR,Radiación solar global horaria VALIDADA,Wh/m^2,2018-01-12,3389.7,Calculado
21206990,TIBAITATA - AUT [21206990],RAD SOLAR,Radiación solar global horaria VALIDADA,Wh/m^2,2018-01-13,3510.8,Calculado
21206990,TIBAITATA - AUT [21206990],RAD SOLAR,Radiación solar global horaria VALIDADA,Wh/m^2,2018-01-14,3460.7,Calculado
21206990,TIBAITATA - AUT [21206990],RAD SOLAR,Radiación solar global horaria VALIDADA,Wh/m^2,2018-01-15,4179.7,Calculado
21206990,TIBAITATA - AUT [21206990],RAD SOLAR,Radiación solar global horaria VALIDADA,Wh/m^2,2018-01-16,4203.4,Calculado
21206990,TIBAITATA - AUT [21206990],RAD SOLAR,Radiación solar global horaria VALIDADA,Wh/m^2,2018-01-17,2638.7,Calculado
21206990,TIBAITATA - AUT [21206990],RAD SOLAR,Radiación solar global horaria VALIDADA,Wh/m^2,2018-01-18,3055.7,Calculado
21206990,TIBAITATA - AUT [21206990],RAD SOLAR,Radiación solar global horaria VALIDADA,Wh/m^2,2018-01-19,2929.8,Calculado
21206990,TIBAITATA - AUT [21206990],RAD SOLAR,Radiación solar global horaria VALIDADA,Wh/m^2,2018-01-20,5901.3,Calculado
21206990,TIBAITATA - AUT [21206990],RAD SOLAR,Radiación solar global horaria VALIDADA,Wh/m^2,2018-01-21,3619.6,Calculado
21206990,TIBAITATA - AUT [21206990],RAD SOLAR,Radiación solar global horaria VALIDADA,Wh/m^2,2018-01-22,3699.7,Calculado
21206990,TIBAITATA - AUT [21206990],RAD SOLAR,Radiación solar global horaria VALIDADA,Wh/m^2,2018-01-23,5224.4,Calculado
21206990,TIBAITATA - AUT [21206990],RAD SOLAR,Radiación solar global horaria VALIDADA,Wh/m^2,2018-01-24,6405.3,Calculado
21206990,TIBAITATA - AUT [21206990],RAD SOLAR,Radiación solar global horaria VALIDADA,Wh/m^2,2018-01-25,5473.4,Calculado
21206990,TIBAITATA - AUT [21206990],RAD SOLAR,Radiación solar global horaria VALIDADA,Wh/m^2,2018-01-26,4053.5,Calculado
21206990,TIBAITATA - AUT [21206990],RAD SOLAR,Radiación solar global horaria VALIDADA,Wh/m^2,2018-01-27,6167.2,Calculado
21206990,TIBAITATA - AUT [21206990],RAD SOLAR,Radiación solar global horaria VALIDADA,Wh/m^2,2018-01-28,5432.2,Calculado
21206990,TIBAITATA - AUT [21206990],RAD SOLAR,Radiación solar global horaria VALIDADA,Wh/m^2,2018-01-29,6552.2,Calculado
21206990,TIBAITATA - AUT [21206990],RAD SOLAR,Radiación solar global horaria VALIDADA,Wh/m^2,2018-01-30,4846.4,Calculado
21206990,TIBAITATA - AUT [21206990],RAD SOLAR,Radiación solar global horaria VALIDADA,Wh/m^2,2018-01-31,5589.3,Calculado
21206990,TIBAITATA - AUT [21206990],RAD SOLAR,Radiación solar global horaria VALIDADA,Wh/m^2,2018-02-01,5593.3,Calculado
21206990,TIBAITATA - AUT [21206990],RAD SOLAR,Radiación solar global horaria VALIDADA,Wh/m^2,2018-02-02,5435.3,Calculado
21206990,TIBAITATA - AUT [21206990],RAD SOLAR,Radiación solar global horaria VALIDADA,Wh/m^2,2018-02-03,3669.6,Calculado
21206990,TIBAITATA - AUT [21206990],RAD SOLAR,Radiación solar global horaria VALIDADA,Wh/m^2,2018-02-04,4047.5,Calculado
21206990,TIBAITATA - AUT [21206990],RAD SOLAR,Radiación solar global horaria VALIDADA,Wh/m^2,2018-02-05,6075.2,Calculado
21206990,TIBAITATA - AUT [21206990],RAD SOLAR,Radiación solar global horaria VALIDADA,Wh/m^2,2018-02-06,4758.3,Calculado
21206990,TIBAITATA - AUT [21206990],RAD SOLAR,Radiación solar global horaria VALIDADA,Wh/m^2,2018-02-07,6006.3,Calculado
21206990,TIBAITATA - AUT [21206990],RAD SOLAR,Radiación solar global horaria VALIDADA,Wh/m^2,2018-02-08,6094.3,Calculado
21206990,TIBAITATA - AUT [21206990],RAD SOLAR,Radiación solar global horaria VALIDADA,Wh/m^2,2018-02-09,4215.5,Calculado
21206990,TIBAITATA - AUT [21206990],RAD SOLAR,Radiación solar global horaria VALIDADA,Wh/m^2,2018-02-10,5123.4,Calculado
21206990,TIBAITATA - AUT [21206990],RAD SOLAR,Radiación solar global horaria VALIDADA,Wh/m^2,2018-02-11,5094.3,Calculado
21206990,TIBAITATA - AUT [21206990],RAD SOLAR,Radiación solar global horaria VALIDADA,Wh/m^2,2018-02-12,4273.5,Calculado
21206990,TIBAITATA - AUT [21206990],RAD SOLAR,Radiación solar global horaria VALIDADA,Wh/m^2,2018-02-13,5673.2,Calculado
21206990,TIBAITATA - AUT [21206990],RAD SOLAR,Radiación solar global horaria VALIDADA,Wh/m^2,2018-02-14,5661.4,Calculado
21206990,TIBAITATA - AUT [21206990],RAD SOLAR,Radiación solar global horaria VALIDADA,Wh/m^2,2018-02-15,3749.6,Calculado
21206990,TIBAITATA - AUT [21206990],RAD SOLAR,Radiación solar global horaria VALIDADA,Wh/m^2,2018-02-16,4978.3,Calculado
21206990,TIBAITATA - AUT [21206990],RAD SOLAR,Radiación solar global horaria VALIDADA,Wh/m^2,2018-02-17,3402.7,Calculado
21206990,TIBAITATA - AUT [21206990],RAD SOLAR,Radiación solar global horaria VALIDADA,Wh/m^2,2018-02-18,2709.9,Calculado
21206990,TIBAITATA - AUT [21206990],RAD SOLAR,Radiación solar global horaria VALIDADA,Wh/m^2,2018-02-19,5287.3,Calculado
21206990,TIBAITATA - AUT [21206990],RAD SOLAR,Radiación solar global horaria VALIDADA,Wh/m^2,2018-02-20,6269.3,Calculado
21206990,TIBAITATA - AUT [21206990],RAD SOLAR,Radiación solar global horaria VALIDADA,Wh/m^2,2018-02-21,6287.3,Calculado
21206990,TIBAITATA - AUT [21206990],RAD SOLAR,Radiación solar global horaria VALIDADA,Wh/m^2,2018-02-22,3524.6,Calculado
21206990,TIBAITATA - AUT [21206990],RAD SOLAR,Radiación solar global horaria VALIDADA,Wh/m^2,2018-02-23,2229.0,Calculado
21206990,TIBAITATA - AUT [21206990],RAD SOLAR,Radiación solar global horaria VALIDADA,Wh/m^2,2018-02-24,3101.9,Calculado
21206990,TIBAITATA - AUT [21206990],RAD SOLAR,Radiación solar global horaria VALIDADA,Wh/m^2,2018-02-25,2765.9,Calculado
21206990,TIBAITATA - AUT [21206990],RAD SOLAR,Radiación solar global horaria VALIDADA,Wh/m^2,2018-02-26,4823.4,Calculado
21206990,TIBAITATA - AUT [21206990],RAD SOLAR,Radiación solar global horaria VALIDADA,Wh/m^2,2018-02-27,7136.2,Calculado
21206990,TIBAITATA - AUT [21206990],RAD SOLAR,Radiación solar global horaria VALIDADA,Wh/m^2,2018-02-28,6291.2,Calculado
21206990,TIBAITATA - AUT [21206990],RAD SOLAR,Radiación solar global horaria VALIDADA,Wh/m^2,2018-03-01,5296.3,Calculado
21206990,TIBAITATA - AUT [21206990],RAD SOLAR,Radiación solar global horaria VALIDADA,Wh/m^2,2018-03-02,4071.6,Calculado
21206990,TIBAITATA - AUT [21206990],RAD SOLAR,Radiación solar global horaria VALIDADA,Wh/m^2,2018-03-03,4050.5,Calculado
21206990,TIBAITATA - AUT [21206990],RAD SOLAR,Radiación solar global horaria VALIDADA,Wh/m^2,2018-03-04,3707.3999999999996,Calculado
21206990,TIBAITATA - AUT [21206990],RAD SOLAR,Radiación solar global horaria VALIDADA,Wh/m^2,2018-03-05,3161.7,Calculado
21206990,TIBAITATA - AUT [21206990],RAD SOLAR,Radiación solar global horaria VALIDADA,Wh/m^2,2018-03-06,1902.0,Calculado
21206990,TIBAITATA - AUT [21206990],RAD SOLAR,Radiación solar global horaria VALIDADA,Wh/m^2,2018-03-07,2842.9,Calculado
21206990,TIBAITATA - AUT [21206990],RAD SOLAR,Radiación solar global horaria VALIDADA,Wh/m^2,2018-03-08,3190.7,Calculado
21206990,TIBAITATA - AUT [21206990],RAD SOLAR,Radiación solar global horaria VALIDADA,Wh/m^2,2018-03-09,3545.6,Calculado
21206990,TIBAITATA - AUT [21206990],RAD SOLAR,Radiación solar global horaria VALIDADA,Wh/m^2,2018-03-10,5890.3,Calculado
21206990,TIBAITATA - AUT [21206990],RAD SOLAR,Radiación solar global horaria VALIDADA,Wh/m^2,2018-03-11,7311.2,Calculado
21206990,TIBAITATA - AUT [21206990],RAD SOLAR,Radiación solar global horaria VALIDADA,Wh/m^2,2018-03-12,6257.4,Calculado
21206990,TIBAITATA - AUT [21206990],RAD SOLAR,Radiación solar global horaria VALIDADA,Wh/m^2,2018-03-13,4588.4,Calculado
21206990,TIBAITATA - AUT [21206990],RAD SOLAR,Radiación solar global horaria VALIDADA,Wh/m^2,2018-03-14,6961.2,Calculado
21206990,TIBAITATA - AUT [21206990],RAD SOLAR,Radiación solar global horaria VALIDADA,Wh/m^2,2018-03-15,5189.4,Calculado
21206990,TIBAITATA - AUT [21206990],RAD SOLAR,Radiación solar global horaria VALIDADA,Wh/m^2,2018-03-16,4942.5,Calculado
21206990,TIBAITATA - AUT [21206990],RAD SOLAR,Radiación solar global horaria VALIDADA,Wh/m^2,2018-03-17,6803.2,Calculado
21206990,TIBAITATA - AUT [21206990],RAD SOLAR,Radiación solar global horaria VALIDADA,Wh/m^2,2018-03-18,5645.3,Calculado
21206990,TIBAITATA - AUT [21206990],RAD SOLAR,Radiación solar global horaria VALIDADA,Wh/m^2,2018-03-19,1740.8,Calculado
21206990,TIBAITATA - AUT [21206990],RAD SOLAR,Radiación solar global horaria VALIDADA,Wh/m^2,2018-03-20,4901.5,Calculado
21206990,TIBAITATA - AUT [21206990],RAD SOLAR,Radiación solar global horaria VALIDADA,Wh/m^2,2018-03-21,5216.3,Calculado
21206990,TIBAITATA - AUT [21206990],RAD SOLAR,Radiación solar global horaria VALIDADA,Wh/m^2,2018-03-22,4954.4,Calculado
21206990,TIBAITATA - AUT [21206990],RAD SOLAR,Radiación solar global horaria VALIDADA,Wh/m^2,2018-03-23,4366.5,Calculado
21206990,TIBAITATA - AUT [21206990],RAD SOLAR,Radiación solar global horaria VALIDADA,Wh/m^2,2018-03-24,2260.0,Calculado
21206990,TIBAITATA - AUT [21206990],RAD SOLAR,Radiación solar global horaria VALIDADA,Wh/m^2,2018-03-25,5512.4,Calculado
21206990,TIBAITATA - AUT [21206990],RAD SOLAR,Radiación solar global horaria VALIDADA,Wh/m^2,2018-03-26,5199.4,Calculado
21206990,TIBAITATA - AUT [21206990],RAD SOLAR,Radiación solar global horaria VALIDADA,Wh/m^2,2018-03-27,3506.6,Calculado
21206990,TIBAITATA - AUT [21206990],RAD SOLAR,Radiación solar global horaria VALIDADA,Wh/m^2,2018-03-28,2325.9,Calculado
21206990,TIBAITATA - AUT [21206990],RAD SOLAR,Radiación solar global horaria VALIDADA,Wh/m^2,2018-03-29,811.0,Calculado
21206990,TIBAITATA - AUT [21206990],RAD SOLAR,Radiación solar global horaria VALIDADA,Wh/m^2,2018-03-30,2120.0,Calculado
21206990,TIBAITATA - AUT [21206990],RAD SOLAR,Radiación solar global horaria VALIDADA,Wh/m^2,2018-03-31,3108.7,Calculado
21206990,TIBAITATA - AUT [21206990],RAD SOLAR,Radiación solar global horaria VALIDADA,Wh/m^2,2018-04-01,3608.5,Calculado
21206990,TIBAITATA - AUT [21206990],RAD SOLAR,Radiación solar global horaria VALIDADA,Wh/m^2,2018-04-02,2765.7,Calculado
21206990,TIBAITATA - AUT [21206990],RAD SOLAR,Radiación solar global horaria VALIDADA,Wh/m^2,2018-04-03,3684.6,Calculado
21206990,TIBAITATA - AUT [21206990],RAD SOLAR,Radiación solar global horaria VALIDADA,Wh/m^2,2018-04-04,3151.6,Calculado
21206990,TIBAITATA - AUT [21206990],RAD SOLAR,Radiación solar global horaria VALIDADA,Wh/m^2,2018-04-05,3156.6,Calculado
21206990,TIBAITATA - AUT [21206990],RAD SOLAR,Radiación solar global horaria VALIDADA,Wh/m^2,2018-04-06,1679.0,Calculado
21206990,TIBAITATA - AUT [21206990],RAD SOLAR,Radiación solar global horaria VALIDADA,Wh/m^2,2018-04-07,2475.8,Calculado
21206990,TIBAITATA - AUT [21206990],RAD SOLAR,Radiación solar global horaria VALIDADA,Wh/m^2,2018-04-08,4736.6,Calculado
21206990,TIBAITATA - AUT [21206990],RAD SOLAR,Radiación solar global horaria VALIDADA,Wh/m^2,2018-04-09,4771.4,Calculado
21206990,TIBAITATA - AUT [21206990],RAD SOLAR,Radiación solar global horaria VALIDADA,Wh/m^2,2018-04-10,3170.8,Calculado
21206990,TIBAITATA - AUT [21206990],RAD SOLAR,Radiación solar global horaria VALIDADA,Wh/m^2,2018-04-11,2518.0,Calculado
21206990,TIBAITATA - AUT [21206990],RAD SOLAR,Radiación solar global horaria VALIDADA,Wh/m^2,2018-04-12,2200.9,Calculado
21206990,TIBAITATA - AUT [21206990],RAD SOLAR,Radiación solar global horaria VALIDADA,Wh/m^2,2018-04-13,3423.7,Calculado
21206990,TIBAITATA - AUT [21206990],RAD SOLAR,Radiación solar global horaria VALIDADA,Wh/m^2,2018-04-14,2043.6999999999998,Calculado
21206990,TIBAITATA - AUT [21206990],RAD SOLAR,Radiación solar global horaria VALIDADA,Wh/m^2,2018-04-15,4073.7,Calculado
21206990,TIBAITATA - AUT [21206990],RAD SOLAR,Radiación solar global horaria VALIDADA,Wh/m^2,2018-04-16,1542.9,Calculado
21206990,TIBAITATA - AUT [21206990],RAD SOLAR,Radiación solar global horaria VALIDADA,Wh/m^2,2018-04-17,3241.8,Calculado
21206990,TIBAITATA - AUT [21206990],RAD SOLAR,Radiación solar global horaria VALIDADA,Wh/m^2,2018-04-18,3180.6,Calculado
21206990,TIBAITATA - AUT [21206990],RAD SOLAR,Radiación solar global horaria VALIDADA,Wh/m^2,2018-04-19,3673.7,Calculado
21206990,TIBAITATA - AUT [21206990],RAD SOLAR,Radiación solar global horaria VALIDADA,Wh/m^2,2018-04-20,2040.9,Calculado
21206990,TIBAITATA - AUT [21206990],RAD SOLAR,Radiación solar global horaria VALIDADA,Wh/m^2,2018-04-21,2881.9,Calculado
21206990,TIBAITATA - AUT [21206990],RAD SOLAR,Radiación solar global horaria VALIDADA,Wh/m^2,2018-04-22,2660.7,Calculado
21206990,TIBAITATA - AUT [21206990],RAD SOLAR,Radiación solar global horaria VALIDADA,Wh/m^2,2018-04-23,6997.2,Calculado
21206990,TIBAITATA - AUT [21206990],RAD SOLAR,Radiación solar global horaria VALIDADA,Wh/m^2,2018-04-24,3318.8,Calculado
21206990,TIBAITATA - AUT [21206990],RAD SOLAR,Radiación solar global horaria VALIDADA,Wh/m^2,2018-04-25,1978.0,Calculado
21206990,TIBAITATA - AUT [21206990],RAD SOLAR,Radiación solar global horaria VALIDADA,Wh/m^2,2018-04-26,3151.8,Calculado
21206990,TIBAITATA - AUT [21206990],RAD SOLAR,Radiación solar global horaria VALIDADA,Wh/m^2,2018-04-27,2381.0,Calculado
21206990,TIBAITATA - AUT [21206990],RAD SOLAR,Radiación solar global horaria VALIDADA,Wh/m^2,2018-04-28,3213.8,Calculado
21206990,TIBAITATA - AUT [21206990],RAD SOLAR,Radiación solar global horaria VALIDADA,Wh/m^2,2018-04-29,1607.0,Calculado
21206990,TIBAITATA - AUT [21206990],RAD SOLAR,Radiación solar global horaria VALIDADA,Wh/m^2,2018-04-30,3235.7,Calculado
21206990,TIBAITATA - AUT [21206990],RAD SOLAR,Radiación solar global horaria VALIDADA,Wh/m^2,2018-05-01,2505.8,Calculado
21206990,TIBAITATA - AUT [21206990],RAD SOLAR,Radiación solar global horaria VALIDADA,Wh/m^2,2018-05-02,4320.5,Calculado
21206990,TIBAITATA - AUT [21206990],RAD SOLAR,Radiación solar global horaria VALIDADA,Wh/m^2,2018-05-03,5060.2,Calculado
21206990,TIBAITATA - AUT [21206990],RAD SOLAR,Radiación solar global horaria VALIDADA,Wh/m^2,2018-05-04,3174.7,Calculado
21206990,TIBAITATA - AUT [21206990],RAD SOLAR,Radiación solar global horaria VALIDADA,Wh/m^2,2018-05-05,2515.8,Calculado
21206990,TIBAITATA - AUT [21206990],RAD SOLAR,Radiación solar global horaria VALIDADA,Wh/m^2,2018-05-06,2748.9,Calculado
21206990,TIBAITATA - AUT [21206990],RAD SOLAR,Radiación solar global horaria VALIDADA,Wh/m^2,2018-05-07,3081.8,Calculado
21206990,TIBAITATA - AUT [21206990],RAD SOLAR,Radiación solar global horaria VALIDADA,Wh/m^2,2018-05-08,2136.8,Calculado
21206990,TIBAITATA - AUT [21206990],RAD SOLAR,Radiación solar global horaria VALIDADA,Wh/m^2,2018-05-09,3643.7,Calculado
21206990,TIBAITATA - AUT [21206990],RAD SOLAR,Radiación solar global horaria VALIDADA,Wh/m^2,2018-05-10,1640.8,Calculado
21206990,TIBAITATA - AUT [21206990],RAD SOLAR,Radiación solar global horaria VALIDADA,Wh/m^2,2018-05-11,2868.9,Calculado
21206990,TIBAITATA - AUT [21206990],RAD SOLAR,Radiación solar global horaria VALIDADA,Wh/m^2,2018-05-12,4223.4,Calculado
21206990,TIBAITATA - AUT [21206990],RAD SOLAR,Radiación solar global horaria VALIDADA,Wh/m^2,2018-05-13,2806.8,Calculado
21206990,TIBAITATA - AUT [21206990],RAD SOLAR,Radiación solar global horaria VALIDADA,Wh/m^2,2018-05-14,3161.6,Calculado
21206990,TIBAITATA - AUT [21206990],RAD SOLAR,Radiación solar global horaria VALIDADA,Wh/m^2,2018-05-15,3246.6,Calculado
21206990,TIBAITATA - AUT [21206990],RAD SOLAR,Radiación solar global horaria VALIDADA,Wh/m^2,2018-05-16,4756.4,Calculado
21206990,TIBAITATA - AUT [21206990],RAD SOLAR,Radiación solar global horaria VALIDADA,Wh/m^2,2018-05-17,3793.7,Calculado
21206990,TIBAITATA - AUT [21206990],RAD SOLAR,Radiación solar global horaria VALIDADA,Wh/m^2,2018-05-18,3445.6,Calculado
21206990,TIBAITATA - AUT [21206990],RAD SOLAR,Radiación solar global horaria VALIDADA,Wh/m^2,2018-05-19,2687.8,Calculado
21206990,TIBAITATA - AUT [21206990],RAD SOLAR,Radiación solar global horaria VALIDADA,Wh/m^2,2018-05-20,3063.8,Calculado
21206990,TIBAITATA - AUT [21206990],RAD SOLAR,Radiación solar global horaria VALIDADA,Wh/m^2,2018-05-21,3843.7,Calculado
21206990,TIBAITATA - AUT [21206990],RAD SOLAR,Radiación solar global horaria VALIDADA,Wh/m^2,2018-05-22,3773.6,Calculado
21206990,TIBAITATA - AUT [21206990],RAD SOLAR,Radiación solar global horaria VALIDADA,Wh/m^2,2018-05-23,2341.0,Calculado
21206990,TIBAITATA - AUT [21206990],RAD SOLAR,Radiación solar global horaria VALIDADA,Wh/m^2,2018-05-24,2897.8,Calculado
21206990,TIBAITATA - AUT [21206990],RAD SOLAR,Radiación solar global horaria VALIDADA,Wh/m^2,2018-05-25,4838.4,Calculado
21206990,TIBAITATA - AUT [21206990],RAD SOLAR,Radiación solar global horaria VALIDADA,Wh/m^2,2018-05-26,4115.6,Calculado
21206990,TIBAITATA - AUT [21206990],RAD SOLAR,Radiación solar global horaria VALIDADA,Wh/m^2,2018-05-27,3349.8,Calculado
21206990,TIBAITATA - AUT [21206990],RAD SOLAR,Radiación solar global horaria VALIDADA,Wh/m^2,2018-05-28,2903.8,Calculado
21206990,TIBAITATA - AUT [21206990],RAD SOLAR,Radiación solar global horaria VALIDADA,Wh/m^2,2018-05-29,3876.6,Calculado
21206990,TIBAITATA - AUT [21206990],RAD SOLAR,Radiación solar global horaria VALIDADA,Wh/m^2,2018-05-30,2841.7,Calculado
21206990,TIBAITATA - AUT [21206990],RAD SOLAR,Radiación solar global horaria VALIDADA,Wh/m^2,2018-05-31,3462.7,Calculado
21206990,TIBAITATA - AUT [21206990],RAD SOLAR,Radiación solar global horaria VALIDADA,Wh/m^2,2018-06-01,2573.8,Calculado
21206990,TIBAITATA - AUT [21206990],RAD SOLAR,Radiación solar global horaria VALIDADA,Wh/m^2,2018-06-02,3758.5,Calculado
21206990,TIBAITATA - AUT [21206990],RAD SOLAR,Radiación solar global horaria VALIDADA,Wh/m^2,2018-06-03,4096.5,Calculado
21206990,TIBAITATA - AUT [21206990],RAD SOLAR,Radiación solar global horaria VALIDADA,Wh/m^2,2018-06-04,4304.4,Calculado
21206990,TIBAITATA - AUT [21206990],RAD SOLAR,Radiación solar global horaria VALIDADA,Wh/m^2,2018-06-05,4169.5,Calculado
21206990,TIBAITATA - AUT [21206990],RAD SOLAR,Radiación solar global horaria VALIDADA,Wh/m^2,2018-06-06,2763.9,Calculado
21206990,TIBAITATA - AUT [21206990],RAD SOLAR,Radiación solar global horaria VALIDADA,Wh/m^2,2018-06-07,3295.8,Calculado
21206990,TIBAITATA - AUT [21206990],RAD SOLAR,Radiación solar global horaria VALIDADA,Wh/m^2,2018-06-08,3935.6,Calculado
21206990,TIBAITATA - AUT [21206990],RAD SOLAR,Radiación solar global horaria VALIDADA,Wh/m^2,2018-06-09,4490.5,Calculado
21206990,TIBAITATA - AUT [21206990],RAD SOLAR,Radiación solar global horaria VALIDADA,Wh/m^2,2018-06-10,5047.4,Calculado
21206990,TIBAITATA - AUT [21206990],RAD SOLAR,Radiación solar global horaria VALIDADA,Wh/m^2,2018-06-11,2422.0,Calculado
21206990,TIBAITATA - AUT [21206990],RAD SOLAR,Radiación solar global horaria VALIDADA,Wh/m^2,2018-06-12,3758.8,Calculado
21206990,TIBAITATA - AUT [21206990],RAD SOLAR,Radiación solar global horaria VALIDADA,Wh/m^2,2018-06-13,2407.9,Calculado
21206990,TIBAITATA - AUT [21206990],RAD SOLAR,Radiación solar global horaria VALIDADA,Wh/m^2,2018-06-14,3764.5,Calculado
21206990,TIBAITATA - AUT [21206990],RAD SOLAR,Radiación solar global horaria VALIDADA,Wh/m^2,2018-06-15,802.9,Calculado
21206990,TIBAITATA - AUT [21206990],RAD SOLAR,Radiación solar global horaria VALIDADA,Wh/m^2,2018-06-16,3090.5,Calculado
21206990,TIBAITATA - AUT [21206990],RAD SOLAR,Radiación solar global horaria VALIDADA,Wh/m^2,2018-06-18,4217.5,Calculado
21206990,TIBAITATA - AUT [21206990],RAD SOLAR,Radiación solar global horaria VALIDADA,Wh/m^2,2018-06-20,3270.7,Calculado
21206990,TIBAITATA - AUT [21206990],RAD SOLAR,Radiación solar global horaria VALIDADA,Wh/m^2,2018-06-21,2929.8,Calculado
21206990,TIBAITATA - AUT [21206990],RAD SOLAR,Radiación solar global horaria VALIDADA,Wh/m^2,2018-06-22,3267.6,Calculado
21206990,TIBAITATA - AUT [21206990],RAD SOLAR,Radiación solar global horaria VALIDADA,Wh/m^2,2018-06-23,4107.6,Calculado
21206990,TIBAITATA - AUT [21206990],RAD SOLAR,Radiación solar global horaria VALIDADA,Wh/m^2,2018-06-24,3818.7,Calculado
21206990,TIBAITATA - AUT [21206990],RAD SOLAR,Radiación solar global horaria VALIDADA,Wh/m^2,2018-06-25,2566.9,Calculado
21206990,TIBAITATA - AUT [21206990],RAD SOLAR,Radiación solar global horaria VALIDADA,Wh/m^2,2018-06-26,3082.8,Calculado
21206990,TIBAITATA - AUT [21206990],RAD SOLAR,Radiación solar global horaria VALIDADA,Wh/m^2,2018-06-27,2633.8,Calculado
21206990,TIBAITATA - AUT [21206990],RAD SOLAR,Radiación solar global horaria VALIDADA,Wh/m^2,2018-06-28,127.0,Calculado
21206990,TIBAITATA - AUT [21206990],RAD SOLAR,Radiación solar global horaria VALIDADA,Wh/m^2,2018-06-29,2851.0,Calculado
21206990,TIBAITATA - AUT [21206990],RAD SOLAR,Radiación solar global horaria VALIDADA,Wh/m^2,2018-06-30,2551.7,Calculado
21206990,TIBAITATA - AUT [21206990],RAD SOLAR,Radiación solar global horaria VALIDADA,Wh/m^2,2018-07-01,2359.8,Calculado
21206990,TIBAITATA - AUT [21206990],RAD SOLAR,Radiación solar global horaria VALIDADA,Wh/m^2,2018-07-02,1584.0,Calculado
21206990,TIBAITATA - AUT [21206990],RAD SOLAR,Radiación solar global horaria VALIDADA,Wh/m^2,2018-07-03,2908.8,Calculado
21206990,TIBAITATA - AUT [21206990],RAD SOLAR,Radiación solar global horaria VALIDADA,Wh/m^2,2018-07-04,2510.9,Calculado
21206990,TIBAITATA - AUT [21206990],RAD SOLAR,Radiación solar global horaria VALIDADA,Wh/m^2,2018-07-05,3782.7,Calculado
21206990,TIBAITATA - AUT [21206990],RAD SOLAR,Radiación solar global horaria VALIDADA,Wh/m^2,2018-07-06,3416.6,Calculado
21206990,TIBAITATA - AUT [21206990],RAD SOLAR,Radiación solar global horaria VALIDADA,Wh/m^2,2018-07-07,2703.7,Calculado
21206990,TIBAITATA - AUT [21206990],RAD SOLAR,Radiación solar global horaria VALIDADA,Wh/m^2,2018-07-08,4188.5,Calculado
21206990,TIBAITATA - AUT [21206990],RAD SOLAR,Radiación solar global horaria VALIDADA,Wh/m^2,2018-07-09,3979.7,Calculado
21206990,TIBAITATA - AUT [21206990],RAD SOLAR,Radiación solar global horaria VALIDADA,Wh/m^2,2018-07-10,3629.7,Calculado
21206990,TIBAITATA - AUT [21206990],RAD SOLAR,Radiación solar global horaria VALIDADA,Wh/m^2,2018-07-11,5270.3,Calculado
21206990,TIBAITATA - AUT [21206990],RAD SOLAR,Radiación solar global horaria VALIDADA,Wh/m^2,2018-07-12,3613.6,Calculado
21206990,TIBAITATA - AUT [21206990],RAD SOLAR,Radiación solar global horaria VALIDADA,Wh/m^2,2018-07-13,4130.5,Calculado
21206990,TIBAITATA - AUT [21206990],RAD SOLAR,Radiación solar global horaria VALIDADA,Wh/m^2,2018-07-14,5051.2,Calculado
21206990,TIBAITATA - AUT [21206990],RAD SOLAR,Radiación solar global horaria VALIDADA,Wh/m^2,2018-07-15,5142.3,Calculado
21206990,TIBAITATA - AUT [21206990],RAD SOLAR,Radiación solar global horaria VALIDADA,Wh/m^2,2018-07-16,2697.8,Calculado
21206990,TIBAITATA - AUT [21206990],RAD SOLAR,Radiación solar global horaria VALIDADA,Wh/m^2,2018-07-17,1961.0,Calculado
21206990,TIBAITATA - AUT [21206990],RAD SOLAR,Radiación solar global horaria VALIDADA,Wh/m^2,2018-07-18,2891.8,Calculado
21206990,TIBAITATA - AUT [21206990],RAD SOLAR,Radiación solar global horaria VALIDADA,Wh/m^2,2018-07-19,2369.9,Calculado
21206990,TIBAITATA - AUT [21206990],RAD SOLAR,Radiación solar global horaria VALIDADA,Wh/m^2,2018-07-20,35.0,Calculado
21206990,TIBAITATA - AUT [21206990],RAD SOLAR,Radiación solar global horaria VALIDADA,Wh/m^2,2018-07-21,803.0,Calculado
21206990,TIBAITATA - AUT [21206990],RAD SOLAR,Radiación solar global horaria VALIDADA,Wh/m^2,2018-07-22,3753.7,Calculado
21206990,TIBAITATA - AUT [21206990],RAD SOLAR,Radiación solar global horaria VALIDADA,Wh/m^2,2018-07-23,4279.4,Calculado
21206990,TIBAITATA - AUT [21206990],RAD SOLAR,Radiación solar global horaria VALIDADA,Wh/m^2,2018-07-24,2620.8,Calculado
21206990,TIBAITATA - AUT [21206990],RAD SOLAR,Radiación solar global horaria VALIDADA,Wh/m^2,2018-07-25,445.0,Calculado
21206990,TIBAITATA - AUT [21206990],RAD SOLAR,Radiación solar global horaria VALIDADA,Wh/m^2,2018-07-29,116.0,Calculado
21206990,TIBAITATA - AUT [21206990],RAD SOLAR,Radiación solar global horaria VALIDADA,Wh/m^2,2018-07-30,3344.7,Calculado
21206990,TIBAITATA - AUT [21206990],RAD SOLAR,Radiación solar global horaria VALIDADA,Wh/m^2,2018-07-31,3069.8,Calculado
21206990,TIBAITATA - AUT [21206990],RAD SOLAR,Radiación solar global horaria VALIDADA,Wh/m^2,2018-08-01,3456.8,Calculado
21206990,TIBAITATA - AUT [21206990],RAD SOLAR,Radiación solar global horaria VALIDADA,Wh/m^2,2018-08-02,3041.9,Calculado
21206990,TIBAITATA - AUT [21206990],RAD SOLAR,Radiación solar global horaria VALIDADA,Wh/m^2,2018-08-03,4459.6,Calculado
21206990,TIBAITATA - AUT [21206990],RAD SOLAR,Radiación solar global horaria VALIDADA,Wh/m^2,2018-08-04,3587.7,Calculado
21206990,TIBAITATA - AUT [21206990],RAD SOLAR,Radiación solar global horaria VALIDADA,Wh/m^2,2018-08-05,4368.4,Calculado
21206990,TIBAITATA - AUT [21206990],RAD SOLAR,Radiación solar global horaria VALIDADA,Wh/m^2,2018-08-06,3349.8,Calculado
21206990,TIBAITATA - AUT [21206990],RAD SOLAR,Radiación solar global horaria VALIDADA,Wh/m^2,2018-08-07,2835.9,Calculado
21206990,TIBAITATA - AUT [21206990],RAD SOLAR,Radiación solar global horaria VALIDADA,Wh/m^2,2018-08-08,4453.5,Calculado
21206990,TIBAITATA - AUT [21206990],RAD SOLAR,Radiación solar global horaria VALIDADA,Wh/m^2,2018-08-09,4481.5,Calculado
21206990,TIBAITATA - AUT [21206990],RAD SOLAR,Radiación solar global horaria VALIDADA,Wh/m^2,2018-08-10,6929.2,Calculado
21206990,TIBAITATA - AUT [21206990],RAD SOLAR,Radiación solar global horaria VALIDADA,Wh/m^2,2018-08-11,3505.6,Calculado
21206990,TIBAITATA - AUT [21206990],RAD SOLAR,Radiación solar global horaria VALIDADA,Wh/m^2,2018-08-12,3781.6,Calculado
21206990,TIBAITATA - AUT [21206990],RAD SOLAR,Radiación solar global horaria VALIDADA,Wh/m^2,2018-08-13,3278.7,Calculado
21206990,TIBAITATA - AUT [21206990],RAD SOLAR,Radiación solar global horaria VALIDADA,Wh/m^2,2018-08-14,2620.9,Calculado
21206990,TIBAITATA - AUT [21206990],RAD SOLAR,Radiación solar global horaria VALIDADA,Wh/m^2,2018-08-15,5697.4,Calculado
21206990,TIBAITATA - AUT [21206990],RAD SOLAR,Radiación solar global horaria VALIDADA,Wh/m^2,2018-08-16,5831.3,Calculado
21206990,TIBAITATA - AUT [21206990],RAD SOLAR,Radiación solar global horaria VALIDADA,Wh/m^2,2018-08-17,3331.7,Calculado
21206990,TIBAITATA - AUT [21206990],RAD SOLAR,Radiación solar global horaria VALIDADA,Wh/m^2,2018-08-18,4709.4,Calculado
21206990,TIBAITATA - AUT [21206990],RAD SOLAR,Radiación solar global horaria VALIDADA,Wh/m^2,2018-08-19,4805.4,Calculado
21206990,TIBAITATA - AUT [21206990],RAD SOLAR,Radiación solar global horaria VALIDADA,Wh/m^2,2018-08-20,2302.0,Calculado
21206990,TIBAITATA - AUT [21206990],RAD SOLAR,Radiación solar global horaria VALIDADA,Wh/m^2,2018-08-21,4238.6,Calculado
21206990,TIBAITATA - AUT [21206990],RAD SOLAR,Radiación solar global horaria VALIDADA,Wh/m^2,2018-08-22,7109.2,Calculado
21206990,TIBAITATA - AUT [21206990],RAD SOLAR,Radiación solar global horaria VALIDADA,Wh/m^2,2018-08-23,5471.3,Calculado
21206990,TIBAITATA - AUT [21206990],RAD SOLAR,Radiación solar global horaria VALIDADA,Wh/m^2,2018-08-24,6305.3,Calculado
21206990,TIBAITATA - AUT [21206990],RAD SOLAR,Radiación solar global horaria VALIDADA,Wh/m^2,2018-08-25,4451.6,Calculado
21206990,TIBAITATA - AUT [21206990],RAD SOLAR,Radiación solar global horaria VALIDADA,Wh/m^2,2018-08-26,6444.2,Calculado
21206990,TIBAITATA - AUT [21206990],RAD SOLAR,Radiación solar global horaria VALIDADA,Wh/m^2,2018-08-27,5181.4,Calculado
21206990,TIBAITATA - AUT [21206990],RAD SOLAR,Radiación solar global horaria VALIDADA,Wh/m^2,2018-08-28,3621.5,Calculado
21206990,TIBAITATA - AUT [21206990],RAD SOLAR,Radiación solar global horaria VALIDADA,Wh/m^2,2018-08-29,3257.8,Calculado
21206990,TIBAITATA - AUT [21206990],RAD SOLAR,Radiación solar global horaria VALIDADA,Wh/m^2,2018-08-30,4512.5,Calculado
21206990,TIBAITATA - AUT [21206990],RAD SOLAR,Radiación solar global horaria VALIDADA,Wh/m^2,2018-08-31,3756.7,Calculado
21206990,TIBAITATA - AUT [21206990],RAD SOLAR,Radiación solar global horaria VALIDADA,Wh/m^2,2018-09-01,5058.4,Calculado
21206990,TIBAITATA - AUT [21206990],RAD SOLAR,Radiación solar global horaria VALIDADA,Wh/m^2,2018-09-02,3807.5,Calculado
21206990,TIBAITATA - AUT [21206990],RAD SOLAR,Radiación solar global horaria VALIDADA,Wh/m^2,2018-09-03,4218.6,Calculado
21206990,TIBAITATA - AUT [21206990],RAD SOLAR,Radiación solar global horaria VALIDADA,Wh/m^2,2018-09-04,4140.5,Calculado
21206990,TIBAITATA - AUT [21206990],RAD SOLAR,Radiación solar global horaria VALIDADA,Wh/m^2,2018-09-05,3864.6,Calculado
21206990,TIBAITATA - AUT [21206990],RAD SOLAR,Radiación solar global horaria VALIDADA,Wh/m^2,2018-09-06,2874.8,Calculado
21206990,TIBAITATA - AUT [21206990],RAD SOLAR,Radiación solar global horaria VALIDADA,Wh/m^2,2018-09-07,2989.9,Calculado
21206990,TIBAITATA - AUT [21206990],RAD SOLAR,Radiación solar global horaria VALIDADA,Wh/m^2,2018-09-08,4283.5,Calculado
21206990,TIBAITATA - AUT [21206990],RAD SOLAR,Radiación solar global horaria VALIDADA,Wh/m^2,2018-09-09,4699.5,Calculado
21206990,TIBAITATA - AUT [21206990],RAD SOLAR,Radiación solar global horaria VALIDADA,Wh/m^2,2018-09-10,4204.6,Calculado
21206990,TIBAITATA - AUT [21206990],RAD SOLAR,Radiación solar global horaria VALIDADA,Wh/m^2,2018-09-11,2998.7,Calculado
21206990,TIBAITATA - AUT [21206990],RAD SOLAR,Radiación solar global horaria VALIDADA,Wh/m^2,2018-09-12,3875.6,Calculado
21206990,TIBAITATA - AUT [21206990],RAD SOLAR,Radiación solar global horaria VALIDADA,Wh/m^2,2018-09-13,2737.8,Calculado
21206990,TIBAITATA - AUT [21206990],RAD SOLAR,Radiación solar global horaria VALIDADA,Wh/m^2,2018-09-14,4503.6,Calculado
21206990,TIBAITATA - AUT [21206990],RAD SOLAR,Radiación solar global horaria VALIDADA,Wh/m^2,2018-09-15,2518.8,Calculado
21206990,TIBAITATA - AUT [21206990],RAD SOLAR,Radiación solar global horaria VALIDADA,Wh/m^2,2018-09-16,6372.3,Calculado
21206990,TIBAITATA - AUT [21206990],RAD SOLAR,Radiación solar global horaria VALIDADA,Wh/m^2,2018-09-17,6353.4,Calculado
21206990,TIBAITATA - AUT [21206990],RAD SOLAR,Radiación solar global horaria VALIDADA,Wh/m^2,2018-09-18,4872.4,Calculado
21206990,TIBAITATA - AUT [21206990],RAD SOLAR,Radiación solar global horaria VALIDADA,Wh/m^2,2018-09-19,5056.5,Calculado
21206990,TIBAITATA - AUT [21206990],RAD SOLAR,Radiación solar global horaria VALIDADA,Wh/m^2,2018-09-20,7411.2,Calculado
21206990,TIBAITATA - AUT [21206990],RAD SOLAR,Radiación solar global horaria VALIDADA,Wh/m^2,2018-09-21,4670.4,Calculado
21206990,TIBAITATA - AUT [21206990],RAD SOLAR,Radiación solar global horaria VALIDADA,Wh/m^2,2018-09-22,4552.5,Calculado
21206990,TIBAITATA - AUT [21206990],RAD SOLAR,Radiación solar global horaria VALIDADA,Wh/m^2,2018-09-23,5497.3,Calculado
21206990,TIBAITATA - AUT [21206990],RAD SOLAR,Radiación solar global horaria VALIDADA,Wh/m^2,2018-09-24,4574.3,Calculado
21206990,TIBAITATA - AUT [21206990],RAD SOLAR,Radiación solar global horaria VALIDADA,Wh/m^2,2018-09-25,4205.3,Calculado
21206990,TIBAITATA - AUT [21206990],RAD SOLAR,Radiación solar global horaria VALIDADA,Wh/m^2,2018-09-26,3128.9,Calculado
21206990,TIBAITATA - AUT [21206990],RAD SOLAR,Radiación solar global horaria VALIDADA,Wh/m^2,2018-09-27,4017.5,Calculado
21206990,TIBAITATA - AUT [21206990],RAD SOLAR,Radiación solar global horaria VALIDADA,Wh/m^2,2018-09-28,6083.3,Calculado
21206990,TIBAITATA - AUT [21206990],RAD SOLAR,Radiación solar global horaria VALIDADA,Wh/m^2,2018-09-29,5850.4,Calculado
21206990,TIBAITATA - AUT [21206990],RAD SOLAR,Radiación solar global horaria VALIDADA,Wh/m^2,2018-09-30,4751.4,Calculado
21206990,TIBAITATA - AUT [21206990],RAD SOLAR,Radiación solar global horaria VALIDADA,Wh/m^2,2018-10-01,4640.4,Calculado
21206990,TIBAITATA - AUT [21206990],RAD SOLAR,Radiación solar global horaria VALIDADA,Wh/m^2,2018-10-02,6811.2,Calculado
21206990,TIBAITATA - AUT [21206990],RAD SOLAR,Radiación solar global horaria VALIDADA,Wh/m^2,2018-10-03,4082.7,Calculado
21206990,TIBAITATA - AUT [21206990],RAD SOLAR,Radiación solar global horaria VALIDADA,Wh/m^2,2018-10-04,3648.6,Calculado
21206990,TIBAITATA - AUT [21206990],RAD SOLAR,Radiación solar global horaria VALIDADA,Wh/m^2,2018-10-05,3643.6,Calculado
21206990,TIBAITATA - AUT [21206990],RAD SOLAR,Radiación solar global horaria VALIDADA,Wh/m^2,2018-10-06,2218.9,Calculado
21206990,TIBAITATA - AUT [21206990],RAD SOLAR,Radiación solar global horaria VALIDADA,Wh/m^2,2018-10-07,3253.7,Calculado
21206990,TIBAITATA - AUT [21206990],RAD SOLAR,Radiación solar global horaria VALIDADA,Wh/m^2,2018-10-08,5583.4,Calculado
21206990,TIBAITATA - AUT [21206990],RAD SOLAR,Radiación solar global horaria VALIDADA,Wh/m^2,2018-10-09,5016.4,Calculado
21206990,TIBAITATA - AUT [21206990],RAD SOLAR,Radiación solar global horaria VALIDADA,Wh/m^2,2018-10-10,2905.8,Calculado
21206990,TIBAITATA - AUT [21206990],RAD SOLAR,Radiación solar global horaria VALIDADA,Wh/m^2,2018-10-11,3013.8,Calculado
21206990,TIBAITATA - AUT [21206990],RAD SOLAR,Radiación solar global horaria VALIDADA,Wh/m^2,2018-10-12,4205.6,Calculado
21206990,TIBAITATA - AUT [21206990],RAD SOLAR,Radiación solar global horaria VALIDADA,Wh/m^2,2018-10-13,4861.3,Calculado
21206990,TIBAITATA - AUT [21206990],RAD SOLAR,Radiación solar global horaria VALIDADA,Wh/m^2,2018-10-14,3755.6,Calculado
21206990,TIBAITATA - AUT [21206990],RAD SOLAR,Radiación solar global horaria VALIDADA,Wh/m^2,2018-10-15,5547.4,Calculado
21206990,TIBAITATA - AUT [21206990],RAD SOLAR,Radiación solar global horaria VALIDADA,Wh/m^2,2018-10-16,2880.8,Calculado
21206990,TIBAITATA - AUT [21206990],RAD SOLAR,Radiación solar global horaria VALIDADA,Wh/m^2,2018-10-17,3930.7,Calculado
21206990,TIBAITATA - AUT [21206990],RAD SOLAR,Radiación solar global horaria VALIDADA,Wh/m^2,2018-10-18,5697.5,Calculado
21206990,TIBAITATA - AUT [21206990],RAD SOLAR,Radiación solar global horaria VALIDADA,Wh/m^2,2018-10-19,5201.4,Calculado
21206990,TIBAITATA - AUT [21206990],RAD SOLAR,Radiación solar global horaria VALIDADA,Wh/m^2,2018-10-20,5645.4,Calculado
21206990,TIBAITATA - AUT [21206990],RAD SOLAR,Radiación solar global horaria VALIDADA,Wh/m^2,2018-10-21,3401.7,Calculado
21206990,TIBAITATA - AUT [21206990],RAD SOLAR,Radiación solar global horaria VALIDADA,Wh/m^2,2018-10-22,5067.3,Calculado
21206990,TIBAITATA - AUT [21206990],RAD SOLAR,Radiación solar global horaria VALIDADA,Wh/m^2,2018-10-23,5347.3,Calculado
21206990,TIBAITATA - AUT [21206990],RAD SOLAR,Radiación solar global horaria VALIDADA,Wh/m^2,2018-10-24,3724.7,Calculado
21206990,TIBAITATA - AUT [21206990],RAD SOLAR,Radiación solar global horaria VALIDADA,Wh/m^2,2018-10-25,3849.6,Calculado
21206990,TIBAITATA - AUT [21206990],RAD SOLAR,Radiación solar global horaria VALIDADA,Wh/m^2,2018-10-26,1228.9,Calculado
21206990,TIBAITATA - AUT [21206990],RAD SOLAR,Radiación solar global horaria VALIDADA,Wh/m^2,2018-10-27,233.0,Calculado
21206990,TIBAITATA - AUT [21206990],RAD SOLAR,Radiación solar global horaria VALIDADA,Wh/m^2,2018-10-28,3297.9,Calculado
21206990,TIBAITATA - AUT [21206990],RAD SOLAR,Radiación solar global horaria VALIDADA,Wh/m^2,2018-10-29,2969.7,Calculado
21206990,TIBAITATA - AUT [21206990],RAD SOLAR,Radiación solar global horaria VALIDADA,Wh/m^2,2018-10-30,2826.8,Calculado
21206990,TIBAITATA - AUT [21206990],RAD SOLAR,Radiación solar global horaria VALIDADA,Wh/m^2,2018-10-31,3876.6,Calculado
21206990,TIBAITATA - AUT [21206990],RAD SOLAR,Radiación solar global horaria VALIDADA,Wh/m^2,2018-11-01,3397.6,Calculado
21206990,TIBAITATA - AUT [21206990],RAD SOLAR,Radiación solar global horaria VALIDADA,Wh/m^2,2018-11-02,2149.0,Calculado
21206990,TIBAITATA - AUT [21206990],RAD SOLAR,Radiación solar global horaria VALIDADA,Wh/m^2,2018-11-03,3570.7,Calculado
21206990,TIBAITATA - AUT [21206990],RAD SOLAR,Radiación solar global horaria VALIDADA,Wh/m^2,2018-11-04,4241.5,Calculado
21206990,TIBAITATA - AUT [21206990],RAD SOLAR,Radiación solar global horaria VALIDADA,Wh/m^2,2018-11-05,2587.0,Calculado
21206990,TIBAITATA - AUT [21206990],RAD SOLAR,Radiación solar global horaria VALIDADA,Wh/m^2,2018-11-06,5181.4,Calculado
21206990,TIBAITATA - AUT [21206990],RAD SOLAR,Radiación solar global horaria VALIDADA,Wh/m^2,2018-11-07,5644.3,Calculado
21206990,TIBAITATA - AUT [21206990],RAD SOLAR,Radiación solar global horaria VALIDADA,Wh/m^2,2018-11-08,4517.5,Calculado
21206990,TIBAITATA - AUT [21206990],RAD SOLAR,Radiación solar global horaria VALIDADA,Wh/m^2,2018-11-09,2694.9,Calculado
21206990,TIBAITATA - AUT [21206990],RAD SOLAR,Radiación solar global horaria VALIDADA,Wh/m^2,2018-11-10,3093.6,Calculado
21206990,TIBAITATA - AUT [21206990],RAD SOLAR,Radiación solar global horaria VALIDADA,Wh/m^2,2018-11-11,3990.5,Calculado
21206990,TIBAITATA - AUT [21206990],RAD SOLAR,Radiación solar global horaria VALIDADA,Wh/m^2,2018-11-12,4231.6,Calculado
21206990,TIBAITATA - AUT [21206990],RAD SOLAR,Radiación solar global horaria VALIDADA,Wh/m^2,2018-11-13,2493.8,Calculado
21206990,TIBAITATA - AUT [21206990],RAD SOLAR,Radiación solar global horaria VALIDADA,Wh/m^2,2018-11-14,5241.2,Calculado
21206990,TIBAITATA - AUT [21206990],RAD SOLAR,Radiación solar global horaria VALIDADA,Wh/m^2,2018-11-15,5007.5,Calculado
21206990,TIBAITATA - AUT [21206990],RAD SOLAR,Radiación solar global horaria VALIDADA,Wh/m^2,2018-11-16,3437.8,Calculado
21206990,TIBAITATA - AUT [21206990],RAD SOLAR,Radiación solar global horaria VALIDADA,Wh/m^2,2018-11-17,3067.7,Calculado
21206990,TIBAITATA - AUT [21206990],RAD SOLAR,Radiación solar global horaria VALIDADA,Wh/m^2,2018-11-18,2627.9,Calculado
21206990,TIBAITATA - AUT [21206990],RAD SOLAR,Radiación solar global horaria VALIDADA,Wh/m^2,2018-11-19,2582.9,Calculado
21206990,TIBAITATA - AUT [21206990],RAD SOLAR,Radiación solar global horaria VALIDADA,Wh/m^2,2018-11-20,4555.5,Calculado
21206990,TIBAITATA - AUT [21206990],RAD SOLAR,Radiación solar global horaria VALIDADA,Wh/m^2,2018-11-21,4144.6,Calculado
21206990,TIBAITATA - AUT [21206990],RAD SOLAR,Radiación solar global horaria VALIDADA,Wh/m^2,2018-11-22,4863.4,Calculado
21206990,TIBAITATA - AUT [21206990],RAD SOLAR,Radiación solar global horaria VALIDADA,Wh/m^2,2018-11-23,5865.3,Calculado
21206990,TIBAITATA - AUT [21206990],RAD SOLAR,Radiación solar global horaria VALIDADA,Wh/m^2,2018-11-24,4793.4,Calculado
21206990,TIBAITATA - AUT [21206990],RAD SOLAR,Radiación solar global horaria VALIDADA,Wh/m^2,2018-11-25,3583.7,Calculado
21206990,TIBAITATA - AUT [21206990],RAD SOLAR,Radiación solar global horaria VALIDADA,Wh/m^2,2018-11-26,4189.6,Calculado
21206990,TIBAITATA - AUT [21206990],RAD SOLAR,Radiación solar global horaria VALIDADA,Wh/m^2,2018-11-27,2951.8,Calculado
21206990,TIBAITATA - AUT [21206990],RAD SOLAR,Radiación solar global horaria VALIDADA,Wh/m^2,2018-11-28,3821.6,Calculado
21206990,TIBAITATA - AUT [21206990],RAD SOLAR,Radiación solar global horaria VALIDADA,Wh/m^2,2018-11-29,4111.6,Calculado
21206990,TIBAITATA - AUT [21206990],RAD SOLAR,Radiación solar global horaria VALIDADA,Wh/m^2,2018-11-30,3626.5,Calculado
21206990,TIBAITATA - AUT [21206990],RAD SOLAR,Radiación solar global horaria VALIDADA,Wh/m^2,2018-12-01,5003.5,Calculado
21206990,TIBAITATA - AUT [21206990],RAD SOLAR,Radiación solar global horaria VALIDADA,Wh/m^2,2018-12-02,6261.2,Calculado
21206990,TIBAITATA - AUT [21206990],RAD SOLAR,Radiación solar global horaria VALIDADA,Wh/m^2,2018-12-03,6186.3,Calculado
21206990,TIBAITATA - AUT [21206990],RAD SOLAR,Radiación solar global horaria VALIDADA,Wh/m^2,2018-12-04,6219.2,Calculado
21206990,TIBAITATA - AUT [21206990],RAD SOLAR,Radiación solar global horaria VALIDADA,Wh/m^2,2018-12-05,4573.3,Calculado
21206990,TIBAITATA - AUT [21206990],RAD SOLAR,Radiación solar global horaria VALIDADA,Wh/m^2,2018-12-06,3515.6,Calculado
21206990,TIBAITATA - AUT [21206990],RAD SOLAR,Radiación solar global horaria VALIDADA,Wh/m^2,2018-12-07,5173.3,Calculado
21206990,TIBAITATA - AUT [21206990],RAD SOLAR,Radiación solar global horaria VALIDADA,Wh/m^2,2018-12-08,5596.3,Calculado
21206990,TIBAITATA - AUT [21206990],RAD SOLAR,Radiación solar global horaria VALIDADA,Wh/m^2,2018-12-09,4681.5,Calculado
21206990,TIBAITATA - AUT [21206990],RAD SOLAR,Radiación solar global horaria VALIDADA,Wh/m^2,2018-12-10,6013.3,Calculado
21206990,TIBAITATA - AUT [21206990],RAD SOLAR,Radiación solar global horaria VALIDADA,Wh/m^2,2018-12-11,5149.5,Calculado
21206990,TIBAITATA - AUT [21206990],RAD SOLAR,Radiación solar global horaria VALIDADA,Wh/m^2,2018-12-12,2527.9,Calculado
21206990,TIBAITATA - AUT [21206990],RAD SOLAR,Radiación solar global horaria VALIDADA,Wh/m^2,2018-12-13,3325.7,Calculado
21206990,TIBAITATA - AUT [21206990],RAD SOLAR,Radiación solar global horaria VALIDADA,Wh/m^2,2018-12-14,2480.8,Calculado
21206990,TIBAITATA - AUT [21206990],RAD SOLAR,Radiación solar global horaria VALIDADA,Wh/m^2,2018-12-15,6627.3,Calculado
21206990,TIBAITATA - AUT [21206990],RAD SOLAR,Radiación solar global horaria VALIDADA,Wh/m^2,2018-12-16,6026.4,Calculado
21206990,TIBAITATA - AUT [21206990],RAD SOLAR,Radiación solar global horaria VALIDADA,Wh/m^2,2018-12-17,6102.2,Calculado
21206990,TIBAITATA - AUT [21206990],RAD SOLAR,Radiación solar global horaria VALIDADA,Wh/m^2,2018-12-18,5615.2,Calculado
21206990,TIBAITATA - AUT [21206990],RAD SOLAR,Radiación solar global horaria VALIDADA,Wh/m^2,2018-12-19,3514.8,Calculado
21206990,TIBAITATA - AUT [21206990],RAD SOLAR,Radiación solar global horaria VALIDADA,Wh/m^2,2018-12-20,3977.7,Calculado
21206990,TIBAITATA - AUT [21206990],RAD SOLAR,Radiación solar global horaria VALIDADA,Wh/m^2,2018-12-21,4039.6,Calculado
21206990,TIBAITATA - AUT [21206990],RAD SOLAR,Radiación solar global horaria VALIDADA,Wh/m^2,2018-12-22,5717.4,Calculado
21206990,TIBAITATA - AUT [21206990],RAD SOLAR,Radiación solar global horaria VALIDADA,Wh/m^2,2018-12-23,4161.5,Calculado
21206990,TIBAITATA - AUT [21206990],RAD SOLAR,Radiación solar global horaria VALIDADA,Wh/m^2,2018-12-24,4540.5,Calculado
21206990,TIBAITATA - AUT [21206990],RAD SOLAR,Radiación solar global horaria VALIDADA,Wh/m^2,2018-12-25,6421.2,Calculado
21206990,TIBAITATA - AUT [21206990],RAD SOLAR,Radiación solar global horaria VALIDADA,Wh/m^2,2018-12-26,6283.2,Calculado
21206990,TIBAITATA - AUT [21206990],RAD SOLAR,Radiación solar global horaria VALIDADA,Wh/m^2,2018-12-27,3045.7,Calculado
21206990,TIBAITATA - AUT [21206990],RAD SOLAR,Radiación solar global horaria VALIDADA,Wh/m^2,2018-12-28,4066.6,Calculado
21206990,TIBAITATA - AUT [21206990],RAD SOLAR,Radiación solar global horaria VALIDADA,Wh/m^2,2018-12-29,3471.7,Calculado
21206990,TIBAITATA - AUT [21206990],RAD SOLAR,Radiación solar global horaria VALIDADA,Wh/m^2,2018-12-30,5790.2,Calculado
21206990,TIBAITATA - AUT [21206990],RAD SOLAR,Radiación solar global horaria VALIDADA,Wh/m^2,2018-12-31,5307.4,Calculado
21206990,TIBAITATA - AUT [21206990],RAD SOLAR,Radiación solar global horaria VALIDADA,Wh/m^2,2019-01-01,5322.3,Calculado
21206990,TIBAITATA - AUT [21206990],RAD SOLAR,Radiación solar global horaria VALIDADA,Wh/m^2,2019-01-02,6522.2,Calculado
21206990,TIBAITATA - AUT [21206990],RAD SOLAR,Radiación solar global horaria VALIDADA,Wh/m^2,2019-01-03,3183.8,Calculado
21206990,TIBAITATA - AUT [21206990],RAD SOLAR,Radiación solar global horaria VALIDADA,Wh/m^2,2019-01-04,4847.5,Calculado
21206990,TIBAITATA - AUT [21206990],RAD SOLAR,Radiación solar global horaria VALIDADA,Wh/m^2,2019-01-05,6269.3,Calculado
21206990,TIBAITATA - AUT [21206990],RAD SOLAR,Radiación solar global horaria VALIDADA,Wh/m^2,2019-01-06,4418.5,Calculado
21206990,TIBAITATA - AUT [21206990],RAD SOLAR,Radiación solar global horaria VALIDADA,Wh/m^2,2019-01-07,3941.5,Calculado
21206990,TIBAITATA - AUT [21206990],RAD SOLAR,Radiación solar global horaria VALIDADA,Wh/m^2,2019-01-08,5199.4,Calculado
21206990,TIBAITATA - AUT [21206990],RAD SOLAR,Radiación solar global horaria VALIDADA,Wh/m^2,2019-01-09,4166.4,Calculado
21206990,TIBAITATA - AUT [21206990],RAD SOLAR,Radiación solar global horaria VALIDADA,Wh/m^2,2019-01-10,2814.8,Calculado
21206990,TIBAITATA - AUT [21206990],RAD SOLAR,Radiación solar global horaria VALIDADA,Wh/m^2,2019-01-11,3756.5,Calculado
21206990,TIBAITATA - AUT [21206990],RAD SOLAR,Radiación solar global horaria VALIDADA,Wh/m^2,2019-01-12,4746.4,Calculado
21206990,TIBAITATA - AUT [21206990],RAD SOLAR,Radiación solar global horaria VALIDADA,Wh/m^2,2019-01-13,4191.5,Calculado
21206990,TIBAITATA - AUT [21206990],RAD SOLAR,Radiación solar global horaria VALIDADA,Wh/m^2,2019-01-14,2679.9,Calculado
21206990,TIBAITATA - AUT [21206990],RAD SOLAR,Radiación solar global horaria VALIDADA,Wh/m^2,2019-01-15,4624.5,Calculado
21206990,TIBAITATA - AUT [21206990],RAD SOLAR,Radiación solar global horaria VALIDADA,Wh/m^2,2019-01-16,2886.9,Calculado
21206990,TIBAITATA - AUT [21206990],RAD SOLAR,Radiación solar global horaria VALIDADA,Wh/m^2,2019-01-17,4996.3,Calculado
21206990,TIBAITATA - AUT [21206990],RAD SOLAR,Radiación solar global horaria VALIDADA,Wh/m^2,2019-01-18,3750.8,Calculado
21206990,TIBAITATA - AUT [21206990],RAD SOLAR,Radiación solar global horaria VALIDADA,Wh/m^2,2019-01-19,4117.5,Calculado
21206990,TIBAITATA - AUT [21206990],RAD SOLAR,Radiación solar global horaria VALIDADA,Wh/m^2,2019-01-20,4155.5,Calculado
21206990,TIBAITATA - AUT [21206990],RAD SOLAR,Radiación solar global horaria VALIDADA,Wh/m^2,2019-01-21,3380.7,Calculado
21206990,TIBAITATA - AUT [21206990],RAD SOLAR,Radiación solar global horaria VALIDADA,Wh/m^2,2019-01-22,3972.6,Calculado
21206990,TIBAITATA - AUT [21206990],RAD SOLAR,Radiación solar global horaria VALIDADA,Wh/m^2,2019-01-23,5570.4,Calculado
21206990,TIBAITATA - AUT [21206990],RAD SOLAR,Radiación solar global horaria VALIDADA,Wh/m^2,2019-01-24,4827.3,Calculado
21206990,TIBAITATA - AUT [21206990],RAD SOLAR,Radiación solar global horaria VALIDADA,Wh/m^2,2019-01-25,5937.3,Calculado
21206990,TIBAITATA - AUT [21206990],RAD SOLAR,Radiación solar global horaria VALIDADA,Wh/m^2,2019-01-26,5062.3,Calculado
21206990,TIBAITATA - AUT [21206990],RAD SOLAR,Radiación solar global horaria VALIDADA,Wh/m^2,2019-01-27,4836.5,Calculado
21206990,TIBAITATA - AUT [21206990],RAD SOLAR,Radiación solar global horaria VALIDADA,Wh/m^2,2019-01-28,2890.6,Calculado
21206990,TIBAITATA - AUT [21206990],RAD SOLAR,Radiación solar global horaria VALIDADA,Wh/m^2,2019-01-29,3036.7,Calculado
21206990,TIBAITATA - AUT [21206990],RAD SOLAR,Radiación solar global horaria VALIDADA,Wh/m^2,2019-01-30,5719.3,Calculado
21206990,TIBAITATA - AUT [21206990],RAD SOLAR,Radiación solar global horaria VALIDADA,Wh/m^2,2019-01-31,4173.6,Calculado
21206990,TIBAITATA - AUT [21206990],RAD SOLAR,Radiación solar global horaria VALIDADA,Wh/m^2,2019-02-01,5751.3,Calculado
21206990,TIBAITATA - AUT [21206990],RAD SOLAR,Radiación solar global horaria VALIDADA,Wh/m^2,2019-02-02,4975.4,Calculado
21206990,TIBAITATA - AUT [21206990],RAD SOLAR,Radiación solar global horaria VALIDADA,Wh/m^2,2019-02-03,6374.2,Calculado
21206990,TIBAITATA - AUT [21206990],RAD SOLAR,Radiación solar global horaria VALIDADA,Wh/m^2,2019-02-04,5221.3,Calculado
21206990,TIBAITATA - AUT [21206990],RAD SOLAR,Radiación solar global horaria VALIDADA,Wh/m^2,2019-02-05,2864.9,Calculado
21206990,TIBAITATA - AUT [21206990],RAD SOLAR,Radiación solar global horaria VALIDADA,Wh/m^2,2019-02-06,2499.8,Calculado
21206990,TIBAITATA - AUT [21206990],RAD SOLAR,Radiación solar global horaria VALIDADA,Wh/m^2,2019-02-07,2969.8,Calculado
21206990,TIBAITATA - AUT [21206990],RAD SOLAR,Radiación solar global horaria VALIDADA,Wh/m^2,2019-02-08,4207.5,Calculado
21206990,TIBAITATA - AUT [21206990],RAD SOLAR,Radiación solar global horaria VALIDADA,Wh/m^2,2019-02-09,3854.6,Calculado
21206990,TIBAITATA - AUT [21206990],RAD SOLAR,Radiación solar global horaria VALIDADA,Wh/m^2,2019-02-10,4052.6,Calculado
21206990,TIBAITATA - AUT [21206990],RAD SOLAR,Radiación solar global horaria VALIDADA,Wh/m^2,2019-02-11,5742.3,Calculado
21206990,TIBAITATA - AUT [21206990],RAD SOLAR,Radiación solar global horaria VALIDADA,Wh/m^2,2019-02-12,5630.3,Calculado
21206990,TIBAITATA - AUT [21206990],RAD SOLAR,Radiación solar global horaria VALIDADA,Wh/m^2,2019-02-13,6276.2,Calculado
21206990,TIBAITATA - AUT [21206990],RAD SOLAR,Radiación solar global horaria VALIDADA,Wh/m^2,2019-02-14,4451.6,Calculado
21206990,TIBAITATA - AUT [21206990],RAD SOLAR,Radiación solar global horaria VALIDADA,Wh/m^2,2019-02-15,6854.2,Calculado
21206990,TIBAITATA - AUT [21206990],RAD SOLAR,Radiación solar global horaria VALIDADA,Wh/m^2,2019-02-16,5487.2,Calculado
21206990,TIBAITATA - AUT [21206990],RAD SOLAR,Radiación solar global horaria VALIDADA,Wh/m^2,2019-02-17,5545.3,Calculado
21206990,TIBAITATA - AUT [21206990],RAD SOLAR,Radiación solar global horaria VALIDADA,Wh/m^2,2019-02-18,2900.7,Calculado
21206990,TIBAITATA - AUT [21206990],RAD SOLAR,Radiación solar global horaria VALIDADA,Wh/m^2,2019-02-19,4392.5,Calculado
21206990,TIBAITATA - AUT [21206990],RAD SOLAR,Radiación solar global horaria VALIDADA,Wh/m^2,2019-02-20,4300.5,Calculado
21206990,TIBAITATA - AUT [21206990],RAD SOLAR,Radiación solar global horaria VALIDADA,Wh/m^2,2019-02-21,4507.5,Calculado
21206990,TIBAITATA - AUT [21206990],RAD SOLAR,Radiación solar global horaria VALIDADA,Wh/m^2,2019-02-22,5930.3,Calculado
21206990,TIBAITATA - AUT [21206990],RAD SOLAR,Radiación solar global horaria VALIDADA,Wh/m^2,2019-02-23,6292.2,Calculado
21206990,TIBAITATA - AUT [21206990],RAD SOLAR,Radiación solar global horaria VALIDADA,Wh/m^2,2019-02-24,3013.8,Calculado
21206990,TIBAITATA - AUT [21206990],RAD SOLAR,Radiación solar global horaria VALIDADA,Wh/m^2,2019-02-25,5461.4,Calculado
21206990,TIBAITATA - AUT [21206990],RAD SOLAR,Radiación solar global horaria VALIDADA,Wh/m^2,2019-02-26,3497.8,Calculado
21206990,TIBAITATA - AUT [21206990],RAD SOLAR,Radiación solar global horaria VALIDADA,Wh/m^2,2019-02-27,3577.7,Calculado
21206990,TIBAITATA - AUT [21206990],RAD SOLAR,Radiación solar global horaria VALIDADA,Wh/m^2,2019-02-28,4743.3,Calculado
21206990,TIBAITATA - AUT [21206990],RAD SOLAR,Radiación solar global horaria VALIDADA,Wh/m^2,2019-03-01,4873.5,Calculado
21206990,TIBAITATA - AUT [21206990],RAD SOLAR,Radiación solar global horaria VALIDADA,Wh/m^2,2019-03-02,3178.7,Calculado
21206990,TIBAITATA - AUT [21206990],RAD SOLAR,Radiación solar global horaria VALIDADA,Wh/m^2,2019-03-03,3163.7,Calculado
21206990,TIBAITATA - AUT [21206990],RAD SOLAR,Radiación solar global horaria VALIDADA,Wh/m^2,2019-03-04,4346.4,Calculado
21206990,TIBAITATA - AUT [21206990],RAD SOLAR,Radiación solar global horaria VALIDADA,Wh/m^2,2019-03-05,4551.5,Calculado
21206990,TIBAITATA - AUT [21206990],RAD SOLAR,Radiación solar global horaria VALIDADA,Wh/m^2,2019-03-06,5258.4,Calculado
21206990,TIBAITATA - AUT [21206990],RAD SOLAR,Radiación solar global horaria VALIDADA,Wh/m^2,2019-03-07,4665.3,Calculado
21206990,TIBAITATA - AUT [21206990],RAD SOLAR,Radiación solar global horaria VALIDADA,Wh/m^2,2019-03-08,3226.9,Calculado
21206990,TIBAITATA - AUT [21206990],RAD SOLAR,Radiación solar global horaria VALIDADA,Wh/m^2,2019-03-09,4169.6,Calculado
21206990,TIBAITATA - AUT [21206990],RAD SOLAR,Radiación solar global horaria VALIDADA,Wh/m^2,2019-03-10,2262.9,Calculado
21206990,TIBAITATA - AUT [21206990],RAD SOLAR,Radiación solar global horaria VALIDADA,Wh/m^2,2019-03-11,3594.5,Calculado
21206990,TIBAITATA - AUT [21206990],RAD SOLAR,Radiación solar global horaria VALIDADA,Wh/m^2,2019-03-12,2703.9,Calculado
21206990,TIBAITATA - AUT [21206990],RAD SOLAR,Radiación solar global horaria VALIDADA,Wh/m^2,2019-03-13,5310.6,Calculado
21206990,TIBAITATA - AUT [21206990],RAD SOLAR,Radiación solar global horaria VALIDADA,Wh/m^2,2019-03-14,3221.7,Calculado
21206990,TIBAITATA - AUT [21206990],RAD SOLAR,Radiación solar global horaria VALIDADA,Wh/m^2,2019-03-15,3879.5,Calculado
21206990,TIBAITATA - AUT [21206990],RAD SOLAR,Radiación solar global horaria VALIDADA,Wh/m^2,2019-03-16,3141.8,Calculado
21206990,TIBAITATA - AUT [21206990],RAD SOLAR,Radiación solar global horaria VALIDADA,Wh/m^2,2019-03-17,2872.8,Calculado
21206990,TIBAITATA - AUT [21206990],RAD SOLAR,Radiación solar global horaria VALIDADA,Wh/m^2,2019-03-18,4187.7,Calculado
21206990,TIBAITATA - AUT [21206990],RAD SOLAR,Radiación solar global horaria VALIDADA,Wh/m^2,2019-03-19,2553.9,Calculado
21206990,TIBAITATA - AUT [21206990],RAD SOLAR,Radiación solar global horaria VALIDADA,Wh/m^2,2019-03-20,1620.0,Calculado
21206990,TIBAITATA - AUT [21206990],RAD SOLAR,Radiación solar global horaria VALIDADA,Wh/m^2,2019-03-21,2877.7,Calculado
21206990,TIBAITATA - AUT [21206990],RAD SOLAR,Radiación solar global horaria VALIDADA,Wh/m^2,2019-03-22,3780.6,Calculado
21206990,TIBAITATA - AUT [21206990],RAD SOLAR,Radiación solar global horaria VALIDADA,Wh/m^2,2019-03-23,3006.9,Calculado
21206990,TIBAITATA - AUT [21206990],RAD SOLAR,Radiación solar global horaria VALIDADA,Wh/m^2,2019-03-24,3472.8,Calculado
21206990,TIBAITATA - AUT [21206990],RAD SOLAR,Radiación solar global horaria VALIDADA,Wh/m^2,2019-03-25,6486.2,Calculado
21206990,TIBAITATA - AUT [21206990],RAD SOLAR,Radiación solar global horaria VALIDADA,Wh/m^2,2019-03-26,5759.4,Calculado
21206990,TIBAITATA - AUT [21206990],RAD SOLAR,Radiación solar global horaria VALIDADA,Wh/m^2,2019-03-27,5827.2,Calculado
21206990,TIBAITATA - AUT [21206990],RAD SOLAR,Radiación solar global horaria VALIDADA,Wh/m^2,2019-03-28,3696.7,Calculado
21206990,TIBAITATA - AUT [21206990],RAD SOLAR,Radiación solar global horaria VALIDADA,Wh/m^2,2019-03-29,3135.8,Calculado
21206990,TIBAITATA - AUT [21206990],RAD SOLAR,Radiación solar global horaria VALIDADA,Wh/m^2,2019-03-30,2247.9,Calculado
21206990,TIBAITATA - AUT [21206990],RAD SOLAR,Radiación solar global horaria VALIDADA,Wh/m^2,2019-03-31,2939.8,Calculado
21206990,TIBAITATA - AUT [21206990],RAD SOLAR,Radiación solar global horaria VALIDADA,Wh/m^2,2019-04-01,3401.7,Calculado
21206990,TIBAITATA - AUT [21206990],RAD SOLAR,Radiación solar global horaria VALIDADA,Wh/m^2,2019-04-02,2771.7,Calculado
21206990,TIBAITATA - AUT [21206990],RAD SOLAR,Radiación solar global horaria VALIDADA,Wh/m^2,2019-04-03,5599.3,Calculado
21206990,TIBAITATA - AUT [21206990],RAD SOLAR,Radiación solar global horaria VALIDADA,Wh/m^2,2019-04-04,5444.3,Calculado
21206990,TIBAITATA - AUT [21206990],RAD SOLAR,Radiación solar global horaria VALIDADA,Wh/m^2,2019-04-05,4824.5,Calculado
21206990,TIBAITATA - AUT [21206990],RAD SOLAR,Radiación solar global horaria VALIDADA,Wh/m^2,2019-04-06,5392.4,Calculado
21206990,TIBAITATA - AUT [21206990],RAD SOLAR,Radiación solar global horaria VALIDADA,Wh/m^2,2019-04-07,5449.5,Calculado
21206990,TIBAITATA - AUT [21206990],RAD SOLAR,Radiación solar global horaria VALIDADA,Wh/m^2,2019-04-08,6278.2,Calculado
21206990,TIBAITATA - AUT [21206990],RAD SOLAR,Radiación solar global horaria VALIDADA,Wh/m^2,2019-04-09,3792.6,Calculado
21206990,TIBAITATA - AUT [21206990],RAD SOLAR,Radiación solar global horaria VALIDADA,Wh/m^2,2019-04-10,3516.7,Calculado
21206990,TIBAITATA - AUT [21206990],RAD SOLAR,Radiación solar global horaria VALIDADA,Wh/m^2,2019-04-11,4342.5,Calculado
21206990,TIBAITATA - AUT [21206990],RAD SOLAR,Radiación solar global horaria VALIDADA,Wh/m^2,2019-04-12,2828.8,Calculado
21206990,TIBAITATA - AUT [21206990],RAD SOLAR,Radiación solar global horaria VALIDADA,Wh/m^2,2019-04-13,4163.5,Calculado
21206990,TIBAITATA - AUT [21206990],RAD SOLAR,Radiación solar global horaria VALIDADA,Wh/m^2,2019-04-14,6054.3,Calculado
21206990,TIBAITATA - AUT [21206990],RAD SOLAR,Radiación solar global horaria VALIDADA,Wh/m^2,2019-04-15,2630.9,Calculado
21206990,TIBAITATA - AUT [21206990],RAD SOLAR,Radiación solar global horaria VALIDADA,Wh/m^2,2019-04-16,3813.6,Calculado
21206990,TIBAITATA - AUT [21206990],RAD SOLAR,Radiación solar global horaria VALIDADA,Wh/m^2,2019-04-17,3297.8,Calculado
21206990,TIBAITATA - AUT [21206990],RAD SOLAR,Radiación solar global horaria VALIDADA,Wh/m^2,2019-04-18,1660.0,Calculado
21206990,TIBAITATA - AUT [21206990],RAD SOLAR,Radiación solar global horaria VALIDADA,Wh/m^2,2019-04-19,4006.6,Calculado
21206990,TIBAITATA - AUT [21206990],RAD SOLAR,Radiación solar global horaria VALIDADA,Wh/m^2,2019-04-20,3473.8,Calculado
21206990,TIBAITATA - AUT [21206990],RAD SOLAR,Radiación solar global horaria VALIDADA,Wh/m^2,2019-04-21,3096.7,Calculado
21206990,TIBAITATA - AUT [21206990],RAD SOLAR,Radiación solar global horaria VALIDADA,Wh/m^2,2019-04-22,4477.5,Calculado
21206990,TIBAITATA - AUT [21206990],RAD SOLAR,Radiación solar global horaria VALIDADA,Wh/m^2,2019-04-23,6234.2,Calculado
21206990,TIBAITATA - AUT [21206990],RAD SOLAR,Radiación solar global horaria VALIDADA,Wh/m^2,2019-04-24,2704.8,Calculado
21206990,TIBAITATA - AUT [21206990],RAD SOLAR,Radiación solar global horaria VALIDADA,Wh/m^2,2019-04-25,4575.3,Calculado
21206990,TIBAITATA - AUT [21206990],RAD SOLAR,Radiación solar global horaria VALIDADA,Wh/m^2,2019-04-26,3114.7,Calculado
21206990,TIBAITATA - AUT [21206990],RAD SOLAR,Radiación solar global horaria VALIDADA,Wh/m^2,2019-04-27,3772.6,Calculado
21206990,TIBAITATA - AUT [21206990],RAD SOLAR,Radiación solar global horaria VALIDADA,Wh/m^2,2019-04-28,3028.9,Calculado
21206990,TIBAITATA - AUT [21206990],RAD SOLAR,Radiación solar global horaria VALIDADA,Wh/m^2,2019-04-29,3715.7,Calculado
21206990,TIBAITATA - AUT [21206990],RAD SOLAR,Radiación solar global horaria VALIDADA,Wh/m^2,2019-04-30,6432.2,Calculado
21206990,TIBAITATA - AUT [21206990],RAD SOLAR,Radiación solar global horaria VALIDADA,Wh/m^2,2019-05-01,6581.3,Calculado
21206990,TIBAITATA - AUT [21206990],RAD SOLAR,Radiación solar global horaria VALIDADA,Wh/m^2,2019-05-02,3150.8,Calculado
21206990,TIBAITATA - AUT [21206990],RAD SOLAR,Radiación solar global horaria VALIDADA,Wh/m^2,2019-05-03,2441.9,Calculado
21206990,TIBAITATA - AUT [21206990],RAD SOLAR,Radiación solar global horaria VALIDADA,Wh/m^2,2019-05-04,3166.7,Calculado
21206990,TIBAITATA - AUT [21206990],RAD SOLAR,Radiación solar global horaria VALIDADA,Wh/m^2,2019-05-05,3982.6,Calculado
21206990,TIBAITATA - AUT [21206990],RAD SOLAR,Radiación solar global horaria VALIDADA,Wh/m^2,2019-05-06,3611.6,Calculado
21206990,TIBAITATA - AUT [21206990],RAD SOLAR,Radiación solar global horaria VALIDADA,Wh/m^2,2019-05-07,4558.5,Calculado
21206990,TIBAITATA - AUT [21206990],RAD SOLAR,Radiación solar global horaria VALIDADA,Wh/m^2,2019-05-08,3653.6,Calculado
21206990,TIBAITATA - AUT [21206990],RAD SOLAR,Radiación solar global horaria VALIDADA,Wh/m^2,2019-05-09,2775.7,Calculado
21206990,TIBAITATA - AUT [21206990],RAD SOLAR,Radiación solar global horaria VALIDADA,Wh/m^2,2019-05-10,3830.6,Calculado
21206990,TIBAITATA - AUT [21206990],RAD SOLAR,Radiación solar global horaria VALIDADA,Wh/m^2,2019-05-11,3102.8,Calculado
21206990,TIBAITATA - AUT [21206990],RAD SOLAR,Radiación solar global horaria VALIDADA,Wh/m^2,2019-05-12,2800.9,Calculado
21206990,TIBAITATA - AUT [21206990],RAD SOLAR,Radiación solar global horaria VALIDADA,Wh/m^2,2019-05-13,2879.7,Calculado
21206990,TIBAITATA - AUT [21206990],RAD SOLAR,Radiación solar global horaria VALIDADA,Wh/m^2,2019-05-14,2996.8,Calculado
21206990,TIBAITATA - AUT [21206990],RAD SOLAR,Radiación solar global horaria VALIDADA,Wh/m^2,2019-05-15,5158.3,Calculado
21206990,TIBAITATA - AUT [21206990],RAD SOLAR,Radiación solar global horaria VALIDADA,Wh/m^2,2019-05-16,3168.7,Calculado
21206990,TIBAITATA - AUT [21206990],RAD SOLAR,Radiación solar global horaria VALIDADA,Wh/m^2,2019-05-17,3261.6,Calculado
21206990,TIBAITATA - AUT [21206990],RAD SOLAR,Radiación solar global horaria VALIDADA,Wh/m^2,2019-05-18,2999.8,Calculado
21206990,TIBAITATA - AUT [21206990],RAD SOLAR,Radiación solar global horaria VALIDADA,Wh/m^2,2019-05-19,3721.7,Calculado
21206990,TIBAITATA - AUT [21206990],RAD SOLAR,Radiación solar global horaria VALIDADA,Wh/m^2,2019-05-20,3052.8,Calculado
21206990,TIBAITATA - AUT [21206990],RAD SOLAR,Radiación solar global horaria VALIDADA,Wh/m^2,2019-05-21,4277.5,Calculado
21206990,TIBAITATA - AUT [21206990],RAD SOLAR,Radiación solar global horaria VALIDADA,Wh/m^2,2019-05-22,4330.5,Calculado
21206990,TIBAITATA - AUT [21206990],RAD SOLAR,Radiación solar global horaria VALIDADA,Wh/m^2,2019-05-23,2536.9,Calculado
21206990,TIBAITATA - AUT [21206990],RAD SOLAR,Radiación solar global horaria VALIDADA,Wh/m^2,2019-05-24,3813.6,Calculado
21206990,TIBAITATA - AUT [21206990],RAD SOLAR,Radiación solar global horaria VALIDADA,Wh/m^2,2019-05-25,3247.8,Calculado
21206990,TIBAITATA - AUT [21206990],RAD SOLAR,Radiación solar global horaria VALIDADA,Wh/m^2,2019-05-26,3876.5,Calculado
21206990,TIBAITATA - AUT [21206990],RAD SOLAR,Radiación solar global horaria VALIDADA,Wh/m^2,2019-05-27,3774.6,Calculado
21206990,TIBAITATA - AUT [21206990],RAD SOLAR,Radiación solar global horaria VALIDADA,Wh/m^2,2019-05-28,3450.7,Calculado
21206990,TIBAITATA - AUT [21206990],RAD SOLAR,Radiación solar global horaria VALIDADA,Wh/m^2,2019-05-29,3299.7,Calculado
21206990,TIBAITATA - AUT [21206990],RAD SOLAR,Radiación solar global horaria VALIDADA,Wh/m^2,2019-05-30,4630.5,Calculado
21206990,TIBAITATA - AUT [21206990],RAD SOLAR,Radiación solar global horaria VALIDADA,Wh/m^2,2019-05-31,3894.7,Calculado
21206990,TIBAITATA - AUT [21206990],RAD SOLAR,Radiación solar global horaria VALIDADA,Wh/m^2,2019-06-01,2470.0,Calculado
21206990,TIBAITATA - AUT [21206990],RAD SOLAR,Radiación solar global horaria VALIDADA,Wh/m^2,2019-06-02,5459.3,Calculado
21206990,TIBAITATA - AUT [21206990],RAD SOLAR,Radiación solar global horaria VALIDADA,Wh/m^2,2019-06-03,2498.0,Calculado
21206990,TIBAITATA - AUT [21206990],RAD SOLAR,Radiación solar global horaria VALIDADA,Wh/m^2,2019-06-04,5076.3,Calculado
21206990,TIBAITATA - AUT [21206990],RAD SOLAR,Radiación solar global horaria VALIDADA,Wh/m^2,2019-06-05,7035.2,Calculado
21206990,TIBAITATA - AUT [21206990],RAD SOLAR,Radiación solar global horaria VALIDADA,Wh/m^2,2019-06-06,2949.8,Calculado
21206990,TIBAITATA - AUT [21206990],RAD SOLAR,Radiación solar global horaria VALIDADA,Wh/m^2,2019-06-07,3695.6,Calculado
21206990,TIBAITATA - AUT [21206990],RAD SOLAR,Radiación solar global horaria VALIDADA,Wh/m^2,2019-06-08,3058.7,Calculado
21206990,TIBAITATA - AUT [21206990],RAD SOLAR,Radiación solar global horaria VALIDADA,Wh/m^2,2019-06-09,2987.9,Calculado
21206990,TIBAITATA - AUT [21206990],RAD SOLAR,Radiación solar global horaria VALIDADA,Wh/m^2,2019-06-10,2992.9,Calculado
21206990,TIBAITATA - AUT [21206990],RAD SOLAR,Radiación solar global horaria VALIDADA,Wh/m^2,2019-06-11,4078.5,Calculado
21206990,TIBAITATA - AUT [21206990],RAD SOLAR,Radiación solar global horaria VALIDADA,Wh/m^2,2019-06-12,3416.8,Calculado
21206990,TIBAITATA - AUT [21206990],RAD SOLAR,Radiación solar global horaria VALIDADA,Wh/m^2,2019-06-13,3326.7,Calculado
21206990,TIBAITATA - AUT [21206990],RAD SOLAR,Radiación solar global horaria VALIDADA,Wh/m^2,2019-06-14,3287.6,Calculado
21206990,TIBAITATA - AUT [21206990],RAD SOLAR,Radiación solar global horaria VALIDADA,Wh/m^2,2019-06-15,3591.8,Calculado
21206990,TIBAITATA - AUT [21206990],RAD SOLAR,Radiación solar global horaria VALIDADA,Wh/m^2,2019-06-16,3469.6,Calculado
21206990,TIBAITATA - AUT [21206990],RAD SOLAR,Radiación solar global horaria VALIDADA,Wh/m^2,2019-06-17,6025.3,Calculado
21206990,TIBAITATA - AUT [21206990],RAD SOLAR,Radiación solar global horaria VALIDADA,Wh/m^2,2019-06-18,4458.4,Calculado
21206990,TIBAITATA - AUT [21206990],RAD SOLAR,Radiación solar global horaria VALIDADA,Wh/m^2,2019-06-19,4623.4,Calculado
21206990,TIBAITATA - AUT [21206990],RAD SOLAR,Radiación solar global horaria VALIDADA,Wh/m^2,2019-06-20,4524.4,Calculado
21206990,TIBAITATA - AUT [21206990],RAD SOLAR,Radiación solar global horaria VALIDADA,Wh/m^2,2019-06-21,4045.6,Calculado
21206990,TIBAITATA - AUT [21206990],RAD SOLAR,Radiación solar global horaria VALIDADA,Wh/m^2,2019-06-22,2876.9,Calculado
21206990,TIBAITATA - AUT [21206990],RAD SOLAR,Radiación solar global horaria VALIDADA,Wh/m^2,2019-06-23,4668.5,Calculado
21206990,TIBAITATA - AUT [21206990],RAD SOLAR,Radiación solar global horaria VALIDADA,Wh/m^2,2019-06-24,2452.0,Calculado
21206990,TIBAITATA - AUT [21206990],RAD SOLAR,Radiación solar global horaria VALIDADA,Wh/m^2,2019-06-25,3680.7,Calculado
21206990,TIBAITATA - AUT [21206990],RAD SOLAR,Radiación solar global horaria VALIDADA,Wh/m^2,2019-06-26,5498.4,Calculado
21206990,TIBAITATA - AUT [21206990],RAD SOLAR,Radiación solar global horaria VALIDADA,Wh/m^2,2019-06-27,6740.2,Calculado
21206990,TIBAITATA - AUT [21206990],RAD SOLAR,Radiación solar global horaria VALIDADA,Wh/m^2,2019-06-28,3635.7,Calculado
21206990,TIBAITATA - AUT [21206990],RAD SOLAR,Radiación solar global horaria VALIDADA,Wh/m^2,2019-06-29,3317.7,Calculado
21206990,TIBAITATA - AUT [21206990],RAD SOLAR,Radiación solar global horaria VALIDADA,Wh/m^2,2019-06-30,3562.5,Calculado
21206990,TIBAITATA - AUT [21206990],RAD SOLAR,Radiación solar global horaria VALIDADA,Wh/m^2,2019-07-01,2742.8,Calculado
21206990,TIBAITATA - AUT [21206990],RAD SOLAR,Radiación solar global horaria VALIDADA,Wh/m^2,2019-07-02,2864.8,Calculado
21206990,TIBAITATA - AUT [21206990],RAD SOLAR,Radiación solar global horaria VALIDADA,Wh/m^2,2019-07-03,3276.7,Calculado
21206990,TIBAITATA - AUT [21206990],RAD SOLAR,Radiación solar global horaria VALIDADA,Wh/m^2,2019-07-04,6009.2,Calculado
21206990,TIBAITATA - AUT [21206990],RAD SOLAR,Radiación solar global horaria VALIDADA,Wh/m^2,2019-07-05,3448.7,Calculado
21206990,TIBAITATA - AUT [21206990],RAD SOLAR,Radiación solar global horaria VALIDADA,Wh/m^2,2019-07-06,6204.2,Calculado
21206990,TIBAITATA - AUT [21206990],RAD SOLAR,Radiación solar global horaria VALIDADA,Wh/m^2,2019-07-07,4795.5,Calculado
21206990,TIBAITATA - AUT [21206990],RAD SOLAR,Radiación solar global horaria VALIDADA,Wh/m^2,2019-07-08,5747.3,Calculado
21206990,TIBAITATA - AUT [21206990],RAD SOLAR,Radiación solar global horaria VALIDADA,Wh/m^2,2019-07-09,4547.4,Calculado
21206990,TIBAITATA - AUT [21206990],RAD SOLAR,Radiación solar global horaria VALIDADA,Wh/m^2,2019-07-10,3486.7,Calculado
21206990,TIBAITATA - AUT [21206990],RAD SOLAR,Radiación solar global horaria VALIDADA,Wh/m^2,2019-07-11,2808.0,Calculado
21206990,TIBAITATA - AUT [21206990],RAD SOLAR,Radiación solar global horaria VALIDADA,Wh/m^2,2019-07-12,3959.6,Calculado
21206990,TIBAITATA - AUT [21206990],RAD SOLAR,Radiación solar global horaria VALIDADA,Wh/m^2,2019-07-13,2489.9,Calculado
21206990,TIBAITATA - AUT [21206990],RAD SOLAR,Radiación solar global horaria VALIDADA,Wh/m^2,2019-07-14,3157.9,Calculado
21206990,TIBAITATA - AUT [21206990],RAD SOLAR,Radiación solar global horaria VALIDADA,Wh/m^2,2019-07-15,3482.6,Calculado
21206990,TIBAITATA - AUT [21206990],RAD SOLAR,Radiación solar global horaria VALIDADA,Wh/m^2,2019-07-16,3140.8,Calculado
21206990,TIBAITATA - AUT [21206990],RAD SOLAR,Radiación solar global horaria VALIDADA,Wh/m^2,2019-07-17,5061.5,Calculado
21206990,TIBAITATA - AUT [21206990],RAD SOLAR,Radiación solar global horaria VALIDADA,Wh/m^2,2019-07-18,5074.5,Calculado
21206990,TIBAITATA - AUT [21206990],RAD SOLAR,Radiación solar global horaria VALIDADA,Wh/m^2,2019-07-19,3743.6,Calculado
21206990,TIBAITATA - AUT [21206990],RAD SOLAR,Radiación solar global horaria VALIDADA,Wh/m^2,2019-07-20,3772.3999999999996,Calculado
21206990,TIBAITATA - AUT [21206990],RAD SOLAR,Radiación solar global horaria VALIDADA,Wh/m^2,2019-07-21,4243.5,Calculado
21206990,TIBAITATA - AUT [21206990],RAD SOLAR,Radiación solar global horaria VALIDADA,Wh/m^2,2019-07-22,4318.4,Calculado
21206990,TIBAITATA - AUT [21206990],RAD SOLAR,Radiación solar global horaria VALIDADA,Wh/m^2,2019-07-23,3063.6,Calculado
21206990,TIBAITATA - AUT [21206990],RAD SOLAR,Radiación solar global horaria VALIDADA,Wh/m^2,2019-07-24,2853.9,Calculado
21206990,TIBAITATA - AUT [21206990],RAD SOLAR,Radiación solar global horaria VALIDADA,Wh/m^2,2019-07-25,5569.3,Calculado
21206990,TIBAITATA - AUT [21206990],RAD SOLAR,Radiación solar global horaria VALIDADA,Wh/m^2,2019-07-26,2997.9,Calculado
21206990,TIBAITATA - AUT [21206990],RAD SOLAR,Radiación solar global horaria VALIDADA,Wh/m^2,2019-07-27,3692.7,Calculado
21206990,TIBAITATA - AUT [21206990],RAD SOLAR,Radiación solar global horaria VALIDADA,Wh/m^2,2019-07-28,4634.4,Calculado
21206990,TIBAITATA - AUT [21206990],RAD SOLAR,Radiación solar global horaria VALIDADA,Wh/m^2,2019-07-29,4779.5,Calculado
21206990,TIBAITATA - AUT [21206990],RAD SOLAR,Radiación solar global horaria VALIDADA,Wh/m^2,2019-07-30,4573.4,Calculado
21206990,TIBAITATA - AUT [21206990],RAD SOLAR,Radiación solar global horaria VALIDADA,Wh/m^2,2019-07-31,4790.6,Calculado
21206990,TIBAITATA - AUT [21206990],RAD SOLAR,Radiación solar global horaria VALIDADA,Wh/m^2,2019-08-01,3677.7,Calculado
21206990,TIBAITATA - AUT [21206990],RAD SOLAR,Radiación solar global horaria VALIDADA,Wh/m^2,2019-08-02,2688.7,Calculado
21206990,TIBAITATA - AUT [21206990],RAD SOLAR,Radiación solar global horaria VALIDADA,Wh/m^2,2019-08-03,3579.7,Calculado
21206990,TIBAITATA - AUT [21206990],RAD SOLAR,Radiación solar global horaria VALIDADA,Wh/m^2,2019-08-04,4837.5,Calculado
21206990,TIBAITATA - AUT [21206990],RAD SOLAR,Radiación solar global horaria VALIDADA,Wh/m^2,2019-08-05,6285.3,Calculado
21206990,TIBAITATA - AUT [21206990],RAD SOLAR,Radiación solar global horaria VALIDADA,Wh/m^2,2019-08-06,5426.4,Calculado
21206990,TIBAITATA - AUT [21206990],RAD SOLAR,Radiación solar global horaria VALIDADA,Wh/m^2,2019-08-07,4539.4,Calculado
21206990,TIBAITATA - AUT [21206990],RAD SOLAR,Radiación solar global horaria VALIDADA,Wh/m^2,2019-08-08,4223.6,Calculado
21206990,TIBAITATA - AUT [21206990],RAD SOLAR,Radiación solar global horaria VALIDADA,Wh/m^2,2019-08-09,4138.6,Calculado
21206990,TIBAITATA - AUT [21206990],RAD SOLAR,Radiación solar global horaria VALIDADA,Wh/m^2,2019-08-10,3447.7,Calculado
21206990,TIBAITATA - AUT [21206990],RAD SOLAR,Radiación solar global horaria VALIDADA,Wh/m^2,2019-08-11,4622.3,Calculado
21206990,TIBAITATA - AUT [21206990],RAD SOLAR,Radiación solar global horaria VALIDADA,Wh/m^2,2019-08-12,4692.4,Calculado
21206990,TIBAITATA - AUT [21206990],RAD SOLAR,Radiación solar global horaria VALIDADA,Wh/m^2,2019-08-13,3913.5,Calculado
21206990,TIBAITATA - AUT [21206990],RAD SOLAR,Radiación solar global horaria VALIDADA,Wh/m^2,2019-08-14,3958.6,Calculado
21206990,TIBAITATA - AUT [21206990],RAD SOLAR,Radiación solar global horaria VALIDADA,Wh/m^2,2019-08-15,4475.5,Calculado
21206990,TIBAITATA - AUT [21206990],RAD SOLAR,Radiación solar global horaria VALIDADA,Wh/m^2,2019-08-16,2480.8,Calculado
21206990,TIBAITATA - AUT [21206990],RAD SOLAR,Radiación solar global horaria VALIDADA,Wh/m^2,2019-08-17,2639.9,Calculado
21206990,TIBAITATA - AUT [21206990],RAD SOLAR,Radiación solar global horaria VALIDADA,Wh/m^2,2019-08-18,4679.5,Calculado
21206990,TIBAITATA - AUT [21206990],RAD SOLAR,Radiación solar global horaria VALIDADA,Wh/m^2,2019-08-19,3567.7,Calculado
21206990,TIBAITATA - AUT [21206990],RAD SOLAR,Radiación solar global horaria VALIDADA,Wh/m^2,2019-08-20,4822.4,Calculado
21206990,TIBAITATA - AUT [21206990],RAD SOLAR,Radiación solar global horaria VALIDADA,Wh/m^2,2019-08-21,6809.3,Calculado
21206990,TIBAITATA - AUT [21206990],RAD SOLAR,Radiación solar global horaria VALIDADA,Wh/m^2,2019-08-22,6362.2,Calculado
21206990,TIBAITATA - AUT [21206990],RAD SOLAR,Radiación solar global horaria VALIDADA,Wh/m^2,2019-08-23,5796.2,Calculado
21206990,TIBAITATA - AUT [21206990],RAD SOLAR,Radiación solar global horaria VALIDADA,Wh/m^2,2019-08-24,4883.4,Calculado
21206990,TIBAITATA - AUT [21206990],RAD SOLAR,Radiación solar global horaria VALIDADA,Wh/m^2,2019-08-25,5383.3,Calculado
21206990,TIBAITATA - AUT [21206990],RAD SOLAR,Radiación solar global horaria VALIDADA,Wh/m^2,2019-08-26,4702.4,Calculado
21206990,TIBAITATA - AUT [21206990],RAD SOLAR,Radiación solar global horaria VALIDADA,Wh/m^2,2019-08-27,5842.3,Calculado
21206990,TIBAITATA - AUT [21206990],RAD SOLAR,Radiación solar global horaria VALIDADA,Wh/m^2,2019-08-28,4152.5,Calculado
21206990,TIBAITATA - AUT [21206990],RAD SOLAR,Radiación solar global horaria VALIDADA,Wh/m^2,2019-08-29,6260.3,Calculado
21206990,TIBAITATA - AUT [21206990],RAD SOLAR,Radiación solar global horaria VALIDADA,Wh/m^2,2019-08-30,6544.2,Calculado
21206990,TIBAITATA - AUT [21206990],RAD SOLAR,Radiación solar global horaria VALIDADA,Wh/m^2,2019-08-31,2751.9,Calculado
21206990,TIBAITATA - AUT [21206990],RAD SOLAR,Radiación solar global horaria VALIDADA,Wh/m^2,2019-09-01,3650.7,Calculado
21206990,TIBAITATA - AUT [21206990],RAD SOLAR,Radiación solar global horaria VALIDADA,Wh/m^2,2019-09-02,4031.6,Calculado
21206990,TIBAITATA - AUT [21206990],RAD SOLAR,Radiación solar global horaria VALIDADA,Wh/m^2,2019-09-03,7331.2,Calculado
21206990,TIBAITATA - AUT [21206990],RAD SOLAR,Radiación solar global horaria VALIDADA,Wh/m^2,2019-09-04,3306.7,Calculado
21206990,TIBAITATA - AUT [21206990],RAD SOLAR,Radiación solar global horaria VALIDADA,Wh/m^2,2019-09-05,5213.3,Calculado
21206990,TIBAITATA - AUT [21206990],RAD SOLAR,Radiación solar global horaria VALIDADA,Wh/m^2,2019-09-06,5569.3,Calculado
21206990,TIBAITATA - AUT [21206990],RAD SOLAR,Radiación solar global horaria VALIDADA,Wh/m^2,2019-09-07,6222.4,Calculado
21206990,TIBAITATA - AUT [21206990],RAD SOLAR,Radiación solar global horaria VALIDADA,Wh/m^2,2019-09-08,4348.5,Calculado
21206990,TIBAITATA - AUT [21206990],RAD SOLAR,Radiación solar global horaria VALIDADA,Wh/m^2,2019-09-09,4461.5,Calculado
21206990,TIBAITATA - AUT [21206990],RAD SOLAR,Radiación solar global horaria VALIDADA,Wh/m^2,2019-09-10,3849.6,Calculado
21206990,TIBAITATA - AUT [21206990],RAD SOLAR,Radiación solar global horaria VALIDADA,Wh/m^2,2019-09-11,5008.4,Calculado
21206990,TIBAITATA - AUT [21206990],RAD SOLAR,Radiación solar global horaria VALIDADA,Wh/m^2,2019-09-12,6185.3,Calculado
21206990,TIBAITATA - AUT [21206990],RAD SOLAR,Radiación solar global horaria VALIDADA,Wh/m^2,2019-09-13,4397.5,Calculado
21206990,TIBAITATA - AUT [21206990],RAD SOLAR,Radiación solar global horaria VALIDADA,Wh/m^2,2019-09-14,4314.5,Calculado
21206990,TIBAITATA - AUT [21206990],RAD SOLAR,Radiación solar global horaria VALIDADA,Wh/m^2,2019-09-15,4405.5,Calculado
21206990,TIBAITATA - AUT [21206990],RAD SOLAR,Radiación solar global horaria VALIDADA,Wh/m^2,2019-09-16,3308.8,Calculado
21206990,TIBAITATA - AUT [21206990],RAD SOLAR,Radiación solar global horaria VALIDADA,Wh/m^2,2019-09-17,3414.7,Calculado
21206990,TIBAITATA - AUT [21206990],RAD SOLAR,Radiación solar global horaria VALIDADA,Wh/m^2,2019-09-18,2979.7,Calculado
21206990,TIBAITATA - AUT [21206990],RAD SOLAR,Radiación solar global horaria VALIDADA,Wh/m^2,2019-09-19,3546.7,Calculado
21206990,TIBAITATA - AUT [21206990],RAD SOLAR,Radiación solar global horaria VALIDADA,Wh/m^2,2019-09-20,1399.9,Calculado
21206990,TIBAITATA - AUT [21206990],RAD SOLAR,Radiación solar global horaria VALIDADA,Wh/m^2,2019-09-21,4237.5,Calculado
21206990,TIBAITATA - AUT [21206990],RAD SOLAR,Radiación solar global horaria VALIDADA,Wh/m^2,2019-09-22,4641.4,Calculado
21206990,TIBAITATA - AUT [21206990],RAD SOLAR,Radiación solar global horaria VALIDADA,Wh/m^2,2019-09-23,3463.7,Calculado
21206990,TIBAITATA - AUT [21206990],RAD SOLAR,Radiación solar global horaria VALIDADA,Wh/m^2,2019-09-24,5910.3,Calculado
21206990,TIBAITATA - AUT [21206990],RAD SOLAR,Radiación solar global horaria VALIDADA,Wh/m^2,2019-09-25,4057.6,Calculado
21206990,TIBAITATA - AUT [21206990],RAD SOLAR,Radiación solar global horaria VALIDADA,Wh/m^2,2019-09-26,6071.3,Calculado
21206990,TIBAITATA - AUT [21206990],RAD SOLAR,Radiación solar global horaria VALIDADA,Wh/m^2,2019-09-27,2739.8,Calculado
21206990,TIBAITATA - AUT [21206990],RAD SOLAR,Radiación solar global horaria VALIDADA,Wh/m^2,2019-09-28,5714.2,Calculado
21206990,TIBAITATA - AUT [21206990],RAD SOLAR,Radiación solar global horaria VALIDADA,Wh/m^2,2019-09-29,3381.5,Calculado
21206990,TIBAITATA - AUT [21206990],RAD SOLAR,Radiación solar global horaria VALIDADA,Wh/m^2,2019-09-30,4977.4,Calculado
21206990,TIBAITATA - AUT [21206990],RAD SOLAR,Radiación solar global horaria VALIDADA,Wh/m^2,2019-10-01,4688.5,Calculado
21206990,TIBAITATA - AUT [21206990],RAD SOLAR,Radiación solar global horaria VALIDADA,Wh/m^2,2019-10-02,5312.5,Calculado
21206990,TIBAITATA - AUT [21206990],RAD SOLAR,Radiación solar global horaria VALIDADA,Wh/m^2,2019-10-03,1658.0,Calculado
21206990,TIBAITATA - AUT [21206990],RAD SOLAR,Radiación solar global horaria VALIDADA,Wh/m^2,2019-10-04,3594.7,Calculado
21206990,TIBAITATA - AUT [21206990],RAD SOLAR,Radiación solar global horaria VALIDADA,Wh/m^2,2019-10-05,3959.6,Calculado
21206990,TIBAITATA - AUT [21206990],RAD SOLAR,Radiación solar global horaria VALIDADA,Wh/m^2,2019-10-06,5624.3,Calculado
21206990,TIBAITATA - AUT [21206990],RAD SOLAR,Radiación solar global horaria VALIDADA,Wh/m^2,2019-10-07,3725.7,Calculado
21206990,TIBAITATA - AUT [21206990],RAD SOLAR,Radiación solar global horaria VALIDADA,Wh/m^2,2019-10-08,2283.9,Calculado
21206990,TIBAITATA - AUT [21206990],RAD SOLAR,Radiación solar global horaria VALIDADA,Wh/m^2,2019-10-09,5717.3,Calculado
21206990,TIBAITATA - AUT [21206990],RAD SOLAR,Radiación solar global horaria VALIDADA,Wh/m^2,2019-10-10,3574.7,Calculado
21206990,TIBAITATA - AUT [21206990],RAD SOLAR,Radiación solar global horaria VALIDADA,Wh/m^2,2019-10-11,2558.8,Calculado
21206990,TIBAITATA - AUT [21206990],RAD SOLAR,Radiación solar global horaria VALIDADA,Wh/m^2,2019-10-12,3649.6,Calculado
21206990,TIBAITATA - AUT [21206990],RAD SOLAR,Radiación solar global horaria VALIDADA,Wh/m^2,2019-10-13,5792.3,Calculado
21206990,TIBAITATA - AUT [21206990],RAD SOLAR,Radiación solar global horaria VALIDADA,Wh/m^2,2019-10-14,2846.9,Calculado
21206990,TIBAITATA - AUT [21206990],RAD SOLAR,Radiación solar global horaria VALIDADA,Wh/m^2,2019-10-15,3362.7,Calculado
21206990,TIBAITATA - AUT [21206990],RAD SOLAR,Radiación solar global horaria VALIDADA,Wh/m^2,2019-10-16,2682.8,Calculado
21206990,TIBAITATA - AUT [21206990],RAD SOLAR,Radiación solar global horaria VALIDADA,Wh/m^2,2019-10-17,3904.5,Calculado
21206990,TIBAITATA - AUT [21206990],RAD SOLAR,Radiación solar global horaria VALIDADA,Wh/m^2,2019-10-18,3892.3999999999996,Calculado
21206990,TIBAITATA - AUT [21206990],RAD SOLAR,Radiación solar global horaria VALIDADA,Wh/m^2,2019-10-19,3954.6,Calculado
21206990,TIBAITATA - AUT [21206990],RAD SOLAR,Radiación solar global horaria VALIDADA,Wh/m^2,2019-10-20,3729.6,Calculado
21206990,TIBAITATA - AUT [21206990],RAD SOLAR,Radiación solar global horaria VALIDADA,Wh/m^2,2019-10-21,3704.6,Calculado
21206990,TIBAITATA - AUT [21206990],RAD SOLAR,Radiación solar global horaria VALIDADA,Wh/m^2,2019-10-22,5314.3,Calculado
21206990,TIBAITATA - AUT [21206990],RAD SOLAR,Radiación solar global horaria VALIDADA,Wh/m^2,2019-10-23,4950.4,Calculado
21206990,TIBAITATA - AUT [21206990],RAD SOLAR,Radiación solar global horaria VALIDADA,Wh/m^2,2019-10-24,4071.6,Calculado
21206990,TIBAITATA - AUT [21206990],RAD SOLAR,Radiación solar global horaria VALIDADA,Wh/m^2,2019-10-25,4532.4,Calculado
21206990,TIBAITATA - AUT [21206990],RAD SOLAR,Radiación solar global horaria VALIDADA,Wh/m^2,2019-10-26,2786.0,Calculado
21206990,TIBAITATA - AUT [21206990],RAD SOLAR,Radiación solar global horaria VALIDADA,Wh/m^2,2019-10-27,3219.6,Calculado
21206990,TIBAITATA - AUT [21206990],RAD SOLAR,Radiación solar global horaria VALIDADA,Wh/m^2,2019-10-28,3331.7,Calculado
21206990,TIBAITATA - AUT [21206990],RAD SOLAR,Radiación solar global horaria VALIDADA,Wh/m^2,2019-10-29,5112.3,Calculado
21206990,TIBAITATA - AUT [21206990],RAD SOLAR,Radiación solar global horaria VALIDADA,Wh/m^2,2019-10-30,4696.6,Calculado
21206990,TIBAITATA - AUT [21206990],RAD SOLAR,Radiación solar global horaria VALIDADA,Wh/m^2,2019-10-31,3353.8,Calculado
21206990,TIBAITATA - AUT [21206990],RAD SOLAR,Radiación solar global horaria VALIDADA,Wh/m^2,2019-11-01,4308.6,Calculado
21206990,TIBAITATA - AUT [21206990],RAD SOLAR,Radiación solar global horaria VALIDADA,Wh/m^2,2019-11-02,3309.8,Calculado
21206990,TIBAITATA - AUT [21206990],RAD SOLAR,Radiación solar global horaria VALIDADA,Wh/m^2,2019-11-03,4694.4,Calculado
21206990,TIBAITATA - AUT [21206990],RAD SOLAR,Radiación solar global horaria VALIDADA,Wh/m^2,2019-11-04,4804.4,Calculado
21206990,TIBAITATA - AUT [21206990],RAD SOLAR,Radiación solar global horaria VALIDADA,Wh/m^2,2019-11-05,4186.4,Calculado
21206990,TIBAITATA - AUT [21206990],RAD SOLAR,Radiación solar global horaria VALIDADA,Wh/m^2,2019-11-06,3907.6,Calculado
21206990,TIBAITATA - AUT [21206990],RAD SOLAR,Radiación solar global horaria VALIDADA,Wh/m^2,2019-11-07,3907.6,Calculado
21206990,TIBAITATA - AUT [21206990],RAD SOLAR,Radiación solar global horaria VALIDADA,Wh/m^2,2019-11-08,3690.7,Calculado
21206990,TIBAITATA - AUT [21206990],RAD SOLAR,Radiación solar global horaria VALIDADA,Wh/m^2,2019-11-09,2534.9,Calculado
21206990,TIBAITATA - AUT [21206990],RAD SOLAR,Radiación solar global horaria VALIDADA,Wh/m^2,2019-11-10,4353.5,Calculado
21206990,TIBAITATA - AUT [21206990],RAD SOLAR,Radiación solar global horaria VALIDADA,Wh/m^2,2019-11-11,4049.5,Calculado
21206990,TIBAITATA - AUT [21206990],RAD SOLAR,Radiación solar global horaria VALIDADA,Wh/m^2,2019-11-12,3193.7,Calculado
21206990,TIBAITATA - AUT [21206990],RAD SOLAR,Radiación solar global horaria VALIDADA,Wh/m^2,2019-11-13,2121.8,Calculado
21206990,TIBAITATA - AUT [21206990],RAD SOLAR,Radiación solar global horaria VALIDADA,Wh/m^2,2019-11-14,4394.5,Calculado
21206990,TIBAITATA - AUT [21206990],RAD SOLAR,Radiación solar global horaria VALIDADA,Wh/m^2,2019-11-15,4055.6,Calculado
21206990,TIBAITATA - AUT [21206990],RAD SOLAR,Radiación solar global horaria VALIDADA,Wh/m^2,2019-11-16,4085.6,Calculado
21206990,TIBAITATA - AUT [21206990],RAD SOLAR,Radiación solar global horaria VALIDADA,Wh/m^2,2019-11-17,4680.4,Calculado
21206990,TIBAITATA - AUT [21206990],RAD SOLAR,Radiación solar global horaria VALIDADA,Wh/m^2,2019-11-18,5947.2,Calculado
21206990,TIBAITATA - AUT [21206990],RAD SOLAR,Radiación solar global horaria VALIDADA,Wh/m^2,2019-11-19,4801.4,Calculado
21206990,TIBAITATA - AUT [21206990],RAD SOLAR,Radiación solar global horaria VALIDADA,Wh/m^2,2019-11-20,4919.4,Calculado
21206990,TIBAITATA - AUT [21206990],RAD SOLAR,Radiación solar global horaria VALIDADA,Wh/m^2,2019-11-21,3185.7,Calculado
21206990,TIBAITATA - AUT [21206990],RAD SOLAR,Radiación solar global horaria VALIDADA,Wh/m^2,2019-11-22,3214.8,Calculado
21206990,TIBAITATA - AUT [21206990],RAD SOLAR,Radiación solar global horaria VALIDADA,Wh/m^2,2019-11-23,5806.3,Calculado
21206990,TIBAITATA - AUT [21206990],RAD SOLAR,Radiación solar global horaria VALIDADA,Wh/m^2,2019-11-24,3035.7,Calculado
21206990,TIBAITATA - AUT [21206990],RAD SOLAR,Radiación solar global horaria VALIDADA,Wh/m^2,2019-11-25,3802.6,Calculado
21206990,TIBAITATA - AUT [21206990],RAD SOLAR,Radiación solar global horaria VALIDADA,Wh/m^2,2019-11-26,3483.7,Calculado
21206990,TIBAITATA - AUT [21206990],RAD SOLAR,Radiación solar global horaria VALIDADA,Wh/m^2,2019-11-27,2860.7,Calculado
21206990,TIBAITATA - AUT [21206990],RAD SOLAR,Radiación solar global horaria VALIDADA,Wh/m^2,2019-11-28,2789.8,Calculado
21206990,TIBAITATA - AUT [21206990],RAD SOLAR,Radiación solar global horaria VALIDADA,Wh/m^2,2019-11-29,5730.3,Calculado
21206990,TIBAITATA - AUT [21206990],RAD SOLAR,Radiación solar global horaria VALIDADA,Wh/m^2,2019-11-30,4883.4,Calculado
21206990,TIBAITATA - AUT [21206990],RAD SOLAR,Radiación solar global horaria VALIDADA,Wh/m^2,2019-12-01,4694.3,Calculado
21206990,TIBAITATA - AUT [21206990],RAD SOLAR,Radiación solar global horaria VALIDADA,Wh/m^2,2019-12-02,3462.8,Calculado
21206990,TIBAITATA - AUT [21206990],RAD SOLAR,Radiación solar global horaria VALIDADA,Wh/m^2,2019-12-03,3365.7,Calculado
21206990,TIBAITATA - AUT [21206990],RAD SOLAR,Radiación solar global horaria VALIDADA,Wh/m^2,2019-12-04,4609.5,Calculado
21206990,TIBAITATA - AUT [21206990],RAD SOLAR,Radiación solar global horaria VALIDADA,Wh/m^2,2019-12-05,4084.5,Calculado
21206990,TIBAITATA - AUT [21206990],RAD SOLAR,Radiación solar global horaria VALIDADA,Wh/m^2,2019-12-06,5218.4,Calculado
21206990,TIBAITATA - AUT [21206990],RAD SOLAR,Radiación solar global horaria VALIDADA,Wh/m^2,2019-12-07,5249.3,Calculado
21206990,TIBAITATA - AUT [21206990],RAD SOLAR,Radiación solar global horaria VALIDADA,Wh/m^2,2019-12-08,3923.3999999999996,Calculado
21206990,TIBAITATA - AUT [21206990],RAD SOLAR,Radiación solar global horaria VALIDADA,Wh/m^2,2019-12-09,5519.2,Calculado
21206990,TIBAITATA - AUT [21206990],RAD SOLAR,Radiación solar global horaria VALIDADA,Wh/m^2,2019-12-10,5241.3,Calculado
21206990,TIBAITATA - AUT [21206990],RAD SOLAR,Radiación solar global horaria VALIDADA,Wh/m^2,2019-12-11,5378.3,Calculado
21206990,TIBAITATA - AUT [21206990],RAD SOLAR,Radiación solar global horaria VALIDADA,Wh/m^2,2019-12-12,5007.3,Calculado
21206990,TIBAITATA - AUT [21206990],RAD SOLAR,Radiación solar global horaria VALIDADA,Wh/m^2,2019-12-13,4438.3,Calculado
21206990,TIBAITATA - AUT [21206990],RAD SOLAR,Radiación solar global horaria VALIDADA,Wh/m^2,2019-12-14,1966.0,Calculado
21206990,TIBAITATA - AUT [21206990],RAD SOLAR,Radiación solar global horaria VALIDADA,Wh/m^2,2019-12-15,2226.9,Calculado
21206990,TIBAITATA - AUT [21206990],RAD SOLAR,Radiación solar global horaria VALIDADA,Wh/m^2,2019-12-16,4369.4,Calculado
21206990,TIBAITATA - AUT [21206990],RAD SOLAR,Radiación solar global horaria VALIDADA,Wh/m^2,2019-12-17,4096.6,Calculado
21206990,TIBAITATA - AUT [21206990],RAD SOLAR,Radiación solar global horaria VALIDADA,Wh/m^2,2019-12-18,3554.7,Calculado
21206990,TIBAITATA - AUT [21206990],RAD SOLAR,Radiación solar global horaria VALIDADA,Wh/m^2,2019-12-19,4593.6,Calculado
21206990,TIBAITATA - AUT [21206990],RAD SOLAR,Radiación solar global horaria VALIDADA,Wh/m^2,2019-12-20,3834.6,Calculado
21206990,TIBAITATA - AUT [21206990],RAD SOLAR,Radiación solar global horaria VALIDADA,Wh/m^2,2019-12-21,1995.0,Calculado
21206990,TIBAITATA - AUT [21206990],RAD SOLAR,Radiación solar global horaria VALIDADA,Wh/m^2,2019-12-22,3483.7,Calculado
21206990,TIBAITATA - AUT [21206990],RAD SOLAR,Radiación solar global horaria VALIDADA,Wh/m^2,2019-12-23,4117.7,Calculado
21206990,TIBAITATA - AUT [21206990],RAD SOLAR,Radiación solar global horaria VALIDADA,Wh/m^2,2019-12-24,2703.9,Calculado
21206990,TIBAITATA - AUT [21206990],RAD SOLAR,Radiación solar global horaria VALIDADA,Wh/m^2,2019-12-25,3577.6,Calculado
21206990,TIBAITATA - AUT [21206990],RAD SOLAR,Radiación solar global horaria VALIDADA,Wh/m^2,2019-12-26,3290.7,Calculado
21206990,TIBAITATA - AUT [21206990],RAD SOLAR,Radiación solar global horaria VALIDADA,Wh/m^2,2019-12-27,3239.7,Calculado
21206990,TIBAITATA - AUT [21206990],RAD SOLAR,Radiación solar global horaria VALIDADA,Wh/m^2,2019-12-28,3929.3999999999996,Calculado
21206990,TIBAITATA - AUT [21206990],RAD SOLAR,Radiación solar global horaria VALIDADA,Wh/m^2,2019-12-29,5436.2,Calculado
21206990,TIBAITATA - AUT [21206990],RAD SOLAR,Radiación solar global horaria VALIDADA,Wh/m^2,2019-12-30,3863.6,Calculado
21206990,TIBAITATA - AUT [21206990],RAD SOLAR,Radiación solar global horaria VALIDADA,Wh/m^2,2019-12-31,4611.5,Calculado
21206990,TIBAITATA - AUT [21206990],RAD SOLAR,Radiación solar global horaria VALIDADA,Wh/m^2,2020-01-01,5870.3,Calculado
21206990,TIBAITATA - AUT [21206990],RAD SOLAR,Radiación solar global horaria VALIDADA,Wh/m^2,2020-01-02,6192.2,Calculado
21206990,TIBAITATA - AUT [21206990],RAD SOLAR,Radiación solar global horaria VALIDADA,Wh/m^2,2020-01-03,5819.3,Calculado
21206990,TIBAITATA - AUT [21206990],RAD SOLAR,Radiación solar global horaria VALIDADA,Wh/m^2,2020-01-04,6321.2,Calculado
21206990,TIBAITATA - AUT [21206990],RAD SOLAR,Radiación solar global horaria VALIDADA,Wh/m^2,2020-01-05,6040.3,Calculado
21206990,TIBAITATA - AUT [21206990],RAD SOLAR,Radiación solar global horaria VALIDADA,Wh/m^2,2020-01-06,6288.2,Calculado
21206990,TIBAITATA - AUT [21206990],RAD SOLAR,Radiación solar global horaria VALIDADA,Wh/m^2,2020-01-07,6245.2,Calculado
21206990,TIBAITATA - AUT [21206990],RAD SOLAR,Radiación solar global horaria VALIDADA,Wh/m^2,2020-01-08,6481.2,Calculado
21206990,TIBAITATA - AUT [21206990],RAD SOLAR,Radiación solar global horaria VALIDADA,Wh/m^2,2020-01-09,6480.2,Calculado
21206990,TIBAITATA - AUT [21206990],RAD SOLAR,Radiación solar global horaria VALIDADA,Wh/m^2,2020-01-10,6639.2,Calculado
21206990,TIBAITATA - AUT [21206990],RAD SOLAR,Radiación solar global horaria VALIDADA,Wh/m^2,2020-01-11,3642.6,Calculado
21206990,TIBAITATA - AUT [21206990],RAD SOLAR,Radiación solar global horaria VALIDADA,Wh/m^2,2020-01-12,4479.6,Calculado
21206990,TIBAITATA - AUT [21206990],RAD SOLAR,Radiación solar global horaria VALIDADA,Wh/m^2,2020-01-13,6019.3,Calculado
21206990,TIBAITATA - AUT [21206990],RAD SOLAR,Radiación solar global horaria VALIDADA,Wh/m^2,2020-01-14,5125.4,Calculado
21206990,TIBAITATA - AUT [21206990],RAD SOLAR,Radiación solar global horaria VALIDADA,Wh/m^2,2020-01-15,6083.3,Calculado
21206990,TIBAITATA - AUT [21206990],RAD SOLAR,Radiación solar global horaria VALIDADA,Wh/m^2,2020-01-16,2912.7,Calculado
21206990,TIBAITATA - AUT [21206990],RAD SOLAR,Radiación solar global horaria VALIDADA,Wh/m^2,2020-01-17,2727.9,Calculado
21206990,TIBAITATA - AUT [21206990],RAD SOLAR,Radiación solar global horaria VALIDADA,Wh/m^2,2020-01-18,2202.9,Calculado
21206990,TIBAITATA - AUT [21206990],RAD SOLAR,Radiación solar global horaria VALIDADA,Wh/m^2,2020-01-19,3042.9,Calculado
21206990,TIBAITATA - AUT [21206990],RAD SOLAR,Radiación solar global horaria VALIDADA,Wh/m^2,2020-01-20,3455.6,Calculado
21206990,TIBAITATA - AUT [21206990],RAD SOLAR,Radiación solar global horaria VALIDADA,Wh/m^2,2020-01-21,3047.8,Calculado
21206990,TIBAITATA - AUT [21206990],RAD SOLAR,Radiación solar global horaria VALIDADA,Wh/m^2,2020-01-22,3303.6,Calculado
21206990,TIBAITATA - AUT [21206990],RAD SOLAR,Radiación solar global horaria VALIDADA,Wh/m^2,2020-01-23,5709.3,Calculado
21206990,TIBAITATA - AUT [21206990],RAD SOLAR,Radiación solar global horaria VALIDADA,Wh/m^2,2020-01-24,3739.6,Calculado
21206990,TIBAITATA - AUT [21206990],RAD SOLAR,Radiación solar global horaria VALIDADA,Wh/m^2,2020-01-25,4769.3,Calculado
21206990,TIBAITATA - AUT [21206990],RAD SOLAR,Radiación solar global horaria VALIDADA,Wh/m^2,2020-01-26,5549.3,Calculado
21206990,TIBAITATA - AUT [21206990],RAD SOLAR,Radiación solar global horaria VALIDADA,Wh/m^2,2020-01-27,4938.3,Calculado
21206990,TIBAITATA - AUT [21206990],RAD SOLAR,Radiación solar global horaria VALIDADA,Wh/m^2,2020-01-28,4626.4,Calculado
21206990,TIBAITATA - AUT [21206990],RAD SOLAR,Radiación solar global horaria VALIDADA,Wh/m^2,2020-01-29,5554.2,Calculado
21206990,TIBAITATA - AUT [21206990],RAD SOLAR,Radiación solar global horaria VALIDADA,Wh/m^2,2020-01-30,5098.3,Calculado
21206990,TIBAITATA - AUT [21206990],RAD SOLAR,Radiación solar global horaria VALIDADA,Wh/m^2,2020-01-31,5095.4,Calculado
21206990,TIBAITATA - AUT [21206990],RAD SOLAR,Radiación solar global horaria VALIDADA,Wh/m^2,2020-02-01,3412.7,Calculado
21206990,TIBAITATA - AUT [21206990],RAD SOLAR,Radiación solar global horaria VALIDADA,Wh/m^2,2020-02-02,4743.5,Calculado
21206990,TIBAITATA - AUT [21206990],RAD SOLAR,Radiación solar global horaria VALIDADA,Wh/m^2,2020-02-03,6464.2,Calculado
21206990,TIBAITATA - AUT [21206990],RAD SOLAR,Radiación solar global horaria VALIDADA,Wh/m^2,2020-02-04,6661.2,Calculado
21206990,TIBAITATA - AUT [21206990],RAD SOLAR,Radiación solar global horaria VALIDADA,Wh/m^2,2020-02-05,6764.2,Calculado
21206990,TIBAITATA - AUT [21206990],RAD SOLAR,Radiación solar global horaria VALIDADA,Wh/m^2,2020-02-06,6903.2,Calculado
21206990,TIBAITATA - AUT [21206990],RAD SOLAR,Radiación solar global horaria VALIDADA,Wh/m^2,2020-02-07,6641.2,Calculado
21206990,TIBAITATA - AUT [21206990],RAD SOLAR,Radiación solar global horaria VALIDADA,Wh/m^2,2020-02-08,6095.2,Calculado
21206990,TIBAITATA - AUT [21206990],RAD SOLAR,Radiación solar global horaria VALIDADA,Wh/m^2,2020-02-09,6526.3,Calculado
21206990,TIBAITATA - AUT [21206990],RAD SOLAR,Radiación solar global horaria VALIDADA,Wh/m^2,2020-02-10,6740.2,Calculado
21206990,TIBAITATA - AUT [21206990],RAD SOLAR,Radiación solar global horaria VALIDADA,Wh/m^2,2020-02-11,7011.2,Calculado
21206990,TIBAITATA - AUT [21206990],RAD SOLAR,Radiación solar global horaria VALIDADA,Wh/m^2,2020-02-12,6333.3,Calculado
21206990,TIBAITATA - AUT [21206990],RAD SOLAR,Radiación solar global horaria VALIDADA,Wh/m^2,2020-02-13,6305.2,Calculado
21206990,TIBAITATA - AUT [21206990],RAD SOLAR,Radiación solar global horaria VALIDADA,Wh/m^2,2020-02-14,5419.4,Calculado
21206990,TIBAITATA - AUT [21206990],RAD SOLAR,Radiación solar global horaria VALIDADA,Wh/m^2,2020-02-15,4136.5,Calculado
21206990,TIBAITATA - AUT [21206990],RAD SOLAR,Radiación solar global horaria VALIDADA,Wh/m^2,2020-02-16,5739.3,Calculado
21206990,TIBAITATA - AUT [21206990],RAD SOLAR,Radiación solar global horaria VALIDADA,Wh/m^2,2020-02-17,3783.7,Calculado
21206990,TIBAITATA - AUT [21206990],RAD SOLAR,Radiación solar global horaria VALIDADA,Wh/m^2,2020-02-18,6174.3,Calculado
21206990,TIBAITATA - AUT [21206990],RAD SOLAR,Radiación solar global horaria VALIDADA,Wh/m^2,2020-02-19,2237.9,Calculado
21206990,TIBAITATA - AUT [21206990],RAD SOLAR,Radiación solar global horaria VALIDADA,Wh/m^2,2020-02-20,4669.5,Calculado
21206990,TIBAITATA - AUT [21206990],RAD SOLAR,Radiación solar global horaria VALIDADA,Wh/m^2,2020-02-21,5364.3,Calculado
21206990,TIBAITATA - AUT [21206990],RAD SOLAR,Radiación solar global horaria VALIDADA,Wh/m^2,2020-02-22,4008.6,Calculado
21206990,TIBAITATA - AUT [21206990],RAD SOLAR,Radiación solar global horaria VALIDADA,Wh/m^2,2020-02-23,2351.8,Calculado
21206990,TIBAITATA - AUT [21206990],RAD SOLAR,Radiación solar global horaria VALIDADA,Wh/m^2,2020-02-24,3446.7,Calculado
21206990,TIBAITATA - AUT [21206990],RAD SOLAR,Radiación solar global horaria VALIDADA,Wh/m^2,2020-02-25,4644.4,Calculado
21206990,TIBAITATA - AUT [21206990],RAD SOLAR,Radiación solar global horaria VALIDADA,Wh/m^2,2020-02-26,4684.4,Calculado
21206990,TIBAITATA - AUT [21206990],RAD SOLAR,Radiación solar global horaria VALIDADA,Wh/m^2,2020-02-27,5867.2,Calculado
21206990,TIBAITATA - AUT [21206990],RAD SOLAR,Radiación solar global horaria VALIDADA,Wh/m^2,2020-02-28,5466.4,Calculado
21206990,TIBAITATA - AUT [21206990],RAD SOLAR,Radiación solar global horaria VALIDADA,Wh/m^2,2020-02-29,5077.3,Calculado
21206990,TIBAITATA - AUT [21206990],RAD SOLAR,Radiación solar global horaria VALIDADA,Wh/m^2,2020-03-01,6655.2,Calculado
21206990,TIBAITATA - AUT [21206990],RAD SOLAR,Radiación solar global horaria VALIDADA,Wh/m^2,2020-03-02,4746.3,Calculado
21206990,TIBAITATA - AUT [21206990],RAD SOLAR,Radiación solar global horaria VALIDADA,Wh/m^2,2020-03-03,5676.3,Calculado
21206990,TIBAITATA - AUT [21206990],RAD SOLAR,Radiación solar global horaria VALIDADA,Wh/m^2,2020-03-04,6522.2,Calculado
21206990,TIBAITATA - AUT [21206990],RAD SOLAR,Radiación solar global horaria VALIDADA,Wh/m^2,2020-03-05,7170.2,Calculado
21206990,TIBAITATA - AUT [21206990],RAD SOLAR,Radiación solar global horaria VALIDADA,Wh/m^2,2020-03-06,5894.3,Calculado
21206990,TIBAITATA - AUT [21206990],RAD SOLAR,Radiación solar global horaria VALIDADA,Wh/m^2,2020-03-07,5547.2,Calculado
21206990,TIBAITATA - AUT [21206990],RAD SOLAR,Radiación solar global horaria VALIDADA,Wh/m^2,2020-03-08,4989.6,Calculado
21206990,TIBAITATA - AUT [21206990],RAD SOLAR,Radiación solar global horaria VALIDADA,Wh/m^2,2020-03-09,3747.6,Calculado
21206990,TIBAITATA - AUT [21206990],RAD SOLAR,Radiación solar global horaria VALIDADA,Wh/m^2,2020-03-10,5199.5,Calculado
21206990,TIBAITATA - AUT [21206990],RAD SOLAR,Radiación solar global horaria VALIDADA,Wh/m^2,2020-03-11,6709.3,Calculado
21206990,TIBAITATA - AUT [21206990],RAD SOLAR,Radiación solar global horaria VALIDADA,Wh/m^2,2020-03-12,4830.4,Calculado
21206990,TIBAITATA - AUT [21206990],RAD SOLAR,Radiación solar global horaria VALIDADA,Wh/m^2,2020-03-13,4759.5,Calculado
21206990,TIBAITATA - AUT [21206990],RAD SOLAR,Radiación solar global horaria VALIDADA,Wh/m^2,2020-03-14,4812.4,Calculado
21206990,TIBAITATA - AUT [21206990],RAD SOLAR,Radiación solar global horaria VALIDADA,Wh/m^2,2020-03-15,4223.6,Calculado
21206990,TIBAITATA - AUT [21206990],RAD SOLAR,Radiación solar global horaria VALIDADA,Wh/m^2,2020-03-16,5018.3,Calculado
21206990,TIBAITATA - AUT [21206990],RAD SOLAR,Radiación solar global horaria VALIDADA,Wh/m^2,2020-03-17,6805.2,Calculado
21206990,TIBAITATA - AUT [21206990],RAD SOLAR,Radiación solar global horaria VALIDADA,Wh/m^2,2020-03-18,6060.2,Calculado
21206990,TIBAITATA - AUT [21206990],RAD SOLAR,Radiación solar global horaria VALIDADA,Wh/m^2,2020-03-19,6226.2,Calculado
21206990,TIBAITATA - AUT [21206990],RAD SOLAR,Radiación solar global horaria VALIDADA,Wh/m^2,2020-03-20,3263.7,Calculado
21206990,TIBAITATA - AUT [21206990],RAD SOLAR,Radiación solar global horaria VALIDADA,Wh/m^2,2020-03-21,4673.5,Calculado
21206990,TIBAITATA - AUT [21206990],RAD SOLAR,Radiación solar global horaria VALIDADA,Wh/m^2,2020-03-22,7203.2,Calculado
21206990,TIBAITATA - AUT [21206990],RAD SOLAR,Radiación solar global horaria VALIDADA,Wh/m^2,2020-03-23,4188.5,Calculado
21206990,TIBAITATA - AUT [21206990],RAD SOLAR,Radiación solar global horaria VALIDADA,Wh/m^2,2020-03-24,2739.7,Calculado
21206990,TIBAITATA - AUT [21206990],RAD SOLAR,Radiación solar global horaria VALIDADA,Wh/m^2,2020-03-25,3959.5,Calculado
21206990,TIBAITATA - AUT [21206990],RAD SOLAR,Radiación solar global horaria VALIDADA,Wh/m^2,2020-03-26,6308.3,Calculado
21206990,TIBAITATA - AUT [21206990],RAD SOLAR,Radiación solar global horaria VALIDADA,Wh/m^2,2020-03-27,6439.2,Calculado
21206990,TIBAITATA - AUT [21206990],RAD SOLAR,Radiación solar global horaria VALIDADA,Wh/m^2,2020-03-28,4663.4,Calculado
21206990,TIBAITATA - AUT [21206990],RAD SOLAR,Radiación solar global horaria VALIDADA,Wh/m^2,2020-03-29,6838.2,Calculado
21206990,TIBAITATA - AUT [21206990],RAD SOLAR,Radiación solar global horaria VALIDADA,Wh/m^2,2020-03-30,2600.9,Calculado
21206990,TIBAITATA - AUT [21206990],RAD SOLAR,Radiación solar global horaria VALIDADA,Wh/m^2,2020-03-31,0.0,Calculado
21206990,TIBAITATA - AUT [21206990],RAD SOLAR,Radiación solar global horaria VALIDADA,Wh/m^2,2020-04-01,2649.8,Calculado
21206990,TIBAITATA - AUT [21206990],RAD SOLAR,Radiación solar global horaria VALIDADA,Wh/m^2,2020-04-02,3676.8,Calculado
21206990,TIBAITATA - AUT [21206990],RAD SOLAR,Radiación solar global horaria VALIDADA,Wh/m^2,2020-04-03,5097.3,Calculado
21206990,TIBAITATA - AUT [21206990],RAD SOLAR,Radiación solar global horaria VALIDADA,Wh/m^2,2020-04-04,3666.7,Calculado
21206990,TIBAITATA - AUT [21206990],RAD SOLAR,Radiación solar global horaria VALIDADA,Wh/m^2,2020-04-05,4160.7,Calculado
21206990,TIBAITATA - AUT [21206990],RAD SOLAR,Radiación solar global horaria VALIDADA,Wh/m^2,2020-04-06,3597.6,Calculado
21206990,TIBAITATA - AUT [21206990],RAD SOLAR,Radiación solar global horaria VALIDADA,Wh/m^2,2020-04-07,3450.7,Calculado
21206990,TIBAITATA - AUT [21206990],RAD SOLAR,Radiación solar global horaria VALIDADA,Wh/m^2,2020-04-08,3605.7,Calculado
21206990,TIBAITATA - AUT [21206990],RAD SOLAR,Radiación solar global horaria VALIDADA,Wh/m^2,2020-04-09,4760.4,Calculado
21206990,TIBAITATA - AUT [21206990],RAD SOLAR,Radiación solar global horaria VALIDADA,Wh/m^2,2020-04-10,4516.4,Calculado
21206990,TIBAITATA - AUT [21206990],RAD SOLAR,Radiación solar global horaria VALIDADA,Wh/m^2,2020-04-11,2777.9,Calculado
21206990,TIBAITATA - AUT [21206990],RAD SOLAR,Radiación solar global horaria VALIDADA,Wh/m^2,2020-04-12,3817.6,Calculado
21206990,TIBAITATA - AUT [21206990],RAD SOLAR,Radiación solar global horaria VALIDADA,Wh/m^2,2020-04-13,7357.2,Calculado
21206990,TIBAITATA - AUT [21206990],RAD SOLAR,Radiación solar global horaria VALIDADA,Wh/m^2,2020-04-14,6006.4,Calculado
21206990,TIBAITATA - AUT [21206990],RAD SOLAR,Radiación solar global horaria VALIDADA,Wh/m^2,2020-04-15,6067.4,Calculado
21206990,TIBAITATA - AUT [21206990],RAD SOLAR,Radiación solar global horaria VALIDADA,Wh/m^2,2020-04-16,6747.3,Calculado
21206990,TIBAITATA - AUT [21206990],RAD SOLAR,Radiación solar global horaria VALIDADA,Wh/m^2,2020-04-17,2220.0,Calculado
21206990,TIBAITATA - AUT [21206990],RAD SOLAR,Radiación solar global horaria VALIDADA,Wh/m^2,2020-04-18,3934.6,Calculado
21206990,TIBAITATA - AUT [21206990],RAD SOLAR,Radiación solar global horaria VALIDADA,Wh/m^2,2020-04-19,5356.5,Calculado
21206990,TIBAITATA - AUT [21206990],RAD SOLAR,Radiación solar global horaria VALIDADA,Wh/m^2,2020-04-20,5204.3,Calculado
21206990,TIBAITATA - AUT [21206990],RAD SOLAR,Radiación solar global horaria VALIDADA,Wh/m^2,2020-04-21,2786.8,Calculado
21206990,TIBAITATA - AUT [21206990],RAD SOLAR,Radiación solar global horaria VALIDADA,Wh/m^2,2020-04-22,3631.6,Calculado
21206990,TIBAITATA - AUT [21206990],RAD SOLAR,Radiación solar global horaria VALIDADA,Wh/m^2,2020-04-23,2300.0,Calculado
21206990,TIBAITATA - AUT [21206990],RAD SOLAR,Radiación solar global horaria VALIDADA,Wh/m^2,2020-04-24,6126.2,Calculado
21206990,TIBAITATA - AUT [21206990],RAD SOLAR,Radiación solar global horaria VALIDADA,Wh/m^2,2020-04-25,5870.3,Calculado
21206990,TIBAITATA - AUT [21206990],RAD SOLAR,Radiación solar global horaria VALIDADA,Wh/m^2,2020-04-26,7331.2,Calculado
21206990,TIBAITATA - AUT [21206990],RAD SOLAR,Radiación solar global horaria VALIDADA,Wh/m^2,2020-04-27,4318.6,Calculado
21206990,TIBAITATA - AUT [21206990],RAD SOLAR,Radiación solar global horaria VALIDADA,Wh/m^2,2020-04-28,5915.4,Calculado
21206990,TIBAITATA - AUT [21206990],RAD SOLAR,Radiación solar global horaria VALIDADA,Wh/m^2,2020-04-29,2510.8,Calculado
21206990,TIBAITATA - AUT [21206990],RAD SOLAR,Radiación solar global horaria VALIDADA,Wh/m^2,2020-04-30,3516.8,Calculado
21206990,TIBAITATA - AUT [21206990],RAD SOLAR,Radiación solar global horaria VALIDADA,Wh/m^2,2020-05-01,3244.7,Calculado
21206990,TIBAITATA - AUT [21206990],RAD SOLAR,Radiación solar global horaria VALIDADA,Wh/m^2,2020-05-02,3483.8,Calculado
21206990,TIBAITATA - AUT [21206990],RAD SOLAR,Radiación solar global horaria VALIDADA,Wh/m^2,2020-05-03,2921.9,Calculado
21206990,TIBAITATA - AUT [21206990],RAD SOLAR,Radiación solar global horaria VALIDADA,Wh/m^2,2020-05-04,3344.8,Calculado
21206990,TIBAITATA - AUT [21206990],RAD SOLAR,Radiación solar global horaria VALIDADA,Wh/m^2,2020-05-05,3788.6,Calculado
21206990,TIBAITATA - AUT [21206990],RAD SOLAR,Radiación solar global horaria VALIDADA,Wh/m^2,2020-05-06,3449.8,Calculado
21206990,TIBAITATA - AUT [21206990],RAD SOLAR,Radiación solar global horaria VALIDADA,Wh/m^2,2020-05-07,2619.9,Calculado
21206990,TIBAITATA - AUT [21206990],RAD SOLAR,Radiación solar global horaria VALIDADA,Wh/m^2,2020-05-08,2482.7,Calculado
21206990,TIBAITATA - AUT [21206990],RAD SOLAR,Radiación solar global horaria VALIDADA,Wh/m^2,2020-05-09,3962.5,Calculado
21206990,TIBAITATA - AUT [21206990],RAD SOLAR,Radiación solar global horaria VALIDADA,Wh/m^2,2020-05-10,3.0,Calculado
21206990,TIBAITATA - AUT [21206990],RAD SOLAR,Radiación solar global horaria VALIDADA,Wh/m^2,2020-05-11,4218.5,Calculado
21206990,TIBAITATA - AUT [21206990],RAD SOLAR,Radiación solar global horaria VALIDADA,Wh/m^2,2020-05-12,3189.7,Calculado
21206990,TIBAITATA - AUT [21206990],RAD SOLAR,Radiación solar global horaria VALIDADA,Wh/m^2,2020-05-13,3081.6,Calculado
21206990,TIBAITATA - AUT [21206990],RAD SOLAR,Radiación solar global horaria VALIDADA,Wh/m^2,2020-05-14,3366.7,Calculado
21206990,TIBAITATA - AUT [21206990],RAD SOLAR,Radiación solar global horaria VALIDADA,Wh/m^2,2020-05-15,3514.7,Calculado
21206990,TIBAITATA - AUT [21206990],RAD SOLAR,Radiación solar global horaria VALIDADA,Wh/m^2,2020-05-16,4894.4,Calculado
21206990,TIBAITATA - AUT [21206990],RAD SOLAR,Radiación solar global horaria VALIDADA,Wh/m^2,2020-05-17,491.0,Calculado
21206990,TIBAITATA - AUT [21206990],RAD SOLAR,Radiación solar global horaria VALIDADA,Wh/m^2,2020-05-18,3625.7,Calculado
21206990,TIBAITATA - AUT [21206990],RAD SOLAR,Radiación solar global horaria VALIDADA,Wh/m^2,2020-05-19,31.0,Calculado
21206990,TIBAITATA - AUT [21206990],RAD SOLAR,Radiación solar global horaria VALIDADA,Wh/m^2,2020-05-20,3036.0,Calculado
21206990,TIBAITATA - AUT [21206990],RAD SOLAR,Radiación solar global horaria VALIDADA,Wh/m^2,2020-05-21,497.0,Calculado
21206990,TIBAITATA - AUT [21206990],RAD SOLAR,Radiación solar global horaria VALIDADA,Wh/m^2,2020-05-22,3503.7,Calculado
21206990,TIBAITATA - AUT [21206990],RAD SOLAR,Radiación solar global horaria VALIDADA,Wh/m^2,2020-05-23,4753.3,Calculado
21206990,TIBAITATA - AUT [21206990],RAD SOLAR,Radiación solar global horaria VALIDADA,Wh/m^2,2020-05-24,173.0,Calculado
21206990,TIBAITATA - AUT [21206990],RAD SOLAR,Radiación solar global horaria VALIDADA,Wh/m^2,2020-05-25,4941.3,Calculado
21206990,TIBAITATA - AUT [21206990],RAD SOLAR,Radiación solar global horaria VALIDADA,Wh/m^2,2020-05-26,329.0,Calculado
21206990,TIBAITATA - AUT [21206990],RAD SOLAR,Radiación solar global horaria VALIDADA,Wh/m^2,2020-05-27,3580.6,Calculado
21206990,TIBAITATA - AUT [21206990],RAD SOLAR,Radiación solar global horaria VALIDADA,Wh/m^2,2020-05-28,2921.7,Calculado
21206990,TIBAITATA - AUT [21206990],RAD SOLAR,Radiación solar global horaria VALIDADA,Wh/m^2,2020-05-29,3641.6,Calculado
21206990,TIBAITATA - AUT [21206990],RAD SOLAR,Radiación solar global horaria VALIDADA,Wh/m^2,2020-05-30,739.0,Calculado
21206990,TIBAITATA - AUT [21206990],RAD SOLAR,Radiación solar global horaria VALIDADA,Wh/m^2,2020-05-31,3282.5,Calculado
21206990,TIBAITATA - AUT [21206990],RAD SOLAR,Radiación solar global horaria VALIDADA,Wh/m^2,2020-06-01,3766.7,Calculado
21206990,TIBAITATA - AUT [21206990],RAD SOLAR,Radiación solar global horaria VALIDADA,Wh/m^2,2020-06-02,1822.9,Calculado
21206990,TIBAITATA - AUT [21206990],RAD SOLAR,Radiación solar global horaria VALIDADA,Wh/m^2,2020-06-03,1501.0,Calculado
21206990,TIBAITATA - AUT [21206990],RAD SOLAR,Radiación solar global horaria VALIDADA,Wh/m^2,2020-06-04,2.0,Calculado
21206990,TIBAITATA - AUT [21206990],RAD SOLAR,Radiación solar global horaria VALIDADA,Wh/m^2,2020-06-05,2659.0,Calculado
21206990,TIBAITATA - AUT [21206990],RAD SOLAR,Radiación solar global horaria VALIDADA,Wh/m^2,2020-06-06,3798.6,Calculado
21206990,TIBAITATA - AUT [21206990],RAD SOLAR,Radiación solar global horaria VALIDADA,Wh/m^2,2020-06-07,4761.2,Calculado
21206990,TIBAITATA - AUT [21206990],RAD SOLAR,Radiación solar global horaria VALIDADA,Wh/m^2,2020-06-08,1574.8,Calculado
21206990,TIBAITATA - AUT [21206990],RAD SOLAR,Radiación solar global horaria VALIDADA,Wh/m^2,2020-06-09,4759.3,Calculado
21206990,TIBAITATA - AUT [21206990],RAD SOLAR,Radiación solar global horaria VALIDADA,Wh/m^2,2020-06-10,4034.6,Calculado
21206990,TIBAITATA - AUT [21206990],RAD SOLAR,Radiación solar global horaria VALIDADA,Wh/m^2,2020-06-11,644.0,Calculado
21206990,TIBAITATA - AUT [21206990],RAD SOLAR,Radiación solar global horaria VALIDADA,Wh/m^2,2020-06-12,2907.8,Calculado
21206990,TIBAITATA - AUT [21206990],RAD SOLAR,Radiación solar global horaria VALIDADA,Wh/m^2,2020-06-13,300.0,Calculado
21206990,TIBAITATA - AUT [21206990],RAD SOLAR,Radiación solar global horaria VALIDADA,Wh/m^2,2020-06-14,3459.7,Calculado
21206990,TIBAITATA - AUT [21206990],RAD SOLAR,Radiación solar global horaria VALIDADA,Wh/m^2,2020-06-15,5310.3,Calculado
21206990,TIBAITATA - AUT [21206990],RAD SOLAR,Radiación solar global horaria VALIDADA,Wh/m^2,2020-06-16,3718.6,Calculado
21206990,TIBAITATA - AUT [21206990],RAD SOLAR,Radiación solar global horaria VALIDADA,Wh/m^2,2020-06-17,2664.8,Calculado
21206990,TIBAITATA - AUT [21206990],RAD SOLAR,Radiación solar global horaria VALIDADA,Wh/m^2,2020-06-18,2007.0,Calculado
21206990,TIBAITATA - AUT [21206990],RAD SOLAR,Radiación solar global horaria VALIDADA,Wh/m^2,2020-06-19,4760.4,Calculado
21206990,TIBAITATA - AUT [21206990],RAD SOLAR,Radiación solar global horaria VALIDADA,Wh/m^2,2020-06-20,3179.7,Calculado
21206990,TIBAITATA - AUT [21206990],RAD SOLAR,Radiación solar global horaria VALIDADA,Wh/m^2,2020-06-21,3670.6,Calculado
21206990,TIBAITATA - AUT [21206990],RAD SOLAR,Radiación solar global horaria VALIDADA,Wh/m^2,2020-06-22,2843.7,Calculado
21206990,TIBAITATA - AUT [21206990],RAD SOLAR,Radiación solar global horaria VALIDADA,Wh/m^2,2020-06-23,3591.6,Calculado
21206990,TIBAITATA - AUT [21206990],RAD SOLAR,Radiación solar global horaria VALIDADA,Wh/m^2,2020-06-24,5462.3,Calculado
21206990,TIBAITATA - AUT [21206990],RAD SOLAR,Radiación solar global horaria VALIDADA,Wh/m^2,2020-06-25,3352.9,Calculado
21206990,TIBAITATA - AUT [21206990],RAD SOLAR,Radiación solar global horaria VALIDADA,Wh/m^2,2020-06-26,4555.4,Calculado
21206990,TIBAITATA - AUT [21206990],RAD SOLAR,Radiación solar global horaria VALIDADA,Wh/m^2,2020-06-27,3446.8,Calculado
21206990,TIBAITATA - AUT [21206990],RAD SOLAR,Radiación solar global horaria VALIDADA,Wh/m^2,2020-06-28,2915.7,Calculado
21206990,TIBAITATA - AUT [21206990],RAD SOLAR,Radiación solar global horaria VALIDADA,Wh/m^2,2020-06-29,2955.9,Calculado
21206990,TIBAITATA - AUT [21206990],RAD SOLAR,Radiación solar global horaria VALIDADA,Wh/m^2,2020-06-30,4521.4,Calculado
21206990,TIBAITATA - AUT [21206990],RAD SOLAR,Radiación solar global horaria VALIDADA,Wh/m^2,2020-07-01,3154.8,Calculado
21206990,TIBAITATA - AUT [21206990],RAD SOLAR,Radiación solar global horaria VALIDADA,Wh/m^2,2020-07-02,3221.8,Calculado
21206990,TIBAITATA - AUT [21206990],RAD SOLAR,Radiación solar global horaria VALIDADA,Wh/m^2,2020-07-03,4194.5,Calculado
21206990,TIBAITATA - AUT [21206990],RAD SOLAR,Radiación solar global horaria VALIDADA,Wh/m^2,2020-07-04,2977.7,Calculado
21206990,TIBAITATA - AUT [21206990],RAD SOLAR,Radiación solar global horaria VALIDADA,Wh/m^2,2020-07-05,4841.4,Calculado
21206990,TIBAITATA - AUT [21206990],RAD SOLAR,Radiación solar global horaria VALIDADA,Wh/m^2,2020-07-06,4442.5,Calculado
21206990,TIBAITATA - AUT [21206990],RAD SOLAR,Radiación solar global horaria VALIDADA,Wh/m^2,2020-07-07,4805.5,Calculado
21206990,TIBAITATA - AUT [21206990],RAD SOLAR,Radiación solar global horaria VALIDADA,Wh/m^2,2020-07-08,3502.7,Calculado
21206990,TIBAITATA - AUT [21206990],RAD SOLAR,Radiación solar global horaria VALIDADA,Wh/m^2,2020-07-09,4632.4,Calculado
21206990,TIBAITATA - AUT [21206990],RAD SOLAR,Radiación solar global horaria VALIDADA,Wh/m^2,2020-07-10,3331.8,Calculado
21206990,TIBAITATA - AUT [21206990],RAD SOLAR,Radiación solar global horaria VALIDADA,Wh/m^2,2020-07-11,3114.7,Calculado
21206990,TIBAITATA - AUT [21206990],RAD SOLAR,Radiación solar global horaria VALIDADA,Wh/m^2,2020-07-12,3466.7,Calculado
21206990,TIBAITATA - AUT [21206990],RAD SOLAR,Radiación solar global horaria VALIDADA,Wh/m^2,2020-07-13,4028.6,Calculado
21206990,TIBAITATA - AUT [21206990],RAD SOLAR,Radiación solar global horaria VALIDADA,Wh/m^2,2020-07-14,4554.5,Calculado
21206990,TIBAITATA - AUT [21206990],RAD SOLAR,Radiación solar global horaria VALIDADA,Wh/m^2,2020-07-15,3083.8,Calculado
21206990,TIBAITATA - AUT [21206990],RAD SOLAR,Radiación solar global horaria VALIDADA,Wh/m^2,2020-07-16,4108.5,Calculado
21206990,TIBAITATA - AUT [21206990],RAD SOLAR,Radiación solar global horaria VALIDADA,Wh/m^2,2020-07-17,4860.3,Calculado
21206990,TIBAITATA - AUT [21206990],RAD SOLAR,Radiación solar global horaria VALIDADA,Wh/m^2,2020-07-18,4404.5,Calculado
21206990,TIBAITATA - AUT [21206990],RAD SOLAR,Radiación solar global horaria VALIDADA,Wh/m^2,2020-07-19,4179.5,Calculado
21206990,TIBAITATA - AUT [21206990],RAD SOLAR,Radiación solar global horaria VALIDADA,Wh/m^2,2020-07-20,3973.7,Calculado
21206990,TIBAITATA - AUT [21206990],RAD SOLAR,Radiación solar global horaria VALIDADA,Wh/m^2,2020-07-21,2491.9,Calculado
21206990,TIBAITATA - AUT [21206990],RAD SOLAR,Radiación solar global horaria VALIDADA,Wh/m^2,2020-07-22,3273.8,Calculado
21206990,TIBAITATA - AUT [21206990],RAD SOLAR,Radiación solar global horaria VALIDADA,Wh/m^2,2020-07-23,3692.6,Calculado
21206990,TIBAITATA - AUT [21206990],RAD SOLAR,Radiación solar global horaria VALIDADA,Wh/m^2,2020-07-24,3790.6,Calculado
21206990,TIBAITATA - AUT [21206990],RAD SOLAR,Radiación solar global horaria VALIDADA,Wh/m^2,2020-07-25,2483.9,Calculado
21206990,TIBAITATA - AUT [21206990],RAD SOLAR,Radiación solar global horaria VALIDADA,Wh/m^2,2020-07-26,5774.3,Calculado
21206990,TIBAITATA - AUT [21206990],RAD SOLAR,Radiación solar global horaria VALIDADA,Wh/m^2,2020-07-27,3370.6,Calculado
21206990,TIBAITATA - AUT [21206990],RAD SOLAR,Radiación solar global horaria VALIDADA,Wh/m^2,2020-07-28,3226.8,Calculado
21206990,TIBAITATA - AUT [21206990],RAD SOLAR,Radiación solar global horaria VALIDADA,Wh/m^2,2020-07-29,2828.7,Calculado
21206990,TIBAITATA - AUT [21206990],RAD SOLAR,Radiación solar global horaria VALIDADA,Wh/m^2,2021-03-01,3887.3999999999996,Calculado
21206990,TIBAITATA - AUT [21206990],RAD SOLAR,Radiación solar global horaria VALIDADA,Wh/m^2,2021-03-02,2641.8,Calculado
21206990,TIBAITATA - AUT [21206990],RAD SOLAR,Radiación solar global horaria VALIDADA,Wh/m^2,2021-03-03,2986.9,Calculado
21206990,TIBAITATA - AUT [21206990],RAD SOLAR,Radiación solar global horaria VALIDADA,Wh/m^2,2021-03-04,1305.0,Calculado
21206990,TIBAITATA - AUT [21206990],RAD SOLAR,Radiación solar global horaria VALIDADA,Wh/m^2,2021-03-05,1988.9,Calculado
21206990,TIBAITATA - AUT [21206990],RAD SOLAR,Radiación solar global horaria VALIDADA,Wh/m^2,2021-03-06,3965.6,Calculado
21206990,TIBAITATA - AUT [21206990],RAD SOLAR,Radiación solar global horaria VALIDADA,Wh/m^2,2021-03-07,2497.8,Calculado
21206990,TIBAITATA - AUT [21206990],RAD SOLAR,Radiación solar global horaria VALIDADA,Wh/m^2,2021-03-08,4795.3,Calculado
21206990,TIBAITATA - AUT [21206990],RAD SOLAR,Radiación solar global horaria VALIDADA,Wh/m^2,2021-03-09,6566.3,Calculado
21206990,TIBAITATA - AUT [21206990],RAD SOLAR,Radiación solar global horaria VALIDADA,Wh/m^2,2021-03-10,3834.7,Calculado
21206990,TIBAITATA - AUT [21206990],RAD SOLAR,Radiación solar global horaria VALIDADA,Wh/m^2,2021-03-11,2727.8,Calculado
21206990,TIBAITATA - AUT [21206990],RAD SOLAR,Radiación solar global horaria VALIDADA,Wh/m^2,2021-03-12,2205.0,Calculado
21206990,TIBAITATA - AUT [21206990],RAD SOLAR,Radiación solar global horaria VALIDADA,Wh/m^2,2021-03-13,3537.7,Calculado
21206990,TIBAITATA - AUT [21206990],RAD SOLAR,Radiación solar global horaria VALIDADA,Wh/m^2,2021-03-14,4715.4,Calculado
21206990,TIBAITATA - AUT [21206990],RAD SOLAR,Radiación solar global horaria VALIDADA,Wh/m^2,2021-03-15,3516.6,Calculado
21206990,TIBAITATA - AUT [21206990],RAD SOLAR,Radiación solar global horaria VALIDADA,Wh/m^2,2021-03-16,3654.7,Calculado
21206990,TIBAITATA - AUT [21206990],RAD SOLAR,Radiación solar global horaria VALIDADA,Wh/m^2,2021-03-17,2979.7,Calculado
21206990,TIBAITATA - AUT [21206990],RAD SOLAR,Radiación solar global horaria VALIDADA,Wh/m^2,2021-03-18,2595.9,Calculado
21206990,TIBAITATA - AUT [21206990],RAD SOLAR,Radiación solar global horaria VALIDADA,Wh/m^2,2021-03-19,4301.4,Calculado
21206990,TIBAITATA - AUT [21206990],RAD SOLAR,Radiación solar global horaria VALIDADA,Wh/m^2,2021-03-20,4013.7,Calculado
21206990,TIBAITATA - AUT [21206990],RAD SOLAR,Radiación solar global horaria VALIDADA,Wh/m^2,2021-03-21,4458.6,Calculado
21206990,TIBAITATA - AUT [21206990],RAD SOLAR,Radiación solar global horaria VALIDADA,Wh/m^2,2021-03-22,3980.6,Calculado
21206990,TIBAITATA - AUT [21206990],RAD SOLAR,Radiación solar global horaria VALIDADA,Wh/m^2,2021-03-23,3590.6,Calculado
21206990,TIBAITATA - AUT [21206990],RAD SOLAR,Radiación solar global horaria VALIDADA,Wh/m^2,2021-03-24,2134.9,Calculado
21206990,TIBAITATA - AUT [21206990],RAD SOLAR,Radiación solar global horaria VALIDADA,Wh/m^2,2021-03-25,3690.8,Calculado
21206990,TIBAITATA - AUT [21206990],RAD SOLAR,Radiación solar global horaria VALIDADA,Wh/m^2,2021-03-26,2580.8,Calculado
21206990,TIBAITATA - AUT [21206990],RAD SOLAR,Radiación solar global horaria VALIDADA,Wh/m^2,2021-03-27,2076.0,Calculado
21206990,TIBAITATA - AUT [21206990],RAD SOLAR,Radiación solar global horaria VALIDADA,Wh/m^2,2021-03-28,4007.7,Calculado
21206990,TIBAITATA - AUT [21206990],RAD SOLAR,Radiación solar global horaria VALIDADA,Wh/m^2,2021-03-29,2358.0,Calculado
21206990,TIBAITATA - AUT [21206990],RAD SOLAR,Radiación solar global horaria VALIDADA,Wh/m^2,2021-03-30,3775.5,Calculado
21206990,TIBAITATA - AUT [21206990],RAD SOLAR,Radiación solar global horaria VALIDADA,Wh/m^2,2021-03-31,3367.7,Calculado
21206990,TIBAITATA - AUT [21206990],RAD SOLAR,Radiación solar global horaria VALIDADA,Wh/m^2,2021-04-01,4322.6,Calculado
21206990,TIBAITATA - AUT [21206990],RAD SOLAR,Radiación solar global horaria VALIDADA,Wh/m^2,2021-04-02,1995.0,Calculado
21206990,TIBAITATA - AUT [21206990],RAD SOLAR,Radiación solar global horaria VALIDADA,Wh/m^2,2021-04-03,3222.8,Calculado
21206990,TIBAITATA - AUT [21206990],RAD SOLAR,Radiación solar global horaria VALIDADA,Wh/m^2,2021-04-04,3653.7,Calculado
21206990,TIBAITATA - AUT [21206990],RAD SOLAR,Radiación solar global horaria VALIDADA,Wh/m^2,2021-04-05,5325.3,Calculado
21206990,TIBAITATA - AUT [21206990],RAD SOLAR,Radiación solar global horaria VALIDADA,Wh/m^2,2021-04-06,3570.7,Calculado
21206990,TIBAITATA - AUT [21206990],RAD SOLAR,Radiación solar global horaria VALIDADA,Wh/m^2,2021-04-07,4486.5,Calculado
21206990,TIBAITATA - AUT [21206990],RAD SOLAR,Radiación solar global horaria VALIDADA,Wh/m^2,2021-04-08,3217.7,Calculado
21206990,TIBAITATA - AUT [21206990],RAD SOLAR,Radiación solar global horaria VALIDADA,Wh/m^2,2021-04-09,2939.7,Calculado
21206990,TIBAITATA - AUT [21206990],RAD SOLAR,Radiación solar global horaria VALIDADA,Wh/m^2,2021-04-10,0.0,Calculado
21206990,TIBAITATA - AUT [21206990],RAD SOLAR,Radiación solar global horaria VALIDADA,Wh/m^2,2021-04-11,5169.4,Calculado
21206990,TIBAITATA - AUT [21206990],RAD SOLAR,Radiación solar global horaria VALIDADA,Wh/m^2,2021-04-12,1855.0,Calculado
21206990,TIBAITATA - AUT [21206990],RAD SOLAR,Radiación solar global horaria VALIDADA,Wh/m^2,2021-04-13,5319.4,Calculado
21206990,TIBAITATA - AUT [21206990],RAD SOLAR,Radiación solar global horaria VALIDADA,Wh/m^2,2021-04-14,4735.5,Calculado
21206990,TIBAITATA - AUT [21206990],RAD SOLAR,Radiación solar global horaria VALIDADA,Wh/m^2,2021-04-15,4165.5,Calculado
21206990,TIBAITATA - AUT [21206990],RAD SOLAR,Radiación solar global horaria VALIDADA,Wh/m^2,2021-04-16,4424.5,Calculado
21206990,TIBAITATA - AUT [21206990],RAD SOLAR,Radiación solar global horaria VALIDADA,Wh/m^2,2021-04-17,4876.4,Calculado
21206990,TIBAITATA - AUT [21206990],RAD SOLAR,Radiación solar global horaria VALIDADA,Wh/m^2,2021-04-18,3166.8,Calculado
21206990,TIBAITATA - AUT [21206990],RAD SOLAR,Radiación solar global horaria VALIDADA,Wh/m^2,2021-04-19,5018.4,Calculado
21206990,TIBAITATA - AUT [21206990],RAD SOLAR,Radiación solar global horaria VALIDADA,Wh/m^2,2021-04-20,6612.2,Calculado
21206990,TIBAITATA - AUT [21206990],RAD SOLAR,Radiación solar global horaria VALIDADA,Wh/m^2,2021-04-21,5738.3,Calculado
21206990,TIBAITATA - AUT [21206990],RAD SOLAR,Radiación solar global horaria VALIDADA,Wh/m^2,2021-04-22,7069.2,Calculado
21206990,TIBAITATA - AUT [21206990],RAD SOLAR,Radiación solar global horaria VALIDADA,Wh/m^2,2021-04-23,4537.6,Calculado
21206990,TIBAITATA - AUT [21206990],RAD SOLAR,Radiación solar global horaria VALIDADA,Wh/m^2,2021-04-24,6834.2,Calculado
21206990,TIBAITATA - AUT [21206990],RAD SOLAR,Radiación solar global horaria VALIDADA,Wh/m^2,2021-04-25,4526.6,Calculado
21206990,TIBAITATA - AUT [21206990],RAD SOLAR,Radiación solar global horaria VALIDADA,Wh/m^2,2021-04-26,4046.5,Calculado
21206990,TIBAITATA - AUT [21206990],RAD SOLAR,Radiación solar global horaria VALIDADA,Wh/m^2,2021-04-27,2011.9,Calculado
21206990,TIBAITATA - AUT [21206990],RAD SOLAR,Radiación solar global horaria VALIDADA,Wh/m^2,2021-04-28,4244.6,Calculado
21206990,TIBAITATA - AUT [21206990],RAD SOLAR,Radiación solar global horaria VALIDADA,Wh/m^2,2021-04-29,3977.3999999999996,Calculado
21206990,TIBAITATA - AUT [21206990],RAD SOLAR,Radiación solar global horaria VALIDADA,Wh/m^2,2021-04-30,2011.0,Calculado
21206990,TIBAITATA - AUT [21206990],RAD SOLAR,Radiación solar global horaria VALIDADA,Wh/m^2,2021-05-01,4509.5,Calculado
21206990,TIBAITATA - AUT [21206990],RAD SOLAR,Radiación solar global horaria VALIDADA,Wh/m^2,2021-05-02,3422.7,Calculado
21206990,TIBAITATA - AUT [21206990],RAD SOLAR,Radiación solar global horaria VALIDADA,Wh/m^2,2021-05-03,3455.6,Calculado
21206990,TIBAITATA - AUT [21206990],RAD SOLAR,Radiación solar global horaria VALIDADA,Wh/m^2,2021-05-04,4929.4,Calculado
21206990,TIBAITATA - AUT [21206990],RAD SOLAR,Radiación solar global horaria VALIDADA,Wh/m^2,2021-05-05,3856.6,Calculado
21206990,TIBAITATA - AUT [21206990],RAD SOLAR,Radiación solar global horaria VALIDADA,Wh/m^2,2021-05-06,4532.4,Calculado
21206990,TIBAITATA - AUT [21206990],RAD SOLAR,Radiación solar global horaria VALIDADA,Wh/m^2,2021-05-07,5945.3,Calculado
21206990,TIBAITATA - AUT [21206990],RAD SOLAR,Radiación solar global horaria VALIDADA,Wh/m^2,2021-05-08,3378.6,Calculado
21206990,TIBAITATA - AUT [21206990],RAD SOLAR,Radiación solar global horaria VALIDADA,Wh/m^2,2021-05-09,5431.2,Calculado
21206990,TIBAITATA - AUT [21206990],RAD SOLAR,Radiación solar global horaria VALIDADA,Wh/m^2,2021-05-10,2280.9,Calculado
21206990,TIBAITATA - AUT [21206990],RAD SOLAR,Radiación solar global horaria VALIDADA,Wh/m^2,2021-05-11,4215.6,Calculado
21206990,TIBAITATA - AUT [21206990],RAD SOLAR,Radiación solar global horaria VALIDADA,Wh/m^2,2021-05-12,3257.8,Calculado
21206990,TIBAITATA - AUT [21206990],RAD SOLAR,Radiación solar global horaria VALIDADA,Wh/m^2,2021-05-13,3944.7,Calculado
21206990,TIBAITATA - AUT [21206990],RAD SOLAR,Radiación solar global horaria VALIDADA,Wh/m^2,2021-05-14,3406.6,Calculado
21206990,TIBAITATA - AUT [21206990],RAD SOLAR,Radiación solar global horaria VALIDADA,Wh/m^2,2021-05-15,3214.7,Calculado
21206990,TIBAITATA - AUT [21206990],RAD SOLAR,Radiación solar global horaria VALIDADA,Wh/m^2,2021-05-16,3683.6,Calculado
21206990,TIBAITATA - AUT [21206990],RAD SOLAR,Radiación solar global horaria VALIDADA,Wh/m^2,2021-05-17,3380.6,Calculado
21206990,TIBAITATA - AUT [21206990],RAD SOLAR,Radiación solar global horaria VALIDADA,Wh/m^2,2021-05-18,5017.5,Calculado
21206990,TIBAITATA - AUT [21206990],RAD SOLAR,Radiación solar global horaria VALIDADA,Wh/m^2,2021-05-19,6031.2,Calculado
21206990,TIBAITATA - AUT [21206990],RAD SOLAR,Radiación solar global horaria VALIDADA,Wh/m^2,2021-05-20,3707.8,Calculado
21206990,TIBAITATA - AUT [21206990],RAD SOLAR,Radiación solar global horaria VALIDADA,Wh/m^2,2021-05-21,3029.8,Calculado
21206990,TIBAITATA - AUT [21206990],RAD SOLAR,Radiación solar global horaria VALIDADA,Wh/m^2,2021-05-22,3350.8,Calculado
21206990,TIBAITATA - AUT [21206990],RAD SOLAR,Radiación solar global horaria VALIDADA,Wh/m^2,2021-05-23,4079.5,Calculado
21206990,TIBAITATA - AUT [21206990],RAD SOLAR,Radiación solar global horaria VALIDADA,Wh/m^2,2021-05-24,4053.7,Calculado
21206990,TIBAITATA - AUT [21206990],RAD SOLAR,Radiación solar global horaria VALIDADA,Wh/m^2,2021-05-25,2665.9,Calculado
21206990,TIBAITATA - AUT [21206990],RAD SOLAR,Radiación solar global horaria VALIDADA,Wh/m^2,2021-05-26,3145.8,Calculado
21206990,TIBAITATA - AUT [21206990],RAD SOLAR,Radiación solar global horaria VALIDADA,Wh/m^2,2021-05-27,2252.0,Calculado
21206990,TIBAITATA - AUT [21206990],RAD SOLAR,Radiación solar global horaria VALIDADA,Wh/m^2,2021-05-28,3773.7,Calculado
21206990,TIBAITATA - AUT [21206990],RAD SOLAR,Radiación solar global horaria VALIDADA,Wh/m^2,2021-05-29,2639.8,Calculado
21206990,TIBAITATA - AUT [21206990],RAD SOLAR,Radiación solar global horaria VALIDADA,Wh/m^2,2021-05-30,3330.6,Calculado
21206990,TIBAITATA - AUT [21206990],RAD SOLAR,Radiación solar global horaria VALIDADA,Wh/m^2,2021-05-31,3143.8,Calculado
21206990,TIBAITATA - AUT [21206990],RAD SOLAR,Radiación solar global horaria VALIDADA,Wh/m^2,2021-06-01,4972.3,Calculado
21206990,TIBAITATA - AUT [21206990],RAD SOLAR,Radiación solar global horaria VALIDADA,Wh/m^2,2021-06-02,6553.2,Calculado
21206990,TIBAITATA - AUT [21206990],RAD SOLAR,Radiación solar global horaria VALIDADA,Wh/m^2,2021-06-03,4081.5,Calculado
21206990,TIBAITATA - AUT [21206990],RAD SOLAR,Radiación solar global horaria VALIDADA,Wh/m^2,2021-06-04,3416.6,Calculado
21206990,TIBAITATA - AUT [21206990],RAD SOLAR,Radiación solar global horaria VALIDADA,Wh/m^2,2021-06-05,3488.5,Calculado
21206990,TIBAITATA - AUT [21206990],RAD SOLAR,Radiación solar global horaria VALIDADA,Wh/m^2,2021-06-06,2940.8,Calculado
21206990,TIBAITATA - AUT [21206990],RAD SOLAR,Radiación solar global horaria VALIDADA,Wh/m^2,2021-06-07,3858.5,Calculado
21206990,TIBAITATA - AUT [21206990],RAD SOLAR,Radiación solar global horaria VALIDADA,Wh/m^2,2021-06-08,2425.9,Calculado
21206990,TIBAITATA - AUT [21206990],RAD SOLAR,Radiación solar global horaria VALIDADA,Wh/m^2,2021-06-09,2990.7,Calculado
21206990,TIBAITATA - AUT [21206990],RAD SOLAR,Radiación solar global horaria VALIDADA,Wh/m^2,2021-06-10,3039.8,Calculado
21206990,TIBAITATA - AUT [21206990],RAD SOLAR,Radiación solar global horaria VALIDADA,Wh/m^2,2021-06-11,4001.3999999999996,Calculado
21206990,TIBAITATA - AUT [21206990],RAD SOLAR,Radiación solar global horaria VALIDADA,Wh/m^2,2021-06-12,4696.3,Calculado
21206990,TIBAITATA - AUT [21206990],RAD SOLAR,Radiación solar global horaria VALIDADA,Wh/m^2,2021-06-13,2834.8,Calculado
21206990,TIBAITATA - AUT [21206990],RAD SOLAR,Radiación solar global horaria VALIDADA,Wh/m^2,2021-06-14,3180.8,Calculado
21206990,TIBAITATA - AUT [21206990],RAD SOLAR,Radiación solar global horaria VALIDADA,Wh/m^2,2021-06-15,4692.5,Calculado
21206990,TIBAITATA - AUT [21206990],RAD SOLAR,Radiación solar global horaria VALIDADA,Wh/m^2,2021-06-16,4912.4,Calculado
21206990,TIBAITATA - AUT [21206990],RAD SOLAR,Radiación solar global horaria VALIDADA,Wh/m^2,2021-06-17,5813.4,Calculado
21206990,TIBAITATA - AUT [21206990],RAD SOLAR,Radiación solar global horaria VALIDADA,Wh/m^2,2021-06-18,4353.6,Calculado
21206990,TIBAITATA - AUT [21206990],RAD SOLAR,Radiación solar global horaria VALIDADA,Wh/m^2,2021-06-19,3994.6,Calculado
21206990,TIBAITATA - AUT [21206990],RAD SOLAR,Radiación solar global horaria VALIDADA,Wh/m^2,2021-06-20,2076.0,Calculado
21206990,TIBAITATA - AUT [21206990],RAD SOLAR,Radiación solar global horaria VALIDADA,Wh/m^2,2021-06-21,3814.6,Calculado
21206990,TIBAITATA - AUT [21206990],RAD SOLAR,Radiación solar global horaria VALIDADA,Wh/m^2,2021-06-22,3137.9,Calculado
21206990,TIBAITATA - AUT [21206990],RAD SOLAR,Radiación solar global horaria VALIDADA,Wh/m^2,2021-06-23,3705.7,Calculado
21206990,TIBAITATA - AUT [21206990],RAD SOLAR,Radiación solar global horaria VALIDADA,Wh/m^2,2021-06-24,4393.5,Calculado
21206990,TIBAITATA - AUT [21206990],RAD SOLAR,Radiación solar global horaria VALIDADA,Wh/m^2,2021-06-25,3063.8,Calculado
21206990,TIBAITATA - AUT [21206990],RAD SOLAR,Radiación solar global horaria VALIDADA,Wh/m^2,2021-06-26,3983.6,Calculado
21206990,TIBAITATA - AUT [21206990],RAD SOLAR,Radiación solar global horaria VALIDADA,Wh/m^2,2021-06-27,3484.6,Calculado
21206990,TIBAITATA - AUT [21206990],RAD SOLAR,Radiación solar global horaria VALIDADA,Wh/m^2,2021-06-28,4302.4,Calculado
21206990,TIBAITATA - AUT [21206990],RAD SOLAR,Radiación solar global horaria VALIDADA,Wh/m^2,2021-06-29,2853.8,Calculado
21206990,TIBAITATA - AUT [21206990],RAD SOLAR,Radiación solar global horaria VALIDADA,Wh/m^2,2021-06-30,4550.4,Calculado
21206990,TIBAITATA - AUT [21206990],RAD SOLAR,Radiación solar global horaria VALIDADA,Wh/m^2,2021-07-01,2452.9,Calculado
21206990,TIBAITATA - AUT [21206990],RAD SOLAR,Radiación solar global horaria VALIDADA,Wh/m^2,2021-07-02,3719.5,Calculado
21206990,TIBAITATA - AUT [21206990],RAD SOLAR,Radiación solar global horaria VALIDADA,Wh/m^2,2021-07-03,4624.5,Calculado
21206990,TIBAITATA - AUT [21206990],RAD SOLAR,Radiación solar global horaria VALIDADA,Wh/m^2,2021-07-04,4028.5,Calculado
21206990,TIBAITATA - AUT [21206990],RAD SOLAR,Radiación solar global horaria VALIDADA,Wh/m^2,2021-07-05,4156.6,Calculado
21206990,TIBAITATA - AUT [21206990],RAD SOLAR,Radiación solar global horaria VALIDADA,Wh/m^2,2021-07-06,4900.4,Calculado
21206990,TIBAITATA - AUT [21206990],RAD SOLAR,Radiación solar global horaria VALIDADA,Wh/m^2,2021-07-07,3667.5,Calculado
21206990,TIBAITATA - AUT [21206990],RAD SOLAR,Radiación solar global horaria VALIDADA,Wh/m^2,2021-07-08,3621.6,Calculado
21206990,TIBAITATA - AUT [21206990],RAD SOLAR,Radiación solar global horaria VALIDADA,Wh/m^2,2021-07-09,2962.8,Calculado
21206990,TIBAITATA - AUT [21206990],RAD SOLAR,Radiación solar global horaria VALIDADA,Wh/m^2,2021-07-10,3718.7,Calculado
21206990,TIBAITATA - AUT [21206990],RAD SOLAR,Radiación solar global horaria VALIDADA,Wh/m^2,2021-07-11,3650.7,Calculado
21206990,TIBAITATA - AUT [21206990],RAD SOLAR,Radiación solar global horaria VALIDADA,Wh/m^2,2021-07-12,2999.9,Calculado
21206990,TIBAITATA - AUT [21206990],RAD SOLAR,Radiación solar global horaria VALIDADA,Wh/m^2,2021-07-13,3026.8,Calculado
21206990,TIBAITATA - AUT [21206990],RAD SOLAR,Radiación solar global horaria VALIDADA,Wh/m^2,2021-07-14,2737.9,Calculado
21206990,TIBAITATA - AUT [21206990],RAD SOLAR,Radiación solar global horaria VALIDADA,Wh/m^2,2021-07-15,3353.7,Calculado
21206990,TIBAITATA - AUT [21206990],RAD SOLAR,Radiación solar global horaria VALIDADA,Wh/m^2,2021-07-16,3811.6,Calculado
21206990,TIBAITATA - AUT [21206990],RAD SOLAR,Radiación solar global horaria VALIDADA,Wh/m^2,2021-07-17,2918.8,Calculado
21206990,TIBAITATA - AUT [21206990],RAD SOLAR,Radiación solar global horaria VALIDADA,Wh/m^2,2021-07-18,2706.9,Calculado
21206990,TIBAITATA - AUT [21206990],RAD SOLAR,Radiación solar global horaria VALIDADA,Wh/m^2,2021-07-19,3495.7,Calculado
21206990,TIBAITATA - AUT [21206990],RAD SOLAR,Radiación solar global horaria VALIDADA,Wh/m^2,2021-07-20,3823.8,Calculado
21206990,TIBAITATA - AUT [21206990],RAD SOLAR,Radiación solar global horaria VALIDADA,Wh/m^2,2021-07-21,3967.7,Calculado
21206990,TIBAITATA - AUT [21206990],RAD SOLAR,Radiación solar global horaria VALIDADA,Wh/m^2,2021-07-22,4588.4,Calculado
21206990,TIBAITATA - AUT [21206990],RAD SOLAR,Radiación solar global horaria VALIDADA,Wh/m^2,2021-07-23,4680.4,Calculado
21206990,TIBAITATA - AUT [21206990],RAD SOLAR,Radiación solar global horaria VALIDADA,Wh/m^2,2021-07-24,2744.9,Calculado
21206990,TIBAITATA - AUT [21206990],RAD SOLAR,Radiación solar global horaria VALIDADA,Wh/m^2,2021-07-25,2308.0,Calculado
21206990,TIBAITATA - AUT [21206990],RAD SOLAR,Radiación solar global horaria VALIDADA,Wh/m^2,2021-07-26,3139.6,Calculado
21206990,TIBAITATA - AUT [21206990],RAD SOLAR,Radiación solar global horaria VALIDADA,Wh/m^2,2021-07-27,2694.8,Calculado
21206990,TIBAITATA - AUT [21206990],RAD SOLAR,Radiación solar global horaria VALIDADA,Wh/m^2,2021-07-28,2726.9,Calculado
21206990,TIBAITATA - AUT [21206990],RAD SOLAR,Radiación solar global horaria VALIDADA,Wh/m^2,2021-07-29,3288.7,Calculado
21206990,TIBAITATA - AUT [21206990],RAD SOLAR,Radiación solar global horaria VALIDADA,Wh/m^2,2021-07-30,4641.4,Calculado
21206990,TIBAITATA - AUT [21206990],RAD SOLAR,Radiación solar global horaria VALIDADA,Wh/m^2,2021-07-31,6073.2,Calculado
21206990,TIBAITATA - AUT [21206990],RAD SOLAR,Radiación solar global horaria VALIDADA,Wh/m^2,2021-08-01,4157.5,Calculado
21206990,TIBAITATA - AUT [21206990],RAD SOLAR,Radiación solar global horaria VALIDADA,Wh/m^2,2021-08-02,5458.4,Calculado
21206990,TIBAITATA - AUT [21206990],RAD SOLAR,Radiación solar global horaria VALIDADA,Wh/m^2,2021-08-03,4790.4,Calculado
21206990,TIBAITATA - AUT [21206990],RAD SOLAR,Radiación solar global horaria VALIDADA,Wh/m^2,2021-08-04,3669.6,Calculado
21206990,TIBAITATA - AUT [21206990],RAD SOLAR,Radiación solar global horaria VALIDADA,Wh/m^2,2021-08-05,5281.4,Calculado
21206990,TIBAITATA - AUT [21206990],RAD SOLAR,Radiación solar global horaria VALIDADA,Wh/m^2,2021-08-06,4945.4,Calculado
21206990,TIBAITATA - AUT [21206990],RAD SOLAR,Radiación solar global horaria VALIDADA,Wh/m^2,2021-08-07,2921.8,Calculado
21206990,TIBAITATA - AUT [21206990],RAD SOLAR,Radiación solar global horaria VALIDADA,Wh/m^2,2021-08-08,2747.9,Calculado
21206990,TIBAITATA - AUT [21206990],RAD SOLAR,Radiación solar global horaria VALIDADA,Wh/m^2,2021-08-09,3267.8,Calculado
21206990,TIBAITATA - AUT [21206990],RAD SOLAR,Radiación solar global horaria VALIDADA,Wh/m^2,2021-08-10,5332.3,Calculado
21206990,TIBAITATA - AUT [21206990],RAD SOLAR,Radiación solar global horaria VALIDADA,Wh/m^2,2021-08-11,4112.5,Calculado
21206990,TIBAITATA - AUT [21206990],RAD SOLAR,Radiación solar global horaria VALIDADA,Wh/m^2,2021-08-12,3051.8,Calculado
21206990,TIBAITATA - AUT [21206990],RAD SOLAR,Radiación solar global horaria VALIDADA,Wh/m^2,2021-08-13,2510.8,Calculado
21206990,TIBAITATA - AUT [21206990],RAD SOLAR,Radiación solar global horaria VALIDADA,Wh/m^2,2021-08-14,3185.7,Calculado
21206990,TIBAITATA - AUT [21206990],RAD SOLAR,Radiación solar global horaria VALIDADA,Wh/m^2,2021-08-15,4205.5,Calculado
21206990,TIBAITATA - AUT [21206990],RAD SOLAR,Radiación solar global horaria VALIDADA,Wh/m^2,2021-08-16,3610.7,Calculado
21206990,TIBAITATA - AUT [21206990],RAD SOLAR,Radiación solar global horaria VALIDADA,Wh/m^2,2021-08-17,3265.7,Calculado
21206990,TIBAITATA - AUT [21206990],RAD SOLAR,Radiación solar global horaria VALIDADA,Wh/m^2,2021-08-18,4435.5,Calculado
21206990,TIBAITATA - AUT [21206990],RAD SOLAR,Radiación solar global horaria VALIDADA,Wh/m^2,2021-08-19,3314.7,Calculado
21206990,TIBAITATA - AUT [21206990],RAD SOLAR,Radiación solar global horaria VALIDADA,Wh/m^2,2021-08-20,2729.6,Calculado
21206990,TIBAITATA - AUT [21206990],RAD SOLAR,Radiación solar global horaria VALIDADA,Wh/m^2,2021-08-21,4169.5,Calculado
21206990,TIBAITATA - AUT [21206990],RAD SOLAR,Radiación solar global horaria VALIDADA,Wh/m^2,2021-08-22,3155.8,Calculado
21206990,TIBAITATA - AUT [21206990],RAD SOLAR,Radiación solar global horaria VALIDADA,Wh/m^2,2021-08-23,4486.4,Calculado
21206990,TIBAITATA - AUT [21206990],RAD SOLAR,Radiación solar global horaria VALIDADA,Wh/m^2,2021-08-24,3363.8,Calculado
21206990,TIBAITATA - AUT [21206990],RAD SOLAR,Radiación solar global horaria VALIDADA,Wh/m^2,2021-08-25,5021.4,Calculado
21206990,TIBAITATA - AUT [21206990],RAD SOLAR,Radiación solar global horaria VALIDADA,Wh/m^2,2021-08-26,3183.8,Calculado
21206990,TIBAITATA - AUT [21206990],RAD SOLAR,Radiación solar global horaria VALIDADA,Wh/m^2,2021-08-27,4011.7,Calculado
21206990,TIBAITATA - AUT [21206990],RAD SOLAR,Radiación solar global horaria VALIDADA,Wh/m^2,2021-08-28,3673.6,Calculado
21206990,TIBAITATA - AUT [21206990],RAD SOLAR,Radiación solar global horaria VALIDADA,Wh/m^2,2021-08-29,2256.0,Calculado
21206990,TIBAITATA - AUT [21206990],RAD SOLAR,Radiación solar global horaria VALIDADA,Wh/m^2,2021-08-30,4086.3999999999996,Calculado
21206990,TIBAITATA - AUT [21206990],RAD SOLAR,Radiación solar global horaria VALIDADA,Wh/m^2,2021-08-31,3545.6,Calculado
21206990,TIBAITATA - AUT [21206990],RAD SOLAR,Radiación solar global horaria VALIDADA,Wh/m^2,2021-09-01,3328.7,Calculado
21206990,TIBAITATA - AUT [21206990],RAD SOLAR,Radiación solar global horaria VALIDADA,Wh/m^2,2021-09-02,4603.4,Calculado
21206990,TIBAITATA - AUT [21206990],RAD SOLAR,Radiación solar global horaria VALIDADA,Wh/m^2,2021-09-03,3786.7,Calculado
21206990,TIBAITATA - AUT [21206990],RAD SOLAR,Radiación solar global horaria VALIDADA,Wh/m^2,2021-09-04,4590.4,Calculado
21206990,TIBAITATA - AUT [21206990],RAD SOLAR,Radiación solar global horaria VALIDADA,Wh/m^2,2021-09-05,4583.5,Calculado
21206990,TIBAITATA - AUT [21206990],RAD SOLAR,Radiación solar global horaria VALIDADA,Wh/m^2,2021-09-06,2570.8,Calculado
21206990,TIBAITATA - AUT [21206990],RAD SOLAR,Radiación solar global horaria VALIDADA,Wh/m^2,2021-09-07,2965.7,Calculado
21206990,TIBAITATA - AUT [21206990],RAD SOLAR,Radiación solar global horaria VALIDADA,Wh/m^2,2021-09-08,3893.6,Calculado
21206990,TIBAITATA - AUT [21206990],RAD SOLAR,Radiación solar global horaria VALIDADA,Wh/m^2,2021-09-09,3772.7,Calculado
21206990,TIBAITATA - AUT [21206990],RAD SOLAR,Radiación solar global horaria VALIDADA,Wh/m^2,2021-09-10,3412.8,Calculado
21206990,TIBAITATA - AUT [21206990],RAD SOLAR,Radiación solar global horaria VALIDADA,Wh/m^2,2021-09-11,4427.5,Calculado
21206990,TIBAITATA - AUT [21206990],RAD SOLAR,Radiación solar global horaria VALIDADA,Wh/m^2,2021-09-12,2765.0,Calculado
21206990,TIBAITATA - AUT [21206990],RAD SOLAR,Radiación solar global horaria VALIDADA,Wh/m^2,2021-09-13,4353.4,Calculado
21206990,TIBAITATA - AUT [21206990],RAD SOLAR,Radiación solar global horaria VALIDADA,Wh/m^2,2021-09-14,3579.7,Calculado
21206990,TIBAITATA - AUT [21206990],RAD SOLAR,Radiación solar global horaria VALIDADA,Wh/m^2,2021-09-15,3610.7,Calculado
21206990,TIBAITATA - AUT [21206990],RAD SOLAR,Radiación solar global horaria VALIDADA,Wh/m^2,2021-09-16,4284.6,Calculado
21206990,TIBAITATA - AUT [21206990],RAD SOLAR,Radiación solar global horaria VALIDADA,Wh/m^2,2021-09-17,6494.2,Calculado
21206990,TIBAITATA - AUT [21206990],RAD SOLAR,Radiación solar global horaria VALIDADA,Wh/m^2,2021-09-18,3476.8,Calculado
21206990,TIBAITATA - AUT [21206990],RAD SOLAR,Radiación solar global horaria VALIDADA,Wh/m^2,2021-09-19,4080.6,Calculado
21206990,TIBAITATA - AUT [21206990],RAD SOLAR,Radiación solar global horaria VALIDADA,Wh/m^2,2021-09-20,3821.6,Calculado
21206990,TIBAITATA - AUT [21206990],RAD SOLAR,Radiación solar global horaria VALIDADA,Wh/m^2,2021-09-21,4064.6,Calculado
21206990,TIBAITATA - AUT [21206990],RAD SOLAR,Radiación solar global horaria VALIDADA,Wh/m^2,2021-09-22,3650.6,Calculado
21206990,TIBAITATA - AUT [21206990],RAD SOLAR,Radiación solar global horaria VALIDADA,Wh/m^2,2021-09-23,3687.5,Calculado
21206990,TIBAITATA - AUT [21206990],RAD SOLAR,Radiación solar global horaria VALIDADA,Wh/m^2,2021-09-24,5777.2,Calculado
21206990,TIBAITATA - AUT [21206990],RAD SOLAR,Radiación solar global horaria VALIDADA,Wh/m^2,2021-09-25,4461.5,Calculado
21206990,TIBAITATA - AUT [21206990],RAD SOLAR,Radiación solar global horaria VALIDADA,Wh/m^2,2021-09-26,6880.2,Calculado
21206990,TIBAITATA - AUT [21206990],RAD SOLAR,Radiación solar global horaria VALIDADA,Wh/m^2,2021-09-27,4685.4,Calculado
21206990,TIBAITATA - AUT [21206990],RAD SOLAR,Radiación solar global horaria VALIDADA,Wh/m^2,2021-09-28,4261.5,Calculado
21206990,TIBAITATA - AUT [21206990],RAD SOLAR,Radiación solar global horaria VALIDADA,Wh/m^2,2021-09-29,2948.6,Calculado
21206990,TIBAITATA - AUT [21206990],RAD SOLAR,Radiación solar global horaria VALIDADA,Wh/m^2,2021-09-30,2470.8,Calculado
21206990,TIBAITATA - AUT [21206990],RAD SOLAR,Radiación solar global horaria VALIDADA,Wh/m^2,2021-10-01,4360.5,Calculado
21206990,TIBAITATA - AUT [21206990],RAD SOLAR,Radiación solar global horaria VALIDADA,Wh/m^2,2021-10-02,4630.3,Calculado
21206990,TIBAITATA - AUT [21206990],RAD SOLAR,Radiación solar global horaria VALIDADA,Wh/m^2,2021-10-03,5145.4,Calculado
21206990,TIBAITATA - AUT [21206990],RAD SOLAR,Radiación solar global horaria VALIDADA,Wh/m^2,2021-10-04,5380.4,Calculado
21206990,TIBAITATA - AUT [21206990],RAD SOLAR,Radiación solar global horaria VALIDADA,Wh/m^2,2021-10-05,3354.8,Calculado
21206990,TIBAITATA - AUT [21206990],RAD SOLAR,Radiación solar global horaria VALIDADA,Wh/m^2,2021-10-06,2803.8,Calculado
21206990,TIBAITATA - AUT [21206990],RAD SOLAR,Radiación solar global horaria VALIDADA,Wh/m^2,2021-10-07,4320.5,Calculado
21206990,TIBAITATA - AUT [21206990],RAD SOLAR,Radiación solar global horaria VALIDADA,Wh/m^2,2021-10-08,3429.7,Calculado
21206990,TIBAITATA - AUT [21206990],RAD SOLAR,Radiación solar global horaria VALIDADA,Wh/m^2,2021-10-09,4926.5,Calculado
21206990,TIBAITATA - AUT [21206990],RAD SOLAR,Radiación solar global horaria VALIDADA,Wh/m^2,2021-10-10,5391.3,Calculado
21206990,TIBAITATA - AUT [21206990],RAD SOLAR,Radiación solar global horaria VALIDADA,Wh/m^2,2021-10-11,3632.5,Calculado
21206990,TIBAITATA - AUT [21206990],RAD SOLAR,Radiación solar global horaria VALIDADA,Wh/m^2,2021-10-12,3783.6,Calculado
21206990,TIBAITATA - AUT [21206990],RAD SOLAR,Radiación solar global horaria VALIDADA,Wh/m^2,2021-10-13,4486.3,Calculado
21206990,TIBAITATA - AUT [21206990],RAD SOLAR,Radiación solar global horaria VALIDADA,Wh/m^2,2021-10-14,4576.5,Calculado
21206990,TIBAITATA - AUT [21206990],RAD SOLAR,Radiación solar global horaria VALIDADA,Wh/m^2,2021-10-15,5777.3,Calculado
21206990,TIBAITATA - AUT [21206990],RAD SOLAR,Radiación solar global horaria VALIDADA,Wh/m^2,2021-10-16,3733.5,Calculado
21206990,TIBAITATA - AUT [21206990],RAD SOLAR,Radiación solar global horaria VALIDADA,Wh/m^2,2021-10-17,3443.7,Calculado
21206990,TIBAITATA - AUT [21206990],RAD SOLAR,Radiación solar global horaria VALIDADA,Wh/m^2,2021-10-18,3611.6,Calculado
21206990,TIBAITATA - AUT [21206990],RAD SOLAR,Radiación solar global horaria VALIDADA,Wh/m^2,2021-10-19,3509.9,Calculado
21206990,TIBAITATA - AUT [21206990],RAD SOLAR,Radiación solar global horaria VALIDADA,Wh/m^2,2021-10-20,4376.6,Calculado
21206990,TIBAITATA - AUT [21206990],RAD SOLAR,Radiación solar global horaria VALIDADA,Wh/m^2,2021-10-21,3008.7,Calculado
21206990,TIBAITATA - AUT [21206990],RAD SOLAR,Radiación solar global horaria VALIDADA,Wh/m^2,2021-10-22,4119.5,Calculado
21206990,TIBAITATA - AUT [21206990],RAD SOLAR,Radiación solar global horaria VALIDADA,Wh/m^2,2021-10-23,5033.3,Calculado
21206990,TIBAITATA - AUT [21206990],RAD SOLAR,Radiación solar global horaria VALIDADA,Wh/m^2,2021-10-24,5115.3,Calculado
21206990,TIBAITATA - AUT [21206990],RAD SOLAR,Radiación solar global horaria VALIDADA,Wh/m^2,2021-10-25,3639.6,Calculado
21206990,TIBAITATA - AUT [21206990],RAD SOLAR,Radiación solar global horaria VALIDADA,Wh/m^2,2021-10-26,4454.4,Calculado
21206990,TIBAITATA - AUT [21206990],RAD SOLAR,Radiación solar global horaria VALIDADA,Wh/m^2,2021-10-27,2661.8,Calculado
21206990,TIBAITATA - AUT [21206990],RAD SOLAR,Radiación solar global horaria VALIDADA,Wh/m^2,2021-10-28,6049.2,Calculado
21206990,TIBAITATA - AUT [21206990],RAD SOLAR,Radiación solar global horaria VALIDADA,Wh/m^2,2021-10-29,4261.5,Calculado
21206990,TIBAITATA - AUT [21206990],RAD SOLAR,Radiación solar global horaria VALIDADA,Wh/m^2,2021-10-30,3755.7,Calculado
21206990,TIBAITATA - AUT [21206990],RAD SOLAR,Radiación solar global horaria VALIDADA,Wh/m^2,2021-10-31,3325.8,Calculado
21206990,TIBAITATA - AUT [21206990],RAD SOLAR,Radiación solar global horaria VALIDADA,Wh/m^2,2021-11-01,5114.4,Calculado
21206990,TIBAITATA - AUT [21206990],RAD SOLAR,Radiación solar global horaria VALIDADA,Wh/m^2,2021-11-02,5458.3,Calculado
21206990,TIBAITATA - AUT [21206990],RAD SOLAR,Radiación solar global horaria VALIDADA,Wh/m^2,2021-11-03,5254.4,Calculado
21206990,TIBAITATA - AUT [21206990],RAD SOLAR,Radiación solar global horaria VALIDADA,Wh/m^2,2021-11-04,3949.6,Calculado
21206990,TIBAITATA - AUT [21206990],RAD SOLAR,Radiación solar global horaria VALIDADA,Wh/m^2,2021-11-05,4159.6,Calculado
21206990,TIBAITATA - AUT [21206990],RAD SOLAR,Radiación solar global horaria VALIDADA,Wh/m^2,2021-11-06,5343.4,Calculado
21206990,TIBAITATA - AUT [21206990],RAD SOLAR,Radiación solar global horaria VALIDADA,Wh/m^2,2021-11-07,4364.5,Calculado
21206990,TIBAITATA - AUT [21206990],RAD SOLAR,Radiación solar global horaria VALIDADA,Wh/m^2,2021-11-08,3188.8,Calculado
21206990,TIBAITATA - AUT [21206990],RAD SOLAR,Radiación solar global horaria VALIDADA,Wh/m^2,2021-11-09,3835.6,Calculado
21206990,TIBAITATA - AUT [21206990],RAD SOLAR,Radiación solar global horaria VALIDADA,Wh/m^2,2021-11-10,4073.5,Calculado
21206990,TIBAITATA - AUT [21206990],RAD SOLAR,Radiación solar global horaria VALIDADA,Wh/m^2,2021-11-11,5322.3,Calculado
21206990,TIBAITATA - AUT [21206990],RAD SOLAR,Radiación solar global horaria VALIDADA,Wh/m^2,2021-11-12,6130.3,Calculado
21206990,TIBAITATA - AUT [21206990],RAD SOLAR,Radiación solar global horaria VALIDADA,Wh/m^2,2021-11-13,5610.3,Calculado
21206990,TIBAITATA - AUT [21206990],RAD SOLAR,Radiación solar global horaria VALIDADA,Wh/m^2,2021-11-14,4081.6,Calculado
21206990,TIBAITATA - AUT [21206990],RAD SOLAR,Radiación solar global horaria VALIDADA,Wh/m^2,2021-11-15,3846.6,Calculado
21206990,TIBAITATA - AUT [21206990],RAD SOLAR,Radiación solar global horaria VALIDADA,Wh/m^2,2021-11-16,5057.3,Calculado
21206990,TIBAITATA - AUT [21206990],RAD SOLAR,Radiación solar global horaria VALIDADA,Wh/m^2,2021-11-17,4960.3,Calculado
21206990,TIBAITATA - AUT [21206990],RAD SOLAR,Radiación solar global horaria VALIDADA,Wh/m^2,2021-11-18,6125.2,Calculado
21206990,TIBAITATA - AUT [21206990],RAD SOLAR,Radiación solar global horaria VALIDADA,Wh/m^2,2021-11-19,6307.3,Calculado
21206990,TIBAITATA - AUT [21206990],RAD SOLAR,Radiación solar global horaria VALIDADA,Wh/m^2,2021-11-20,4077.5,Calculado
21206990,TIBAITATA - AUT [21206990],RAD SOLAR,Radiación solar global horaria VALIDADA,Wh/m^2,2021-11-21,3841.6,Calculado
21206990,TIBAITATA - AUT [21206990],RAD SOLAR,Radiación solar global horaria VALIDADA,Wh/m^2,2021-11-22,3886.6,Calculado
21206990,TIBAITATA - AUT [21206990],RAD SOLAR,Radiación solar global horaria VALIDADA,Wh/m^2,2021-11-23,2401.9,Calculado
21206990,TIBAITATA - AUT [21206990],RAD SOLAR,Radiación solar global horaria VALIDADA,Wh/m^2,2021-11-24,2681.9,Calculado
21206990,TIBAITATA - AUT [21206990],RAD SOLAR,Radiación solar global horaria VALIDADA,Wh/m^2,2021-11-25,2945.7,Calculado
21206990,TIBAITATA - AUT [21206990],RAD SOLAR,Radiación solar global horaria VALIDADA,Wh/m^2,2021-11-26,3047.6,Calculado
21206990,TIBAITATA - AUT [21206990],RAD SOLAR,Radiación solar global horaria VALIDADA,Wh/m^2,2021-11-27,5546.3,Calculado
21206990,TIBAITATA - AUT [21206990],RAD SOLAR,Radiación solar global horaria VALIDADA,Wh/m^2,2021-11-28,5274.3,Calculado
21206990,TIBAITATA - AUT [21206990],RAD SOLAR,Radiación solar global horaria VALIDADA,Wh/m^2,2021-11-29,3251.7,Calculado
21206990,TIBAITATA - AUT [21206990],RAD SOLAR,Radiación solar global horaria VALIDADA,Wh/m^2,2021-11-30,2952.7,Calculado
21206990,TIBAITATA - AUT [21206990],RAD SOLAR,Radiación solar global horaria VALIDADA,Wh/m^2,2021-12-01,5687.3,Calculado
21206990,TIBAITATA - AUT [21206990],RAD SOLAR,Radiación solar global horaria VALIDADA,Wh/m^2,2021-12-02,4995.4,Calculado
21206990,TIBAITATA - AUT [21206990],RAD SOLAR,Radiación solar global horaria VALIDADA,Wh/m^2,2021-12-03,2967.7,Calculado
21206990,TIBAITATA - AUT [21206990],RAD SOLAR,Radiación solar global horaria VALIDADA,Wh/m^2,2021-12-04,5199.3,Calculado
21206990,TIBAITATA - AUT [21206990],RAD SOLAR,Radiación solar global horaria VALIDADA,Wh/m^2,2021-12-05,3299.7,Calculado
21206990,TIBAITATA - AUT [21206990],RAD SOLAR,Radiación solar global horaria VALIDADA,Wh/m^2,2021-12-06,4631.4,Calculado
21206990,TIBAITATA - AUT [21206990],RAD SOLAR,Radiación solar global horaria VALIDADA,Wh/m^2,2021-12-07,5713.3,Calculado
21206990,TIBAITATA - AUT [21206990],RAD SOLAR,Radiación solar global horaria VALIDADA,Wh/m^2,2021-12-08,5185.5,Calculado
21206990,TIBAITATA - AUT [21206990],RAD SOLAR,Radiación solar global horaria VALIDADA,Wh/m^2,2021-12-09,3271.7,Calculado
21206990,TIBAITATA - AUT [21206990],RAD SOLAR,Radiación solar global horaria VALIDADA,Wh/m^2,2021-12-10,4384.4,Calculado
21206990,TIBAITATA - AUT [21206990],RAD SOLAR,Radiación solar global horaria VALIDADA,Wh/m^2,2021-12-11,2845.8,Calculado
21206990,TIBAITATA - AUT [21206990],RAD SOLAR,Radiación solar global horaria VALIDADA,Wh/m^2,2021-12-12,4571.4,Calculado
21206990,TIBAITATA - AUT [21206990],RAD SOLAR,Radiación solar global horaria VALIDADA,Wh/m^2,2021-12-13,5279.3,Calculado
21206990,TIBAITATA - AUT [21206990],RAD SOLAR,Radiación solar global horaria VALIDADA,Wh/m^2,2021-12-14,5486.3,Calculado
21206990,TIBAITATA - AUT [21206990],RAD SOLAR,Radiación solar global horaria VALIDADA,Wh/m^2,2021-12-15,3432.7,Calculado
21206990,TIBAITATA - AUT [21206990],RAD SOLAR,Radiación solar global horaria VALIDADA,Wh/m^2,2021-12-16,3930.5,Calculado
21206990,TIBAITATA - AUT [21206990],RAD SOLAR,Radiación solar global horaria VALIDADA,Wh/m^2,2021-12-17,3986.3999999999996,Calculado
21206990,TIBAITATA - AUT [21206990],RAD SOLAR,Radiación solar global horaria VALIDADA,Wh/m^2,2021-12-18,2411.9,Calculado
21206990,TIBAITATA - AUT [21206990],RAD SOLAR,Radiación solar global horaria VALIDADA,Wh/m^2,2021-12-19,5616.4,Calculado
21206990,TIBAITATA - AUT [21206990],RAD SOLAR,Radiación solar global horaria VALIDADA,Wh/m^2,2021-12-20,5354.3,Calculado
21206990,TIBAITATA - AUT [21206990],RAD SOLAR,Radiación solar global horaria VALIDADA,Wh/m^2,2021-12-21,5260.4,Calculado
21206990,TIBAITATA - AUT [21206990],RAD SOLAR,Radiación solar global horaria VALIDADA,Wh/m^2,2021-12-22,5155.4,Calculado
21206990,TIBAITATA - AUT [21206990],RAD SOLAR,Radiación solar global horaria VALIDADA,Wh/m^2,2021-12-23,4773.4,Calculado
21206990,TIBAITATA - AUT [21206990],RAD SOLAR,Radiación solar global horaria VALIDADA,Wh/m^2,2021-12-24,4781.4,Calculado
21206990,TIBAITATA - AUT [21206990],RAD SOLAR,Radiación solar global horaria VALIDADA,Wh/m^2,2021-12-25,3723.7,Calculado
21206990,TIBAITATA - AUT [21206990],RAD SOLAR,Radiación solar global horaria VALIDADA,Wh/m^2,2021-12-26,5982.2,Calculado
21206990,TIBAITATA - AUT [21206990],RAD SOLAR,Radiación solar global horaria VALIDADA,Wh/m^2,2021-12-27,3296.7,Calculado
21206990,TIBAITATA - AUT [21206990],RAD SOLAR,Radiación solar global horaria VALIDADA,Wh/m^2,2021-12-28,4638.4,Calculado
21206990,TIBAITATA - AUT [21206990],RAD SOLAR,Radiación solar global horaria VALIDADA,Wh/m^2,2021-12-29,2488.8,Calculado
21206990,TIBAITATA - AUT [21206990],RAD SOLAR,Radiación solar global horaria VALIDADA,Wh/m^2,2021-12-30,5303.4,Calculado
21206990,TIBAITATA - AUT [21206990],RAD SOLAR,Radiación solar global horaria VALIDADA,Wh/m^2,2021-12-31,5274.3,Calculado
21206990,TIBAITATA - AUT [21206990],RAD SOLAR,Radiación solar global horaria VALIDADA,Wh/m^2,2022-01-01,4501.5,Calculado
21206990,TIBAITATA - AUT [21206990],RAD SOLAR,Radiación solar global horaria VALIDADA,Wh/m^2,2022-01-02,5319.3,Calculado
21206990,TIBAITATA - AUT [21206990],RAD SOLAR,Radiación solar global horaria VALIDADA,Wh/m^2,2022-01-03,5618.2,Calculado
21206990,TIBAITATA - AUT [21206990],RAD SOLAR,Radiación solar global horaria VALIDADA,Wh/m^2,2022-01-04,6140.3,Calculado
21206990,TIBAITATA - AUT [21206990],RAD SOLAR,Radiación solar global horaria VALIDADA,Wh/m^2,2022-01-05,5591.3,Calculado
21206990,TIBAITATA - AUT [21206990],RAD SOLAR,Radiación solar global horaria VALIDADA,Wh/m^2,2022-01-06,4968.4,Calculado
21206990,TIBAITATA - AUT [21206990],RAD SOLAR,Radiación solar global horaria VALIDADA,Wh/m^2,2022-01-07,5319.4,Calculado
21206990,TIBAITATA - AUT [21206990],RAD SOLAR,Radiación solar global horaria VALIDADA,Wh/m^2,2022-01-08,6075.3,Calculado
21206990,TIBAITATA - AUT [21206990],RAD SOLAR,Radiación solar global horaria VALIDADA,Wh/m^2,2022-01-09,5527.3,Calculado
21206990,TIBAITATA - AUT [21206990],RAD SOLAR,Radiación solar global horaria VALIDADA,Wh/m^2,2022-01-10,3520.6,Calculado
21206990,TIBAITATA - AUT [21206990],RAD SOLAR,Radiación solar global horaria VALIDADA,Wh/m^2,2022-01-11,3036.7,Calculado
21206990,TIBAITATA - AUT [21206990],RAD SOLAR,Radiación solar global horaria VALIDADA,Wh/m^2,2022-01-12,4565.4,Calculado
21206990,TIBAITATA - AUT [21206990],RAD SOLAR,Radiación solar global horaria VALIDADA,Wh/m^2,2022-01-13,2104.9,Calculado
21206990,TIBAITATA - AUT [21206990],RAD SOLAR,Radiación solar global horaria VALIDADA,Wh/m^2,2022-01-14,3320.9,Calculado
21206990,TIBAITATA - AUT [21206990],RAD SOLAR,Radiación solar global horaria VALIDADA,Wh/m^2,2022-01-15,4782.5,Calculado
21206990,TIBAITATA - AUT [21206990],RAD SOLAR,Radiación solar global horaria VALIDADA,Wh/m^2,2022-01-16,4881.4,Calculado
21206990,TIBAITATA - AUT [21206990],RAD SOLAR,Radiación solar global horaria VALIDADA,Wh/m^2,2022-01-17,4345.6,Calculado
21206990,TIBAITATA - AUT [21206990],RAD SOLAR,Radiación solar global horaria VALIDADA,Wh/m^2,2022-01-18,4205.5,Calculado
21206990,TIBAITATA - AUT [21206990],RAD SOLAR,Radiación solar global horaria VALIDADA,Wh/m^2,2022-01-19,4647.3,Calculado
21206990,TIBAITATA - AUT [21206990],RAD SOLAR,Radiación solar global horaria VALIDADA,Wh/m^2,2022-01-20,4915.4,Calculado
21206990,TIBAITATA - AUT [21206990],RAD SOLAR,Radiación solar global horaria VALIDADA,Wh/m^2,2022-01-21,4211.4,Calculado
21206990,TIBAITATA - AUT [21206990],RAD SOLAR,Radiación solar global horaria VALIDADA,Wh/m^2,2022-01-22,4762.5,Calculado
21206990,TIBAITATA - AUT [21206990],RAD SOLAR,Radiación solar global horaria VALIDADA,Wh/m^2,2022-01-23,4495.5,Calculado
21206990,TIBAITATA - AUT [21206990],RAD SOLAR,Radiación solar global horaria VALIDADA,Wh/m^2,2022-01-24,4221.6,Calculado
21206990,TIBAITATA - AUT [21206990],RAD SOLAR,Radiación solar global horaria VALIDADA,Wh/m^2,2022-01-25,5450.2,Calculado
21206990,TIBAITATA - AUT [21206990],RAD SOLAR,Radiación solar global horaria VALIDADA,Wh/m^2,2022-01-26,4576.4,Calculado
21206990,TIBAITATA - AUT [21206990],RAD SOLAR,Radiación solar global horaria VALIDADA,Wh/m^2,2022-01-27,5599.2,Calculado
21206990,TIBAITATA - AUT [21206990],RAD SOLAR,Radiación solar global horaria VALIDADA,Wh/m^2,2022-01-28,5336.4,Calculado
21206990,TIBAITATA - AUT [21206990],RAD SOLAR,Radiación solar global horaria VALIDADA,Wh/m^2,2022-01-29,6633.2,Calculado
21206990,TIBAITATA - AUT [21206990],RAD SOLAR,Radiación solar global horaria VALIDADA,Wh/m^2,2022-01-30,5770.2,Calculado
21206990,TIBAITATA - AUT [21206990],RAD SOLAR,Radiación solar global horaria VALIDADA,Wh/m^2,2022-01-31,6694.2,Calculado
21206990,TIBAITATA - AUT [21206990],RAD SOLAR,Radiación solar global horaria VALIDADA,Wh/m^2,2022-02-01,6000.2,Calculado
21206990,TIBAITATA - AUT [21206990],RAD SOLAR,Radiación solar global horaria VALIDADA,Wh/m^2,2022-02-02,5890.2,Calculado
21206990,TIBAITATA - AUT [21206990],RAD SOLAR,Radiación solar global horaria VALIDADA,Wh/m^2,2022-02-03,4312.6,Calculado
21206990,TIBAITATA - AUT [21206990],RAD SOLAR,Radiación solar global horaria VALIDADA,Wh/m^2,2022-02-04,4570.6,Calculado
21206990,TIBAITATA - AUT [21206990],RAD SOLAR,Radiación solar global horaria VALIDADA,Wh/m^2,2022-02-05,3826.5,Calculado
21206990,TIBAITATA - AUT [21206990],RAD SOLAR,Radiación solar global horaria VALIDADA,Wh/m^2,2022-02-06,3975.3999999999996,Calculado
21206990,TIBAITATA - AUT [21206990],RAD SOLAR,Radiación solar global horaria VALIDADA,Wh/m^2,2022-02-07,1925.9,Calculado
21206990,TIBAITATA - AUT [21206990],RAD SOLAR,Radiación solar global horaria VALIDADA,Wh/m^2,2022-02-08,2023.0,Calculado
21206990,TIBAITATA - AUT [21206990],RAD SOLAR,Radiación solar global horaria VALIDADA,Wh/m^2,2022-02-09,2627.9,Calculado
21206990,TIBAITATA - AUT [21206990],RAD SOLAR,Radiación solar global horaria VALIDADA,Wh/m^2,2022-02-10,5046.4,Calculado
21206990,TIBAITATA - AUT [21206990],RAD SOLAR,Radiación solar global horaria VALIDADA,Wh/m^2,2022-02-11,5475.2,Calculado
21206990,TIBAITATA - AUT [21206990],RAD SOLAR,Radiación solar global horaria VALIDADA,Wh/m^2,2022-02-12,4788.5,Calculado
21206990,TIBAITATA - AUT [21206990],RAD SOLAR,Radiación solar global horaria VALIDADA,Wh/m^2,2022-02-13,3729.7,Calculado
21206990,TIBAITATA - AUT [21206990],RAD SOLAR,Radiación solar global horaria VALIDADA,Wh/m^2,2022-02-14,3633.6,Calculado
21206990,TIBAITATA - AUT [21206990],RAD SOLAR,Radiación solar global horaria VALIDADA,Wh/m^2,2022-02-15,3367.7,Calculado
21206990,TIBAITATA - AUT [21206990],RAD SOLAR,Radiación solar global horaria VALIDADA,Wh/m^2,2022-02-16,5378.2,Calculado
21206990,TIBAITATA - AUT [21206990],RAD SOLAR,Radiación solar global horaria VALIDADA,Wh/m^2,2022-02-17,4125.5,Calculado
21206990,TIBAITATA - AUT [21206990],RAD SOLAR,Radiación solar global horaria VALIDADA,Wh/m^2,2022-02-18,3235.7,Calculado
21206990,TIBAITATA - AUT [21206990],RAD SOLAR,Radiación solar global horaria VALIDADA,Wh/m^2,2022-02-19,3633.6,Calculado
21206990,TIBAITATA - AUT [21206990],RAD SOLAR,Radiación solar global horaria VALIDADA,Wh/m^2,2022-02-20,3404.6,Calculado
21206990,TIBAITATA - AUT [21206990],RAD SOLAR,Radiación solar global horaria VALIDADA,Wh/m^2,2022-02-21,4900.3,Calculado
21206990,TIBAITATA - AUT [21206990],RAD SOLAR,Radiación solar global horaria VALIDADA,Wh/m^2,2022-02-22,4986.4,Calculado
21206990,TIBAITATA - AUT [21206990],RAD SOLAR,Radiación solar global horaria VALIDADA,Wh/m^2,2022-02-23,5748.099999999999,Calculado
21206990,TIBAITATA - AUT [21206990],RAD SOLAR,Radiación solar global horaria VALIDADA,Wh/m^2,2022-02-24,4116.4,Calculado
21206990,TIBAITATA - AUT [21206990],RAD SOLAR,Radiación solar global horaria VALIDADA,Wh/m^2,2022-02-25,4048.3999999999996,Calculado
21206990,TIBAITATA - AUT [21206990],RAD SOLAR,Radiación solar global horaria VALIDADA,Wh/m^2,2022-02-26,4066.3999999999996,Calculado
21206990,TIBAITATA - AUT [21206990],RAD SOLAR,Radiación solar global horaria VALIDADA,Wh/m^2,2022-02-27,2402.9,Calculado
21206990,TIBAITATA - AUT [21206990],RAD SOLAR,Radiación solar global horaria VALIDADA,Wh/m^2,2022-02-28,1971.0,Calculado
21206990,TIBAITATA - AUT [21206990],RAD SOLAR,Radiación solar global horaria VALIDADA,Wh/m^2,2022-03-01,2573.9,Calculado
21206990,TIBAITATA - AUT [21206990],RAD SOLAR,Radiación solar global horaria VALIDADA,Wh/m^2,2022-03-02,2364.9,Calculado
21206990,TIBAITATA - AUT [21206990],RAD SOLAR,Radiación solar global horaria VALIDADA,Wh/m^2,2022-03-03,3152.7,Calculado
21206990,TIBAITATA - AUT [21206990],RAD SOLAR,Radiación solar global horaria VALIDADA,Wh/m^2,2022-03-04,2731.9,Calculado
21206990,TIBAITATA - AUT [21206990],RAD SOLAR,Radiación solar global horaria VALIDADA,Wh/m^2,2022-03-05,3989.5,Calculado
21206990,TIBAITATA - AUT [21206990],RAD SOLAR,Radiación solar global horaria VALIDADA,Wh/m^2,2022-03-06,3946.6,Calculado
21206990,TIBAITATA - AUT [21206990],RAD SOLAR,Radiación solar global horaria VALIDADA,Wh/m^2,2022-03-07,3258.6,Calculado
21206990,TIBAITATA - AUT [21206990],RAD SOLAR,Radiación solar global horaria VALIDADA,Wh/m^2,2022-03-08,5141.3,Calculado
21206990,TIBAITATA - AUT [21206990],RAD SOLAR,Radiación solar global horaria VALIDADA,Wh/m^2,2022-03-09,6816.2,Calculado
21206990,TIBAITATA - AUT [21206990],RAD SOLAR,Radiación solar global horaria VALIDADA,Wh/m^2,2022-03-10,5839.3,Calculado
21206990,TIBAITATA - AUT [21206990],RAD SOLAR,Radiación solar global horaria VALIDADA,Wh/m^2,2022-03-11,4459.5,Calculado
21206990,TIBAITATA - AUT [21206990],RAD SOLAR,Radiación solar global horaria VALIDADA,Wh/m^2,2022-03-12,3955.5,Calculado
21206990,TIBAITATA - AUT [21206990],RAD SOLAR,Radiación solar global horaria VALIDADA,Wh/m^2,2022-03-13,4006.5,Calculado
21206990,TIBAITATA - AUT [21206990],RAD SOLAR,Radiación solar global horaria VALIDADA,Wh/m^2,2022-03-14,3746.7,Calculado
21206990,TIBAITATA - AUT [21206990],RAD SOLAR,Radiación solar global horaria VALIDADA,Wh/m^2,2022-03-15,4497.5,Calculado
21206990,TIBAITATA - AUT [21206990],RAD SOLAR,Radiación solar global horaria VALIDADA,Wh/m^2,2022-03-16,4313.6,Calculado
21206990,TIBAITATA - AUT [21206990],RAD SOLAR,Radiación solar global horaria VALIDADA,Wh/m^2,2022-03-17,4614.4,Calculado
21206990,TIBAITATA - AUT [21206990],RAD SOLAR,Radiación solar global horaria VALIDADA,Wh/m^2,2022-03-18,4558.5,Calculado
21206990,TIBAITATA - AUT [21206990],RAD SOLAR,Radiación solar global horaria VALIDADA,Wh/m^2,2022-03-19,4226.5,Calculado
21206990,TIBAITATA - AUT [21206990],RAD SOLAR,Radiación solar global horaria VALIDADA,Wh/m^2,2022-03-20,3965.5,Calculado
21206990,TIBAITATA - AUT [21206990],RAD SOLAR,Radiación solar global horaria VALIDADA,Wh/m^2,2022-03-21,5501.2,Calculado
21206990,TIBAITATA - AUT [21206990],RAD SOLAR,Radiación solar global horaria VALIDADA,Wh/m^2,2022-03-22,4822.3,Calculado
21206990,TIBAITATA - AUT [21206990],RAD SOLAR,Radiación solar global horaria VALIDADA,Wh/m^2,2022-03-23,3237.9,Calculado
21206990,TIBAITATA - AUT [21206990],RAD SOLAR,Radiación solar global horaria VALIDADA,Wh/m^2,2022-03-24,4558.4,Calculado
21206990,TIBAITATA - AUT [21206990],RAD SOLAR,Radiación solar global horaria VALIDADA,Wh/m^2,2022-03-25,3632.5,Calculado
21206990,TIBAITATA - AUT [21206990],RAD SOLAR,Radiación solar global horaria VALIDADA,Wh/m^2,2022-03-26,3173.7,Calculado
21206990,TIBAITATA - AUT [21206990],RAD SOLAR,Radiación solar global horaria VALIDADA,Wh/m^2,2022-03-27,2606.9,Calculado
21206990,TIBAITATA - AUT [21206990],RAD SOLAR,Radiación solar global horaria VALIDADA,Wh/m^2,2022-03-28,3737.7,Calculado
21206990,TIBAITATA - AUT [21206990],RAD SOLAR,Radiación solar global horaria VALIDADA,Wh/m^2,2022-03-29,3208.6,Calculado
21206990,TIBAITATA - AUT [21206990],RAD SOLAR,Radiación solar global horaria VALIDADA,Wh/m^2,2022-03-30,3905.7,Calculado
21206990,TIBAITATA - AUT [21206990],RAD SOLAR,Radiación solar global horaria VALIDADA,Wh/m^2,2022-03-31,3423.7,Calculado
21206990,TIBAITATA - AUT [21206990],RAD SOLAR,Radiación solar global horaria VALIDADA,Wh/m^2,2022-04-01,6123.4,Calculado
21206990,TIBAITATA - AUT [21206990],RAD SOLAR,Radiación solar global horaria VALIDADA,Wh/m^2,2022-04-02,3945.7,Calculado
21206990,TIBAITATA - AUT [21206990],RAD SOLAR,Radiación solar global horaria VALIDADA,Wh/m^2,2022-04-03,4135.6,Calculado
21206990,TIBAITATA - AUT [21206990],RAD SOLAR,Radiación solar global horaria VALIDADA,Wh/m^2,2022-04-04,4315.5,Calculado
21206990,TIBAITATA - AUT [21206990],RAD SOLAR,Radiación solar global horaria VALIDADA,Wh/m^2,2022-04-05,4094.5,Calculado
21206990,TIBAITATA - AUT [21206990],RAD SOLAR,Radiación solar global horaria VALIDADA,Wh/m^2,2022-04-06,4958.4,Calculado
21206990,TIBAITATA - AUT [21206990],RAD SOLAR,Radiación solar global horaria VALIDADA,Wh/m^2,2022-04-07,3273.7,Calculado
21206990,TIBAITATA - AUT [21206990],RAD SOLAR,Radiación solar global horaria VALIDADA,Wh/m^2,2022-04-08,3293.8,Calculado
21206990,TIBAITATA - AUT [21206990],RAD SOLAR,Radiación solar global horaria VALIDADA,Wh/m^2,2022-04-09,4635.5,Calculado
21206990,TIBAITATA - AUT [21206990],RAD SOLAR,Radiación solar global horaria VALIDADA,Wh/m^2,2022-04-10,4577.4,Calculado
21206990,TIBAITATA - AUT [21206990],RAD SOLAR,Radiación solar global horaria VALIDADA,Wh/m^2,2022-04-11,4489.5,Calculado
21206990,TIBAITATA - AUT [21206990],RAD SOLAR,Radiación solar global horaria VALIDADA,Wh/m^2,2022-04-12,4164.5,Calculado
21206990,TIBAITATA - AUT [21206990],RAD SOLAR,Radiación solar global horaria VALIDADA,Wh/m^2,2022-04-13,3855.7,Calculado
21206990,TIBAITATA - AUT [21206990],RAD SOLAR,Radiación solar global horaria VALIDADA,Wh/m^2,2022-04-14,5497.5,Calculado
21206990,TIBAITATA - AUT [21206990],RAD SOLAR,Radiación solar global horaria VALIDADA,Wh/m^2,2022-04-15,5020.3,Calculado
21206990,TIBAITATA - AUT [21206990],RAD SOLAR,Radiación solar global horaria VALIDADA,Wh/m^2,2022-04-16,4968.4,Calculado
21206990,TIBAITATA - AUT [21206990],RAD SOLAR,Radiación solar global horaria VALIDADA,Wh/m^2,2022-04-17,2795.9,Calculado
21206990,TIBAITATA - AUT [21206990],RAD SOLAR,Radiación solar global horaria VALIDADA,Wh/m^2,2022-04-18,2970.7,Calculado
21206990,TIBAITATA - AUT [21206990],RAD SOLAR,Radiación solar global horaria VALIDADA,Wh/m^2,2022-04-19,2732.8,Calculado
21206990,TIBAITATA - AUT [21206990],RAD SOLAR,Radiación solar global horaria VALIDADA,Wh/m^2,2022-04-20,2429.9,Calculado
21206990,TIBAITATA - AUT [21206990],RAD SOLAR,Radiación solar global horaria VALIDADA,Wh/m^2,2022-04-21,3637.7,Calculado
21206990,TIBAITATA - AUT [21206990],RAD SOLAR,Radiación solar global horaria VALIDADA,Wh/m^2,2022-04-22,3475.7,Calculado
21206990,TIBAITATA - AUT [21206990],RAD SOLAR,Radiación solar global horaria VALIDADA,Wh/m^2,2022-04-23,4326.5,Calculado
21206990,TIBAITATA - AUT [21206990],RAD SOLAR,Radiación solar global horaria VALIDADA,Wh/m^2,2022-04-24,3280.7,Calculado
21206990,TIBAITATA - AUT [21206990],RAD SOLAR,Radiación solar global horaria VALIDADA,Wh/m^2,2022-04-25,3222.9,Calculado
21206990,TIBAITATA - AUT [21206990],RAD SOLAR,Radiación solar global horaria VALIDADA,Wh/m^2,2022-04-26,4338.5,Calculado
21206990,TIBAITATA - AUT [21206990],RAD SOLAR,Radiación solar global horaria VALIDADA,Wh/m^2,2022-04-27,3060.8,Calculado
21206990,TIBAITATA - AUT [21206990],RAD SOLAR,Radiación solar global horaria VALIDADA,Wh/m^2,2022-04-28,2036.9,Calculado
21206990,TIBAITATA - AUT [21206990],RAD SOLAR,Radiación solar global horaria VALIDADA,Wh/m^2,2022-04-29,2867.9,Calculado
21206990,TIBAITATA - AUT [21206990],RAD SOLAR,Radiación solar global horaria VALIDADA,Wh/m^2,2022-04-30,2959.8,Calculado
21206990,TIBAITATA - AUT [21206990],RAD SOLAR,Radiación solar global horaria VALIDADA,Wh/m^2,2022-05-01,5096.4,Calculado
21206990,TIBAITATA - AUT [21206990],RAD SOLAR,Radiación solar global horaria VALIDADA,Wh/m^2,2022-05-02,4225.7,Calculado
21206990,TIBAITATA - AUT [21206990],RAD SOLAR,Radiación solar global horaria VALIDADA,Wh/m^2,2022-05-03,6709.3,Calculado
21206990,TIBAITATA - AUT [21206990],RAD SOLAR,Radiación solar global horaria VALIDADA,Wh/m^2,2022-05-04,6076.3,Calculado
21206990,TIBAITATA - AUT [21206990],RAD SOLAR,Radiación solar global horaria VALIDADA,Wh/m^2,2022-05-05,1676.0,Calculado
21206990,TIBAITATA - AUT [21206990],RAD SOLAR,Radiación solar global horaria VALIDADA,Wh/m^2,2022-05-06,3628.7,Calculado
21206990,TIBAITATA - AUT [21206990],RAD SOLAR,Radiación solar global horaria VALIDADA,Wh/m^2,2022-05-07,1626.0,Calculado
21206990,TIBAITATA - AUT [21206990],RAD SOLAR,Radiación solar global horaria VALIDADA,Wh/m^2,2022-05-08,5855.3,Calculado
21206990,TIBAITATA - AUT [21206990],RAD SOLAR,Radiación solar global horaria VALIDADA,Wh/m^2,2022-05-09,3551.6,Calculado
21206990,TIBAITATA - AUT [21206990],RAD SOLAR,Radiación solar global horaria VALIDADA,Wh/m^2,2022-05-10,4858.4,Calculado
21206990,TIBAITATA - AUT [21206990],RAD SOLAR,Radiación solar global horaria VALIDADA,Wh/m^2,2022-05-11,3701.6,Calculado
21206990,TIBAITATA - AUT [21206990],RAD SOLAR,Radiación solar global horaria VALIDADA,Wh/m^2,2022-05-12,4281.5,Calculado
21206990,TIBAITATA - AUT [21206990],RAD SOLAR,Radiación solar global horaria VALIDADA,Wh/m^2,2022-05-13,2822.8,Calculado
21206990,TIBAITATA - AUT [21206990],RAD SOLAR,Radiación solar global horaria VALIDADA,Wh/m^2,2022-05-14,2849.8,Calculado
21206990,TIBAITATA - AUT [21206990],RAD SOLAR,Radiación solar global horaria VALIDADA,Wh/m^2,2022-05-15,4752.6,Calculado
21206990,TIBAITATA - AUT [21206990],RAD SOLAR,Radiación solar global horaria VALIDADA,Wh/m^2,2022-05-16,4995.5,Calculado
21206990,TIBAITATA - AUT [21206990],RAD SOLAR,Radiación solar global horaria VALIDADA,Wh/m^2,2022-05-17,2900.7,Calculado
21206990,TIBAITATA - AUT [21206990],RAD SOLAR,Radiación solar global horaria VALIDADA,Wh/m^2,2022-05-18,1435.0,Calculado
21206990,TIBAITATA - AUT [21206990],RAD SOLAR,Radiación solar global horaria VALIDADA,Wh/m^2,2022-05-19,2735.9,Calculado
21206990,TIBAITATA - AUT [21206990],RAD SOLAR,Radiación solar global horaria VALIDADA,Wh/m^2,2022-05-20,2567.0,Calculado
21206990,TIBAITATA - AUT [21206990],RAD SOLAR,Radiación solar global horaria VALIDADA,Wh/m^2,2022-05-21,4570.5,Calculado
21206990,TIBAITATA - AUT [21206990],RAD SOLAR,Radiación solar global horaria VALIDADA,Wh/m^2,2022-05-22,5780.3,Calculado
21206990,TIBAITATA - AUT [21206990],RAD SOLAR,Radiación solar global horaria VALIDADA,Wh/m^2,2022-05-23,4402.4,Calculado
21206990,TIBAITATA - AUT [21206990],RAD SOLAR,Radiación solar global horaria VALIDADA,Wh/m^2,2022-05-24,3500.9,Calculado
21206990,TIBAITATA - AUT [21206990],RAD SOLAR,Radiación solar global horaria VALIDADA,Wh/m^2,2022-05-25,4289.6,Calculado
21206990,TIBAITATA - AUT [21206990],RAD SOLAR,Radiación solar global horaria VALIDADA,Wh/m^2,2022-05-26,1936.0,Calculado
21206990,TIBAITATA - AUT [21206990],RAD SOLAR,Radiación solar global horaria VALIDADA,Wh/m^2,2022-05-27,4260.6,Calculado
21206990,TIBAITATA - AUT [21206990],RAD SOLAR,Radiación solar global horaria VALIDADA,Wh/m^2,2022-05-28,3889.5,Calculado
21206990,TIBAITATA - AUT [21206990],RAD SOLAR,Radiación solar global horaria VALIDADA,Wh/m^2,2022-05-29,3005.6,Calculado
21206990,TIBAITATA - AUT [21206990],RAD SOLAR,Radiación solar global horaria VALIDADA,Wh/m^2,2022-05-30,3416.7,Calculado
21206990,TIBAITATA - AUT [21206990],RAD SOLAR,Radiación solar global horaria VALIDADA,Wh/m^2,2022-05-31,3473.6,Calculado
21206990,TIBAITATA - AUT [21206990],RAD SOLAR,Radiación solar global horaria VALIDADA,Wh/m^2,2022-06-01,3280.9,Calculado
21206990,TIBAITATA - AUT [21206990],RAD SOLAR,Radiación solar global horaria VALIDADA,Wh/m^2,2022-06-02,5462.3,Calculado
21206990,TIBAITATA - AUT [21206990],RAD SOLAR,Radiación solar global horaria VALIDADA,Wh/m^2,2022-06-03,2317.7,Calculado
21206990,TIBAITATA - AUT [21206990],RAD SOLAR,Radiación solar global horaria VALIDADA,Wh/m^2,2022-06-04,2664.9,Calculado
21206990,TIBAITATA - AUT [21206990],RAD SOLAR,Radiación solar global horaria VALIDADA,Wh/m^2,2022-06-05,4273.5,Calculado
21206990,TIBAITATA - AUT [21206990],RAD SOLAR,Radiación solar global horaria VALIDADA,Wh/m^2,2022-06-06,4057.3999999999996,Calculado
21206990,TIBAITATA - AUT [21206990],RAD SOLAR,Radiación solar global horaria VALIDADA,Wh/m^2,2022-06-07,3813.6,Calculado
21206990,TIBAITATA - AUT [21206990],RAD SOLAR,Radiación solar global horaria VALIDADA,Wh/m^2,2022-06-08,2944.8,Calculado
21206990,TIBAITATA - AUT [21206990],RAD SOLAR,Radiación solar global horaria VALIDADA,Wh/m^2,2022-06-09,2568.8,Calculado
21206990,TIBAITATA - AUT [21206990],RAD SOLAR,Radiación solar global horaria VALIDADA,Wh/m^2,2022-06-10,4545.5,Calculado
21206990,TIBAITATA - AUT [21206990],RAD SOLAR,Radiación solar global horaria VALIDADA,Wh/m^2,2022-06-11,2713.9,Calculado
21206990,TIBAITATA - AUT [21206990],RAD SOLAR,Radiación solar global horaria VALIDADA,Wh/m^2,2022-06-12,3293.7,Calculado
21206990,TIBAITATA - AUT [21206990],RAD SOLAR,Radiación solar global horaria VALIDADA,Wh/m^2,2022-06-13,2883.9,Calculado
21206990,TIBAITATA - AUT [21206990],RAD SOLAR,Radiación solar global horaria VALIDADA,Wh/m^2,2022-06-14,3564.7,Calculado
21206990,TIBAITATA - AUT [21206990],RAD SOLAR,Radiación solar global horaria VALIDADA,Wh/m^2,2022-06-15,3944.6,Calculado
21206990,TIBAITATA - AUT [21206990],RAD SOLAR,Radiación solar global horaria VALIDADA,Wh/m^2,2022-06-16,2943.7,Calculado
21206990,TIBAITATA - AUT [21206990],RAD SOLAR,Radiación solar global horaria VALIDADA,Wh/m^2,2022-06-17,2661.9,Calculado
21206990,TIBAITATA - AUT [21206990],RAD SOLAR,Radiación solar global horaria VALIDADA,Wh/m^2,2022-06-18,3376.6,Calculado
21206990,TIBAITATA - AUT [21206990],RAD SOLAR,Radiación solar global horaria VALIDADA,Wh/m^2,2022-06-19,2966.8,Calculado
21206990,TIBAITATA - AUT [21206990],RAD SOLAR,Radiación solar global horaria VALIDADA,Wh/m^2,2022-06-20,3626.7,Calculado
21206990,TIBAITATA - AUT [21206990],RAD SOLAR,Radiación solar global horaria VALIDADA,Wh/m^2,2022-06-21,3934.5,Calculado
21206990,TIBAITATA - AUT [21206990],RAD SOLAR,Radiación solar global horaria VALIDADA,Wh/m^2,2022-06-22,3033.6,Calculado
21206990,TIBAITATA - AUT [21206990],RAD SOLAR,Radiación solar global horaria VALIDADA,Wh/m^2,2022-06-23,1931.0,Calculado
21206990,TIBAITATA - AUT [21206990],RAD SOLAR,Radiación solar global horaria VALIDADA,Wh/m^2,2022-06-24,3127.6,Calculado
21206990,TIBAITATA - AUT [21206990],RAD SOLAR,Radiación solar global horaria VALIDADA,Wh/m^2,2022-06-25,3344.7,Calculado
21206990,TIBAITATA - AUT [21206990],RAD SOLAR,Radiación solar global horaria VALIDADA,Wh/m^2,2022-06-26,2537.9,Calculado
21206990,TIBAITATA - AUT [21206990],RAD SOLAR,Radiación solar global horaria VALIDADA,Wh/m^2,2022-06-27,4267.5,Calculado
21206990,TIBAITATA - AUT [21206990],RAD SOLAR,Radiación solar global horaria VALIDADA,Wh/m^2,2022-06-28,4501.5,Calculado
21206990,TIBAITATA - AUT [21206990],RAD SOLAR,Radiación solar global horaria VALIDADA,Wh/m^2,2022-06-29,3498.9,Calculado
21206990,TIBAITATA - AUT [21206990],RAD SOLAR,Radiación solar global horaria VALIDADA,Wh/m^2,2022-06-30,4483.5,Calculado
21206990,TIBAITATA - AUT [21206990],RAD SOLAR,Radiación solar global horaria VALIDADA,Wh/m^2,2022-07-01,4915.5,Calculado
21206990,TIBAITATA - AUT [21206990],RAD SOLAR,Radiación solar global horaria VALIDADA,Wh/m^2,2022-07-02,4054.5,Calculado
21206990,TIBAITATA - AUT [21206990],RAD SOLAR,Radiación solar global horaria VALIDADA,Wh/m^2,2022-07-03,3319.7,Calculado
21206990,TIBAITATA - AUT [21206990],RAD SOLAR,Radiación solar global horaria VALIDADA,Wh/m^2,2022-07-04,3838.7,Calculado
21206990,TIBAITATA - AUT [21206990],RAD SOLAR,Radiación solar global horaria VALIDADA,Wh/m^2,2022-07-05,5252.5,Calculado
21206990,TIBAITATA - AUT [21206990],RAD SOLAR,Radiación solar global horaria VALIDADA,Wh/m^2,2022-07-06,4053.6,Calculado
21206990,TIBAITATA - AUT [21206990],RAD SOLAR,Radiación solar global horaria VALIDADA,Wh/m^2,2022-07-07,3395.8,Calculado
21206990,TIBAITATA - AUT [21206990],RAD SOLAR,Radiación solar global horaria VALIDADA,Wh/m^2,2022-07-08,2404.8,Calculado
21206990,TIBAITATA - AUT [21206990],RAD SOLAR,Radiación solar global horaria VALIDADA,Wh/m^2,2022-07-09,4638.4,Calculado
21206990,TIBAITATA - AUT [21206990],RAD SOLAR,Radiación solar global horaria VALIDADA,Wh/m^2,2022-07-10,3710.6,Calculado
21206990,TIBAITATA - AUT [21206990],RAD SOLAR,Radiación solar global horaria VALIDADA,Wh/m^2,2022-07-11,2624.0,Calculado
21206990,TIBAITATA - AUT [21206990],RAD SOLAR,Radiación solar global horaria VALIDADA,Wh/m^2,2022-07-12,3015.8,Calculado
21206990,TIBAITATA - AUT [21206990],RAD SOLAR,Radiación solar global horaria VALIDADA,Wh/m^2,2022-07-13,3619.6,Calculado
21206990,TIBAITATA - AUT [21206990],RAD SOLAR,Radiación solar global horaria VALIDADA,Wh/m^2,2022-07-14,6459.2,Calculado
21206990,TIBAITATA - AUT [21206990],RAD SOLAR,Radiación solar global horaria VALIDADA,Wh/m^2,2022-07-15,5600.2,Calculado
21206990,TIBAITATA - AUT [21206990],RAD SOLAR,Radiación solar global horaria VALIDADA,Wh/m^2,2022-07-16,4101.6,Calculado
21206990,TIBAITATA - AUT [21206990],RAD SOLAR,Radiación solar global horaria VALIDADA,Wh/m^2,2022-07-17,2711.9,Calculado
21206990,TIBAITATA - AUT [21206990],RAD SOLAR,Radiación solar global horaria VALIDADA,Wh/m^2,2022-07-18,4262.5,Calculado
21206990,TIBAITATA - AUT [21206990],RAD SOLAR,Radiación solar global horaria VALIDADA,Wh/m^2,2022-07-19,6211.2,Calculado
21206990,TIBAITATA - AUT [21206990],RAD SOLAR,Radiación solar global horaria VALIDADA,Wh/m^2,2022-07-20,4978.4,Calculado
21206990,TIBAITATA - AUT [21206990],RAD SOLAR,Radiación solar global horaria VALIDADA,Wh/m^2,2022-07-21,2585.9,Calculado
21206990,TIBAITATA - AUT [21206990],RAD SOLAR,Radiación solar global horaria VALIDADA,Wh/m^2,2022-07-22,3917.6,Calculado
21206990,TIBAITATA - AUT [21206990],RAD SOLAR,Radiación solar global horaria VALIDADA,Wh/m^2,2022-07-23,3938.6,Calculado
21206990,TIBAITATA - AUT [21206990],RAD SOLAR,Radiación solar global horaria VALIDADA,Wh/m^2,2022-07-24,3976.6,Calculado
21206990,TIBAITATA - AUT [21206990],RAD SOLAR,Radiación solar global horaria VALIDADA,Wh/m^2,2022-07-25,3165.9,Calculado
21206990,TIBAITATA - AUT [21206990],RAD SOLAR,Radiación solar global horaria VALIDADA,Wh/m^2,2022-07-26,2900.8,Calculado
21206990,TIBAITATA - AUT [21206990],RAD SOLAR,Radiación solar global horaria VALIDADA,Wh/m^2,2022-07-27,3986.6,Calculado
21206990,TIBAITATA - AUT [21206990],RAD SOLAR,Radiación solar global horaria VALIDADA,Wh/m^2,2022-07-28,3331.8,Calculado
21206990,TIBAITATA - AUT [21206990],RAD SOLAR,Radiación solar global horaria VALIDADA,Wh/m^2,2022-07-29,3846.6,Calculado
21206990,TIBAITATA - AUT [21206990],RAD SOLAR,Radiación solar global horaria VALIDADA,Wh/m^2,2022-07-30,3642.6,Calculado
21206990,TIBAITATA - AUT [21206990],RAD SOLAR,Radiación solar global horaria VALIDADA,Wh/m^2,2022-07-31,3548.7,Calculado
21206990,TIBAITATA - AUT [21206990],RAD SOLAR,Radiación solar global horaria VALIDADA,Wh/m^2,2022-08-01,4388.6,Calculado
21206990,TIBAITATA - AUT [21206990],RAD SOLAR,Radiación solar global horaria VALIDADA,Wh/m^2,2022-08-02,2767.8,Calculado
21206990,TIBAITATA - AUT [21206990],RAD SOLAR,Radiación solar global horaria VALIDADA,Wh/m^2,2022-08-03,5413.3,Calculado
21206990,TIBAITATA - AUT [21206990],RAD SOLAR,Radiación solar global horaria VALIDADA,Wh/m^2,2022-08-04,3865.6,Calculado
21206990,TIBAITATA - AUT [21206990],RAD SOLAR,Radiación solar global horaria VALIDADA,Wh/m^2,2022-08-05,2560.0,Calculado
21206990,TIBAITATA - AUT [21206990],RAD SOLAR,Radiación solar global horaria VALIDADA,Wh/m^2,2022-08-06,3516.7,Calculado
21206990,TIBAITATA - AUT [21206990],RAD SOLAR,Radiación solar global horaria VALIDADA,Wh/m^2,2022-08-07,3833.7,Calculado
21206990,TIBAITATA - AUT [21206990],RAD SOLAR,Radiación solar global horaria VALIDADA,Wh/m^2,2022-08-08,6295.2,Calculado
21206990,TIBAITATA - AUT [21206990],RAD SOLAR,Radiación solar global horaria VALIDADA,Wh/m^2,2022-08-09,2652.9,Calculado
21206990,TIBAITATA - AUT [21206990],RAD SOLAR,Radiación solar global horaria VALIDADA,Wh/m^2,2022-08-10,4031.5,Calculado
21206990,TIBAITATA - AUT [21206990],RAD SOLAR,Radiación solar global horaria VALIDADA,Wh/m^2,2022-08-11,5101.4,Calculado
21206990,TIBAITATA - AUT [21206990],RAD SOLAR,Radiación solar global horaria VALIDADA,Wh/m^2,2022-08-12,4204.5,Calculado
21206990,TIBAITATA - AUT [21206990],RAD SOLAR,Radiación solar global horaria VALIDADA,Wh/m^2,2022-08-13,3868.7,Calculado
21206990,TIBAITATA - AUT [21206990],RAD SOLAR,Radiación solar global horaria VALIDADA,Wh/m^2,2022-08-14,3726.5,Calculado
21206990,TIBAITATA - AUT [21206990],RAD SOLAR,Radiación solar global horaria VALIDADA,Wh/m^2,2022-08-15,5808.4,Calculado
21206990,TIBAITATA - AUT [21206990],RAD SOLAR,Radiación solar global horaria VALIDADA,Wh/m^2,2022-08-16,5071.5,Calculado
21206990,TIBAITATA - AUT [21206990],RAD SOLAR,Radiación solar global horaria VALIDADA,Wh/m^2,2022-08-17,6468.2,Calculado
21206990,TIBAITATA - AUT [21206990],RAD SOLAR,Radiación solar global horaria VALIDADA,Wh/m^2,2022-08-18,6998.2,Calculado
21206990,TIBAITATA - AUT [21206990],RAD SOLAR,Radiación solar global horaria VALIDADA,Wh/m^2,2022-08-19,5199.4,Calculado
21206990,TIBAITATA - AUT [21206990],RAD SOLAR,Radiación solar global horaria VALIDADA,Wh/m^2,2022-08-20,4566.5,Calculado
21206990,TIBAITATA - AUT [21206990],RAD SOLAR,Radiación solar global horaria VALIDADA,Wh/m^2,2022-08-21,4318.5,Calculado
21206990,TIBAITATA - AUT [21206990],RAD SOLAR,Radiación solar global horaria VALIDADA,Wh/m^2,2022-08-22,3588.7,Calculado
21206990,TIBAITATA - AUT [21206990],RAD SOLAR,Radiación solar global horaria VALIDADA,Wh/m^2,2022-08-23,4765.4,Calculado
21206990,TIBAITATA - AUT [21206990],RAD SOLAR,Radiación solar global horaria VALIDADA,Wh/m^2,2022-08-24,4906.5,Calculado
21206990,TIBAITATA - AUT [21206990],RAD SOLAR,Radiación solar global horaria VALIDADA,Wh/m^2,2022-08-25,3378.8,Calculado
21206990,TIBAITATA - AUT [21206990],RAD SOLAR,Radiación solar global horaria VALIDADA,Wh/m^2,2022-08-26,3619.5,Calculado
21206990,TIBAITATA - AUT [21206990],RAD SOLAR,Radiación solar global horaria VALIDADA,Wh/m^2,2022-08-27,4901.4,Calculado
21206990,TIBAITATA - AUT [21206990],RAD SOLAR,Radiación solar global horaria VALIDADA,Wh/m^2,2022-08-28,3689.6,Calculado
21206990,TIBAITATA - AUT [21206990],RAD SOLAR,Radiación solar global horaria VALIDADA,Wh/m^2,2022-08-29,2625.8,Calculado
21206990,TIBAITATA - AUT [21206990],RAD SOLAR,Radiación solar global horaria VALIDADA,Wh/m^2,2022-08-30,4348.4,Calculado
21206990,TIBAITATA - AUT [21206990],RAD SOLAR,Radiación solar global horaria VALIDADA,Wh/m^2,2022-08-31,3085.8,Calculado
21206990,TIBAITATA - AUT [21206990],RAD SOLAR,Radiación solar global horaria VALIDADA,Wh/m^2,2022-09-01,3659.6,Calculado
21206990,TIBAITATA - AUT [21206990],RAD SOLAR,Radiación solar global horaria VALIDADA,Wh/m^2,2022-09-02,3653.6,Calculado
21206990,TIBAITATA - AUT [21206990],RAD SOLAR,Radiación solar global horaria VALIDADA,Wh/m^2,2022-09-03,3708.6,Calculado
21206990,TIBAITATA - AUT [21206990],RAD SOLAR,Radiación solar global horaria VALIDADA,Wh/m^2,2022-09-04,4389.6,Calculado
21206990,TIBAITATA - AUT [21206990],RAD SOLAR,Radiación solar global horaria VALIDADA,Wh/m^2,2022-09-05,6583.3,Calculado
21206990,TIBAITATA - AUT [21206990],RAD SOLAR,Radiación solar global horaria VALIDADA,Wh/m^2,2022-09-06,4045.6,Calculado
21206990,TIBAITATA - AUT [21206990],RAD SOLAR,Radiación solar global horaria VALIDADA,Wh/m^2,2022-09-07,4094.5,Calculado
21206990,TIBAITATA - AUT [21206990],RAD SOLAR,Radiación solar global horaria VALIDADA,Wh/m^2,2022-09-08,4189.5,Calculado
21206990,TIBAITATA - AUT [21206990],RAD SOLAR,Radiación solar global horaria VALIDADA,Wh/m^2,2022-09-09,2918.9,Calculado
21206990,TIBAITATA - AUT [21206990],RAD SOLAR,Radiación solar global horaria VALIDADA,Wh/m^2,2022-09-10,3348.7,Calculado
21206990,TIBAITATA - AUT [21206990],RAD SOLAR,Radiación solar global horaria VALIDADA,Wh/m^2,2022-09-11,4839.5,Calculado
21206990,TIBAITATA - AUT [21206990],RAD SOLAR,Radiación solar global horaria VALIDADA,Wh/m^2,2022-09-12,4131.7,Calculado
21206990,TIBAITATA - AUT [21206990],RAD SOLAR,Radiación solar global horaria VALIDADA,Wh/m^2,2022-09-13,4327.5,Calculado
21206990,TIBAITATA - AUT [21206990],RAD SOLAR,Radiación solar global horaria VALIDADA,Wh/m^2,2022-09-14,3133.9,Calculado
21206990,TIBAITATA - AUT [21206990],RAD SOLAR,Radiación solar global horaria VALIDADA,Wh/m^2,2022-09-15,4138.6,Calculado
21206990,TIBAITATA - AUT [21206990],RAD SOLAR,Radiación solar global horaria VALIDADA,Wh/m^2,2022-09-16,2947.7,Calculado
21206990,TIBAITATA - AUT [21206990],RAD SOLAR,Radiación solar global horaria VALIDADA,Wh/m^2,2022-09-17,4084.6,Calculado
21206990,TIBAITATA - AUT [21206990],RAD SOLAR,Radiación solar global horaria VALIDADA,Wh/m^2,2022-09-18,3084.7,Calculado
21206990,TIBAITATA - AUT [21206990],RAD SOLAR,Radiación solar global horaria VALIDADA,Wh/m^2,2022-09-19,4423.3,Calculado
21206990,TIBAITATA - AUT [21206990],RAD SOLAR,Radiación solar global horaria VALIDADA,Wh/m^2,2022-09-20,4547.5,Calculado
21206990,TIBAITATA - AUT [21206990],RAD SOLAR,Radiación solar global horaria VALIDADA,Wh/m^2,2022-09-21,2795.8,Calculado
21206990,TIBAITATA - AUT [21206990],RAD SOLAR,Radiación solar global horaria VALIDADA,Wh/m^2,2022-09-22,3438.5,Calculado
21206990,TIBAITATA - AUT [21206990],RAD SOLAR,Radiación solar global horaria VALIDADA,Wh/m^2,2022-09-23,4464.5,Calculado
21206990,TIBAITATA - AUT [21206990],RAD SOLAR,Radiación solar global horaria VALIDADA,Wh/m^2,2022-09-24,5133.4,Calculado
21206990,TIBAITATA - AUT [21206990],RAD SOLAR,Radiación solar global horaria VALIDADA,Wh/m^2,2022-09-25,5734.3,Calculado
21206990,TIBAITATA - AUT [21206990],RAD SOLAR,Radiación solar global horaria VALIDADA,Wh/m^2,2022-09-26,6655.2,Calculado
21206990,TIBAITATA - AUT [21206990],RAD SOLAR,Radiación solar global horaria VALIDADA,Wh/m^2,2022-09-27,4922.5,Calculado
21206990,TIBAITATA - AUT [21206990],RAD SOLAR,Radiación solar global horaria VALIDADA,Wh/m^2,2022-09-28,3030.7,Calculado
21206990,TIBAITATA - AUT [21206990],RAD SOLAR,Radiación solar global horaria VALIDADA,Wh/m^2,2022-09-29,5817.3,Calculado
21206990,TIBAITATA - AUT [21206990],RAD SOLAR,Radiación solar global horaria VALIDADA,Wh/m^2,2022-09-30,4564.4,Calculado
21206990,TIBAITATA - AUT [21206990],RAD SOLAR,Radiación solar global horaria VALIDADA,Wh/m^2,2022-10-01,4114.4,Calculado
21206990,TIBAITATA - AUT [21206990],RAD SOLAR,Radiación solar global horaria VALIDADA,Wh/m^2,2022-10-02,5430.4,Calculado
21206990,TIBAITATA - AUT [21206990],RAD SOLAR,Radiación solar global horaria VALIDADA,Wh/m^2,2022-10-03,4868.4,Calculado
21206990,TIBAITATA - AUT [21206990],RAD SOLAR,Radiación solar global horaria VALIDADA,Wh/m^2,2022-10-04,3769.7,Calculado
21206990,TIBAITATA - AUT [21206990],RAD SOLAR,Radiación solar global horaria VALIDADA,Wh/m^2,2022-10-05,4231.6,Calculado
21206990,TIBAITATA - AUT [21206990],RAD SOLAR,Radiación solar global horaria VALIDADA,Wh/m^2,2022-10-06,5181.4,Calculado
21206990,TIBAITATA - AUT [21206990],RAD SOLAR,Radiación solar global horaria VALIDADA,Wh/m^2,2022-10-07,4454.6,Calculado
21206990,TIBAITATA - AUT [21206990],RAD SOLAR,Radiación solar global horaria VALIDADA,Wh/m^2,2022-10-08,2930.9,Calculado
21206990,TIBAITATA - AUT [21206990],RAD SOLAR,Radiación solar global horaria VALIDADA,Wh/m^2,2022-10-09,2896.9,Calculado
21206990,TIBAITATA - AUT [21206990],RAD SOLAR,Radiación solar global horaria VALIDADA,Wh/m^2,2022-10-10,4625.5,Calculado
21206990,TIBAITATA - AUT [21206990],RAD SOLAR,Radiación solar global horaria VALIDADA,Wh/m^2,2022-10-11,4104.5,Calculado
21206990,TIBAITATA - AUT [21206990],RAD SOLAR,Radiación solar global horaria VALIDADA,Wh/m^2,2022-10-12,2642.7,Calculado
21206990,TIBAITATA - AUT [21206990],RAD SOLAR,Radiación solar global horaria VALIDADA,Wh/m^2,2022-10-13,4273.4,Calculado
21206990,TIBAITATA - AUT [21206990],RAD SOLAR,Radiación solar global horaria VALIDADA,Wh/m^2,2022-10-14,4014.6,Calculado
21206990,TIBAITATA - AUT [21206990],RAD SOLAR,Radiación solar global horaria VALIDADA,Wh/m^2,2022-10-15,3513.7,Calculado
21206990,TIBAITATA - AUT [21206990],RAD SOLAR,Radiación solar global horaria VALIDADA,Wh/m^2,2022-10-16,5076.3,Calculado
21206990,TIBAITATA - AUT [21206990],RAD SOLAR,Radiación solar global horaria VALIDADA,Wh/m^2,2022-10-17,3754.6,Calculado
21206990,TIBAITATA - AUT [21206990],RAD SOLAR,Radiación solar global horaria VALIDADA,Wh/m^2,2022-10-18,4537.6,Calculado
21206990,TIBAITATA - AUT [21206990],RAD SOLAR,Radiación solar global horaria VALIDADA,Wh/m^2,2022-10-19,4161.4,Calculado
21206990,TIBAITATA - AUT [21206990],RAD SOLAR,Radiación solar global horaria VALIDADA,Wh/m^2,2022-10-20,2763.9,Calculado
21206990,TIBAITATA - AUT [21206990],RAD SOLAR,Radiación solar global horaria VALIDADA,Wh/m^2,2022-10-21,6362.2,Calculado
21206990,TIBAITATA - AUT [21206990],RAD SOLAR,Radiación solar global horaria VALIDADA,Wh/m^2,2022-10-22,3701.6,Calculado
21206990,TIBAITATA - AUT [21206990],RAD SOLAR,Radiación solar global horaria VALIDADA,Wh/m^2,2022-10-23,3646.7,Calculado
21206990,TIBAITATA - AUT [21206990],RAD SOLAR,Radiación solar global horaria VALIDADA,Wh/m^2,2022-10-24,3792.6,Calculado
21206990,TIBAITATA - AUT [21206990],RAD SOLAR,Radiación solar global horaria VALIDADA,Wh/m^2,2022-10-25,5328.5,Calculado
21206990,TIBAITATA - AUT [21206990],RAD SOLAR,Radiación solar global horaria VALIDADA,Wh/m^2,2022-10-26,2969.7,Calculado
21206990,TIBAITATA - AUT [21206990],RAD SOLAR,Radiación solar global horaria VALIDADA,Wh/m^2,2022-10-27,3852.6,Calculado
21206990,TIBAITATA - AUT [21206990],RAD SOLAR,Radiación solar global horaria VALIDADA,Wh/m^2,2022-10-28,3923.5,Calculado
21206990,TIBAITATA - AUT [21206990],RAD SOLAR,Radiación solar global horaria VALIDADA,Wh/m^2,2022-10-29,2867.8,Calculado
21206990,TIBAITATA - AUT [21206990],RAD SOLAR,Radiación solar global horaria VALIDADA,Wh/m^2,2022-10-30,6146.2,Calculado
21206990,TIBAITATA - AUT [21206990],RAD SOLAR,Radiación solar global horaria VALIDADA,Wh/m^2,2022-10-31,6683.2,Calculado
