CodigoEstacion,NombreEstacion,Variable,Parametro,Fecha,Unidad,Valor,NivelAprobacion
21206990,TIBAITATA - AUT [21206990],VEL VIENTO,Velocidad 10 minutal del viento media diaria,2005-02-02 00:00,m/s,1.6446296296305,Preliminar
21206990,TIBAITATA - AUT [21206990],VEL VIENTO,Velocidad 10 minutal del viento media diaria,2005-02-03 00:00,m/s,1.96458333333406,Preliminar
21206990,TIBAITATA - AUT [21206990],VEL VIENTO,Velocidad 10 minutal del viento media diaria,2005-02-04 00:00,m/s,2.14905303030354,Preliminar
21206990,TIBAITATA - AUT [21206990],VEL VIENTO,Velocidad 10 minutal del viento media diaria,2005-02-05 00:00,m/s,2.55763888888985,Preliminar
21206990,TIBAITATA - AUT [21206990],VEL VIENTO,Velocidad 10 minutal del viento media diaria,2005-02-06 00:00,m/s,1.96528985507278,Preliminar
21206990,TIBAITATA - AUT [21206990],VEL VIENTO,Velocidad 10 minutal del viento media diaria,2005-02-07 00:00,m/s,1.91777777777869,Preliminar
21206990,TIBAITATA - AUT [21206990],VEL VIENTO,Velocidad 10 minutal del viento media diaria,2005-02-08 00:00,m/s,1.93325757575813,Preliminar
21206990,TIBAITATA - AUT [21206990],VEL VIENTO,Velocidad 10 minutal del viento media diaria,2005-02-09 00:00,m/s,2.18263888889013,Preliminar
21206990,TIBAITATA - AUT [21206990],VEL VIENTO,Velocidad 10 minutal del viento media diaria,2005-02-10 00:00,m/s,1.50355072463808,Preliminar
21206990,TIBAITATA - AUT [21206990],VEL VIENTO,Velocidad 10 minutal del viento media diaria,2005-02-11 00:00,m/s,1.90166666666786,Preliminar
21206990,TIBAITATA - AUT [21206990],VEL VIENTO,Velocidad 10 minutal del viento media diaria,2005-02-12 00:00,m/s,1.58413043478313,Preliminar
21206990,TIBAITATA - AUT [21206990],VEL VIENTO,Velocidad 10 minutal del viento media diaria,2005-02-13 00:00,m/s,1.76666666666741,Preliminar
21206990,TIBAITATA - AUT [21206990],VEL VIENTO,Velocidad 10 minutal del viento media diaria,2005-02-14 00:00,m/s,1.79572463768203,Preliminar
21206990,TIBAITATA - AUT [21206990],VEL VIENTO,Velocidad 10 minutal del viento media diaria,2005-02-15 00:00,m/s,1.99775362318953,Preliminar
21206990,TIBAITATA - AUT [21206990],VEL VIENTO,Velocidad 10 minutal del viento media diaria,2005-02-16 00:00,m/s,2.07638888888992,Preliminar
21206990,TIBAITATA - AUT [21206990],VEL VIENTO,Velocidad 10 minutal del viento media diaria,2005-02-17 00:00,m/s,2.07230158730282,Preliminar
21206990,TIBAITATA - AUT [21206990],VEL VIENTO,Velocidad 10 minutal del viento media diaria,2005-02-18 00:00,m/s,2.74239130434989,Preliminar
21206990,TIBAITATA - AUT [21206990],VEL VIENTO,Velocidad 10 minutal del viento media diaria,2005-02-19 00:00,m/s,1.62673611111137,Preliminar
21206990,TIBAITATA - AUT [21206990],VEL VIENTO,Velocidad 10 minutal del viento media diaria,2005-02-20 00:00,m/s,1.93652173913156,Preliminar
21206990,TIBAITATA - AUT [21206990],VEL VIENTO,Velocidad 10 minutal del viento media diaria,2005-02-21 00:00,m/s,1.8895833333344,Preliminar
21206990,TIBAITATA - AUT [21206990],VEL VIENTO,Velocidad 10 minutal del viento media diaria,2005-02-22 00:00,m/s,1.95666666666667,Preliminar
21206990,TIBAITATA - AUT [21206990],VEL VIENTO,Velocidad 10 minutal del viento media diaria,2005-02-23 00:00,m/s,1.81076388888961,Preliminar
21206990,TIBAITATA - AUT [21206990],VEL VIENTO,Velocidad 10 minutal del viento media diaria,2005-02-24 00:00,m/s,2.11666666666744,Preliminar
21206990,TIBAITATA - AUT [21206990],VEL VIENTO,Velocidad 10 minutal del viento media diaria,2005-02-25 00:00,m/s,2.4745652173913,Preliminar
21206990,TIBAITATA - AUT [21206990],VEL VIENTO,Velocidad 10 minutal del viento media diaria,2005-02-26 00:00,m/s,2.09295454545481,Preliminar
21206990,TIBAITATA - AUT [21206990],VEL VIENTO,Velocidad 10 minutal del viento media diaria,2005-02-27 00:00,m/s,1.90625000000106,Preliminar
21206990,TIBAITATA - AUT [21206990],VEL VIENTO,Velocidad 10 minutal del viento media diaria,2005-02-28 00:00,m/s,2.08949275362456,Preliminar
21206990,TIBAITATA - AUT [21206990],VEL VIENTO,Velocidad 10 minutal del viento media diaria,2005-03-01 00:00,m/s,1.72481884058058,Preliminar
21206990,TIBAITATA - AUT [21206990],VEL VIENTO,Velocidad 10 minutal del viento media diaria,2005-03-02 00:00,m/s,2.07465277777874,Preliminar
21206990,TIBAITATA - AUT [21206990],VEL VIENTO,Velocidad 10 minutal del viento media diaria,2005-03-03 00:00,m/s,1.62902173913079,Preliminar
21206990,TIBAITATA - AUT [21206990],VEL VIENTO,Velocidad 10 minutal del viento media diaria,2005-03-04 00:00,m/s,2.02101449275459,Preliminar
21206990,TIBAITATA - AUT [21206990],VEL VIENTO,Velocidad 10 minutal del viento media diaria,2005-03-05 00:00,m/s,1.66076388888991,Preliminar
21206990,TIBAITATA - AUT [21206990],VEL VIENTO,Velocidad 10 minutal del viento media diaria,2005-03-06 00:00,m/s,1.73350694444444,Preliminar
21206990,TIBAITATA - AUT [21206990],VEL VIENTO,Velocidad 10 minutal del viento media diaria,2005-03-07 00:00,m/s,1.512878787879,Preliminar
21206990,TIBAITATA - AUT [21206990],VEL VIENTO,Velocidad 10 minutal del viento media diaria,2005-03-08 00:00,m/s,1.83819444444554,Preliminar
21206990,TIBAITATA - AUT [21206990],VEL VIENTO,Velocidad 10 minutal del viento media diaria,2005-03-11 00:00,m/s,2.13690972222333,Preliminar
21206990,TIBAITATA - AUT [21206990],VEL VIENTO,Velocidad 10 minutal del viento media diaria,2005-03-12 00:00,m/s,2.07601449275377,Preliminar
21206990,TIBAITATA - AUT [21206990],VEL VIENTO,Velocidad 10 minutal del viento media diaria,2005-03-13 00:00,m/s,2.13181159420446,Preliminar
21206990,TIBAITATA - AUT [21206990],VEL VIENTO,Velocidad 10 minutal del viento media diaria,2005-03-14 00:00,m/s,1.72825757575855,Preliminar
21206990,TIBAITATA - AUT [21206990],VEL VIENTO,Velocidad 10 minutal del viento media diaria,2005-03-15 00:00,m/s,1.81781746031801,Preliminar
21206990,TIBAITATA - AUT [21206990],VEL VIENTO,Velocidad 10 minutal del viento media diaria,2005-03-16 00:00,m/s,1.91319444444514,Preliminar
21206990,TIBAITATA - AUT [21206990],VEL VIENTO,Velocidad 10 minutal del viento media diaria,2005-03-17 00:00,m/s,2.01840579710248,Preliminar
21206990,TIBAITATA - AUT [21206990],VEL VIENTO,Velocidad 10 minutal del viento media diaria,2005-03-18 00:00,m/s,1.88681818181927,Preliminar
21206990,TIBAITATA - AUT [21206990],VEL VIENTO,Velocidad 10 minutal del viento media diaria,2005-03-19 00:00,m/s,1.93125000000057,Preliminar
21206990,TIBAITATA - AUT [21206990],VEL VIENTO,Velocidad 10 minutal del viento media diaria,2005-03-20 00:00,m/s,1.94481884058072,Preliminar
21206990,TIBAITATA - AUT [21206990],VEL VIENTO,Velocidad 10 minutal del viento media diaria,2005-03-21 00:00,m/s,1.76195652173843,Preliminar
21206990,TIBAITATA - AUT [21206990],VEL VIENTO,Velocidad 10 minutal del viento media diaria,2005-03-22 00:00,m/s,2.81905303030481,Preliminar
21206990,TIBAITATA - AUT [21206990],VEL VIENTO,Velocidad 10 minutal del viento media diaria,2005-03-23 00:00,m/s,2.26739130434852,Preliminar
21206990,TIBAITATA - AUT [21206990],VEL VIENTO,Velocidad 10 minutal del viento media diaria,2005-03-24 00:00,m/s,1.88607638888973,Preliminar
21206990,TIBAITATA - AUT [21206990],VEL VIENTO,Velocidad 10 minutal del viento media diaria,2005-03-25 00:00,m/s,2.18142361111211,Preliminar
21206990,TIBAITATA - AUT [21206990],VEL VIENTO,Velocidad 10 minutal del viento media diaria,2005-03-26 00:00,m/s,2.29010416666667,Preliminar
21206990,TIBAITATA - AUT [21206990],VEL VIENTO,Velocidad 10 minutal del viento media diaria,2005-03-28 00:00,m/s,1.84347826087047,Preliminar
21206990,TIBAITATA - AUT [21206990],VEL VIENTO,Velocidad 10 minutal del viento media diaria,2005-03-29 00:00,m/s,2.15347222222316,Preliminar
21206990,TIBAITATA - AUT [21206990],VEL VIENTO,Velocidad 10 minutal del viento media diaria,2005-03-30 00:00,m/s,2.13437500000103,Preliminar
21206990,TIBAITATA - AUT [21206990],VEL VIENTO,Velocidad 10 minutal del viento media diaria,2005-03-31 00:00,m/s,1.91145833333387,Preliminar
21206990,TIBAITATA - AUT [21206990],VEL VIENTO,Velocidad 10 minutal del viento media diaria,2005-04-01 00:00,m/s,2.2276190476202,Preliminar
21206990,TIBAITATA - AUT [21206990],VEL VIENTO,Velocidad 10 minutal del viento media diaria,2005-04-02 00:00,m/s,2.21961805555616,Preliminar
21206990,TIBAITATA - AUT [21206990],VEL VIENTO,Velocidad 10 minutal del viento media diaria,2005-04-04 00:00,m/s,2.61323529411815,Preliminar
21206990,TIBAITATA - AUT [21206990],VEL VIENTO,Velocidad 10 minutal del viento media diaria,2005-04-05 00:00,m/s,2.23730158730277,Preliminar
21206990,TIBAITATA - AUT [21206990],VEL VIENTO,Velocidad 10 minutal del viento media diaria,2005-04-06 00:00,m/s,1.7234126984127,Preliminar
21206990,TIBAITATA - AUT [21206990],VEL VIENTO,Velocidad 10 minutal del viento media diaria,2005-04-07 00:00,m/s,1.94702898550781,Preliminar
21206990,TIBAITATA - AUT [21206990],VEL VIENTO,Velocidad 10 minutal del viento media diaria,2005-04-08 00:00,m/s,2.64045138889003,Preliminar
21206990,TIBAITATA - AUT [21206990],VEL VIENTO,Velocidad 10 minutal del viento media diaria,2005-04-09 00:00,m/s,2.14444444444507,Preliminar
21206990,TIBAITATA - AUT [21206990],VEL VIENTO,Velocidad 10 minutal del viento media diaria,2005-04-10 00:00,m/s,2.08680555555691,Preliminar
21206990,TIBAITATA - AUT [21206990],VEL VIENTO,Velocidad 10 minutal del viento media diaria,2005-04-11 00:00,m/s,1.83715277777866,Preliminar
21206990,TIBAITATA - AUT [21206990],VEL VIENTO,Velocidad 10 minutal del viento media diaria,2005-04-12 00:00,m/s,1.68368055555559,Preliminar
21206990,TIBAITATA - AUT [21206990],VEL VIENTO,Velocidad 10 minutal del viento media diaria,2005-04-13 00:00,m/s,2.9222222222243,Preliminar
21206990,TIBAITATA - AUT [21206990],VEL VIENTO,Velocidad 10 minutal del viento media diaria,2005-04-14 00:00,m/s,3.27881944444658,Preliminar
21206990,TIBAITATA - AUT [21206990],VEL VIENTO,Velocidad 10 minutal del viento media diaria,2005-04-15 00:00,m/s,2.49027777777926,Preliminar
21206990,TIBAITATA - AUT [21206990],VEL VIENTO,Velocidad 10 minutal del viento media diaria,2005-04-16 00:00,m/s,2.30104166666808,Preliminar
21206990,TIBAITATA - AUT [21206990],VEL VIENTO,Velocidad 10 minutal del viento media diaria,2005-04-17 00:00,m/s,1.8694444444455,Preliminar
21206990,TIBAITATA - AUT [21206990],VEL VIENTO,Velocidad 10 minutal del viento media diaria,2005-04-18 00:00,m/s,1.80297101449322,Preliminar
21206990,TIBAITATA - AUT [21206990],VEL VIENTO,Velocidad 10 minutal del viento media diaria,2005-04-19 00:00,m/s,2.23210144927663,Preliminar
21206990,TIBAITATA - AUT [21206990],VEL VIENTO,Velocidad 10 minutal del viento media diaria,2005-04-20 00:00,m/s,2.11829861111165,Preliminar
21206990,TIBAITATA - AUT [21206990],VEL VIENTO,Velocidad 10 minutal del viento media diaria,2005-04-21 00:00,m/s,1.74812500000072,Preliminar
21206990,TIBAITATA - AUT [21206990],VEL VIENTO,Velocidad 10 minutal del viento media diaria,2005-04-22 00:00,m/s,2.01888888888848,Preliminar
21206990,TIBAITATA - AUT [21206990],VEL VIENTO,Velocidad 10 minutal del viento media diaria,2005-04-23 00:00,m/s,1.79340277777842,Preliminar
21206990,TIBAITATA - AUT [21206990],VEL VIENTO,Velocidad 10 minutal del viento media diaria,2005-04-24 00:00,m/s,1.94184027777889,Preliminar
21206990,TIBAITATA - AUT [21206990],VEL VIENTO,Velocidad 10 minutal del viento media diaria,2005-04-25 00:00,m/s,1.58022727272711,Preliminar
21206990,TIBAITATA - AUT [21206990],VEL VIENTO,Velocidad 10 minutal del viento media diaria,2005-04-26 00:00,m/s,1.80851449275441,Preliminar
21206990,TIBAITATA - AUT [21206990],VEL VIENTO,Velocidad 10 minutal del viento media diaria,2005-04-27 00:00,m/s,1.94636363636413,Preliminar
21206990,TIBAITATA - AUT [21206990],VEL VIENTO,Velocidad 10 minutal del viento media diaria,2005-04-28 00:00,m/s,1.90978260869636,Preliminar
21206990,TIBAITATA - AUT [21206990],VEL VIENTO,Velocidad 10 minutal del viento media diaria,2005-04-29 00:00,m/s,1.98121212121313,Preliminar
21206990,TIBAITATA - AUT [21206990],VEL VIENTO,Velocidad 10 minutal del viento media diaria,2005-04-30 00:00,m/s,2.06757575757602,Preliminar
21206990,TIBAITATA - AUT [21206990],VEL VIENTO,Velocidad 10 minutal del viento media diaria,2005-05-01 00:00,m/s,2.00555555555632,Preliminar
21206990,TIBAITATA - AUT [21206990],VEL VIENTO,Velocidad 10 minutal del viento media diaria,2005-05-02 00:00,m/s,1.85119565217478,Preliminar
21206990,TIBAITATA - AUT [21206990],VEL VIENTO,Velocidad 10 minutal del viento media diaria,2005-05-03 00:00,m/s,2.04746376811715,Preliminar
21206990,TIBAITATA - AUT [21206990],VEL VIENTO,Velocidad 10 minutal del viento media diaria,2005-05-04 00:00,m/s,1.95485507246307,Preliminar
21206990,TIBAITATA - AUT [21206990],VEL VIENTO,Velocidad 10 minutal del viento media diaria,2005-05-05 00:00,m/s,2.04756944444462,Preliminar
21206990,TIBAITATA - AUT [21206990],VEL VIENTO,Velocidad 10 minutal del viento media diaria,2005-05-06 00:00,m/s,2.44583333333468,Preliminar
21206990,TIBAITATA - AUT [21206990],VEL VIENTO,Velocidad 10 minutal del viento media diaria,2005-05-07 00:00,m/s,2.34349206349327,Preliminar
21206990,TIBAITATA - AUT [21206990],VEL VIENTO,Velocidad 10 minutal del viento media diaria,2005-05-08 00:00,m/s,2.03928030302975,Preliminar
21206990,TIBAITATA - AUT [21206990],VEL VIENTO,Velocidad 10 minutal del viento media diaria,2005-05-09 00:00,m/s,2.01439393939447,Preliminar
21206990,TIBAITATA - AUT [21206990],VEL VIENTO,Velocidad 10 minutal del viento media diaria,2005-05-10 00:00,m/s,2.71770833333496,Preliminar
21206990,TIBAITATA - AUT [21206990],VEL VIENTO,Velocidad 10 minutal del viento media diaria,2005-05-11 00:00,m/s,3.16666666666872,Preliminar
21206990,TIBAITATA - AUT [21206990],VEL VIENTO,Velocidad 10 minutal del viento media diaria,2005-05-12 00:00,m/s,3.29479166666848,Preliminar
21206990,TIBAITATA - AUT [21206990],VEL VIENTO,Velocidad 10 minutal del viento media diaria,2005-05-13 00:00,m/s,2.17485507246507,Preliminar
21206990,TIBAITATA - AUT [21206990],VEL VIENTO,Velocidad 10 minutal del viento media diaria,2005-05-14 00:00,m/s,2.05763888889035,Preliminar
21206990,TIBAITATA - AUT [21206990],VEL VIENTO,Velocidad 10 minutal del viento media diaria,2005-05-15 00:00,m/s,1.72187500000086,Preliminar
21206990,TIBAITATA - AUT [21206990],VEL VIENTO,Velocidad 10 minutal del viento media diaria,2005-05-16 00:00,m/s,1.64722222222273,Preliminar
21206990,TIBAITATA - AUT [21206990],VEL VIENTO,Velocidad 10 minutal del viento media diaria,2005-05-17 00:00,m/s,1.58826086956569,Preliminar
21206990,TIBAITATA - AUT [21206990],VEL VIENTO,Velocidad 10 minutal del viento media diaria,2005-05-18 00:00,m/s,1.71741666666667,Preliminar
21206990,TIBAITATA - AUT [21206990],VEL VIENTO,Velocidad 10 minutal del viento media diaria,2005-05-19 00:00,m/s,1.6956944444448,Preliminar
21206990,TIBAITATA - AUT [21206990],VEL VIENTO,Velocidad 10 minutal del viento media diaria,2005-05-20 00:00,m/s,2.0221180555566,Preliminar
21206990,TIBAITATA - AUT [21206990],VEL VIENTO,Velocidad 10 minutal del viento media diaria,2005-05-21 00:00,m/s,2.11423611111128,Preliminar
21206990,TIBAITATA - AUT [21206990],VEL VIENTO,Velocidad 10 minutal del viento media diaria,2005-05-22 00:00,m/s,2.39047619047745,Preliminar
21206990,TIBAITATA - AUT [21206990],VEL VIENTO,Velocidad 10 minutal del viento media diaria,2005-05-23 00:00,m/s,1.5890625,Preliminar
21206990,TIBAITATA - AUT [21206990],VEL VIENTO,Velocidad 10 minutal del viento media diaria,2005-05-25 00:00,m/s,2.08287878787957,Preliminar
21206990,TIBAITATA - AUT [21206990],VEL VIENTO,Velocidad 10 minutal del viento media diaria,2005-05-26 00:00,m/s,2.25742424242505,Preliminar
21206990,TIBAITATA - AUT [21206990],VEL VIENTO,Velocidad 10 minutal del viento media diaria,2005-05-27 00:00,m/s,2.42812500000099,Preliminar
21206990,TIBAITATA - AUT [21206990],VEL VIENTO,Velocidad 10 minutal del viento media diaria,2005-05-28 00:00,m/s,2.15315217391318,Preliminar
21206990,TIBAITATA - AUT [21206990],VEL VIENTO,Velocidad 10 minutal del viento media diaria,2005-05-29 00:00,m/s,2.46805555555623,Preliminar
21206990,TIBAITATA - AUT [21206990],VEL VIENTO,Velocidad 10 minutal del viento media diaria,2005-05-30 00:00,m/s,2.11428571428571,Preliminar
21206990,TIBAITATA - AUT [21206990],VEL VIENTO,Velocidad 10 minutal del viento media diaria,2005-05-31 00:00,m/s,2.80347222222485,Preliminar
21206990,TIBAITATA - AUT [21206990],VEL VIENTO,Velocidad 10 minutal del viento media diaria,2005-06-01 00:00,m/s,2.05722222222326,Preliminar
21206990,TIBAITATA - AUT [21206990],VEL VIENTO,Velocidad 10 minutal del viento media diaria,2005-06-02 00:00,m/s,1.69630434782673,Preliminar
21206990,TIBAITATA - AUT [21206990],VEL VIENTO,Velocidad 10 minutal del viento media diaria,2005-06-03 00:00,m/s,2.31274305555665,Preliminar
21206990,TIBAITATA - AUT [21206990],VEL VIENTO,Velocidad 10 minutal del viento media diaria,2005-06-04 00:00,m/s,2.60885416666775,Preliminar
21206990,TIBAITATA - AUT [21206990],VEL VIENTO,Velocidad 10 minutal del viento media diaria,2005-06-05 00:00,m/s,2.47291666666845,Preliminar
21206990,TIBAITATA - AUT [21206990],VEL VIENTO,Velocidad 10 minutal del viento media diaria,2005-06-06 00:00,m/s,2.05173611111167,Preliminar
21206990,TIBAITATA - AUT [21206990],VEL VIENTO,Velocidad 10 minutal del viento media diaria,2005-06-07 00:00,m/s,2.03774305555686,Preliminar
21206990,TIBAITATA - AUT [21206990],VEL VIENTO,Velocidad 10 minutal del viento media diaria,2005-06-08 00:00,m/s,1.5460317460323,Preliminar
21206990,TIBAITATA - AUT [21206990],VEL VIENTO,Velocidad 10 minutal del viento media diaria,2005-06-09 00:00,m/s,2.2288194444459,Preliminar
21206990,TIBAITATA - AUT [21206990],VEL VIENTO,Velocidad 10 minutal del viento media diaria,2005-06-10 00:00,m/s,1.89722222222265,Preliminar
21206990,TIBAITATA - AUT [21206990],VEL VIENTO,Velocidad 10 minutal del viento media diaria,2005-06-11 00:00,m/s,1.71597222222292,Preliminar
21206990,TIBAITATA - AUT [21206990],VEL VIENTO,Velocidad 10 minutal del viento media diaria,2005-06-12 00:00,m/s,2.22881944444525,Preliminar
21206990,TIBAITATA - AUT [21206990],VEL VIENTO,Velocidad 10 minutal del viento media diaria,2005-06-13 00:00,m/s,2.88229166666771,Preliminar
21206990,TIBAITATA - AUT [21206990],VEL VIENTO,Velocidad 10 minutal del viento media diaria,2005-06-14 00:00,m/s,2.24201388888973,Preliminar
21206990,TIBAITATA - AUT [21206990],VEL VIENTO,Velocidad 10 minutal del viento media diaria,2005-06-15 00:00,m/s,2.47881944444572,Preliminar
21206990,TIBAITATA - AUT [21206990],VEL VIENTO,Velocidad 10 minutal del viento media diaria,2005-06-16 00:00,m/s,3.01527777778013,Preliminar
21206990,TIBAITATA - AUT [21206990],VEL VIENTO,Velocidad 10 minutal del viento media diaria,2005-06-17 00:00,m/s,2.61736111111295,Preliminar
21206990,TIBAITATA - AUT [21206990],VEL VIENTO,Velocidad 10 minutal del viento media diaria,2005-06-18 00:00,m/s,2.33194444444534,Preliminar
21206990,TIBAITATA - AUT [21206990],VEL VIENTO,Velocidad 10 minutal del viento media diaria,2005-06-19 00:00,m/s,2.09722222222212,Preliminar
21206990,TIBAITATA - AUT [21206990],VEL VIENTO,Velocidad 10 minutal del viento media diaria,2005-06-20 00:00,m/s,1.96388888888918,Preliminar
21206990,TIBAITATA - AUT [21206990],VEL VIENTO,Velocidad 10 minutal del viento media diaria,2005-06-21 00:00,m/s,2.88854166666844,Preliminar
21206990,TIBAITATA - AUT [21206990],VEL VIENTO,Velocidad 10 minutal del viento media diaria,2005-06-22 00:00,m/s,2.63159722222326,Preliminar
21206990,TIBAITATA - AUT [21206990],VEL VIENTO,Velocidad 10 minutal del viento media diaria,2005-06-23 00:00,m/s,2.54027777777843,Preliminar
21206990,TIBAITATA - AUT [21206990],VEL VIENTO,Velocidad 10 minutal del viento media diaria,2005-06-26 00:00,m/s,1.53125000000015,Preliminar
21206990,TIBAITATA - AUT [21206990],VEL VIENTO,Velocidad 10 minutal del viento media diaria,2005-06-27 00:00,m/s,2.02604166666749,Preliminar
21206990,TIBAITATA - AUT [21206990],VEL VIENTO,Velocidad 10 minutal del viento media diaria,2005-06-28 00:00,m/s,2.26284722222226,Preliminar
21206990,TIBAITATA - AUT [21206990],VEL VIENTO,Velocidad 10 minutal del viento media diaria,2005-06-29 00:00,m/s,2.42881944444574,Preliminar
21206990,TIBAITATA - AUT [21206990],VEL VIENTO,Velocidad 10 minutal del viento media diaria,2005-07-04 00:00,m/s,2.16979166666899,Preliminar
21206990,TIBAITATA - AUT [21206990],VEL VIENTO,Velocidad 10 minutal del viento media diaria,2005-07-05 00:00,m/s,2.02777777777856,Preliminar
21206990,TIBAITATA - AUT [21206990],VEL VIENTO,Velocidad 10 minutal del viento media diaria,2005-07-06 00:00,m/s,2.80611111111295,Preliminar
21206990,TIBAITATA - AUT [21206990],VEL VIENTO,Velocidad 10 minutal del viento media diaria,2005-07-07 00:00,m/s,2.9239583333344,Preliminar
21206990,TIBAITATA - AUT [21206990],VEL VIENTO,Velocidad 10 minutal del viento media diaria,2005-07-08 00:00,m/s,2.03923611111237,Preliminar
21206990,TIBAITATA - AUT [21206990],VEL VIENTO,Velocidad 10 minutal del viento media diaria,2005-07-09 00:00,m/s,2.69444444444542,Preliminar
21206990,TIBAITATA - AUT [21206990],VEL VIENTO,Velocidad 10 minutal del viento media diaria,2005-07-10 00:00,m/s,3.15138888889086,Preliminar
21206990,TIBAITATA - AUT [21206990],VEL VIENTO,Velocidad 10 minutal del viento media diaria,2005-07-11 00:00,m/s,2.92118055555723,Preliminar
21206990,TIBAITATA - AUT [21206990],VEL VIENTO,Velocidad 10 minutal del viento media diaria,2005-07-12 00:00,m/s,1.97777777777877,Preliminar
21206990,TIBAITATA - AUT [21206990],VEL VIENTO,Velocidad 10 minutal del viento media diaria,2005-07-13 00:00,m/s,1.7704861111118,Preliminar
21206990,TIBAITATA - AUT [21206990],VEL VIENTO,Velocidad 10 minutal del viento media diaria,2005-07-14 00:00,m/s,1.72951388888981,Preliminar
21206990,TIBAITATA - AUT [21206990],VEL VIENTO,Velocidad 10 minutal del viento media diaria,2005-07-15 00:00,m/s,1.6711805555559,Preliminar
21206990,TIBAITATA - AUT [21206990],VEL VIENTO,Velocidad 10 minutal del viento media diaria,2005-07-16 00:00,m/s,2.1857638888901,Preliminar
21206990,TIBAITATA - AUT [21206990],VEL VIENTO,Velocidad 10 minutal del viento media diaria,2005-07-17 00:00,m/s,2.02920634920748,Preliminar
21206990,TIBAITATA - AUT [21206990],VEL VIENTO,Velocidad 10 minutal del viento media diaria,2005-07-18 00:00,m/s,3.0000000000006,Preliminar
21206990,TIBAITATA - AUT [21206990],VEL VIENTO,Velocidad 10 minutal del viento media diaria,2005-07-19 00:00,m/s,1.86319444444539,Preliminar
21206990,TIBAITATA - AUT [21206990],VEL VIENTO,Velocidad 10 minutal del viento media diaria,2005-07-20 00:00,m/s,2.98750000000112,Preliminar
21206990,TIBAITATA - AUT [21206990],VEL VIENTO,Velocidad 10 minutal del viento media diaria,2005-07-21 00:00,m/s,2.10590277777886,Preliminar
21206990,TIBAITATA - AUT [21206990],VEL VIENTO,Velocidad 10 minutal del viento media diaria,2005-07-22 00:00,m/s,2.37231884058084,Preliminar
21206990,TIBAITATA - AUT [21206990],VEL VIENTO,Velocidad 10 minutal del viento media diaria,2005-07-23 00:00,m/s,2.62130434782744,Preliminar
21206990,TIBAITATA - AUT [21206990],VEL VIENTO,Velocidad 10 minutal del viento media diaria,2005-07-24 00:00,m/s,2.28576388888954,Preliminar
21206990,TIBAITATA - AUT [21206990],VEL VIENTO,Velocidad 10 minutal del viento media diaria,2005-07-25 00:00,m/s,2.81180555555704,Preliminar
21206990,TIBAITATA - AUT [21206990],VEL VIENTO,Velocidad 10 minutal del viento media diaria,2005-07-26 00:00,m/s,3.0666666666679,Preliminar
21206990,TIBAITATA - AUT [21206990],VEL VIENTO,Velocidad 10 minutal del viento media diaria,2005-07-27 00:00,m/s,3.57534722222478,Preliminar
21206990,TIBAITATA - AUT [21206990],VEL VIENTO,Velocidad 10 minutal del viento media diaria,2005-07-28 00:00,m/s,3.11319444444569,Preliminar
21206990,TIBAITATA - AUT [21206990],VEL VIENTO,Velocidad 10 minutal del viento media diaria,2005-07-29 00:00,m/s,3.22812500000047,Preliminar
21206990,TIBAITATA - AUT [21206990],VEL VIENTO,Velocidad 10 minutal del viento media diaria,2005-07-30 00:00,m/s,3.12297101449404,Preliminar
21206990,TIBAITATA - AUT [21206990],VEL VIENTO,Velocidad 10 minutal del viento media diaria,2005-07-31 00:00,m/s,2.58231481481482,Preliminar
21206990,TIBAITATA - AUT [21206990],VEL VIENTO,Velocidad 10 minutal del viento media diaria,2005-08-02 00:00,m/s,2.56423611111282,Preliminar
21206990,TIBAITATA - AUT [21206990],VEL VIENTO,Velocidad 10 minutal del viento media diaria,2005-08-03 00:00,m/s,2.84826388888992,Preliminar
21206990,TIBAITATA - AUT [21206990],VEL VIENTO,Velocidad 10 minutal del viento media diaria,2005-08-04 00:00,m/s,3.02361111111267,Preliminar
21206990,TIBAITATA - AUT [21206990],VEL VIENTO,Velocidad 10 minutal del viento media diaria,2005-08-05 00:00,m/s,2.72916666666871,Preliminar
21206990,TIBAITATA - AUT [21206990],VEL VIENTO,Velocidad 10 minutal del viento media diaria,2005-08-08 00:00,m/s,3.03333333333492,Preliminar
21206990,TIBAITATA - AUT [21206990],VEL VIENTO,Velocidad 10 minutal del viento media diaria,2005-08-09 00:00,m/s,3.25362318840829,Preliminar
21206990,TIBAITATA - AUT [21206990],VEL VIENTO,Velocidad 10 minutal del viento media diaria,2005-08-10 00:00,m/s,2.55865079365193,Preliminar
21206990,TIBAITATA - AUT [21206990],VEL VIENTO,Velocidad 10 minutal del viento media diaria,2005-08-11 00:00,m/s,3.16119565217651,Preliminar
21206990,TIBAITATA - AUT [21206990],VEL VIENTO,Velocidad 10 minutal del viento media diaria,2005-08-12 00:00,m/s,2.34062500000088,Preliminar
21206990,TIBAITATA - AUT [21206990],VEL VIENTO,Velocidad 10 minutal del viento media diaria,2005-08-13 00:00,m/s,1.85236842105263,Preliminar
21206990,TIBAITATA - AUT [21206990],VEL VIENTO,Velocidad 10 minutal del viento media diaria,2005-08-14 00:00,m/s,1.70990196078487,Preliminar
21206990,TIBAITATA - AUT [21206990],VEL VIENTO,Velocidad 10 minutal del viento media diaria,2005-08-15 00:00,m/s,2.4520833333352,Preliminar
21206990,TIBAITATA - AUT [21206990],VEL VIENTO,Velocidad 10 minutal del viento media diaria,2005-08-16 00:00,m/s,2.41840277777937,Preliminar
21206990,TIBAITATA - AUT [21206990],VEL VIENTO,Velocidad 10 minutal del viento media diaria,2005-08-17 00:00,m/s,2.57725490196078,Preliminar
21206990,TIBAITATA - AUT [21206990],VEL VIENTO,Velocidad 10 minutal del viento media diaria,2005-08-19 00:00,m/s,3.16775362319012,Preliminar
21206990,TIBAITATA - AUT [21206990],VEL VIENTO,Velocidad 10 minutal del viento media diaria,2005-08-20 00:00,m/s,3.44548611111352,Preliminar
21206990,TIBAITATA - AUT [21206990],VEL VIENTO,Velocidad 10 minutal del viento media diaria,2005-08-21 00:00,m/s,2.49381944444596,Preliminar
21206990,TIBAITATA - AUT [21206990],VEL VIENTO,Velocidad 10 minutal del viento media diaria,2005-08-22 00:00,m/s,1.57579710144928,Preliminar
21206990,TIBAITATA - AUT [21206990],VEL VIENTO,Velocidad 10 minutal del viento media diaria,2005-08-23 00:00,m/s,1.72695652173987,Preliminar
21206990,TIBAITATA - AUT [21206990],VEL VIENTO,Velocidad 10 minutal del viento media diaria,2005-08-24 00:00,m/s,2.59062500000126,Preliminar
21206990,TIBAITATA - AUT [21206990],VEL VIENTO,Velocidad 10 minutal del viento media diaria,2005-08-25 00:00,m/s,2.5423611111128,Preliminar
21206990,TIBAITATA - AUT [21206990],VEL VIENTO,Velocidad 10 minutal del viento media diaria,2005-08-26 00:00,m/s,1.87604166666778,Preliminar
21206990,TIBAITATA - AUT [21206990],VEL VIENTO,Velocidad 10 minutal del viento media diaria,2005-08-27 00:00,m/s,1.75763888888949,Preliminar
21206990,TIBAITATA - AUT [21206990],VEL VIENTO,Velocidad 10 minutal del viento media diaria,2005-08-28 00:00,m/s,2.0295138888888,Preliminar
21206990,TIBAITATA - AUT [21206990],VEL VIENTO,Velocidad 10 minutal del viento media diaria,2005-08-29 00:00,m/s,1.6840277777785,Preliminar
21206990,TIBAITATA - AUT [21206990],VEL VIENTO,Velocidad 10 minutal del viento media diaria,2005-08-30 00:00,m/s,2.05,Preliminar
21206990,TIBAITATA - AUT [21206990],VEL VIENTO,Velocidad 10 minutal del viento media diaria,2005-08-31 00:00,m/s,2.2284722222232,Preliminar
21206990,TIBAITATA - AUT [21206990],VEL VIENTO,Velocidad 10 minutal del viento media diaria,2005-09-01 00:00,m/s,2.02420289855172,Preliminar
21206990,TIBAITATA - AUT [21206990],VEL VIENTO,Velocidad 10 minutal del viento media diaria,2005-09-02 00:00,m/s,2.80277777777964,Preliminar
21206990,TIBAITATA - AUT [21206990],VEL VIENTO,Velocidad 10 minutal del viento media diaria,2005-09-03 00:00,m/s,1.81701388888979,Preliminar
21206990,TIBAITATA - AUT [21206990],VEL VIENTO,Velocidad 10 minutal del viento media diaria,2005-09-04 00:00,m/s,1.91944444444418,Preliminar
21206990,TIBAITATA - AUT [21206990],VEL VIENTO,Velocidad 10 minutal del viento media diaria,2005-09-05 00:00,m/s,2.34079365079365,Preliminar
21206990,TIBAITATA - AUT [21206990],VEL VIENTO,Velocidad 10 minutal del viento media diaria,2005-09-06 00:00,m/s,2.45065789473684,Preliminar
21206990,TIBAITATA - AUT [21206990],VEL VIENTO,Velocidad 10 minutal del viento media diaria,2005-09-07 00:00,m/s,3.14351851852176,Preliminar
21206990,TIBAITATA - AUT [21206990],VEL VIENTO,Velocidad 10 minutal del viento media diaria,2005-09-08 00:00,m/s,2.64583333333443,Preliminar
21206990,TIBAITATA - AUT [21206990],VEL VIENTO,Velocidad 10 minutal del viento media diaria,2005-09-09 00:00,m/s,2.67974637681306,Preliminar
21206990,TIBAITATA - AUT [21206990],VEL VIENTO,Velocidad 10 minutal del viento media diaria,2005-09-10 00:00,m/s,2.68159722222378,Preliminar
21206990,TIBAITATA - AUT [21206990],VEL VIENTO,Velocidad 10 minutal del viento media diaria,2005-09-11 00:00,m/s,2.30243055555696,Preliminar
21206990,TIBAITATA - AUT [21206990],VEL VIENTO,Velocidad 10 minutal del viento media diaria,2005-09-12 00:00,m/s,3.00833333333518,Preliminar
21206990,TIBAITATA - AUT [21206990],VEL VIENTO,Velocidad 10 minutal del viento media diaria,2005-09-13 00:00,m/s,1.94698412698486,Preliminar
21206990,TIBAITATA - AUT [21206990],VEL VIENTO,Velocidad 10 minutal del viento media diaria,2005-09-14 00:00,m/s,2.30681159420383,Preliminar
21206990,TIBAITATA - AUT [21206990],VEL VIENTO,Velocidad 10 minutal del viento media diaria,2005-09-15 00:00,m/s,2.754259259259,Preliminar
21206990,TIBAITATA - AUT [21206990],VEL VIENTO,Velocidad 10 minutal del viento media diaria,2005-09-16 00:00,m/s,3.43477272727574,Preliminar
21206990,TIBAITATA - AUT [21206990],VEL VIENTO,Velocidad 10 minutal del viento media diaria,2005-09-17 00:00,m/s,2.5797619047632,Preliminar
21206990,TIBAITATA - AUT [21206990],VEL VIENTO,Velocidad 10 minutal del viento media diaria,2005-09-18 00:00,m/s,3.01875000000231,Preliminar
21206990,TIBAITATA - AUT [21206990],VEL VIENTO,Velocidad 10 minutal del viento media diaria,2005-09-19 00:00,m/s,2.62579710145094,Preliminar
21206990,TIBAITATA - AUT [21206990],VEL VIENTO,Velocidad 10 minutal del viento media diaria,2005-09-20 00:00,m/s,2.53673913043677,Preliminar
21206990,TIBAITATA - AUT [21206990],VEL VIENTO,Velocidad 10 minutal del viento media diaria,2005-09-21 00:00,m/s,1.77528985507257,Preliminar
21206990,TIBAITATA - AUT [21206990],VEL VIENTO,Velocidad 10 minutal del viento media diaria,2005-09-22 00:00,m/s,1.85657894736995,Preliminar
21206990,TIBAITATA - AUT [21206990],VEL VIENTO,Velocidad 10 minutal del viento media diaria,2005-09-23 00:00,m/s,1.68787878787945,Preliminar
21206990,TIBAITATA - AUT [21206990],VEL VIENTO,Velocidad 10 minutal del viento media diaria,2005-09-24 00:00,m/s,1.63869565217467,Preliminar
21206990,TIBAITATA - AUT [21206990],VEL VIENTO,Velocidad 10 minutal del viento media diaria,2005-09-25 00:00,m/s,2.01388888888974,Preliminar
21206990,TIBAITATA - AUT [21206990],VEL VIENTO,Velocidad 10 minutal del viento media diaria,2005-09-26 00:00,m/s,2.08958333333478,Preliminar
21206990,TIBAITATA - AUT [21206990],VEL VIENTO,Velocidad 10 minutal del viento media diaria,2005-09-27 00:00,m/s,1.76909090909182,Preliminar
21206990,TIBAITATA - AUT [21206990],VEL VIENTO,Velocidad 10 minutal del viento media diaria,2005-09-28 00:00,m/s,1.65063492063612,Preliminar
21206990,TIBAITATA - AUT [21206990],VEL VIENTO,Velocidad 10 minutal del viento media diaria,2005-09-29 00:00,m/s,1.73857843137328,Preliminar
21206990,TIBAITATA - AUT [21206990],VEL VIENTO,Velocidad 10 minutal del viento media diaria,2005-09-30 00:00,m/s,2.09046296296461,Preliminar
21206990,TIBAITATA - AUT [21206990],VEL VIENTO,Velocidad 10 minutal del viento media diaria,2005-10-01 00:00,m/s,1.96423611111232,Preliminar
21206990,TIBAITATA - AUT [21206990],VEL VIENTO,Velocidad 10 minutal del viento media diaria,2005-10-02 00:00,m/s,2.18015873016014,Preliminar
21206990,TIBAITATA - AUT [21206990],VEL VIENTO,Velocidad 10 minutal del viento media diaria,2005-10-03 00:00,m/s,1.7985714285718,Preliminar
21206990,TIBAITATA - AUT [21206990],VEL VIENTO,Velocidad 10 minutal del viento media diaria,2005-10-04 00:00,m/s,1.99863636363731,Preliminar
21206990,TIBAITATA - AUT [21206990],VEL VIENTO,Velocidad 10 minutal del viento media diaria,2005-10-05 00:00,m/s,1.75833333333328,Preliminar
21206990,TIBAITATA - AUT [21206990],VEL VIENTO,Velocidad 10 minutal del viento media diaria,2005-10-06 00:00,m/s,2.13007575757576,Preliminar
21206990,TIBAITATA - AUT [21206990],VEL VIENTO,Velocidad 10 minutal del viento media diaria,2005-10-07 00:00,m/s,2.25787037037193,Preliminar
21206990,TIBAITATA - AUT [21206990],VEL VIENTO,Velocidad 10 minutal del viento media diaria,2005-10-08 00:00,m/s,2.23307291666765,Preliminar
21206990,TIBAITATA - AUT [21206990],VEL VIENTO,Velocidad 10 minutal del viento media diaria,2005-10-09 00:00,m/s,1.71403985507345,Preliminar
21206990,TIBAITATA - AUT [21206990],VEL VIENTO,Velocidad 10 minutal del viento media diaria,2005-10-10 00:00,m/s,1.73695652173911,Preliminar
21206990,TIBAITATA - AUT [21206990],VEL VIENTO,Velocidad 10 minutal del viento media diaria,2005-10-11 00:00,m/s,1.96420454545558,Preliminar
21206990,TIBAITATA - AUT [21206990],VEL VIENTO,Velocidad 10 minutal del viento media diaria,2005-10-12 00:00,m/s,2.13844202898656,Preliminar
21206990,TIBAITATA - AUT [21206990],VEL VIENTO,Velocidad 10 minutal del viento media diaria,2005-10-13 00:00,m/s,2.09265873015961,Preliminar
21206990,TIBAITATA - AUT [21206990],VEL VIENTO,Velocidad 10 minutal del viento media diaria,2005-10-14 00:00,m/s,1.90283333333458,Preliminar
21206990,TIBAITATA - AUT [21206990],VEL VIENTO,Velocidad 10 minutal del viento media diaria,2005-10-15 00:00,m/s,1.6886363636372,Preliminar
21206990,TIBAITATA - AUT [21206990],VEL VIENTO,Velocidad 10 minutal del viento media diaria,2005-10-16 00:00,m/s,1.68710144927502,Preliminar
21206990,TIBAITATA - AUT [21206990],VEL VIENTO,Velocidad 10 minutal del viento media diaria,2005-10-17 00:00,m/s,1.74687500000018,Preliminar
21206990,TIBAITATA - AUT [21206990],VEL VIENTO,Velocidad 10 minutal del viento media diaria,2005-10-18 00:00,m/s,2.02006944444489,Preliminar
21206990,TIBAITATA - AUT [21206990],VEL VIENTO,Velocidad 10 minutal del viento media diaria,2005-10-20 00:00,m/s,2.31093750000171,Preliminar
21206990,TIBAITATA - AUT [21206990],VEL VIENTO,Velocidad 10 minutal del viento media diaria,2005-10-21 00:00,m/s,1.7433712121213,Preliminar
21206990,TIBAITATA - AUT [21206990],VEL VIENTO,Velocidad 10 minutal del viento media diaria,2005-10-22 00:00,m/s,1.78121212121316,Preliminar
21206990,TIBAITATA - AUT [21206990],VEL VIENTO,Velocidad 10 minutal del viento media diaria,2005-10-23 00:00,m/s,1.96757575757576,Preliminar
21206990,TIBAITATA - AUT [21206990],VEL VIENTO,Velocidad 10 minutal del viento media diaria,2005-10-24 00:00,m/s,1.77927536231991,Preliminar
21206990,TIBAITATA - AUT [21206990],VEL VIENTO,Velocidad 10 minutal del viento media diaria,2005-10-25 00:00,m/s,1.62208333333431,Preliminar
21206990,TIBAITATA - AUT [21206990],VEL VIENTO,Velocidad 10 minutal del viento media diaria,2005-10-26 00:00,m/s,1.92336956521794,Preliminar
21206990,TIBAITATA - AUT [21206990],VEL VIENTO,Velocidad 10 minutal del viento media diaria,2005-10-27 00:00,m/s,2.03850000000136,Preliminar
21206990,TIBAITATA - AUT [21206990],VEL VIENTO,Velocidad 10 minutal del viento media diaria,2005-10-28 00:00,m/s,1.92378472222324,Preliminar
21206990,TIBAITATA - AUT [21206990],VEL VIENTO,Velocidad 10 minutal del viento media diaria,2005-10-29 00:00,m/s,1.65434027777844,Preliminar
21206990,TIBAITATA - AUT [21206990],VEL VIENTO,Velocidad 10 minutal del viento media diaria,2005-10-30 00:00,m/s,1.68559027777862,Preliminar
21206990,TIBAITATA - AUT [21206990],VEL VIENTO,Velocidad 10 minutal del viento media diaria,2005-10-31 00:00,m/s,1.86652173913151,Preliminar
21206990,TIBAITATA - AUT [21206990],VEL VIENTO,Velocidad 10 minutal del viento media diaria,2005-11-01 00:00,m/s,1.98855263157895,Preliminar
21206990,TIBAITATA - AUT [21206990],VEL VIENTO,Velocidad 10 minutal del viento media diaria,2005-11-03 00:00,m/s,1.82507246376887,Preliminar
21206990,TIBAITATA - AUT [21206990],VEL VIENTO,Velocidad 10 minutal del viento media diaria,2005-11-04 00:00,m/s,1.92770833333425,Preliminar
21206990,TIBAITATA - AUT [21206990],VEL VIENTO,Velocidad 10 minutal del viento media diaria,2005-11-05 00:00,m/s,1.59583333333399,Preliminar
21206990,TIBAITATA - AUT [21206990],VEL VIENTO,Velocidad 10 minutal del viento media diaria,2005-11-06 00:00,m/s,1.73159722222266,Preliminar
21206990,TIBAITATA - AUT [21206990],VEL VIENTO,Velocidad 10 minutal del viento media diaria,2005-11-07 00:00,m/s,1.73555555555638,Preliminar
21206990,TIBAITATA - AUT [21206990],VEL VIENTO,Velocidad 10 minutal del viento media diaria,2005-11-08 00:00,m/s,1.65086805555626,Preliminar
21206990,TIBAITATA - AUT [21206990],VEL VIENTO,Velocidad 10 minutal del viento media diaria,2005-11-09 00:00,m/s,1.68888888888841,Preliminar
21206990,TIBAITATA - AUT [21206990],VEL VIENTO,Velocidad 10 minutal del viento media diaria,2005-11-10 00:00,m/s,1.7340277777787,Preliminar
21206990,TIBAITATA - AUT [21206990],VEL VIENTO,Velocidad 10 minutal del viento media diaria,2005-11-11 00:00,m/s,1.41358333333407,Preliminar
21206990,TIBAITATA - AUT [21206990],VEL VIENTO,Velocidad 10 minutal del viento media diaria,2005-11-12 00:00,m/s,1.76477272727288,Preliminar
21206990,TIBAITATA - AUT [21206990],VEL VIENTO,Velocidad 10 minutal del viento media diaria,2005-11-13 00:00,m/s,1.69386363636448,Preliminar
21206990,TIBAITATA - AUT [21206990],VEL VIENTO,Velocidad 10 minutal del viento media diaria,2005-11-14 00:00,m/s,1.69881944444533,Preliminar
21206990,TIBAITATA - AUT [21206990],VEL VIENTO,Velocidad 10 minutal del viento media diaria,2005-11-15 00:00,m/s,1.6222222222229,Preliminar
21206990,TIBAITATA - AUT [21206990],VEL VIENTO,Velocidad 10 minutal del viento media diaria,2005-11-16 00:00,m/s,1.61979166666727,Preliminar
21206990,TIBAITATA - AUT [21206990],VEL VIENTO,Velocidad 10 minutal del viento media diaria,2005-11-17 00:00,m/s,2.1861111111123,Preliminar
21206990,TIBAITATA - AUT [21206990],VEL VIENTO,Velocidad 10 minutal del viento media diaria,2005-11-18 00:00,m/s,2.85295138889081,Preliminar
21206990,TIBAITATA - AUT [21206990],VEL VIENTO,Velocidad 10 minutal del viento media diaria,2005-11-19 00:00,m/s,2.45347222222379,Preliminar
21206990,TIBAITATA - AUT [21206990],VEL VIENTO,Velocidad 10 minutal del viento media diaria,2005-11-20 00:00,m/s,1.80243055555649,Preliminar
21206990,TIBAITATA - AUT [21206990],VEL VIENTO,Velocidad 10 minutal del viento media diaria,2005-11-21 00:00,m/s,1.83125000000066,Preliminar
21206990,TIBAITATA - AUT [21206990],VEL VIENTO,Velocidad 10 minutal del viento media diaria,2005-11-22 00:00,m/s,1.65590277777846,Preliminar
21206990,TIBAITATA - AUT [21206990],VEL VIENTO,Velocidad 10 minutal del viento media diaria,2005-11-23 00:00,m/s,1.76282608695738,Preliminar
21206990,TIBAITATA - AUT [21206990],VEL VIENTO,Velocidad 10 minutal del viento media diaria,2005-11-24 00:00,m/s,1.86976190476325,Preliminar
21206990,TIBAITATA - AUT [21206990],VEL VIENTO,Velocidad 10 minutal del viento media diaria,2005-11-25 00:00,m/s,2.04913194444547,Preliminar
21206990,TIBAITATA - AUT [21206990],VEL VIENTO,Velocidad 10 minutal del viento media diaria,2005-11-26 00:00,m/s,1.85724637681266,Preliminar
21206990,TIBAITATA - AUT [21206990],VEL VIENTO,Velocidad 10 minutal del viento media diaria,2005-11-27 00:00,m/s,1.783224637682,Preliminar
21206990,TIBAITATA - AUT [21206990],VEL VIENTO,Velocidad 10 minutal del viento media diaria,2005-11-28 00:00,m/s,1.80312500000111,Preliminar
21206990,TIBAITATA - AUT [21206990],VEL VIENTO,Velocidad 10 minutal del viento media diaria,2005-11-29 00:00,m/s,1.740625000001,Preliminar
21206990,TIBAITATA - AUT [21206990],VEL VIENTO,Velocidad 10 minutal del viento media diaria,2005-11-30 00:00,m/s,1.8528985507258,Preliminar
21206990,TIBAITATA - AUT [21206990],VEL VIENTO,Velocidad 10 minutal del viento media diaria,2005-12-01 00:00,m/s,1.80486111111195,Preliminar
21206990,TIBAITATA - AUT [21206990],VEL VIENTO,Velocidad 10 minutal del viento media diaria,2005-12-02 00:00,m/s,1.71465277777873,Preliminar
21206990,TIBAITATA - AUT [21206990],VEL VIENTO,Velocidad 10 minutal del viento media diaria,2005-12-03 00:00,m/s,1.50000000000058,Preliminar
21206990,TIBAITATA - AUT [21206990],VEL VIENTO,Velocidad 10 minutal del viento media diaria,2005-12-04 00:00,m/s,1.74116666666667,Preliminar
21206990,TIBAITATA - AUT [21206990],VEL VIENTO,Velocidad 10 minutal del viento media diaria,2005-12-05 00:00,m/s,2.03425925926088,Preliminar
21206990,TIBAITATA - AUT [21206990],VEL VIENTO,Velocidad 10 minutal del viento media diaria,2005-12-06 00:00,m/s,2.30659722222393,Preliminar
21206990,TIBAITATA - AUT [21206990],VEL VIENTO,Velocidad 10 minutal del viento media diaria,2005-12-07 00:00,m/s,1.58125000000069,Preliminar
21206990,TIBAITATA - AUT [21206990],VEL VIENTO,Velocidad 10 minutal del viento media diaria,2005-12-08 00:00,m/s,1.70869565217469,Preliminar
21206990,TIBAITATA - AUT [21206990],VEL VIENTO,Velocidad 10 minutal del viento media diaria,2005-12-09 00:00,m/s,1.73805555555679,Preliminar
21206990,TIBAITATA - AUT [21206990],VEL VIENTO,Velocidad 10 minutal del viento media diaria,2005-12-10 00:00,m/s,1.66895833333389,Preliminar
21206990,TIBAITATA - AUT [21206990],VEL VIENTO,Velocidad 10 minutal del viento media diaria,2005-12-11 00:00,m/s,1.61666666666713,Preliminar
21206990,TIBAITATA - AUT [21206990],VEL VIENTO,Velocidad 10 minutal del viento media diaria,2005-12-12 00:00,m/s,1.57130434782659,Preliminar
21206990,TIBAITATA - AUT [21206990],VEL VIENTO,Velocidad 10 minutal del viento media diaria,2005-12-13 00:00,m/s,1.69586956521841,Preliminar
21206990,TIBAITATA - AUT [21206990],VEL VIENTO,Velocidad 10 minutal del viento media diaria,2005-12-14 00:00,m/s,1.86076388889,Preliminar
21206990,TIBAITATA - AUT [21206990],VEL VIENTO,Velocidad 10 minutal del viento media diaria,2005-12-15 00:00,m/s,1.80555555555646,Preliminar
21206990,TIBAITATA - AUT [21206990],VEL VIENTO,Velocidad 10 minutal del viento media diaria,2005-12-16 00:00,m/s,1.90908333333447,Preliminar
21206990,TIBAITATA - AUT [21206990],VEL VIENTO,Velocidad 10 minutal del viento media diaria,2005-12-17 00:00,m/s,1.77006944444517,Preliminar
21206990,TIBAITATA - AUT [21206990],VEL VIENTO,Velocidad 10 minutal del viento media diaria,2005-12-18 00:00,m/s,1.74687500000046,Preliminar
21206990,TIBAITATA - AUT [21206990],VEL VIENTO,Velocidad 10 minutal del viento media diaria,2005-12-19 00:00,m/s,1.73413043478337,Preliminar
21206990,TIBAITATA - AUT [21206990],VEL VIENTO,Velocidad 10 minutal del viento media diaria,2005-12-20 00:00,m/s,1.80516666666667,Preliminar
21206990,TIBAITATA - AUT [21206990],VEL VIENTO,Velocidad 10 minutal del viento media diaria,2005-12-21 00:00,m/s,1.7847222222233,Preliminar
21206990,TIBAITATA - AUT [21206990],VEL VIENTO,Velocidad 10 minutal del viento media diaria,2005-12-22 00:00,m/s,1.45381944444499,Preliminar
21206990,TIBAITATA - AUT [21206990],VEL VIENTO,Velocidad 10 minutal del viento media diaria,2005-12-23 00:00,m/s,1.6667028985516,Preliminar
21206990,TIBAITATA - AUT [21206990],VEL VIENTO,Velocidad 10 minutal del viento media diaria,2005-12-24 00:00,m/s,1.51268115942126,Preliminar
21206990,TIBAITATA - AUT [21206990],VEL VIENTO,Velocidad 10 minutal del viento media diaria,2005-12-25 00:00,m/s,1.66562500000074,Preliminar
21206990,TIBAITATA - AUT [21206990],VEL VIENTO,Velocidad 10 minutal del viento media diaria,2005-12-26 00:00,m/s,2.02708333333443,Preliminar
21206990,TIBAITATA - AUT [21206990],VEL VIENTO,Velocidad 10 minutal del viento media diaria,2005-12-27 00:00,m/s,1.83849206349353,Preliminar
21206990,TIBAITATA - AUT [21206990],VEL VIENTO,Velocidad 10 minutal del viento media diaria,2005-12-28 00:00,m/s,1.74836805555643,Preliminar
21206990,TIBAITATA - AUT [21206990],VEL VIENTO,Velocidad 10 minutal del viento media diaria,2005-12-29 00:00,m/s,2.04097222222269,Preliminar
21206990,TIBAITATA - AUT [21206990],VEL VIENTO,Velocidad 10 minutal del viento media diaria,2005-12-30 00:00,m/s,1.82534722222321,Preliminar
21206990,TIBAITATA - AUT [21206990],VEL VIENTO,Velocidad 10 minutal del viento media diaria,2005-12-31 00:00,m/s,1.81840277777876,Preliminar
21206990,TIBAITATA - AUT [21206990],VEL VIENTO,Velocidad 10 minutal del viento media diaria,2006-01-01 00:00,m/s,1.86368055555661,Preliminar
21206990,TIBAITATA - AUT [21206990],VEL VIENTO,Velocidad 10 minutal del viento media diaria,2006-01-02 00:00,m/s,1.93517361111182,Preliminar
21206990,TIBAITATA - AUT [21206990],VEL VIENTO,Velocidad 10 minutal del viento media diaria,2006-01-03 00:00,m/s,1.93115942029036,Preliminar
21206990,TIBAITATA - AUT [21206990],VEL VIENTO,Velocidad 10 minutal del viento media diaria,2006-01-04 00:00,m/s,2.39444444444574,Preliminar
21206990,TIBAITATA - AUT [21206990],VEL VIENTO,Velocidad 10 minutal del viento media diaria,2006-01-05 00:00,m/s,1.59224637681231,Preliminar
21206990,TIBAITATA - AUT [21206990],VEL VIENTO,Velocidad 10 minutal del viento media diaria,2006-01-06 00:00,m/s,1.53507575757621,Preliminar
21206990,TIBAITATA - AUT [21206990],VEL VIENTO,Velocidad 10 minutal del viento media diaria,2006-01-07 00:00,m/s,1.86969696969697,Preliminar
21206990,TIBAITATA - AUT [21206990],VEL VIENTO,Velocidad 10 minutal del viento media diaria,2006-01-08 00:00,m/s,1.75383333333453,Preliminar
21206990,TIBAITATA - AUT [21206990],VEL VIENTO,Velocidad 10 minutal del viento media diaria,2006-01-09 00:00,m/s,1.50144927536287,Preliminar
21206990,TIBAITATA - AUT [21206990],VEL VIENTO,Velocidad 10 minutal del viento media diaria,2006-01-10 00:00,m/s,1.73993055555643,Preliminar
21206990,TIBAITATA - AUT [21206990],VEL VIENTO,Velocidad 10 minutal del viento media diaria,2006-01-11 00:00,m/s,1.80484848484866,Preliminar
21206990,TIBAITATA - AUT [21206990],VEL VIENTO,Velocidad 10 minutal del viento media diaria,2006-01-12 00:00,m/s,1.98055555555653,Preliminar
21206990,TIBAITATA - AUT [21206990],VEL VIENTO,Velocidad 10 minutal del viento media diaria,2006-01-13 00:00,m/s,1.89305555555642,Preliminar
21206990,TIBAITATA - AUT [21206990],VEL VIENTO,Velocidad 10 minutal del viento media diaria,2006-01-14 00:00,m/s,1.80868055555624,Preliminar
21206990,TIBAITATA - AUT [21206990],VEL VIENTO,Velocidad 10 minutal del viento media diaria,2006-01-15 00:00,m/s,1.61006944444502,Preliminar
21206990,TIBAITATA - AUT [21206990],VEL VIENTO,Velocidad 10 minutal del viento media diaria,2006-01-16 00:00,m/s,1.84340277777854,Preliminar
21206990,TIBAITATA - AUT [21206990],VEL VIENTO,Velocidad 10 minutal del viento media diaria,2006-01-17 00:00,m/s,1.76003472222275,Preliminar
21206990,TIBAITATA - AUT [21206990],VEL VIENTO,Velocidad 10 minutal del viento media diaria,2006-01-18 00:00,m/s,1.94966666666667,Preliminar
21206990,TIBAITATA - AUT [21206990],VEL VIENTO,Velocidad 10 minutal del viento media diaria,2006-01-19 00:00,m/s,2.21166666666876,Preliminar
21206990,TIBAITATA - AUT [21206990],VEL VIENTO,Velocidad 10 minutal del viento media diaria,2006-01-20 00:00,m/s,1.87420289855193,Preliminar
21206990,TIBAITATA - AUT [21206990],VEL VIENTO,Velocidad 10 minutal del viento media diaria,2006-01-21 00:00,m/s,2.35885416666812,Preliminar
21206990,TIBAITATA - AUT [21206990],VEL VIENTO,Velocidad 10 minutal del viento media diaria,2006-01-22 00:00,m/s,2.16409722222347,Preliminar
21206990,TIBAITATA - AUT [21206990],VEL VIENTO,Velocidad 10 minutal del viento media diaria,2006-01-23 00:00,m/s,2.15798611111187,Preliminar
21206990,TIBAITATA - AUT [21206990],VEL VIENTO,Velocidad 10 minutal del viento media diaria,2006-01-24 00:00,m/s,2.18333333333399,Preliminar
21206990,TIBAITATA - AUT [21206990],VEL VIENTO,Velocidad 10 minutal del viento media diaria,2006-01-25 00:00,m/s,2.13645833333397,Preliminar
21206990,TIBAITATA - AUT [21206990],VEL VIENTO,Velocidad 10 minutal del viento media diaria,2006-01-26 00:00,m/s,1.92782608695733,Preliminar
21206990,TIBAITATA - AUT [21206990],VEL VIENTO,Velocidad 10 minutal del viento media diaria,2006-01-27 00:00,m/s,1.77630434782649,Preliminar
21206990,TIBAITATA - AUT [21206990],VEL VIENTO,Velocidad 10 minutal del viento media diaria,2006-01-28 00:00,m/s,2.04270833333406,Preliminar
21206990,TIBAITATA - AUT [21206990],VEL VIENTO,Velocidad 10 minutal del viento media diaria,2006-01-29 00:00,m/s,2.04027777777823,Preliminar
21206990,TIBAITATA - AUT [21206990],VEL VIENTO,Velocidad 10 minutal del viento media diaria,2006-01-30 00:00,m/s,1.84687500000093,Preliminar
21206990,TIBAITATA - AUT [21206990],VEL VIENTO,Velocidad 10 minutal del viento media diaria,2006-01-31 00:00,m/s,1.75937500000082,Preliminar
21206990,TIBAITATA - AUT [21206990],VEL VIENTO,Velocidad 10 minutal del viento media diaria,2006-02-01 00:00,m/s,1.76590909090983,Preliminar
21206990,TIBAITATA - AUT [21206990],VEL VIENTO,Velocidad 10 minutal del viento media diaria,2006-02-02 00:00,m/s,1.60741228070175,Preliminar
21206990,TIBAITATA - AUT [21206990],VEL VIENTO,Velocidad 10 minutal del viento media diaria,2006-02-03 00:00,m/s,1.87278985507292,Preliminar
21206990,TIBAITATA - AUT [21206990],VEL VIENTO,Velocidad 10 minutal del viento media diaria,2006-02-04 00:00,m/s,1.7961805555563,Preliminar
21206990,TIBAITATA - AUT [21206990],VEL VIENTO,Velocidad 10 minutal del viento media diaria,2006-02-05 00:00,m/s,2.10340579710205,Preliminar
21206990,TIBAITATA - AUT [21206990],VEL VIENTO,Velocidad 10 minutal del viento media diaria,2010-12-30 00:00,m/s,2.15243055555684,Preliminar
21206990,TIBAITATA - AUT [21206990],VEL VIENTO,Velocidad 10 minutal del viento media diaria,2010-12-31 00:00,m/s,2.0107638888896,Preliminar
21206990,TIBAITATA - AUT [21206990],VEL VIENTO,Velocidad 10 minutal del viento media diaria,2011-01-01 00:00,m/s,1.9968750000006,Preliminar
21206990,TIBAITATA - AUT [21206990],VEL VIENTO,Velocidad 10 minutal del viento media diaria,2011-01-02 00:00,m/s,2.0444444444455,Preliminar
21206990,TIBAITATA - AUT [21206990],VEL VIENTO,Velocidad 10 minutal del viento media diaria,2011-01-03 00:00,m/s,1.78472222222252,Preliminar
21206990,TIBAITATA - AUT [21206990],VEL VIENTO,Velocidad 10 minutal del viento media diaria,2011-01-04 00:00,m/s,1.83472222222294,Preliminar
21206990,TIBAITATA - AUT [21206990],VEL VIENTO,Velocidad 10 minutal del viento media diaria,2011-01-05 00:00,m/s,1.99548611111175,Preliminar
21206990,TIBAITATA - AUT [21206990],VEL VIENTO,Velocidad 10 minutal del viento media diaria,2011-01-06 00:00,m/s,1.95486111111114,Preliminar
21206990,TIBAITATA - AUT [21206990],VEL VIENTO,Velocidad 10 minutal del viento media diaria,2011-01-07 00:00,m/s,1.94111111111193,Preliminar
21206990,TIBAITATA - AUT [21206990],VEL VIENTO,Velocidad 10 minutal del viento media diaria,2011-01-08 00:00,m/s,1.92500000000045,Preliminar
21206990,TIBAITATA - AUT [21206990],VEL VIENTO,Velocidad 10 minutal del viento media diaria,2011-01-09 00:00,m/s,1.8045138888886,Preliminar
21206990,TIBAITATA - AUT [21206990],VEL VIENTO,Velocidad 10 minutal del viento media diaria,2011-01-10 00:00,m/s,2.09479166666723,Preliminar
21206990,TIBAITATA - AUT [21206990],VEL VIENTO,Velocidad 10 minutal del viento media diaria,2011-01-11 00:00,m/s,2.2385416666678,Preliminar
21206990,TIBAITATA - AUT [21206990],VEL VIENTO,Velocidad 10 minutal del viento media diaria,2011-01-12 00:00,m/s,1.78437500000066,Preliminar
21206990,TIBAITATA - AUT [21206990],VEL VIENTO,Velocidad 10 minutal del viento media diaria,2011-01-13 00:00,m/s,2.47673611111196,Preliminar
21206990,TIBAITATA - AUT [21206990],VEL VIENTO,Velocidad 10 minutal del viento media diaria,2011-01-14 00:00,m/s,2.49895833333471,Preliminar
21206990,TIBAITATA - AUT [21206990],VEL VIENTO,Velocidad 10 minutal del viento media diaria,2011-01-15 00:00,m/s,2.51180555555695,Preliminar
21206990,TIBAITATA - AUT [21206990],VEL VIENTO,Velocidad 10 minutal del viento media diaria,2011-01-16 00:00,m/s,1.84965277777876,Preliminar
21206990,TIBAITATA - AUT [21206990],VEL VIENTO,Velocidad 10 minutal del viento media diaria,2011-01-17 00:00,m/s,2.01006944444524,Preliminar
21206990,TIBAITATA - AUT [21206990],VEL VIENTO,Velocidad 10 minutal del viento media diaria,2011-01-18 00:00,m/s,1.96909722222308,Preliminar
21206990,TIBAITATA - AUT [21206990],VEL VIENTO,Velocidad 10 minutal del viento media diaria,2011-01-19 00:00,m/s,1.91319444444461,Preliminar
21206990,TIBAITATA - AUT [21206990],VEL VIENTO,Velocidad 10 minutal del viento media diaria,2011-01-20 00:00,m/s,1.88437500000075,Preliminar
21206990,TIBAITATA - AUT [21206990],VEL VIENTO,Velocidad 10 minutal del viento media diaria,2011-01-21 00:00,m/s,2.17048611111017,Preliminar
21206990,TIBAITATA - AUT [21206990],VEL VIENTO,Velocidad 10 minutal del viento media diaria,2011-01-22 00:00,m/s,2.01145833333431,Preliminar
21206990,TIBAITATA - AUT [21206990],VEL VIENTO,Velocidad 10 minutal del viento media diaria,2011-01-23 00:00,m/s,2.11909722222243,Preliminar
21206990,TIBAITATA - AUT [21206990],VEL VIENTO,Velocidad 10 minutal del viento media diaria,2011-01-24 00:00,m/s,2.10104166666781,Preliminar
21206990,TIBAITATA - AUT [21206990],VEL VIENTO,Velocidad 10 minutal del viento media diaria,2011-01-25 00:00,m/s,1.82048611111167,Preliminar
21206990,TIBAITATA - AUT [21206990],VEL VIENTO,Velocidad 10 minutal del viento media diaria,2011-01-26 00:00,m/s,1.8975694444449,Preliminar
21206990,TIBAITATA - AUT [21206990],VEL VIENTO,Velocidad 10 minutal del viento media diaria,2011-01-27 00:00,m/s,2.02083333333392,Preliminar
21206990,TIBAITATA - AUT [21206990],VEL VIENTO,Velocidad 10 minutal del viento media diaria,2011-01-28 00:00,m/s,1.86979166666701,Preliminar
21206990,TIBAITATA - AUT [21206990],VEL VIENTO,Velocidad 10 minutal del viento media diaria,2011-01-29 00:00,m/s,2.11944444444478,Preliminar
21206990,TIBAITATA - AUT [21206990],VEL VIENTO,Velocidad 10 minutal del viento media diaria,2011-01-30 00:00,m/s,2.411111111112,Preliminar
21206990,TIBAITATA - AUT [21206990],VEL VIENTO,Velocidad 10 minutal del viento media diaria,2011-01-31 00:00,m/s,2.07708333333438,Preliminar
21206990,TIBAITATA - AUT [21206990],VEL VIENTO,Velocidad 10 minutal del viento media diaria,2011-02-01 00:00,m/s,2.45173611111202,Preliminar
21206990,TIBAITATA - AUT [21206990],VEL VIENTO,Velocidad 10 minutal del viento media diaria,2011-02-02 00:00,m/s,2.4670138888901,Preliminar
21206990,TIBAITATA - AUT [21206990],VEL VIENTO,Velocidad 10 minutal del viento media diaria,2011-02-03 00:00,m/s,2.14062500000075,Preliminar
21206990,TIBAITATA - AUT [21206990],VEL VIENTO,Velocidad 10 minutal del viento media diaria,2011-02-04 00:00,m/s,1.86458333333377,Preliminar
21206990,TIBAITATA - AUT [21206990],VEL VIENTO,Velocidad 10 minutal del viento media diaria,2011-02-05 00:00,m/s,2.28333333333386,Preliminar
21206990,TIBAITATA - AUT [21206990],VEL VIENTO,Velocidad 10 minutal del viento media diaria,2011-02-06 00:00,m/s,2.23263888888901,Preliminar
21206990,TIBAITATA - AUT [21206990],VEL VIENTO,Velocidad 10 minutal del viento media diaria,2011-02-07 00:00,m/s,2.12604166666628,Preliminar
21206990,TIBAITATA - AUT [21206990],VEL VIENTO,Velocidad 10 minutal del viento media diaria,2011-02-08 00:00,m/s,1.63125000000041,Preliminar
21206990,TIBAITATA - AUT [21206990],VEL VIENTO,Velocidad 10 minutal del viento media diaria,2011-02-09 00:00,m/s,1.77395833333401,Preliminar
21206990,TIBAITATA - AUT [21206990],VEL VIENTO,Velocidad 10 minutal del viento media diaria,2011-02-10 00:00,m/s,1.93784722222342,Preliminar
21206990,TIBAITATA - AUT [21206990],VEL VIENTO,Velocidad 10 minutal del viento media diaria,2011-02-11 00:00,m/s,1.6913194444449,Preliminar
21206990,TIBAITATA - AUT [21206990],VEL VIENTO,Velocidad 10 minutal del viento media diaria,2011-02-12 00:00,m/s,2.10208333333414,Preliminar
21206990,TIBAITATA - AUT [21206990],VEL VIENTO,Velocidad 10 minutal del viento media diaria,2011-02-13 00:00,m/s,1.89687500000006,Preliminar
21206990,TIBAITATA - AUT [21206990],VEL VIENTO,Velocidad 10 minutal del viento media diaria,2011-02-14 00:00,m/s,1.76597222222274,Preliminar
21206990,TIBAITATA - AUT [21206990],VEL VIENTO,Velocidad 10 minutal del viento media diaria,2011-02-15 00:00,m/s,1.93333333333397,Preliminar
21206990,TIBAITATA - AUT [21206990],VEL VIENTO,Velocidad 10 minutal del viento media diaria,2011-02-16 00:00,m/s,2.09826388888968,Preliminar
21206990,TIBAITATA - AUT [21206990],VEL VIENTO,Velocidad 10 minutal del viento media diaria,2011-02-17 00:00,m/s,2.26527777777822,Preliminar
21206990,TIBAITATA - AUT [21206990],VEL VIENTO,Velocidad 10 minutal del viento media diaria,2011-02-18 00:00,m/s,2.64444444444532,Preliminar
21206990,TIBAITATA - AUT [21206990],VEL VIENTO,Velocidad 10 minutal del viento media diaria,2011-02-19 00:00,m/s,2.00451388888945,Preliminar
21206990,TIBAITATA - AUT [21206990],VEL VIENTO,Velocidad 10 minutal del viento media diaria,2011-02-20 00:00,m/s,2.29166666666779,Preliminar
21206990,TIBAITATA - AUT [21206990],VEL VIENTO,Velocidad 10 minutal del viento media diaria,2011-02-21 00:00,m/s,2.15798611111145,Preliminar
21206990,TIBAITATA - AUT [21206990],VEL VIENTO,Velocidad 10 minutal del viento media diaria,2011-02-22 00:00,m/s,2.09930555555655,Preliminar
21206990,TIBAITATA - AUT [21206990],VEL VIENTO,Velocidad 10 minutal del viento media diaria,2011-02-23 00:00,m/s,2.25590277777895,Preliminar
21206990,TIBAITATA - AUT [21206990],VEL VIENTO,Velocidad 10 minutal del viento media diaria,2011-02-24 00:00,m/s,2.19201388888988,Preliminar
21206990,TIBAITATA - AUT [21206990],VEL VIENTO,Velocidad 10 minutal del viento media diaria,2011-02-25 00:00,m/s,1.92118055555499,Preliminar
21206990,TIBAITATA - AUT [21206990],VEL VIENTO,Velocidad 10 minutal del viento media diaria,2011-02-26 00:00,m/s,1.96458333333308,Preliminar
21206990,TIBAITATA - AUT [21206990],VEL VIENTO,Velocidad 10 minutal del viento media diaria,2011-02-27 00:00,m/s,2.11979166666756,Preliminar
21206990,TIBAITATA - AUT [21206990],VEL VIENTO,Velocidad 10 minutal del viento media diaria,2011-02-28 00:00,m/s,2.0920138888891,Preliminar
21206990,TIBAITATA - AUT [21206990],VEL VIENTO,Velocidad 10 minutal del viento media diaria,2011-03-01 00:00,m/s,2.15069444444595,Preliminar
21206990,TIBAITATA - AUT [21206990],VEL VIENTO,Velocidad 10 minutal del viento media diaria,2011-03-02 00:00,m/s,1.8076388888896,Preliminar
21206990,TIBAITATA - AUT [21206990],VEL VIENTO,Velocidad 10 minutal del viento media diaria,2011-03-03 00:00,m/s,2.11805555555626,Preliminar
21206990,TIBAITATA - AUT [21206990],VEL VIENTO,Velocidad 10 minutal del viento media diaria,2011-03-04 00:00,m/s,1.97743055555621,Preliminar
21206990,TIBAITATA - AUT [21206990],VEL VIENTO,Velocidad 10 minutal del viento media diaria,2011-03-05 00:00,m/s,1.83750000000035,Preliminar
21206990,TIBAITATA - AUT [21206990],VEL VIENTO,Velocidad 10 minutal del viento media diaria,2011-03-06 00:00,m/s,2.4406250000011,Preliminar
21206990,TIBAITATA - AUT [21206990],VEL VIENTO,Velocidad 10 minutal del viento media diaria,2011-03-07 00:00,m/s,1.78298611111007,Preliminar
21206990,TIBAITATA - AUT [21206990],VEL VIENTO,Velocidad 10 minutal del viento media diaria,2011-03-08 00:00,m/s,2.08715277777824,Preliminar
21206990,TIBAITATA - AUT [21206990],VEL VIENTO,Velocidad 10 minutal del viento media diaria,2011-03-09 00:00,m/s,1.99687500000022,Preliminar
21206990,TIBAITATA - AUT [21206990],VEL VIENTO,Velocidad 10 minutal del viento media diaria,2011-03-10 00:00,m/s,2.06232638888932,Preliminar
21206990,TIBAITATA - AUT [21206990],VEL VIENTO,Velocidad 10 minutal del viento media diaria,2011-03-11 00:00,m/s,2.85937499999992,Preliminar
21206990,TIBAITATA - AUT [21206990],VEL VIENTO,Velocidad 10 minutal del viento media diaria,2011-03-12 00:00,m/s,2.85520833333496,Preliminar
21206990,TIBAITATA - AUT [21206990],VEL VIENTO,Velocidad 10 minutal del viento media diaria,2011-03-13 00:00,m/s,2.20520833333452,Preliminar
21206990,TIBAITATA - AUT [21206990],VEL VIENTO,Velocidad 10 minutal del viento media diaria,2011-03-14 00:00,m/s,2.02430555555627,Preliminar
21206990,TIBAITATA - AUT [21206990],VEL VIENTO,Velocidad 10 minutal del viento media diaria,2011-03-15 00:00,m/s,2.1701388888895,Preliminar
21206990,TIBAITATA - AUT [21206990],VEL VIENTO,Velocidad 10 minutal del viento media diaria,2011-03-16 00:00,m/s,2.13819444444478,Preliminar
21206990,TIBAITATA - AUT [21206990],VEL VIENTO,Velocidad 10 minutal del viento media diaria,2011-03-17 00:00,m/s,1.73402777777835,Preliminar
21206990,TIBAITATA - AUT [21206990],VEL VIENTO,Velocidad 10 minutal del viento media diaria,2011-03-18 00:00,m/s,1.95555555555616,Preliminar
21206990,TIBAITATA - AUT [21206990],VEL VIENTO,Velocidad 10 minutal del viento media diaria,2011-03-19 00:00,m/s,1.84340277777756,Preliminar
21206990,TIBAITATA - AUT [21206990],VEL VIENTO,Velocidad 10 minutal del viento media diaria,2011-05-28 00:00,m/s,2.17893939394004,Preliminar
21206990,TIBAITATA - AUT [21206990],VEL VIENTO,Velocidad 10 minutal del viento media diaria,2011-05-29 00:00,m/s,2.12708333333354,Preliminar
21206990,TIBAITATA - AUT [21206990],VEL VIENTO,Velocidad 10 minutal del viento media diaria,2011-05-30 00:00,m/s,2.06765151515208,Preliminar
21206990,TIBAITATA - AUT [21206990],VEL VIENTO,Velocidad 10 minutal del viento media diaria,2011-05-31 00:00,m/s,2.38745833333333,Preliminar
21206990,TIBAITATA - AUT [21206990],VEL VIENTO,Velocidad 10 minutal del viento media diaria,2011-09-20 00:00,m/s,1.94240740740741,Preliminar
21206990,TIBAITATA - AUT [21206990],VEL VIENTO,Velocidad 10 minutal del viento media diaria,2011-11-05 00:00,m/s,2.10280701754511,Preliminar
21206990,TIBAITATA - AUT [21206990],VEL VIENTO,Velocidad 10 minutal del viento media diaria,2011-11-06 00:00,m/s,2.05536231884123,Preliminar
21206990,TIBAITATA - AUT [21206990],VEL VIENTO,Velocidad 10 minutal del viento media diaria,2011-11-07 00:00,m/s,2.00318840579754,Preliminar
21206990,TIBAITATA - AUT [21206990],VEL VIENTO,Velocidad 10 minutal del viento media diaria,2011-11-08 00:00,m/s,1.90818181818278,Preliminar
21206990,TIBAITATA - AUT [21206990],VEL VIENTO,Velocidad 10 minutal del viento media diaria,2011-11-09 00:00,m/s,1.86146825396845,Preliminar
21206990,TIBAITATA - AUT [21206990],VEL VIENTO,Velocidad 10 minutal del viento media diaria,2011-11-10 00:00,m/s,2.11638888888979,Preliminar
21206990,TIBAITATA - AUT [21206990],VEL VIENTO,Velocidad 10 minutal del viento media diaria,2011-11-11 00:00,m/s,2.23987500000147,Preliminar
21206990,TIBAITATA - AUT [21206990],VEL VIENTO,Velocidad 10 minutal del viento media diaria,2011-11-12 00:00,m/s,1.92984126984127,Preliminar
21206990,TIBAITATA - AUT [21206990],VEL VIENTO,Velocidad 10 minutal del viento media diaria,2011-11-13 00:00,m/s,1.97972222222162,Preliminar
21206990,TIBAITATA - AUT [21206990],VEL VIENTO,Velocidad 10 minutal del viento media diaria,2011-11-14 00:00,m/s,2.21473958333333,Preliminar
21206990,TIBAITATA - AUT [21206990],VEL VIENTO,Velocidad 10 minutal del viento media diaria,2011-11-15 00:00,m/s,1.99690476190571,Preliminar
21206990,TIBAITATA - AUT [21206990],VEL VIENTO,Velocidad 10 minutal del viento media diaria,2011-11-16 00:00,m/s,1.89231884058014,Preliminar
21206990,TIBAITATA - AUT [21206990],VEL VIENTO,Velocidad 10 minutal del viento media diaria,2011-11-17 00:00,m/s,2.29636363636364,Preliminar
21206990,TIBAITATA - AUT [21206990],VEL VIENTO,Velocidad 10 minutal del viento media diaria,2011-11-18 00:00,m/s,2.09130434782639,Preliminar
21206990,TIBAITATA - AUT [21206990],VEL VIENTO,Velocidad 10 minutal del viento media diaria,2011-11-19 00:00,m/s,2.44992753623267,Preliminar
21206990,TIBAITATA - AUT [21206990],VEL VIENTO,Velocidad 10 minutal del viento media diaria,2011-11-20 00:00,m/s,2.02050000000105,Preliminar
21206990,TIBAITATA - AUT [21206990],VEL VIENTO,Velocidad 10 minutal del viento media diaria,2011-11-21 00:00,m/s,2.07395833333399,Preliminar
21206990,TIBAITATA - AUT [21206990],VEL VIENTO,Velocidad 10 minutal del viento media diaria,2011-11-22 00:00,m/s,1.92725694444529,Preliminar
21206990,TIBAITATA - AUT [21206990],VEL VIENTO,Velocidad 10 minutal del viento media diaria,2011-11-23 00:00,m/s,2.12101449275459,Preliminar
21206990,TIBAITATA - AUT [21206990],VEL VIENTO,Velocidad 10 minutal del viento media diaria,2011-11-24 00:00,m/s,1.83484126984114,Preliminar
21206990,TIBAITATA - AUT [21206990],VEL VIENTO,Velocidad 10 minutal del viento media diaria,2011-11-25 00:00,m/s,2.13927536231973,Preliminar
21206990,TIBAITATA - AUT [21206990],VEL VIENTO,Velocidad 10 minutal del viento media diaria,2011-11-26 00:00,m/s,2.23340909091039,Preliminar
21206990,TIBAITATA - AUT [21206990],VEL VIENTO,Velocidad 10 minutal del viento media diaria,2011-11-27 00:00,m/s,2.19250000000047,Preliminar
21206990,TIBAITATA - AUT [21206990],VEL VIENTO,Velocidad 10 minutal del viento media diaria,2011-11-28 00:00,m/s,1.89212121212145,Preliminar
21206990,TIBAITATA - AUT [21206990],VEL VIENTO,Velocidad 10 minutal del viento media diaria,2011-11-29 00:00,m/s,1.92039682539759,Preliminar
21206990,TIBAITATA - AUT [21206990],VEL VIENTO,Velocidad 10 minutal del viento media diaria,2011-11-30 00:00,m/s,2.1666666666678,Preliminar
21206990,TIBAITATA - AUT [21206990],VEL VIENTO,Velocidad 10 minutal del viento media diaria,2011-12-01 00:00,m/s,2.08348484848556,Preliminar
21206990,TIBAITATA - AUT [21206990],VEL VIENTO,Velocidad 10 minutal del viento media diaria,2011-12-02 00:00,m/s,2.13553030303056,Preliminar
21206990,TIBAITATA - AUT [21206990],VEL VIENTO,Velocidad 10 minutal del viento media diaria,2011-12-03 00:00,m/s,2.16411764705882,Preliminar
21206990,TIBAITATA - AUT [21206990],VEL VIENTO,Velocidad 10 minutal del viento media diaria,2011-12-05 00:00,m/s,2.25989130434841,Preliminar
21206990,TIBAITATA - AUT [21206990],VEL VIENTO,Velocidad 10 minutal del viento media diaria,2011-12-06 00:00,m/s,1.92812500000065,Preliminar
21206990,TIBAITATA - AUT [21206990],VEL VIENTO,Velocidad 10 minutal del viento media diaria,2011-12-07 00:00,m/s,1.81600000000111,Preliminar
21206990,TIBAITATA - AUT [21206990],VEL VIENTO,Velocidad 10 minutal del viento media diaria,2011-12-08 00:00,m/s,1.86689393939427,Preliminar
21206990,TIBAITATA - AUT [21206990],VEL VIENTO,Velocidad 10 minutal del viento media diaria,2011-12-09 00:00,m/s,2.2604365079381,Preliminar
21206990,TIBAITATA - AUT [21206990],VEL VIENTO,Velocidad 10 minutal del viento media diaria,2011-12-10 00:00,m/s,2.1103333333342,Preliminar
21206990,TIBAITATA - AUT [21206990],VEL VIENTO,Velocidad 10 minutal del viento media diaria,2011-12-11 00:00,m/s,2.00446969697072,Preliminar
21206990,TIBAITATA - AUT [21206990],VEL VIENTO,Velocidad 10 minutal del viento media diaria,2011-12-12 00:00,m/s,1.94638888888949,Preliminar
21206990,TIBAITATA - AUT [21206990],VEL VIENTO,Velocidad 10 minutal del viento media diaria,2011-12-13 00:00,m/s,2.20852941176588,Preliminar
21206990,TIBAITATA - AUT [21206990],VEL VIENTO,Velocidad 10 minutal del viento media diaria,2011-12-14 00:00,m/s,2.19545454545611,Preliminar
21206990,TIBAITATA - AUT [21206990],VEL VIENTO,Velocidad 10 minutal del viento media diaria,2011-12-15 00:00,m/s,2.30608695652268,Preliminar
21206990,TIBAITATA - AUT [21206990],VEL VIENTO,Velocidad 10 minutal del viento media diaria,2011-12-16 00:00,m/s,2.21242424242555,Preliminar
21206990,TIBAITATA - AUT [21206990],VEL VIENTO,Velocidad 10 minutal del viento media diaria,2011-12-17 00:00,m/s,2.10277777777848,Preliminar
21206990,TIBAITATA - AUT [21206990],VEL VIENTO,Velocidad 10 minutal del viento media diaria,2011-12-18 00:00,m/s,2.15231884058062,Preliminar
21206990,TIBAITATA - AUT [21206990],VEL VIENTO,Velocidad 10 minutal del viento media diaria,2011-12-19 00:00,m/s,2.10590277777815,Preliminar
21206990,TIBAITATA - AUT [21206990],VEL VIENTO,Velocidad 10 minutal del viento media diaria,2011-12-20 00:00,m/s,2.9687500000013,Preliminar
21206990,TIBAITATA - AUT [21206990],VEL VIENTO,Velocidad 10 minutal del viento media diaria,2011-12-21 00:00,m/s,2.97277777777894,Preliminar
21206990,TIBAITATA - AUT [21206990],VEL VIENTO,Velocidad 10 minutal del viento media diaria,2011-12-22 00:00,m/s,2.21722222222344,Preliminar
21206990,TIBAITATA - AUT [21206990],VEL VIENTO,Velocidad 10 minutal del viento media diaria,2011-12-23 00:00,m/s,2.0662280701751,Preliminar
21206990,TIBAITATA - AUT [21206990],VEL VIENTO,Velocidad 10 minutal del viento media diaria,2011-12-24 00:00,m/s,2.40833333333412,Preliminar
21206990,TIBAITATA - AUT [21206990],VEL VIENTO,Velocidad 10 minutal del viento media diaria,2011-12-25 00:00,m/s,2.0334920634933,Preliminar
21206990,TIBAITATA - AUT [21206990],VEL VIENTO,Velocidad 10 minutal del viento media diaria,2011-12-26 00:00,m/s,2.7430555555567,Preliminar
21206990,TIBAITATA - AUT [21206990],VEL VIENTO,Velocidad 10 minutal del viento media diaria,2011-12-27 00:00,m/s,2.64978260869695,Preliminar
21206990,TIBAITATA - AUT [21206990],VEL VIENTO,Velocidad 10 minutal del viento media diaria,2011-12-28 00:00,m/s,2.17783333333504,Preliminar
21206990,TIBAITATA - AUT [21206990],VEL VIENTO,Velocidad 10 minutal del viento media diaria,2011-12-29 00:00,m/s,2.16145833333325,Preliminar
21206990,TIBAITATA - AUT [21206990],VEL VIENTO,Velocidad 10 minutal del viento media diaria,2011-12-30 00:00,m/s,2.27591666666842,Preliminar
21206990,TIBAITATA - AUT [21206990],VEL VIENTO,Velocidad 10 minutal del viento media diaria,2011-12-31 00:00,m/s,2.61768115942126,Preliminar
21206990,TIBAITATA - AUT [21206990],VEL VIENTO,Velocidad 10 minutal del viento media diaria,2012-01-01 00:00,m/s,1.93742424242497,Preliminar
21206990,TIBAITATA - AUT [21206990],VEL VIENTO,Velocidad 10 minutal del viento media diaria,2012-01-02 00:00,m/s,1.95427536231924,Preliminar
21206990,TIBAITATA - AUT [21206990],VEL VIENTO,Velocidad 10 minutal del viento media diaria,2012-01-03 00:00,m/s,2.17326388888849,Preliminar
21206990,TIBAITATA - AUT [21206990],VEL VIENTO,Velocidad 10 minutal del viento media diaria,2012-01-04 00:00,m/s,2.18246376811723,Preliminar
21206990,TIBAITATA - AUT [21206990],VEL VIENTO,Velocidad 10 minutal del viento media diaria,2012-01-05 00:00,m/s,2.04725000000101,Preliminar
21206990,TIBAITATA - AUT [21206990],VEL VIENTO,Velocidad 10 minutal del viento media diaria,2012-01-06 00:00,m/s,2.21295454545594,Preliminar
21206990,TIBAITATA - AUT [21206990],VEL VIENTO,Velocidad 10 minutal del viento media diaria,2012-01-07 00:00,m/s,2.24373015873158,Preliminar
21206990,TIBAITATA - AUT [21206990],VEL VIENTO,Velocidad 10 minutal del viento media diaria,2012-01-08 00:00,m/s,2.11742424242534,Preliminar
21206990,TIBAITATA - AUT [21206990],VEL VIENTO,Velocidad 10 minutal del viento media diaria,2012-01-09 00:00,m/s,2.21023809523911,Preliminar
21206990,TIBAITATA - AUT [21206990],VEL VIENTO,Velocidad 10 minutal del viento media diaria,2012-01-10 00:00,m/s,2.11590909091004,Preliminar
21206990,TIBAITATA - AUT [21206990],VEL VIENTO,Velocidad 10 minutal del viento media diaria,2012-01-11 00:00,m/s,2.16215909090909,Preliminar
21206990,TIBAITATA - AUT [21206990],VEL VIENTO,Velocidad 10 minutal del viento media diaria,2012-01-12 00:00,m/s,2.48666666666767,Preliminar
21206990,TIBAITATA - AUT [21206990],VEL VIENTO,Velocidad 10 minutal del viento media diaria,2012-01-13 00:00,m/s,2.46210144927654,Preliminar
21206990,TIBAITATA - AUT [21206990],VEL VIENTO,Velocidad 10 minutal del viento media diaria,2012-01-14 00:00,m/s,2.5627777777785,Preliminar
21206990,TIBAITATA - AUT [21206990],VEL VIENTO,Velocidad 10 minutal del viento media diaria,2012-01-15 00:00,m/s,2.28716666666667,Preliminar
21206990,TIBAITATA - AUT [21206990],VEL VIENTO,Velocidad 10 minutal del viento media diaria,2012-01-16 00:00,m/s,2.69388888889102,Preliminar
21206990,TIBAITATA - AUT [21206990],VEL VIENTO,Velocidad 10 minutal del viento media diaria,2012-01-18 00:00,m/s,2.03039473684342,Preliminar
21206990,TIBAITATA - AUT [21206990],VEL VIENTO,Velocidad 10 minutal del viento media diaria,2012-01-19 00:00,m/s,1.81433333333333,Preliminar
21206990,TIBAITATA - AUT [21206990],VEL VIENTO,Velocidad 10 minutal del viento media diaria,2012-01-20 00:00,m/s,2.09326086956601,Preliminar
21206990,TIBAITATA - AUT [21206990],VEL VIENTO,Velocidad 10 minutal del viento media diaria,2012-01-21 00:00,m/s,1.91208333333392,Preliminar
21206990,TIBAITATA - AUT [21206990],VEL VIENTO,Velocidad 10 minutal del viento media diaria,2012-01-22 00:00,m/s,2.60379166666775,Preliminar
21206990,TIBAITATA - AUT [21206990],VEL VIENTO,Velocidad 10 minutal del viento media diaria,2012-01-23 00:00,m/s,2.12157407407407,Preliminar
21206990,TIBAITATA - AUT [21206990],VEL VIENTO,Velocidad 10 minutal del viento media diaria,2012-01-24 00:00,m/s,2.11791666666783,Preliminar
21206990,TIBAITATA - AUT [21206990],VEL VIENTO,Velocidad 10 minutal del viento media diaria,2012-01-25 00:00,m/s,2.43098484848647,Preliminar
21206990,TIBAITATA - AUT [21206990],VEL VIENTO,Velocidad 10 minutal del viento media diaria,2012-01-26 00:00,m/s,2.03896825396936,Preliminar
21206990,TIBAITATA - AUT [21206990],VEL VIENTO,Velocidad 10 minutal del viento media diaria,2012-01-27 00:00,m/s,2.04087719298294,Preliminar
21206990,TIBAITATA - AUT [21206990],VEL VIENTO,Velocidad 10 minutal del viento media diaria,2012-01-28 00:00,m/s,2.65194444444628,Preliminar
21206990,TIBAITATA - AUT [21206990],VEL VIENTO,Velocidad 10 minutal del viento media diaria,2012-01-29 00:00,m/s,2.28559027777789,Preliminar
21206990,TIBAITATA - AUT [21206990],VEL VIENTO,Velocidad 10 minutal del viento media diaria,2012-01-30 00:00,m/s,2.09409722222332,Preliminar
21206990,TIBAITATA - AUT [21206990],VEL VIENTO,Velocidad 10 minutal del viento media diaria,2012-01-31 00:00,m/s,2.00246376811686,Preliminar
21206990,TIBAITATA - AUT [21206990],VEL VIENTO,Velocidad 10 minutal del viento media diaria,2012-02-01 00:00,m/s,2.13197916666667,Preliminar
21206990,TIBAITATA - AUT [21206990],VEL VIENTO,Velocidad 10 minutal del viento media diaria,2012-02-02 00:00,m/s,2.01039682539737,Preliminar
21206990,TIBAITATA - AUT [21206990],VEL VIENTO,Velocidad 10 minutal del viento media diaria,2012-02-03 00:00,m/s,2.19525,Preliminar
21206990,TIBAITATA - AUT [21206990],VEL VIENTO,Velocidad 10 minutal del viento media diaria,2012-02-04 00:00,m/s,2.56309523809589,Preliminar
21206990,TIBAITATA - AUT [21206990],VEL VIENTO,Velocidad 10 minutal del viento media diaria,2012-02-05 00:00,m/s,1.99947916666742,Preliminar
21206990,TIBAITATA - AUT [21206990],VEL VIENTO,Velocidad 10 minutal del viento media diaria,2012-02-06 00:00,m/s,2.18674999999785,Preliminar
21206990,TIBAITATA - AUT [21206990],VEL VIENTO,Velocidad 10 minutal del viento media diaria,2012-02-07 00:00,m/s,2.38836805555669,Preliminar
21206990,TIBAITATA - AUT [21206990],VEL VIENTO,Velocidad 10 minutal del viento media diaria,2012-02-08 00:00,m/s,2.31318840579828,Preliminar
21206990,TIBAITATA - AUT [21206990],VEL VIENTO,Velocidad 10 minutal del viento media diaria,2012-02-09 00:00,m/s,1.96461805555646,Preliminar
21206990,TIBAITATA - AUT [21206990],VEL VIENTO,Velocidad 10 minutal del viento media diaria,2012-02-10 00:00,m/s,2.14809027777861,Preliminar
21206990,TIBAITATA - AUT [21206990],VEL VIENTO,Velocidad 10 minutal del viento media diaria,2012-02-11 00:00,m/s,2.44065217391465,Preliminar
21206990,TIBAITATA - AUT [21206990],VEL VIENTO,Velocidad 10 minutal del viento media diaria,2012-02-12 00:00,m/s,2.49131944444555,Preliminar
21206990,TIBAITATA - AUT [21206990],VEL VIENTO,Velocidad 10 minutal del viento media diaria,2012-02-13 00:00,m/s,2.55728260869696,Preliminar
21206990,TIBAITATA - AUT [21206990],VEL VIENTO,Velocidad 10 minutal del viento media diaria,2012-02-14 00:00,m/s,2.63014492753796,Preliminar
21206990,TIBAITATA - AUT [21206990],VEL VIENTO,Velocidad 10 minutal del viento media diaria,2012-02-15 00:00,m/s,2.48715277777857,Preliminar
21206990,TIBAITATA - AUT [21206990],VEL VIENTO,Velocidad 10 minutal del viento media diaria,2012-02-16 00:00,m/s,2.53583333333515,Preliminar
21206990,TIBAITATA - AUT [21206990],VEL VIENTO,Velocidad 10 minutal del viento media diaria,2012-02-17 00:00,m/s,2.23341269841425,Preliminar
21206990,TIBAITATA - AUT [21206990],VEL VIENTO,Velocidad 10 minutal del viento media diaria,2012-02-18 00:00,m/s,2.06742753623271,Preliminar
21206990,TIBAITATA - AUT [21206990],VEL VIENTO,Velocidad 10 minutal del viento media diaria,2012-02-19 00:00,m/s,2.43003968254123,Preliminar
21206990,TIBAITATA - AUT [21206990],VEL VIENTO,Velocidad 10 minutal del viento media diaria,2012-02-20 00:00,m/s,2.31857638888963,Preliminar
21206990,TIBAITATA - AUT [21206990],VEL VIENTO,Velocidad 10 minutal del viento media diaria,2012-02-21 00:00,m/s,2.33537878787846,Preliminar
21206990,TIBAITATA - AUT [21206990],VEL VIENTO,Velocidad 10 minutal del viento media diaria,2012-02-22 00:00,m/s,2.4079365079365,Preliminar
21206990,TIBAITATA - AUT [21206990],VEL VIENTO,Velocidad 10 minutal del viento media diaria,2012-02-23 00:00,m/s,2.50871212121276,Preliminar
21206990,TIBAITATA - AUT [21206990],VEL VIENTO,Velocidad 10 minutal del viento media diaria,2012-02-24 00:00,m/s,2.8067028985516,Preliminar
21206990,TIBAITATA - AUT [21206990],VEL VIENTO,Velocidad 10 minutal del viento media diaria,2012-02-25 00:00,m/s,2.08641304347964,Preliminar
21206990,TIBAITATA - AUT [21206990],VEL VIENTO,Velocidad 10 minutal del viento media diaria,2012-02-26 00:00,m/s,2.29239130434857,Preliminar
21206990,TIBAITATA - AUT [21206990],VEL VIENTO,Velocidad 10 minutal del viento media diaria,2012-02-27 00:00,m/s,2.55374999999923,Preliminar
21206990,TIBAITATA - AUT [21206990],VEL VIENTO,Velocidad 10 minutal del viento media diaria,2012-02-28 00:00,m/s,2.65579365079429,Preliminar
21206990,TIBAITATA - AUT [21206990],VEL VIENTO,Velocidad 10 minutal del viento media diaria,2012-02-29 00:00,m/s,2.47515873016023,Preliminar
21206990,TIBAITATA - AUT [21206990],VEL VIENTO,Velocidad 10 minutal del viento media diaria,2012-03-01 00:00,m/s,2.6914393939399,Preliminar
21206990,TIBAITATA - AUT [21206990],VEL VIENTO,Velocidad 10 minutal del viento media diaria,2012-03-02 00:00,m/s,2.92021739130435,Preliminar
21206990,TIBAITATA - AUT [21206990],VEL VIENTO,Velocidad 10 minutal del viento media diaria,2012-03-04 00:00,m/s,2.96528985507374,Preliminar
21206990,TIBAITATA - AUT [21206990],VEL VIENTO,Velocidad 10 minutal del viento media diaria,2012-03-05 00:00,m/s,2.60891304347877,Preliminar
21206990,TIBAITATA - AUT [21206990],VEL VIENTO,Velocidad 10 minutal del viento media diaria,2012-03-06 00:00,m/s,2.66871212121246,Preliminar
21206990,TIBAITATA - AUT [21206990],VEL VIENTO,Velocidad 10 minutal del viento media diaria,2012-03-07 00:00,m/s,2.75689393939476,Preliminar
21206990,TIBAITATA - AUT [21206990],VEL VIENTO,Velocidad 10 minutal del viento media diaria,2012-03-08 00:00,m/s,2.84826086956595,Preliminar
21206990,TIBAITATA - AUT [21206990],VEL VIENTO,Velocidad 10 minutal del viento media diaria,2012-03-09 00:00,m/s,2.32362318840695,Preliminar
21206990,TIBAITATA - AUT [21206990],VEL VIENTO,Velocidad 10 minutal del viento media diaria,2012-03-10 00:00,m/s,1.9604166666656,Preliminar
21206990,TIBAITATA - AUT [21206990],VEL VIENTO,Velocidad 10 minutal del viento media diaria,2012-03-11 00:00,m/s,2.59068181818329,Preliminar
21206990,TIBAITATA - AUT [21206990],VEL VIENTO,Velocidad 10 minutal del viento media diaria,2012-03-12 00:00,m/s,2.33420138888835,Preliminar
21206990,TIBAITATA - AUT [21206990],VEL VIENTO,Velocidad 10 minutal del viento media diaria,2012-03-13 00:00,m/s,2.30942028985571,Preliminar
21206990,TIBAITATA - AUT [21206990],VEL VIENTO,Velocidad 10 minutal del viento media diaria,2012-03-14 00:00,m/s,2.78824999999987,Preliminar
21206990,TIBAITATA - AUT [21206990],VEL VIENTO,Velocidad 10 minutal del viento media diaria,2012-03-15 00:00,m/s,2.73730158730211,Preliminar
21206990,TIBAITATA - AUT [21206990],VEL VIENTO,Velocidad 10 minutal del viento media diaria,2012-03-16 00:00,m/s,2.70412698412848,Preliminar
21206990,TIBAITATA - AUT [21206990],VEL VIENTO,Velocidad 10 minutal del viento media diaria,2012-03-17 00:00,m/s,2.18226190476326,Preliminar
21206990,TIBAITATA - AUT [21206990],VEL VIENTO,Velocidad 10 minutal del viento media diaria,2012-03-18 00:00,m/s,2.15156250000136,Preliminar
21206990,TIBAITATA - AUT [21206990],VEL VIENTO,Velocidad 10 minutal del viento media diaria,2012-03-19 00:00,m/s,2.08675925926077,Preliminar
21206990,TIBAITATA - AUT [21206990],VEL VIENTO,Velocidad 10 minutal del viento media diaria,2012-03-20 00:00,m/s,2.05543650793761,Preliminar
21206990,TIBAITATA - AUT [21206990],VEL VIENTO,Velocidad 10 minutal del viento media diaria,2012-03-21 00:00,m/s,2.55891666666645,Preliminar
21206990,TIBAITATA - AUT [21206990],VEL VIENTO,Velocidad 10 minutal del viento media diaria,2012-03-22 00:00,m/s,2.06355072463859,Preliminar
21206990,TIBAITATA - AUT [21206990],VEL VIENTO,Velocidad 10 minutal del viento media diaria,2012-03-23 00:00,m/s,2.41470833333508,Preliminar
21206990,TIBAITATA - AUT [21206990],VEL VIENTO,Velocidad 10 minutal del viento media diaria,2012-03-24 00:00,m/s,2.38263157894861,Preliminar
21206990,TIBAITATA - AUT [21206990],VEL VIENTO,Velocidad 10 minutal del viento media diaria,2012-03-25 00:00,m/s,1.88826086956582,Preliminar
21206990,TIBAITATA - AUT [21206990],VEL VIENTO,Velocidad 10 minutal del viento media diaria,2012-03-26 00:00,m/s,2.07708333333429,Preliminar
21206990,TIBAITATA - AUT [21206990],VEL VIENTO,Velocidad 10 minutal del viento media diaria,2012-03-27 00:00,m/s,1.85969696969744,Preliminar
21206990,TIBAITATA - AUT [21206990],VEL VIENTO,Velocidad 10 minutal del viento media diaria,2012-03-28 00:00,m/s,1.98975000000056,Preliminar
21206990,TIBAITATA - AUT [21206990],VEL VIENTO,Velocidad 10 minutal del viento media diaria,2012-03-29 00:00,m/s,2.21904761904874,Preliminar
21206990,TIBAITATA - AUT [21206990],VEL VIENTO,Velocidad 10 minutal del viento media diaria,2012-03-30 00:00,m/s,2.27691666666741,Preliminar
21206990,TIBAITATA - AUT [21206990],VEL VIENTO,Velocidad 10 minutal del viento media diaria,2012-03-31 00:00,m/s,3.15702898550725,Preliminar
21206990,TIBAITATA - AUT [21206990],VEL VIENTO,Velocidad 10 minutal del viento media diaria,2012-04-01 00:00,m/s,2.73246212121412,Preliminar
21206990,TIBAITATA - AUT [21206990],VEL VIENTO,Velocidad 10 minutal del viento media diaria,2012-04-02 00:00,m/s,2.24254385965054,Preliminar
21206990,TIBAITATA - AUT [21206990],VEL VIENTO,Velocidad 10 minutal del viento media diaria,2012-04-03 00:00,m/s,2.10452380952457,Preliminar
21206990,TIBAITATA - AUT [21206990],VEL VIENTO,Velocidad 10 minutal del viento media diaria,2012-04-04 00:00,m/s,2.48614035087867,Preliminar
21206990,TIBAITATA - AUT [21206990],VEL VIENTO,Velocidad 10 minutal del viento media diaria,2012-04-05 00:00,m/s,2.01113636363704,Preliminar
21206990,TIBAITATA - AUT [21206990],VEL VIENTO,Velocidad 10 minutal del viento media diaria,2012-04-06 00:00,m/s,1.84009259259327,Preliminar
21206990,TIBAITATA - AUT [21206990],VEL VIENTO,Velocidad 10 minutal del viento media diaria,2012-04-07 00:00,m/s,2.51063492063492,Preliminar
21206990,TIBAITATA - AUT [21206990],VEL VIENTO,Velocidad 10 minutal del viento media diaria,2012-04-08 00:00,m/s,1.9665151515161,Preliminar
21206990,TIBAITATA - AUT [21206990],VEL VIENTO,Velocidad 10 minutal del viento media diaria,2012-04-09 00:00,m/s,1.99941666666785,Preliminar
21206990,TIBAITATA - AUT [21206990],VEL VIENTO,Velocidad 10 minutal del viento media diaria,2012-04-10 00:00,m/s,1.9675793650796,Preliminar
21206990,TIBAITATA - AUT [21206990],VEL VIENTO,Velocidad 10 minutal del viento media diaria,2012-04-11 00:00,m/s,2.00021739130434,Preliminar
21206990,TIBAITATA - AUT [21206990],VEL VIENTO,Velocidad 10 minutal del viento media diaria,2012-04-12 00:00,m/s,2.22066666666653,Preliminar
21206990,TIBAITATA - AUT [21206990],VEL VIENTO,Velocidad 10 minutal del viento media diaria,2012-04-13 00:00,m/s,2.18506944444505,Preliminar
21206990,TIBAITATA - AUT [21206990],VEL VIENTO,Velocidad 10 minutal del viento media diaria,2012-04-14 00:00,m/s,1.65412280701754,Preliminar
21206990,TIBAITATA - AUT [21206990],VEL VIENTO,Velocidad 10 minutal del viento media diaria,2012-04-15 00:00,m/s,1.71205882352919,Preliminar
21206990,TIBAITATA - AUT [21206990],VEL VIENTO,Velocidad 10 minutal del viento media diaria,2012-04-16 00:00,m/s,1.95435606060694,Preliminar
21206990,TIBAITATA - AUT [21206990],VEL VIENTO,Velocidad 10 minutal del viento media diaria,2012-04-17 00:00,m/s,2.21179166666775,Preliminar
21206990,TIBAITATA - AUT [21206990],VEL VIENTO,Velocidad 10 minutal del viento media diaria,2012-04-18 00:00,m/s,1.88142857142877,Preliminar
21206990,TIBAITATA - AUT [21206990],VEL VIENTO,Velocidad 10 minutal del viento media diaria,2012-04-19 00:00,m/s,1.99311594202994,Preliminar
21206990,TIBAITATA - AUT [21206990],VEL VIENTO,Velocidad 10 minutal del viento media diaria,2012-04-20 00:00,m/s,1.83977272727306,Preliminar
21206990,TIBAITATA - AUT [21206990],VEL VIENTO,Velocidad 10 minutal del viento media diaria,2012-04-21 00:00,m/s,2.0521739130424,Preliminar
21206990,TIBAITATA - AUT [21206990],VEL VIENTO,Velocidad 10 minutal del viento media diaria,2012-04-22 00:00,m/s,2.2673188405798,Preliminar
21206990,TIBAITATA - AUT [21206990],VEL VIENTO,Velocidad 10 minutal del viento media diaria,2012-04-23 00:00,m/s,2.20083333333333,Preliminar
21206990,TIBAITATA - AUT [21206990],VEL VIENTO,Velocidad 10 minutal del viento media diaria,2012-04-24 00:00,m/s,2.42313725490049,Preliminar
21206990,TIBAITATA - AUT [21206990],VEL VIENTO,Velocidad 10 minutal del viento media diaria,2012-04-25 00:00,m/s,2.89277777777874,Preliminar
21206990,TIBAITATA - AUT [21206990],VEL VIENTO,Velocidad 10 minutal del viento media diaria,2012-04-26 00:00,m/s,2.04964912280731,Preliminar
21206990,TIBAITATA - AUT [21206990],VEL VIENTO,Velocidad 10 minutal del viento media diaria,2012-04-27 00:00,m/s,2.65274509803922,Preliminar
21206990,TIBAITATA - AUT [21206990],VEL VIENTO,Velocidad 10 minutal del viento media diaria,2012-04-28 00:00,m/s,2.27583333333333,Preliminar
21206990,TIBAITATA - AUT [21206990],VEL VIENTO,Velocidad 10 minutal del viento media diaria,2012-04-29 00:00,m/s,2.19356060606164,Preliminar
21206990,TIBAITATA - AUT [21206990],VEL VIENTO,Velocidad 10 minutal del viento media diaria,2012-04-30 00:00,m/s,2.08000000000142,Preliminar
21206990,TIBAITATA - AUT [21206990],VEL VIENTO,Velocidad 10 minutal del viento media diaria,2012-05-01 00:00,m/s,1.7623148148144,Preliminar
21206990,TIBAITATA - AUT [21206990],VEL VIENTO,Velocidad 10 minutal del viento media diaria,2012-05-02 00:00,m/s,2.25533333333484,Preliminar
21206990,TIBAITATA - AUT [21206990],VEL VIENTO,Velocidad 10 minutal del viento media diaria,2012-05-03 00:00,m/s,2.50533333333464,Preliminar
21206990,TIBAITATA - AUT [21206990],VEL VIENTO,Velocidad 10 minutal del viento media diaria,2012-05-04 00:00,m/s,2.40632575757692,Preliminar
21206990,TIBAITATA - AUT [21206990],VEL VIENTO,Velocidad 10 minutal del viento media diaria,2012-05-05 00:00,m/s,1.84897727272761,Preliminar
21206990,TIBAITATA - AUT [21206990],VEL VIENTO,Velocidad 10 minutal del viento media diaria,2012-05-06 00:00,m/s,1.93294117647059,Preliminar
21206990,TIBAITATA - AUT [21206990],VEL VIENTO,Velocidad 10 minutal del viento media diaria,2012-05-07 00:00,m/s,2.0510714285725,Preliminar
21206990,TIBAITATA - AUT [21206990],VEL VIENTO,Velocidad 10 minutal del viento media diaria,2012-05-08 00:00,m/s,2.21925925925997,Preliminar
21206990,TIBAITATA - AUT [21206990],VEL VIENTO,Velocidad 10 minutal del viento media diaria,2012-05-09 00:00,m/s,2.26613636363733,Preliminar
21206990,TIBAITATA - AUT [21206990],VEL VIENTO,Velocidad 10 minutal del viento media diaria,2012-05-10 00:00,m/s,1.92520833333438,Preliminar
21206990,TIBAITATA - AUT [21206990],VEL VIENTO,Velocidad 10 minutal del viento media diaria,2012-05-11 00:00,m/s,1.90553921568695,Preliminar
21206990,TIBAITATA - AUT [21206990],VEL VIENTO,Velocidad 10 minutal del viento media diaria,2012-05-13 00:00,m/s,2.5504629629647,Preliminar
21206990,TIBAITATA - AUT [21206990],VEL VIENTO,Velocidad 10 minutal del viento media diaria,2012-05-14 00:00,m/s,2.60570833333436,Preliminar
21206990,TIBAITATA - AUT [21206990],VEL VIENTO,Velocidad 10 minutal del viento media diaria,2012-05-19 00:00,m/s,2.23689393939394,Preliminar
21206990,TIBAITATA - AUT [21206990],VEL VIENTO,Velocidad 10 minutal del viento media diaria,2012-05-23 00:00,m/s,2.19029411764833,Preliminar
21206990,TIBAITATA - AUT [21206990],VEL VIENTO,Velocidad 10 minutal del viento media diaria,2012-05-26 00:00,m/s,2.56225000000078,Preliminar
21206990,TIBAITATA - AUT [21206990],VEL VIENTO,Velocidad 10 minutal del viento media diaria,2012-05-27 00:00,m/s,2.57843137254847,Preliminar
21206990,TIBAITATA - AUT [21206990],VEL VIENTO,Velocidad 10 minutal del viento media diaria,2012-05-28 00:00,m/s,2.69315789473806,Preliminar
21206990,TIBAITATA - AUT [21206990],VEL VIENTO,Velocidad 10 minutal del viento media diaria,2012-05-29 00:00,m/s,3.1212500000017,Preliminar
21206990,TIBAITATA - AUT [21206990],VEL VIENTO,Velocidad 10 minutal del viento media diaria,2012-06-01 00:00,m/s,2.23885416666756,Preliminar
21206990,TIBAITATA - AUT [21206990],VEL VIENTO,Velocidad 10 minutal del viento media diaria,2012-06-02 00:00,m/s,2.96833333333333,Preliminar
21206990,TIBAITATA - AUT [21206990],VEL VIENTO,Velocidad 10 minutal del viento media diaria,2012-06-03 00:00,m/s,2.31,Preliminar
21206990,TIBAITATA - AUT [21206990],VEL VIENTO,Velocidad 10 minutal del viento media diaria,2012-06-09 00:00,m/s,2.8944444444466,Preliminar
21206990,TIBAITATA - AUT [21206990],VEL VIENTO,Velocidad 10 minutal del viento media diaria,2012-06-10 00:00,m/s,3.02435185185354,Preliminar
21206990,TIBAITATA - AUT [21206990],VEL VIENTO,Velocidad 10 minutal del viento media diaria,2012-06-11 00:00,m/s,2.62815789473818,Preliminar
21206990,TIBAITATA - AUT [21206990],VEL VIENTO,Velocidad 10 minutal del viento media diaria,2012-06-13 00:00,m/s,1.99868421052745,Preliminar
21206990,TIBAITATA - AUT [21206990],VEL VIENTO,Velocidad 10 minutal del viento media diaria,2012-06-15 00:00,m/s,2.24508771929965,Preliminar
21206990,TIBAITATA - AUT [21206990],VEL VIENTO,Velocidad 10 minutal del viento media diaria,2012-06-16 00:00,m/s,1.93083333333384,Preliminar
21206990,TIBAITATA - AUT [21206990],VEL VIENTO,Velocidad 10 minutal del viento media diaria,2012-06-17 00:00,m/s,2.31764705882353,Preliminar
21206990,TIBAITATA - AUT [21206990],VEL VIENTO,Velocidad 10 minutal del viento media diaria,2012-06-18 00:00,m/s,2.5906140350879,Preliminar
21206990,TIBAITATA - AUT [21206990],VEL VIENTO,Velocidad 10 minutal del viento media diaria,2012-06-19 00:00,m/s,2.37808333333337,Preliminar
21206990,TIBAITATA - AUT [21206990],VEL VIENTO,Velocidad 10 minutal del viento media diaria,2012-06-20 00:00,m/s,3.32416666666697,Preliminar
21206990,TIBAITATA - AUT [21206990],VEL VIENTO,Velocidad 10 minutal del viento media diaria,2012-06-21 00:00,m/s,2.95350877193121,Preliminar
21206990,TIBAITATA - AUT [21206990],VEL VIENTO,Velocidad 10 minutal del viento media diaria,2012-06-22 00:00,m/s,2.97107843137255,Preliminar
21206990,TIBAITATA - AUT [21206990],VEL VIENTO,Velocidad 10 minutal del viento media diaria,2012-06-23 00:00,m/s,2.24675438596399,Preliminar
21206990,TIBAITATA - AUT [21206990],VEL VIENTO,Velocidad 10 minutal del viento media diaria,2012-06-24 00:00,m/s,2.53970588235294,Preliminar
21206990,TIBAITATA - AUT [21206990],VEL VIENTO,Velocidad 10 minutal del viento media diaria,2012-06-26 00:00,m/s,3.29727272727494,Preliminar
21206990,TIBAITATA - AUT [21206990],VEL VIENTO,Velocidad 10 minutal del viento media diaria,2012-06-27 00:00,m/s,2.90883333333353,Preliminar
21206990,TIBAITATA - AUT [21206990],VEL VIENTO,Velocidad 10 minutal del viento media diaria,2012-06-28 00:00,m/s,2.58317460317559,Preliminar
21206990,TIBAITATA - AUT [21206990],VEL VIENTO,Velocidad 10 minutal del viento media diaria,2012-06-29 00:00,m/s,2.28394736842154,Preliminar
21206990,TIBAITATA - AUT [21206990],VEL VIENTO,Velocidad 10 minutal del viento media diaria,2012-07-03 00:00,m/s,2.73880952380965,Preliminar
21206990,TIBAITATA - AUT [21206990],VEL VIENTO,Velocidad 10 minutal del viento media diaria,2012-07-04 00:00,m/s,2.30555555555532,Preliminar
21206990,TIBAITATA - AUT [21206990],VEL VIENTO,Velocidad 10 minutal del viento media diaria,2012-07-05 00:00,m/s,2.31079710145051,Preliminar
21206990,TIBAITATA - AUT [21206990],VEL VIENTO,Velocidad 10 minutal del viento media diaria,2012-07-06 00:00,m/s,2.39197916666828,Preliminar
21206990,TIBAITATA - AUT [21206990],VEL VIENTO,Velocidad 10 minutal del viento media diaria,2012-07-07 00:00,m/s,2.76513157894737,Preliminar
21206990,TIBAITATA - AUT [21206990],VEL VIENTO,Velocidad 10 minutal del viento media diaria,2012-07-08 00:00,m/s,3.25212121212249,Preliminar
21206990,TIBAITATA - AUT [21206990],VEL VIENTO,Velocidad 10 minutal del viento media diaria,2012-07-09 00:00,m/s,3.294841269842,Preliminar
21206990,TIBAITATA - AUT [21206990],VEL VIENTO,Velocidad 10 minutal del viento media diaria,2012-07-13 00:00,m/s,2.27142156862865,Preliminar
21206990,TIBAITATA - AUT [21206990],VEL VIENTO,Velocidad 10 minutal del viento media diaria,2012-07-16 00:00,m/s,3.04385416666879,Preliminar
21206990,TIBAITATA - AUT [21206990],VEL VIENTO,Velocidad 10 minutal del viento media diaria,2012-07-21 00:00,m/s,2.96166666666667,Preliminar
21206990,TIBAITATA - AUT [21206990],VEL VIENTO,Velocidad 10 minutal del viento media diaria,2012-07-26 00:00,m/s,2.95651960784579,Preliminar
21206990,TIBAITATA - AUT [21206990],VEL VIENTO,Velocidad 10 minutal del viento media diaria,2012-07-29 00:00,m/s,2.38755208333449,Preliminar
21206990,TIBAITATA - AUT [21206990],VEL VIENTO,Velocidad 10 minutal del viento media diaria,2012-08-01 00:00,m/s,2.64851851851871,Preliminar
21206990,TIBAITATA - AUT [21206990],VEL VIENTO,Velocidad 10 minutal del viento media diaria,2012-08-04 00:00,m/s,2.15489583333409,Preliminar
21206990,TIBAITATA - AUT [21206990],VEL VIENTO,Velocidad 10 minutal del viento media diaria,2012-08-05 00:00,m/s,3.01460784313984,Preliminar
21206990,TIBAITATA - AUT [21206990],VEL VIENTO,Velocidad 10 minutal del viento media diaria,2012-08-07 00:00,m/s,2.25713541666667,Preliminar
21206990,TIBAITATA - AUT [21206990],VEL VIENTO,Velocidad 10 minutal del viento media diaria,2012-08-10 00:00,m/s,2.90696078431592,Preliminar
21206990,TIBAITATA - AUT [21206990],VEL VIENTO,Velocidad 10 minutal del viento media diaria,2012-08-12 00:00,m/s,2.12572916666665,Preliminar
21206990,TIBAITATA - AUT [21206990],VEL VIENTO,Velocidad 10 minutal del viento media diaria,2012-08-14 00:00,m/s,3.15458333333574,Preliminar
21206990,TIBAITATA - AUT [21206990],VEL VIENTO,Velocidad 10 minutal del viento media diaria,2012-08-20 00:00,m/s,2.25104166666765,Preliminar
21206990,TIBAITATA - AUT [21206990],VEL VIENTO,Velocidad 10 minutal del viento media diaria,2012-08-23 00:00,m/s,2.68925925925926,Preliminar
21206990,TIBAITATA - AUT [21206990],VEL VIENTO,Velocidad 10 minutal del viento media diaria,2012-08-24 00:00,m/s,2.09241666666791,Preliminar
21206990,TIBAITATA - AUT [21206990],VEL VIENTO,Velocidad 10 minutal del viento media diaria,2012-08-26 00:00,m/s,2.94990740740795,Preliminar
21206990,TIBAITATA - AUT [21206990],VEL VIENTO,Velocidad 10 minutal del viento media diaria,2012-08-27 00:00,m/s,3.32745614035088,Preliminar
21206990,TIBAITATA - AUT [21206990],VEL VIENTO,Velocidad 10 minutal del viento media diaria,2012-09-01 00:00,m/s,2.85666666666851,Preliminar
21206990,TIBAITATA - AUT [21206990],VEL VIENTO,Velocidad 10 minutal del viento media diaria,2012-09-03 00:00,m/s,3.14135416666934,Preliminar
21206990,TIBAITATA - AUT [21206990],VEL VIENTO,Velocidad 10 minutal del viento media diaria,2012-09-18 00:00,m/s,2.22686274509804,Preliminar
21206990,TIBAITATA - AUT [21206990],VEL VIENTO,Velocidad 10 minutal del viento media diaria,2012-09-20 00:00,m/s,2.60312500000214,Preliminar
21206990,TIBAITATA - AUT [21206990],VEL VIENTO,Velocidad 10 minutal del viento media diaria,2012-09-22 00:00,m/s,9.85062499999064,Preliminar
21206990,TIBAITATA - AUT [21206990],VEL VIENTO,Velocidad 10 minutal del viento media diaria,2012-09-23 00:00,m/s,15.4345098039216,Preliminar
21206990,TIBAITATA - AUT [21206990],VEL VIENTO,Velocidad 10 minutal del viento media diaria,2012-09-24 00:00,m/s,16.7766666666827,Preliminar
21206990,TIBAITATA - AUT [21206990],VEL VIENTO,Velocidad 10 minutal del viento media diaria,2012-09-25 00:00,m/s,14.3710833333395,Preliminar
21206990,TIBAITATA - AUT [21206990],VEL VIENTO,Velocidad 10 minutal del viento media diaria,2012-09-26 00:00,m/s,16.7903125000018,Preliminar
21206990,TIBAITATA - AUT [21206990],VEL VIENTO,Velocidad 10 minutal del viento media diaria,2012-10-01 00:00,m/s,3.84270833333632,Preliminar
21206990,TIBAITATA - AUT [21206990],VEL VIENTO,Velocidad 10 minutal del viento media diaria,2012-10-02 00:00,m/s,2.6643478260886,Preliminar
21206990,TIBAITATA - AUT [21206990],VEL VIENTO,Velocidad 10 minutal del viento media diaria,2012-10-03 00:00,m/s,1.55895833333333,Preliminar
21206990,TIBAITATA - AUT [21206990],VEL VIENTO,Velocidad 10 minutal del viento media diaria,2012-10-09 00:00,m/s,1.71438596491256,Preliminar
21206990,TIBAITATA - AUT [21206990],VEL VIENTO,Velocidad 10 minutal del viento media diaria,2012-10-13 00:00,m/s,1.76480392156992,Preliminar
21206990,TIBAITATA - AUT [21206990],VEL VIENTO,Velocidad 10 minutal del viento media diaria,2012-10-14 00:00,m/s,1.60322916666832,Preliminar
21206990,TIBAITATA - AUT [21206990],VEL VIENTO,Velocidad 10 minutal del viento media diaria,2012-10-18 00:00,m/s,19.91925,Preliminar
21206990,TIBAITATA - AUT [21206990],VEL VIENTO,Velocidad 10 minutal del viento media diaria,2012-10-31 00:00,m/s,1.47941176470588,Preliminar
21206990,TIBAITATA - AUT [21206990],VEL VIENTO,Velocidad 10 minutal del viento media diaria,2012-11-01 00:00,m/s,2.22216666666806,Preliminar
21206990,TIBAITATA - AUT [21206990],VEL VIENTO,Velocidad 10 minutal del viento media diaria,2012-11-02 00:00,m/s,1.57147058823537,Preliminar
21206990,TIBAITATA - AUT [21206990],VEL VIENTO,Velocidad 10 minutal del viento media diaria,2012-11-08 00:00,m/s,1.88619047619125,Preliminar
21206990,TIBAITATA - AUT [21206990],VEL VIENTO,Velocidad 10 minutal del viento media diaria,2012-11-09 00:00,m/s,1.77228070175492,Preliminar
21206990,TIBAITATA - AUT [21206990],VEL VIENTO,Velocidad 10 minutal del viento media diaria,2012-11-11 00:00,m/s,1.69907407407407,Preliminar
21206990,TIBAITATA - AUT [21206990],VEL VIENTO,Velocidad 10 minutal del viento media diaria,2012-11-12 00:00,m/s,1.66842592592747,Preliminar
21206990,TIBAITATA - AUT [21206990],VEL VIENTO,Velocidad 10 minutal del viento media diaria,2012-11-13 00:00,m/s,1.45117647058824,Preliminar
21206990,TIBAITATA - AUT [21206990],VEL VIENTO,Velocidad 10 minutal del viento media diaria,2012-11-27 00:00,m/s,1.60041666666667,Preliminar
21206990,TIBAITATA - AUT [21206990],VEL VIENTO,Velocidad 10 minutal del viento media diaria,2013-01-19 00:00,m/s,2.19794117647276,Preliminar
21206990,TIBAITATA - AUT [21206990],VEL VIENTO,Velocidad 10 minutal del viento media diaria,2013-01-20 00:00,m/s,1.77231884057986,Preliminar
21206990,TIBAITATA - AUT [21206990],VEL VIENTO,Velocidad 10 minutal del viento media diaria,2013-01-23 00:00,m/s,1.93289855072613,Preliminar
21206990,TIBAITATA - AUT [21206990],VEL VIENTO,Velocidad 10 minutal del viento media diaria,2013-01-24 00:00,m/s,2.18643939393939,Preliminar
21206990,TIBAITATA - AUT [21206990],VEL VIENTO,Velocidad 10 minutal del viento media diaria,2013-01-25 00:00,m/s,1.71047619047676,Preliminar
21206990,TIBAITATA - AUT [21206990],VEL VIENTO,Velocidad 10 minutal del viento media diaria,2013-01-27 00:00,m/s,1.69087719298246,Preliminar
21206990,TIBAITATA - AUT [21206990],VEL VIENTO,Velocidad 10 minutal del viento media diaria,2013-01-29 00:00,m/s,1.79229166666858,Preliminar
21206990,TIBAITATA - AUT [21206990],VEL VIENTO,Velocidad 10 minutal del viento media diaria,2013-01-31 00:00,m/s,2.12603174603395,Preliminar
21206990,TIBAITATA - AUT [21206990],VEL VIENTO,Velocidad 10 minutal del viento media diaria,2013-02-02 00:00,m/s,1.70902777777924,Preliminar
21206990,TIBAITATA - AUT [21206990],VEL VIENTO,Velocidad 10 minutal del viento media diaria,2013-02-04 00:00,m/s,2.16736111111258,Preliminar
21206990,TIBAITATA - AUT [21206990],VEL VIENTO,Velocidad 10 minutal del viento media diaria,2013-02-05 00:00,m/s,1.32620370370392,Preliminar
21206990,TIBAITATA - AUT [21206990],VEL VIENTO,Velocidad 10 minutal del viento media diaria,2013-02-06 00:00,m/s,1.98993055555723,Preliminar
21206990,TIBAITATA - AUT [21206990],VEL VIENTO,Velocidad 10 minutal del viento media diaria,2013-02-07 00:00,m/s,1.98007246376691,Preliminar
21206990,TIBAITATA - AUT [21206990],VEL VIENTO,Velocidad 10 minutal del viento media diaria,2013-02-08 00:00,m/s,2.2598412698416,Preliminar
21206990,TIBAITATA - AUT [21206990],VEL VIENTO,Velocidad 10 minutal del viento media diaria,2013-02-09 00:00,m/s,2.52500000000166,Preliminar
21206990,TIBAITATA - AUT [21206990],VEL VIENTO,Velocidad 10 minutal del viento media diaria,2013-02-10 00:00,m/s,1.82431372549232,Preliminar
21206990,TIBAITATA - AUT [21206990],VEL VIENTO,Velocidad 10 minutal del viento media diaria,2013-02-11 00:00,m/s,1.42557971014535,Preliminar
21206990,TIBAITATA - AUT [21206990],VEL VIENTO,Velocidad 10 minutal del viento media diaria,2013-02-12 00:00,m/s,1.79652777777925,Preliminar
21206990,TIBAITATA - AUT [21206990],VEL VIENTO,Velocidad 10 minutal del viento media diaria,2013-02-13 00:00,m/s,2.24463768116116,Preliminar
21206990,TIBAITATA - AUT [21206990],VEL VIENTO,Velocidad 10 minutal del viento media diaria,2013-02-14 00:00,m/s,1.71492753623313,Preliminar
21206990,TIBAITATA - AUT [21206990],VEL VIENTO,Velocidad 10 minutal del viento media diaria,2013-02-15 00:00,m/s,1.4278985507253,Preliminar
21206990,TIBAITATA - AUT [21206990],VEL VIENTO,Velocidad 10 minutal del viento media diaria,2013-02-16 00:00,m/s,1.57465277777861,Preliminar
21206990,TIBAITATA - AUT [21206990],VEL VIENTO,Velocidad 10 minutal del viento media diaria,2013-02-17 00:00,m/s,1.73159722222289,Preliminar
21206990,TIBAITATA - AUT [21206990],VEL VIENTO,Velocidad 10 minutal del viento media diaria,2013-02-18 00:00,m/s,1.30763888888911,Preliminar
21206990,TIBAITATA - AUT [21206990],VEL VIENTO,Velocidad 10 minutal del viento media diaria,2013-02-19 00:00,m/s,1.56128787878844,Preliminar
21206990,TIBAITATA - AUT [21206990],VEL VIENTO,Velocidad 10 minutal del viento media diaria,2013-02-20 00:00,m/s,2.19295454545581,Preliminar
21206990,TIBAITATA - AUT [21206990],VEL VIENTO,Velocidad 10 minutal del viento media diaria,2013-02-21 00:00,m/s,1.84756944444505,Preliminar
21206990,TIBAITATA - AUT [21206990],VEL VIENTO,Velocidad 10 minutal del viento media diaria,2013-02-22 00:00,m/s,1.36180555555543,Preliminar
21206990,TIBAITATA - AUT [21206990],VEL VIENTO,Velocidad 10 minutal del viento media diaria,2013-02-23 00:00,m/s,2.09409722222253,Preliminar
21206990,TIBAITATA - AUT [21206990],VEL VIENTO,Velocidad 10 minutal del viento media diaria,2013-02-24 00:00,m/s,1.44062500000069,Preliminar
21206990,TIBAITATA - AUT [21206990],VEL VIENTO,Velocidad 10 minutal del viento media diaria,2013-02-25 00:00,m/s,1.3690972222224,Preliminar
21206990,TIBAITATA - AUT [21206990],VEL VIENTO,Velocidad 10 minutal del viento media diaria,2013-02-26 00:00,m/s,1.80217391304409,Preliminar
21206990,TIBAITATA - AUT [21206990],VEL VIENTO,Velocidad 10 minutal del viento media diaria,2013-02-27 00:00,m/s,1.66869565217472,Preliminar
21206990,TIBAITATA - AUT [21206990],VEL VIENTO,Velocidad 10 minutal del viento media diaria,2013-02-28 00:00,m/s,1.50625000000029,Preliminar
21206990,TIBAITATA - AUT [21206990],VEL VIENTO,Velocidad 10 minutal del viento media diaria,2013-03-01 00:00,m/s,1.67881944444489,Preliminar
21206990,TIBAITATA - AUT [21206990],VEL VIENTO,Velocidad 10 minutal del viento media diaria,2013-03-02 00:00,m/s,1.76006944444572,Preliminar
21206990,TIBAITATA - AUT [21206990],VEL VIENTO,Velocidad 10 minutal del viento media diaria,2013-03-03 00:00,m/s,1.6465277777781,Preliminar
21206990,TIBAITATA - AUT [21206990],VEL VIENTO,Velocidad 10 minutal del viento media diaria,2013-03-04 00:00,m/s,1.25520833333401,Preliminar
21206990,TIBAITATA - AUT [21206990],VEL VIENTO,Velocidad 10 minutal del viento media diaria,2013-03-05 00:00,m/s,1.7465277777776,Preliminar
21206990,TIBAITATA - AUT [21206990],VEL VIENTO,Velocidad 10 minutal del viento media diaria,2013-03-06 00:00,m/s,1.90971014492778,Preliminar
21206990,TIBAITATA - AUT [21206990],VEL VIENTO,Velocidad 10 minutal del viento media diaria,2013-03-07 00:00,m/s,2.6284126984127,Preliminar
21206990,TIBAITATA - AUT [21206990],VEL VIENTO,Velocidad 10 minutal del viento media diaria,2013-03-08 00:00,m/s,2.45451388889024,Preliminar
21206990,TIBAITATA - AUT [21206990],VEL VIENTO,Velocidad 10 minutal del viento media diaria,2013-03-09 00:00,m/s,2.16420634920773,Preliminar
21206990,TIBAITATA - AUT [21206990],VEL VIENTO,Velocidad 10 minutal del viento media diaria,2013-03-10 00:00,m/s,2.18550724637852,Preliminar
21206990,TIBAITATA - AUT [21206990],VEL VIENTO,Velocidad 10 minutal del viento media diaria,2013-03-11 00:00,m/s,1.92543478260998,Preliminar
21206990,TIBAITATA - AUT [21206990],VEL VIENTO,Velocidad 10 minutal del viento media diaria,2013-03-12 00:00,m/s,1.61701388888959,Preliminar
21206990,TIBAITATA - AUT [21206990],VEL VIENTO,Velocidad 10 minutal del viento media diaria,2013-03-13 00:00,m/s,1.67579710144928,Preliminar
21206990,TIBAITATA - AUT [21206990],VEL VIENTO,Velocidad 10 minutal del viento media diaria,2013-03-14 00:00,m/s,1.98368055555541,Preliminar
21206990,TIBAITATA - AUT [21206990],VEL VIENTO,Velocidad 10 minutal del viento media diaria,2013-03-15 00:00,m/s,1.9444696969709,Preliminar
21206990,TIBAITATA - AUT [21206990],VEL VIENTO,Velocidad 10 minutal del viento media diaria,2013-03-16 00:00,m/s,1.98014492753749,Preliminar
21206990,TIBAITATA - AUT [21206990],VEL VIENTO,Velocidad 10 minutal del viento media diaria,2013-03-17 00:00,m/s,1.78298611111204,Preliminar
21206990,TIBAITATA - AUT [21206990],VEL VIENTO,Velocidad 10 minutal del viento media diaria,2013-03-18 00:00,m/s,1.4871739130445,Preliminar
21206990,TIBAITATA - AUT [21206990],VEL VIENTO,Velocidad 10 minutal del viento media diaria,2013-03-19 00:00,m/s,1.71939393939467,Preliminar
21206990,TIBAITATA - AUT [21206990],VEL VIENTO,Velocidad 10 minutal del viento media diaria,2013-03-20 00:00,m/s,2.19687500000118,Preliminar
21206990,TIBAITATA - AUT [21206990],VEL VIENTO,Velocidad 10 minutal del viento media diaria,2013-03-21 00:00,m/s,1.99375000000183,Preliminar
21206990,TIBAITATA - AUT [21206990],VEL VIENTO,Velocidad 10 minutal del viento media diaria,2013-03-22 00:00,m/s,1.86123188405917,Preliminar
21206990,TIBAITATA - AUT [21206990],VEL VIENTO,Velocidad 10 minutal del viento media diaria,2013-03-23 00:00,m/s,1.54027777777849,Preliminar
21206990,TIBAITATA - AUT [21206990],VEL VIENTO,Velocidad 10 minutal del viento media diaria,2013-03-24 00:00,m/s,1.24999999999987,Preliminar
21206990,TIBAITATA - AUT [21206990],VEL VIENTO,Velocidad 10 minutal del viento media diaria,2013-03-25 00:00,m/s,1.98115942029057,Preliminar
21206990,TIBAITATA - AUT [21206990],VEL VIENTO,Velocidad 10 minutal del viento media diaria,2013-03-26 00:00,m/s,2.36805555555713,Preliminar
21206990,TIBAITATA - AUT [21206990],VEL VIENTO,Velocidad 10 minutal del viento media diaria,2013-03-27 00:00,m/s,2.31770833333468,Preliminar
21206990,TIBAITATA - AUT [21206990],VEL VIENTO,Velocidad 10 minutal del viento media diaria,2013-03-28 00:00,m/s,2.17801587301805,Preliminar
21206990,TIBAITATA - AUT [21206990],VEL VIENTO,Velocidad 10 minutal del viento media diaria,2013-03-29 00:00,m/s,1.71145833333303,Preliminar
21206990,TIBAITATA - AUT [21206990],VEL VIENTO,Velocidad 10 minutal del viento media diaria,2013-03-30 00:00,m/s,1.79375000000143,Preliminar
21206990,TIBAITATA - AUT [21206990],VEL VIENTO,Velocidad 10 minutal del viento media diaria,2013-03-31 00:00,m/s,1.87543478260996,Preliminar
21206990,TIBAITATA - AUT [21206990],VEL VIENTO,Velocidad 10 minutal del viento media diaria,2013-04-01 00:00,m/s,1.9795138888902,Preliminar
21206990,TIBAITATA - AUT [21206990],VEL VIENTO,Velocidad 10 minutal del viento media diaria,2013-04-02 00:00,m/s,1.62951388888962,Preliminar
21206990,TIBAITATA - AUT [21206990],VEL VIENTO,Velocidad 10 minutal del viento media diaria,2013-04-03 00:00,m/s,1.78724637681281,Preliminar
21206990,TIBAITATA - AUT [21206990],VEL VIENTO,Velocidad 10 minutal del viento media diaria,2013-04-04 00:00,m/s,2.13366666666667,Preliminar
21206990,TIBAITATA - AUT [21206990],VEL VIENTO,Velocidad 10 minutal del viento media diaria,2013-04-05 00:00,m/s,2.00868055555684,Preliminar
21206990,TIBAITATA - AUT [21206990],VEL VIENTO,Velocidad 10 minutal del viento media diaria,2013-04-06 00:00,m/s,2.11746376811607,Preliminar
21206990,TIBAITATA - AUT [21206990],VEL VIENTO,Velocidad 10 minutal del viento media diaria,2013-04-07 00:00,m/s,1.89463768115977,Preliminar
21206990,TIBAITATA - AUT [21206990],VEL VIENTO,Velocidad 10 minutal del viento media diaria,2013-04-08 00:00,m/s,1.93263888889073,Preliminar
21206990,TIBAITATA - AUT [21206990],VEL VIENTO,Velocidad 10 minutal del viento media diaria,2013-04-09 00:00,m/s,2.11388888889043,Preliminar
21206990,TIBAITATA - AUT [21206990],VEL VIENTO,Velocidad 10 minutal del viento media diaria,2013-04-10 00:00,m/s,2.06395833333461,Preliminar
21206990,TIBAITATA - AUT [21206990],VEL VIENTO,Velocidad 10 minutal del viento media diaria,2013-04-11 00:00,m/s,2.02681159420417,Preliminar
21206990,TIBAITATA - AUT [21206990],VEL VIENTO,Velocidad 10 minutal del viento media diaria,2013-04-12 00:00,m/s,1.79236111111127,Preliminar
21206990,TIBAITATA - AUT [21206990],VEL VIENTO,Velocidad 10 minutal del viento media diaria,2013-04-14 00:00,m/s,1.83382352941176,Preliminar
21206990,TIBAITATA - AUT [21206990],VEL VIENTO,Velocidad 10 minutal del viento media diaria,2013-04-15 00:00,m/s,1.47416666666669,Preliminar
21206990,TIBAITATA - AUT [21206990],VEL VIENTO,Velocidad 10 minutal del viento media diaria,2013-04-16 00:00,m/s,1.64097222222262,Preliminar
21206990,TIBAITATA - AUT [21206990],VEL VIENTO,Velocidad 10 minutal del viento media diaria,2013-04-17 00:00,m/s,1.75768115942122,Preliminar
21206990,TIBAITATA - AUT [21206990],VEL VIENTO,Velocidad 10 minutal del viento media diaria,2013-04-18 00:00,m/s,2.07,Preliminar
21206990,TIBAITATA - AUT [21206990],VEL VIENTO,Velocidad 10 minutal del viento media diaria,2013-04-19 00:00,m/s,1.52638888888972,Preliminar
21206990,TIBAITATA - AUT [21206990],VEL VIENTO,Velocidad 10 minutal del viento media diaria,2013-04-20 00:00,m/s,1.49201388888959,Preliminar
21206990,TIBAITATA - AUT [21206990],VEL VIENTO,Velocidad 10 minutal del viento media diaria,2013-04-21 00:00,m/s,1.3576388888894,Preliminar
21206990,TIBAITATA - AUT [21206990],VEL VIENTO,Velocidad 10 minutal del viento media diaria,2013-04-22 00:00,m/s,2.00902777777919,Preliminar
21206990,TIBAITATA - AUT [21206990],VEL VIENTO,Velocidad 10 minutal del viento media diaria,2013-04-23 00:00,m/s,2.01458333333495,Preliminar
21206990,TIBAITATA - AUT [21206990],VEL VIENTO,Velocidad 10 minutal del viento media diaria,2013-04-24 00:00,m/s,2.09946969697086,Preliminar
21206990,TIBAITATA - AUT [21206990],VEL VIENTO,Velocidad 10 minutal del viento media diaria,2013-04-25 00:00,m/s,2.1309027777787,Preliminar
21206990,TIBAITATA - AUT [21206990],VEL VIENTO,Velocidad 10 minutal del viento media diaria,2013-04-26 00:00,m/s,2.18368055555674,Preliminar
21206990,TIBAITATA - AUT [21206990],VEL VIENTO,Velocidad 10 minutal del viento media diaria,2013-05-14 00:00,m/s,1.9750000000014,Preliminar
21206990,TIBAITATA - AUT [21206990],VEL VIENTO,Velocidad 10 minutal del viento media diaria,2013-05-15 00:00,m/s,1.78993055555587,Preliminar
21206990,TIBAITATA - AUT [21206990],VEL VIENTO,Velocidad 10 minutal del viento media diaria,2013-05-16 00:00,m/s,1.50868055555612,Preliminar
21206990,TIBAITATA - AUT [21206990],VEL VIENTO,Velocidad 10 minutal del viento media diaria,2013-05-17 00:00,m/s,1.30243055555601,Preliminar
21206990,TIBAITATA - AUT [21206990],VEL VIENTO,Velocidad 10 minutal del viento media diaria,2013-05-18 00:00,m/s,1.93611111111236,Preliminar
21206990,TIBAITATA - AUT [21206990],VEL VIENTO,Velocidad 10 minutal del viento media diaria,2013-05-19 00:00,m/s,2.00972222222338,Preliminar
21206990,TIBAITATA - AUT [21206990],VEL VIENTO,Velocidad 10 minutal del viento media diaria,2013-05-20 00:00,m/s,1.77986111111221,Preliminar
21206990,TIBAITATA - AUT [21206990],VEL VIENTO,Velocidad 10 minutal del viento media diaria,2013-05-21 00:00,m/s,1.76840277777842,Preliminar
21206990,TIBAITATA - AUT [21206990],VEL VIENTO,Velocidad 10 minutal del viento media diaria,2013-05-22 00:00,m/s,1.73871212121297,Preliminar
21206990,TIBAITATA - AUT [21206990],VEL VIENTO,Velocidad 10 minutal del viento media diaria,2013-05-24 00:00,m/s,1.76196969697018,Preliminar
21206990,TIBAITATA - AUT [21206990],VEL VIENTO,Velocidad 10 minutal del viento media diaria,2013-05-25 00:00,m/s,1.79739130434853,Preliminar
21206990,TIBAITATA - AUT [21206990],VEL VIENTO,Velocidad 10 minutal del viento media diaria,2013-05-26 00:00,m/s,1.66527777777859,Preliminar
21206990,TIBAITATA - AUT [21206990],VEL VIENTO,Velocidad 10 minutal del viento media diaria,2013-05-27 00:00,m/s,1.70381944444536,Preliminar
21206990,TIBAITATA - AUT [21206990],VEL VIENTO,Velocidad 10 minutal del viento media diaria,2013-05-28 00:00,m/s,1.6722222222226,Preliminar
21206990,TIBAITATA - AUT [21206990],VEL VIENTO,Velocidad 10 minutal del viento media diaria,2013-05-29 00:00,m/s,1.3170138888896,Preliminar
21206990,TIBAITATA - AUT [21206990],VEL VIENTO,Velocidad 10 minutal del viento media diaria,2013-05-30 00:00,m/s,1.54652777777884,Preliminar
21206990,TIBAITATA - AUT [21206990],VEL VIENTO,Velocidad 10 minutal del viento media diaria,2013-05-31 00:00,m/s,1.54756944444518,Preliminar
21206990,TIBAITATA - AUT [21206990],VEL VIENTO,Velocidad 10 minutal del viento media diaria,2013-06-01 00:00,m/s,1.4955000000007,Preliminar
21206990,TIBAITATA - AUT [21206990],VEL VIENTO,Velocidad 10 minutal del viento media diaria,2013-06-02 00:00,m/s,1.76111111111223,Preliminar
21206990,TIBAITATA - AUT [21206990],VEL VIENTO,Velocidad 10 minutal del viento media diaria,2013-06-03 00:00,m/s,2.32534722222283,Preliminar
21206990,TIBAITATA - AUT [21206990],VEL VIENTO,Velocidad 10 minutal del viento media diaria,2013-06-04 00:00,m/s,2.66840277777961,Preliminar
21206990,TIBAITATA - AUT [21206990],VEL VIENTO,Velocidad 10 minutal del viento media diaria,2013-06-05 00:00,m/s,2.18472222222394,Preliminar
21206990,TIBAITATA - AUT [21206990],VEL VIENTO,Velocidad 10 minutal del viento media diaria,2013-06-06 00:00,m/s,1.4521014492757,Preliminar
21206990,TIBAITATA - AUT [21206990],VEL VIENTO,Velocidad 10 minutal del viento media diaria,2013-06-07 00:00,m/s,2.24618055555697,Preliminar
21206990,TIBAITATA - AUT [21206990],VEL VIENTO,Velocidad 10 minutal del viento media diaria,2013-06-08 00:00,m/s,2.55937500000086,Preliminar
21206990,TIBAITATA - AUT [21206990],VEL VIENTO,Velocidad 10 minutal del viento media diaria,2013-06-09 00:00,m/s,2.32256944444637,Preliminar
21206990,TIBAITATA - AUT [21206990],VEL VIENTO,Velocidad 10 minutal del viento media diaria,2013-06-10 00:00,m/s,1.77673611111185,Preliminar
21206990,TIBAITATA - AUT [21206990],VEL VIENTO,Velocidad 10 minutal del viento media diaria,2013-06-11 00:00,m/s,2.23750000000122,Preliminar
21206990,TIBAITATA - AUT [21206990],VEL VIENTO,Velocidad 10 minutal del viento media diaria,2013-06-12 00:00,m/s,1.74097222222365,Preliminar
21206990,TIBAITATA - AUT [21206990],VEL VIENTO,Velocidad 10 minutal del viento media diaria,2013-06-13 00:00,m/s,1.22708333333322,Preliminar
21206990,TIBAITATA - AUT [21206990],VEL VIENTO,Velocidad 10 minutal del viento media diaria,2013-06-14 00:00,m/s,2.18402777777897,Preliminar
21206990,TIBAITATA - AUT [21206990],VEL VIENTO,Velocidad 10 minutal del viento media diaria,2013-06-15 00:00,m/s,2.49687500000167,Preliminar
21206990,TIBAITATA - AUT [21206990],VEL VIENTO,Velocidad 10 minutal del viento media diaria,2013-06-16 00:00,m/s,1.65416666666754,Preliminar
21206990,TIBAITATA - AUT [21206990],VEL VIENTO,Velocidad 10 minutal del viento media diaria,2013-06-17 00:00,m/s,1.46431818181822,Preliminar
21206990,TIBAITATA - AUT [21206990],VEL VIENTO,Velocidad 10 minutal del viento media diaria,2013-06-18 00:00,m/s,1.99375000000037,Preliminar
21206990,TIBAITATA - AUT [21206990],VEL VIENTO,Velocidad 10 minutal del viento media diaria,2013-06-19 00:00,m/s,2.60034722222396,Preliminar
21206990,TIBAITATA - AUT [21206990],VEL VIENTO,Velocidad 10 minutal del viento media diaria,2013-06-20 00:00,m/s,2.53750000000092,Preliminar
21206990,TIBAITATA - AUT [21206990],VEL VIENTO,Velocidad 10 minutal del viento media diaria,2013-06-21 00:00,m/s,1.59652777777892,Preliminar
21206990,TIBAITATA - AUT [21206990],VEL VIENTO,Velocidad 10 minutal del viento media diaria,2013-06-22 00:00,m/s,1.44861111111163,Preliminar
21206990,TIBAITATA - AUT [21206990],VEL VIENTO,Velocidad 10 minutal del viento media diaria,2013-06-23 00:00,m/s,1.96805555555509,Preliminar
21206990,TIBAITATA - AUT [21206990],VEL VIENTO,Velocidad 10 minutal del viento media diaria,2013-06-24 00:00,m/s,1.79305555555642,Preliminar
21206990,TIBAITATA - AUT [21206990],VEL VIENTO,Velocidad 10 minutal del viento media diaria,2013-06-25 00:00,m/s,1.65729166666696,Preliminar
21206990,TIBAITATA - AUT [21206990],VEL VIENTO,Velocidad 10 minutal del viento media diaria,2013-06-26 00:00,m/s,1.84618055555672,Preliminar
21206990,TIBAITATA - AUT [21206990],VEL VIENTO,Velocidad 10 minutal del viento media diaria,2013-06-27 00:00,m/s,1.99618055555589,Preliminar
21206990,TIBAITATA - AUT [21206990],VEL VIENTO,Velocidad 10 minutal del viento media diaria,2013-06-28 00:00,m/s,1.9072916666681,Preliminar
21206990,TIBAITATA - AUT [21206990],VEL VIENTO,Velocidad 10 minutal del viento media diaria,2013-06-29 00:00,m/s,1.86006944444527,Preliminar
21206990,TIBAITATA - AUT [21206990],VEL VIENTO,Velocidad 10 minutal del viento media diaria,2013-06-30 00:00,m/s,1.91753472222361,Preliminar
21206990,TIBAITATA - AUT [21206990],VEL VIENTO,Velocidad 10 minutal del viento media diaria,2013-07-01 00:00,m/s,1.42499999999948,Preliminar
21206990,TIBAITATA - AUT [21206990],VEL VIENTO,Velocidad 10 minutal del viento media diaria,2013-07-02 00:00,m/s,1.70104166666777,Preliminar
21206990,TIBAITATA - AUT [21206990],VEL VIENTO,Velocidad 10 minutal del viento media diaria,2013-07-03 00:00,m/s,1.85104166666793,Preliminar
21206990,TIBAITATA - AUT [21206990],VEL VIENTO,Velocidad 10 minutal del viento media diaria,2013-07-04 00:00,m/s,1.67222222222334,Preliminar
21206990,TIBAITATA - AUT [21206990],VEL VIENTO,Velocidad 10 minutal del viento media diaria,2013-07-05 00:00,m/s,2.30381944444386,Preliminar
21206990,TIBAITATA - AUT [21206990],VEL VIENTO,Velocidad 10 minutal del viento media diaria,2013-07-06 00:00,m/s,2.24305555555679,Preliminar
21206990,TIBAITATA - AUT [21206990],VEL VIENTO,Velocidad 10 minutal del viento media diaria,2013-07-07 00:00,m/s,1.83993055555622,Preliminar
21206990,TIBAITATA - AUT [21206990],VEL VIENTO,Velocidad 10 minutal del viento media diaria,2013-07-08 00:00,m/s,1.89791666666719,Preliminar
21206990,TIBAITATA - AUT [21206990],VEL VIENTO,Velocidad 10 minutal del viento media diaria,2013-07-09 00:00,m/s,2.13298611111195,Preliminar
21206990,TIBAITATA - AUT [21206990],VEL VIENTO,Velocidad 10 minutal del viento media diaria,2013-07-10 00:00,m/s,2.74965277777963,Preliminar
21206990,TIBAITATA - AUT [21206990],VEL VIENTO,Velocidad 10 minutal del viento media diaria,2013-07-11 00:00,m/s,1.84201388888936,Preliminar
21206990,TIBAITATA - AUT [21206990],VEL VIENTO,Velocidad 10 minutal del viento media diaria,2013-07-12 00:00,m/s,1.63437500000037,Preliminar
21206990,TIBAITATA - AUT [21206990],VEL VIENTO,Velocidad 10 minutal del viento media diaria,2013-07-13 00:00,m/s,1.55902777777858,Preliminar
21206990,TIBAITATA - AUT [21206990],VEL VIENTO,Velocidad 10 minutal del viento media diaria,2013-07-14 00:00,m/s,2.14166666666831,Preliminar
21206990,TIBAITATA - AUT [21206990],VEL VIENTO,Velocidad 10 minutal del viento media diaria,2013-07-15 00:00,m/s,2.112152777779,Preliminar
21206990,TIBAITATA - AUT [21206990],VEL VIENTO,Velocidad 10 minutal del viento media diaria,2013-07-16 00:00,m/s,2.56250000000171,Preliminar
21206990,TIBAITATA - AUT [21206990],VEL VIENTO,Velocidad 10 minutal del viento media diaria,2013-07-17 00:00,m/s,2.51111111111079,Preliminar
21206990,TIBAITATA - AUT [21206990],VEL VIENTO,Velocidad 10 minutal del viento media diaria,2013-07-18 00:00,m/s,1.76527777777819,Preliminar
21206990,TIBAITATA - AUT [21206990],VEL VIENTO,Velocidad 10 minutal del viento media diaria,2013-07-19 00:00,m/s,1.5694444444454,Preliminar
21206990,TIBAITATA - AUT [21206990],VEL VIENTO,Velocidad 10 minutal del viento media diaria,2013-07-20 00:00,m/s,2.27291666666814,Preliminar
21206990,TIBAITATA - AUT [21206990],VEL VIENTO,Velocidad 10 minutal del viento media diaria,2013-07-21 00:00,m/s,2.08958333333434,Preliminar
21206990,TIBAITATA - AUT [21206990],VEL VIENTO,Velocidad 10 minutal del viento media diaria,2013-07-22 00:00,m/s,1.61944444444482,Preliminar
21206990,TIBAITATA - AUT [21206990],VEL VIENTO,Velocidad 10 minutal del viento media diaria,2013-07-23 00:00,m/s,2.05173611111214,Preliminar
21206990,TIBAITATA - AUT [21206990],VEL VIENTO,Velocidad 10 minutal del viento media diaria,2013-07-24 00:00,m/s,1.96111111111174,Preliminar
21206990,TIBAITATA - AUT [21206990],VEL VIENTO,Velocidad 10 minutal del viento media diaria,2013-07-25 00:00,m/s,2.11388888888984,Preliminar
21206990,TIBAITATA - AUT [21206990],VEL VIENTO,Velocidad 10 minutal del viento media diaria,2013-07-26 00:00,m/s,2.68819444444506,Preliminar
21206990,TIBAITATA - AUT [21206990],VEL VIENTO,Velocidad 10 minutal del viento media diaria,2013-07-27 00:00,m/s,3.01840277778058,Preliminar
21206990,TIBAITATA - AUT [21206990],VEL VIENTO,Velocidad 10 minutal del viento media diaria,2013-07-28 00:00,m/s,3.37500000000254,Preliminar
21206990,TIBAITATA - AUT [21206990],VEL VIENTO,Velocidad 10 minutal del viento media diaria,2013-07-29 00:00,m/s,2.46111111111223,Preliminar
21206990,TIBAITATA - AUT [21206990],VEL VIENTO,Velocidad 10 minutal del viento media diaria,2013-07-30 00:00,m/s,2.01770833333475,Preliminar
21206990,TIBAITATA - AUT [21206990],VEL VIENTO,Velocidad 10 minutal del viento media diaria,2013-07-31 00:00,m/s,2.06736111111164,Preliminar
21206990,TIBAITATA - AUT [21206990],VEL VIENTO,Velocidad 10 minutal del viento media diaria,2013-08-01 00:00,m/s,1.49965277777821,Preliminar
21206990,TIBAITATA - AUT [21206990],VEL VIENTO,Velocidad 10 minutal del viento media diaria,2013-08-02 00:00,m/s,2.05763888889029,Preliminar
21206990,TIBAITATA - AUT [21206990],VEL VIENTO,Velocidad 10 minutal del viento media diaria,2013-08-03 00:00,m/s,2.37500000000134,Preliminar
21206990,TIBAITATA - AUT [21206990],VEL VIENTO,Velocidad 10 minutal del viento media diaria,2013-08-04 00:00,m/s,2.14201388888953,Preliminar
21206990,TIBAITATA - AUT [21206990],VEL VIENTO,Velocidad 10 minutal del viento media diaria,2013-08-05 00:00,m/s,1.88680555555519,Preliminar
21206990,TIBAITATA - AUT [21206990],VEL VIENTO,Velocidad 10 minutal del viento media diaria,2013-08-06 00:00,m/s,1.79236111111238,Preliminar
21206990,TIBAITATA - AUT [21206990],VEL VIENTO,Velocidad 10 minutal del viento media diaria,2013-08-07 00:00,m/s,1.78576388888948,Preliminar
21206990,TIBAITATA - AUT [21206990],VEL VIENTO,Velocidad 10 minutal del viento media diaria,2013-08-08 00:00,m/s,1.76944444444508,Preliminar
21206990,TIBAITATA - AUT [21206990],VEL VIENTO,Velocidad 10 minutal del viento media diaria,2013-08-09 00:00,m/s,1.6767361111121,Preliminar
21206990,TIBAITATA - AUT [21206990],VEL VIENTO,Velocidad 10 minutal del viento media diaria,2013-08-10 00:00,m/s,1.99861111111182,Preliminar
21206990,TIBAITATA - AUT [21206990],VEL VIENTO,Velocidad 10 minutal del viento media diaria,2013-08-11 00:00,m/s,1.98993055555677,Preliminar
21206990,TIBAITATA - AUT [21206990],VEL VIENTO,Velocidad 10 minutal del viento media diaria,2013-08-12 00:00,m/s,1.74895833333219,Preliminar
21206990,TIBAITATA - AUT [21206990],VEL VIENTO,Velocidad 10 minutal del viento media diaria,2013-08-13 00:00,m/s,1.67083333333319,Preliminar
21206990,TIBAITATA - AUT [21206990],VEL VIENTO,Velocidad 10 minutal del viento media diaria,2013-08-14 00:00,m/s,1.7871527777784,Preliminar
21206990,TIBAITATA - AUT [21206990],VEL VIENTO,Velocidad 10 minutal del viento media diaria,2013-08-15 00:00,m/s,2.81145833333555,Preliminar
21206990,TIBAITATA - AUT [21206990],VEL VIENTO,Velocidad 10 minutal del viento media diaria,2013-08-16 00:00,m/s,2.0291666666682,Preliminar
21206990,TIBAITATA - AUT [21206990],VEL VIENTO,Velocidad 10 minutal del viento media diaria,2013-08-17 00:00,m/s,2.37951388889072,Preliminar
21206990,TIBAITATA - AUT [21206990],VEL VIENTO,Velocidad 10 minutal del viento media diaria,2013-08-18 00:00,m/s,1.60902777777879,Preliminar
21206990,TIBAITATA - AUT [21206990],VEL VIENTO,Velocidad 10 minutal del viento media diaria,2013-08-19 00:00,m/s,1.92430555555612,Preliminar
21206990,TIBAITATA - AUT [21206990],VEL VIENTO,Velocidad 10 minutal del viento media diaria,2013-08-20 00:00,m/s,2.32812500000083,Preliminar
21206990,TIBAITATA - AUT [21206990],VEL VIENTO,Velocidad 10 minutal del viento media diaria,2013-08-21 00:00,m/s,2.53194444444599,Preliminar
21206990,TIBAITATA - AUT [21206990],VEL VIENTO,Velocidad 10 minutal del viento media diaria,2013-08-22 00:00,m/s,1.95034722222308,Preliminar
21206990,TIBAITATA - AUT [21206990],VEL VIENTO,Velocidad 10 minutal del viento media diaria,2013-08-23 00:00,m/s,1.85104166666741,Preliminar
21206990,TIBAITATA - AUT [21206990],VEL VIENTO,Velocidad 10 minutal del viento media diaria,2013-08-24 00:00,m/s,1.97777777777886,Preliminar
21206990,TIBAITATA - AUT [21206990],VEL VIENTO,Velocidad 10 minutal del viento media diaria,2013-08-25 00:00,m/s,1.89756944444461,Preliminar
21206990,TIBAITATA - AUT [21206990],VEL VIENTO,Velocidad 10 minutal del viento media diaria,2013-08-26 00:00,m/s,2.15458333333358,Preliminar
21206990,TIBAITATA - AUT [21206990],VEL VIENTO,Velocidad 10 minutal del viento media diaria,2013-08-27 00:00,m/s,2.26388888889036,Preliminar
21206990,TIBAITATA - AUT [21206990],VEL VIENTO,Velocidad 10 minutal del viento media diaria,2013-08-28 00:00,m/s,2.75416666666802,Preliminar
21206990,TIBAITATA - AUT [21206990],VEL VIENTO,Velocidad 10 minutal del viento media diaria,2013-08-29 00:00,m/s,3.0041666666685,Preliminar
21206990,TIBAITATA - AUT [21206990],VEL VIENTO,Velocidad 10 minutal del viento media diaria,2013-08-30 00:00,m/s,2.10381944444576,Preliminar
21206990,TIBAITATA - AUT [21206990],VEL VIENTO,Velocidad 10 minutal del viento media diaria,2013-08-31 00:00,m/s,2.93437500000135,Preliminar
21206990,TIBAITATA - AUT [21206990],VEL VIENTO,Velocidad 10 minutal del viento media diaria,2013-09-01 00:00,m/s,2.19131944444614,Preliminar
21206990,TIBAITATA - AUT [21206990],VEL VIENTO,Velocidad 10 minutal del viento media diaria,2013-09-02 00:00,m/s,1.87361111111224,Preliminar
21206990,TIBAITATA - AUT [21206990],VEL VIENTO,Velocidad 10 minutal del viento media diaria,2013-09-03 00:00,m/s,1.86805555555653,Preliminar
21206990,TIBAITATA - AUT [21206990],VEL VIENTO,Velocidad 10 minutal del viento media diaria,2013-09-04 00:00,m/s,1.4114583333334,Preliminar
21206990,TIBAITATA - AUT [21206990],VEL VIENTO,Velocidad 10 minutal del viento media diaria,2013-09-05 00:00,m/s,1.70000000000107,Preliminar
21206990,TIBAITATA - AUT [21206990],VEL VIENTO,Velocidad 10 minutal del viento media diaria,2013-09-06 00:00,m/s,2.04131944444596,Preliminar
21206990,TIBAITATA - AUT [21206990],VEL VIENTO,Velocidad 10 minutal del viento media diaria,2013-09-07 00:00,m/s,2.02430555555656,Preliminar
21206990,TIBAITATA - AUT [21206990],VEL VIENTO,Velocidad 10 minutal del viento media diaria,2013-09-08 00:00,m/s,1.87881944444465,Preliminar
21206990,TIBAITATA - AUT [21206990],VEL VIENTO,Velocidad 10 minutal del viento media diaria,2013-09-09 00:00,m/s,1.55798611111156,Preliminar
21206990,TIBAITATA - AUT [21206990],VEL VIENTO,Velocidad 10 minutal del viento media diaria,2013-09-10 00:00,m/s,2.10520833333473,Preliminar
21206990,TIBAITATA - AUT [21206990],VEL VIENTO,Velocidad 10 minutal del viento media diaria,2013-09-11 00:00,m/s,1.92465277777918,Preliminar
21206990,TIBAITATA - AUT [21206990],VEL VIENTO,Velocidad 10 minutal del viento media diaria,2013-09-12 00:00,m/s,1.70555555555638,Preliminar
21206990,TIBAITATA - AUT [21206990],VEL VIENTO,Velocidad 10 minutal del viento media diaria,2013-09-13 00:00,m/s,1.67673611111191,Preliminar
21206990,TIBAITATA - AUT [21206990],VEL VIENTO,Velocidad 10 minutal del viento media diaria,2013-09-14 00:00,m/s,2.1378472222232,Preliminar
21206990,TIBAITATA - AUT [21206990],VEL VIENTO,Velocidad 10 minutal del viento media diaria,2013-09-15 00:00,m/s,2.0826388888898,Preliminar
21206990,TIBAITATA - AUT [21206990],VEL VIENTO,Velocidad 10 minutal del viento media diaria,2013-09-16 00:00,m/s,1.82291666666767,Preliminar
21206990,TIBAITATA - AUT [21206990],VEL VIENTO,Velocidad 10 minutal del viento media diaria,2013-09-17 00:00,m/s,1.67739583333336,Preliminar
21206990,TIBAITATA - AUT [21206990],VEL VIENTO,Velocidad 10 minutal del viento media diaria,2013-09-18 00:00,m/s,2.09427083333462,Preliminar
21206990,TIBAITATA - AUT [21206990],VEL VIENTO,Velocidad 10 minutal del viento media diaria,2013-09-19 00:00,m/s,2.52295138888987,Preliminar
21206990,TIBAITATA - AUT [21206990],VEL VIENTO,Velocidad 10 minutal del viento media diaria,2013-09-20 00:00,m/s,2.33062500000171,Preliminar
21206990,TIBAITATA - AUT [21206990],VEL VIENTO,Velocidad 10 minutal del viento media diaria,2013-09-21 00:00,m/s,1.58916666666734,Preliminar
21206990,TIBAITATA - AUT [21206990],VEL VIENTO,Velocidad 10 minutal del viento media diaria,2013-09-22 00:00,m/s,2.37184027777915,Preliminar
21206990,TIBAITATA - AUT [21206990],VEL VIENTO,Velocidad 10 minutal del viento media diaria,2013-09-23 00:00,m/s,2.42833333333386,Preliminar
21206990,TIBAITATA - AUT [21206990],VEL VIENTO,Velocidad 10 minutal del viento media diaria,2013-09-24 00:00,m/s,2.65975694444602,Preliminar
21206990,TIBAITATA - AUT [21206990],VEL VIENTO,Velocidad 10 minutal del viento media diaria,2013-09-25 00:00,m/s,2.40881944444561,Preliminar
21206990,TIBAITATA - AUT [21206990],VEL VIENTO,Velocidad 10 minutal del viento media diaria,2013-09-26 00:00,m/s,2.16982638889032,Preliminar
21206990,TIBAITATA - AUT [21206990],VEL VIENTO,Velocidad 10 minutal del viento media diaria,2013-09-27 00:00,m/s,2.60545138888987,Preliminar
21206990,TIBAITATA - AUT [21206990],VEL VIENTO,Velocidad 10 minutal del viento media diaria,2013-09-28 00:00,m/s,2.32725694443959,Preliminar
21206990,TIBAITATA - AUT [21206990],VEL VIENTO,Velocidad 10 minutal del viento media diaria,2013-09-29 00:00,m/s,2.51652777777907,Preliminar
21206990,TIBAITATA - AUT [21206990],VEL VIENTO,Velocidad 10 minutal del viento media diaria,2013-09-30 00:00,m/s,2.13746527777871,Preliminar
21206990,TIBAITATA - AUT [21206990],VEL VIENTO,Velocidad 10 minutal del viento media diaria,2013-10-01 00:00,m/s,2.08024305555677,Preliminar
21206990,TIBAITATA - AUT [21206990],VEL VIENTO,Velocidad 10 minutal del viento media diaria,2013-10-02 00:00,m/s,1.95659722222349,Preliminar
21206990,TIBAITATA - AUT [21206990],VEL VIENTO,Velocidad 10 minutal del viento media diaria,2013-10-03 00:00,m/s,1.91517361111241,Preliminar
21206990,TIBAITATA - AUT [21206990],VEL VIENTO,Velocidad 10 minutal del viento media diaria,2013-10-04 00:00,m/s,2.15319444444604,Preliminar
21206990,TIBAITATA - AUT [21206990],VEL VIENTO,Velocidad 10 minutal del viento media diaria,2013-10-05 00:00,m/s,2.01475694444407,Preliminar
21206990,TIBAITATA - AUT [21206990],VEL VIENTO,Velocidad 10 minutal del viento media diaria,2013-10-06 00:00,m/s,2.07861111111258,Preliminar
21206990,TIBAITATA - AUT [21206990],VEL VIENTO,Velocidad 10 minutal del viento media diaria,2013-10-07 00:00,m/s,1.83781250000094,Preliminar
21206990,TIBAITATA - AUT [21206990],VEL VIENTO,Velocidad 10 minutal del viento media diaria,2013-10-08 00:00,m/s,2.39847222222392,Preliminar
21206990,TIBAITATA - AUT [21206990],VEL VIENTO,Velocidad 10 minutal del viento media diaria,2013-10-09 00:00,m/s,1.44718750000056,Preliminar
21206990,TIBAITATA - AUT [21206990],VEL VIENTO,Velocidad 10 minutal del viento media diaria,2013-10-10 00:00,m/s,1.75347222222253,Preliminar
21206990,TIBAITATA - AUT [21206990],VEL VIENTO,Velocidad 10 minutal del viento media diaria,2013-10-11 00:00,m/s,1.73597222222198,Preliminar
21206990,TIBAITATA - AUT [21206990],VEL VIENTO,Velocidad 10 minutal del viento media diaria,2013-10-12 00:00,m/s,1.95496527777858,Preliminar
21206990,TIBAITATA - AUT [21206990],VEL VIENTO,Velocidad 10 minutal del viento media diaria,2013-10-13 00:00,m/s,1.85135416666726,Preliminar
21206990,TIBAITATA - AUT [21206990],VEL VIENTO,Velocidad 10 minutal del viento media diaria,2013-10-14 00:00,m/s,1.36208333333359,Preliminar
21206990,TIBAITATA - AUT [21206990],VEL VIENTO,Velocidad 10 minutal del viento media diaria,2013-10-15 00:00,m/s,1.44322916666706,Preliminar
21206990,TIBAITATA - AUT [21206990],VEL VIENTO,Velocidad 10 minutal del viento media diaria,2013-10-16 00:00,m/s,1.71170138888992,Preliminar
21206990,TIBAITATA - AUT [21206990],VEL VIENTO,Velocidad 10 minutal del viento media diaria,2013-10-17 00:00,m/s,2.15218750000135,Preliminar
21206990,TIBAITATA - AUT [21206990],VEL VIENTO,Velocidad 10 minutal del viento media diaria,2013-10-18 00:00,m/s,1.84826388888976,Preliminar
21206990,TIBAITATA - AUT [21206990],VEL VIENTO,Velocidad 10 minutal del viento media diaria,2013-10-19 00:00,m/s,1.78194444444544,Preliminar
21206990,TIBAITATA - AUT [21206990],VEL VIENTO,Velocidad 10 minutal del viento media diaria,2013-10-20 00:00,m/s,1.55593750000047,Preliminar
21206990,TIBAITATA - AUT [21206990],VEL VIENTO,Velocidad 10 minutal del viento media diaria,2013-10-21 00:00,m/s,1.96083333333338,Preliminar
21206990,TIBAITATA - AUT [21206990],VEL VIENTO,Velocidad 10 minutal del viento media diaria,2013-10-22 00:00,m/s,2.31437500000129,Preliminar
21206990,TIBAITATA - AUT [21206990],VEL VIENTO,Velocidad 10 minutal del viento media diaria,2013-10-23 00:00,m/s,1.8563888888888,Preliminar
21206990,TIBAITATA - AUT [21206990],VEL VIENTO,Velocidad 10 minutal del viento media diaria,2013-10-24 00:00,m/s,1.76475694444438,Preliminar
21206990,TIBAITATA - AUT [21206990],VEL VIENTO,Velocidad 10 minutal del viento media diaria,2013-10-25 00:00,m/s,2.16864583333396,Preliminar
21206990,TIBAITATA - AUT [21206990],VEL VIENTO,Velocidad 10 minutal del viento media diaria,2013-10-26 00:00,m/s,1.70670138888972,Preliminar
21206990,TIBAITATA - AUT [21206990],VEL VIENTO,Velocidad 10 minutal del viento media diaria,2013-10-27 00:00,m/s,1.68274305555656,Preliminar
21206990,TIBAITATA - AUT [21206990],VEL VIENTO,Velocidad 10 minutal del viento media diaria,2013-10-28 00:00,m/s,1.80590277777819,Preliminar
21206990,TIBAITATA - AUT [21206990],VEL VIENTO,Velocidad 10 minutal del viento media diaria,2013-10-29 00:00,m/s,2.01697916666787,Preliminar
21206990,TIBAITATA - AUT [21206990],VEL VIENTO,Velocidad 10 minutal del viento media diaria,2013-10-30 00:00,m/s,2.4478472222228,Preliminar
21206990,TIBAITATA - AUT [21206990],VEL VIENTO,Velocidad 10 minutal del viento media diaria,2013-10-31 00:00,m/s,2.89770833333505,Preliminar
21206990,TIBAITATA - AUT [21206990],VEL VIENTO,Velocidad 10 minutal del viento media diaria,2013-11-01 00:00,m/s,2.41888888889028,Preliminar
21206990,TIBAITATA - AUT [21206990],VEL VIENTO,Velocidad 10 minutal del viento media diaria,2013-11-02 00:00,m/s,2.1814236111124,Preliminar
21206990,TIBAITATA - AUT [21206990],VEL VIENTO,Velocidad 10 minutal del viento media diaria,2013-11-03 00:00,m/s,2.5902430555565,Preliminar
21206990,TIBAITATA - AUT [21206990],VEL VIENTO,Velocidad 10 minutal del viento media diaria,2013-11-04 00:00,m/s,1.71517361111265,Preliminar
21206990,TIBAITATA - AUT [21206990],VEL VIENTO,Velocidad 10 minutal del viento media diaria,2013-11-05 00:00,m/s,1.85913194444594,Preliminar
21206990,TIBAITATA - AUT [21206990],VEL VIENTO,Velocidad 10 minutal del viento media diaria,2013-11-06 00:00,m/s,1.96775362318986,Preliminar
21206990,TIBAITATA - AUT [21206990],VEL VIENTO,Velocidad 10 minutal del viento media diaria,2013-11-07 00:00,m/s,2.11840579710197,Preliminar
21206990,TIBAITATA - AUT [21206990],VEL VIENTO,Velocidad 10 minutal del viento media diaria,2013-11-08 00:00,m/s,1.74385416666774,Preliminar
21206990,TIBAITATA - AUT [21206990],VEL VIENTO,Velocidad 10 minutal del viento media diaria,2013-11-09 00:00,m/s,1.93712121212121,Preliminar
21206990,TIBAITATA - AUT [21206990],VEL VIENTO,Velocidad 10 minutal del viento media diaria,2013-11-10 00:00,m/s,1.58125000000067,Preliminar
21206990,TIBAITATA - AUT [21206990],VEL VIENTO,Velocidad 10 minutal del viento media diaria,2013-11-11 00:00,m/s,1.42083333333341,Preliminar
21206990,TIBAITATA - AUT [21206990],VEL VIENTO,Velocidad 10 minutal del viento media diaria,2013-11-12 00:00,m/s,1.48666666666726,Preliminar
21206990,TIBAITATA - AUT [21206990],VEL VIENTO,Velocidad 10 minutal del viento media diaria,2013-11-13 00:00,m/s,1.24304347826139,Preliminar
21206990,TIBAITATA - AUT [21206990],VEL VIENTO,Velocidad 10 minutal del viento media diaria,2013-11-14 00:00,m/s,1.583876811595,Preliminar
21206990,TIBAITATA - AUT [21206990],VEL VIENTO,Velocidad 10 minutal del viento media diaria,2013-11-15 00:00,m/s,1.38038194444483,Preliminar
21206990,TIBAITATA - AUT [21206990],VEL VIENTO,Velocidad 10 minutal del viento media diaria,2013-11-16 00:00,m/s,1.33045138888914,Preliminar
21206990,TIBAITATA - AUT [21206990],VEL VIENTO,Velocidad 10 minutal del viento media diaria,2013-11-17 00:00,m/s,2.13125000000181,Preliminar
21206990,TIBAITATA - AUT [21206990],VEL VIENTO,Velocidad 10 minutal del viento media diaria,2013-11-18 00:00,m/s,2.32137681159614,Preliminar
21206990,TIBAITATA - AUT [21206990],VEL VIENTO,Velocidad 10 minutal del viento media diaria,2013-11-19 00:00,m/s,2.10515151515152,Preliminar
21206990,TIBAITATA - AUT [21206990],VEL VIENTO,Velocidad 10 minutal del viento media diaria,2013-11-20 00:00,m/s,1.79177536231957,Preliminar
21206990,TIBAITATA - AUT [21206990],VEL VIENTO,Velocidad 10 minutal del viento media diaria,2013-11-21 00:00,m/s,1.92819444444611,Preliminar
21206990,TIBAITATA - AUT [21206990],VEL VIENTO,Velocidad 10 minutal del viento media diaria,2013-11-22 00:00,m/s,1.7389130434791,Preliminar
21206990,TIBAITATA - AUT [21206990],VEL VIENTO,Velocidad 10 minutal del viento media diaria,2013-11-23 00:00,m/s,1.79670634920689,Preliminar
21206990,TIBAITATA - AUT [21206990],VEL VIENTO,Velocidad 10 minutal del viento media diaria,2013-11-24 00:00,m/s,1.87261904761986,Preliminar
21206990,TIBAITATA - AUT [21206990],VEL VIENTO,Velocidad 10 minutal del viento media diaria,2013-11-25 00:00,m/s,1.38979166666741,Preliminar
21206990,TIBAITATA - AUT [21206990],VEL VIENTO,Velocidad 10 minutal del viento media diaria,2013-11-26 00:00,m/s,1.9112681159436,Preliminar
21206990,TIBAITATA - AUT [21206990],VEL VIENTO,Velocidad 10 minutal del viento media diaria,2013-11-27 00:00,m/s,2.13104166666811,Preliminar
21206990,TIBAITATA - AUT [21206990],VEL VIENTO,Velocidad 10 minutal del viento media diaria,2013-11-28 00:00,m/s,1.77760416666782,Preliminar
21206990,TIBAITATA - AUT [21206990],VEL VIENTO,Velocidad 10 minutal del viento media diaria,2013-11-30 00:00,m/s,1.69600694444543,Preliminar
21206990,TIBAITATA - AUT [21206990],VEL VIENTO,Velocidad 10 minutal del viento media diaria,2013-12-01 00:00,m/s,1.82916666666778,Preliminar
21206990,TIBAITATA - AUT [21206990],VEL VIENTO,Velocidad 10 minutal del viento media diaria,2013-12-02 00:00,m/s,1.36524305555572,Preliminar
21206990,TIBAITATA - AUT [21206990],VEL VIENTO,Velocidad 10 minutal del viento media diaria,2013-12-03 00:00,m/s,1.31447916666704,Preliminar
21206990,TIBAITATA - AUT [21206990],VEL VIENTO,Velocidad 10 minutal del viento media diaria,2013-12-04 00:00,m/s,1.60256944444422,Preliminar
21206990,TIBAITATA - AUT [21206990],VEL VIENTO,Velocidad 10 minutal del viento media diaria,2013-12-05 00:00,m/s,1.84271739130582,Preliminar
21206990,TIBAITATA - AUT [21206990],VEL VIENTO,Velocidad 10 minutal del viento media diaria,2013-12-06 00:00,m/s,1.64840579710145,Preliminar
21206990,TIBAITATA - AUT [21206990],VEL VIENTO,Velocidad 10 minutal del viento media diaria,2013-12-07 00:00,m/s,1.75170833333454,Preliminar
21206990,TIBAITATA - AUT [21206990],VEL VIENTO,Velocidad 10 minutal del viento media diaria,2013-12-08 00:00,m/s,1.990125,Preliminar
21206990,TIBAITATA - AUT [21206990],VEL VIENTO,Velocidad 10 minutal del viento media diaria,2013-12-09 00:00,m/s,1.62094202898592,Preliminar
21206990,TIBAITATA - AUT [21206990],VEL VIENTO,Velocidad 10 minutal del viento media diaria,2013-12-10 00:00,m/s,1.71468750000094,Preliminar
21206990,TIBAITATA - AUT [21206990],VEL VIENTO,Velocidad 10 minutal del viento media diaria,2013-12-11 00:00,m/s,1.56302083333375,Preliminar
21206990,TIBAITATA - AUT [21206990],VEL VIENTO,Velocidad 10 minutal del viento media diaria,2013-12-12 00:00,m/s,1.25677083333327,Preliminar
21206990,TIBAITATA - AUT [21206990],VEL VIENTO,Velocidad 10 minutal del viento media diaria,2013-12-13 00:00,m/s,1.79180555555487,Preliminar
21206990,TIBAITATA - AUT [21206990],VEL VIENTO,Velocidad 10 minutal del viento media diaria,2013-12-14 00:00,m/s,1.59121212121289,Preliminar
21206990,TIBAITATA - AUT [21206990],VEL VIENTO,Velocidad 10 minutal del viento media diaria,2013-12-15 00:00,m/s,1.78986111111238,Preliminar
21206990,TIBAITATA - AUT [21206990],VEL VIENTO,Velocidad 10 minutal del viento media diaria,2013-12-16 00:00,m/s,1.77673611111187,Preliminar
21206990,TIBAITATA - AUT [21206990],VEL VIENTO,Velocidad 10 minutal del viento media diaria,2013-12-17 00:00,m/s,1.95815217391443,Preliminar
21206990,TIBAITATA - AUT [21206990],VEL VIENTO,Velocidad 10 minutal del viento media diaria,2013-12-18 00:00,m/s,1.69093750000123,Preliminar
21206990,TIBAITATA - AUT [21206990],VEL VIENTO,Velocidad 10 minutal del viento media diaria,2013-12-19 00:00,m/s,2.53923611111202,Preliminar
21206990,TIBAITATA - AUT [21206990],VEL VIENTO,Velocidad 10 minutal del viento media diaria,2013-12-20 00:00,m/s,2.22291666666775,Preliminar
21206990,TIBAITATA - AUT [21206990],VEL VIENTO,Velocidad 10 minutal del viento media diaria,2013-12-21 00:00,m/s,2.37774305555583,Preliminar
21206990,TIBAITATA - AUT [21206990],VEL VIENTO,Velocidad 10 minutal del viento media diaria,2013-12-22 00:00,m/s,2.07550724637821,Preliminar
21206990,TIBAITATA - AUT [21206990],VEL VIENTO,Velocidad 10 minutal del viento media diaria,2013-12-23 00:00,m/s,1.95717391304498,Preliminar
21206990,TIBAITATA - AUT [21206990],VEL VIENTO,Velocidad 10 minutal del viento media diaria,2013-12-24 00:00,m/s,1.65232638888915,Preliminar
21206990,TIBAITATA - AUT [21206990],VEL VIENTO,Velocidad 10 minutal del viento media diaria,2013-12-25 00:00,m/s,1.91909722222315,Preliminar
21206990,TIBAITATA - AUT [21206990],VEL VIENTO,Velocidad 10 minutal del viento media diaria,2013-12-26 00:00,m/s,1.86518115942104,Preliminar
21206990,TIBAITATA - AUT [21206990],VEL VIENTO,Velocidad 10 minutal del viento media diaria,2013-12-27 00:00,m/s,1.75439393939483,Preliminar
21206990,TIBAITATA - AUT [21206990],VEL VIENTO,Velocidad 10 minutal del viento media diaria,2013-12-28 00:00,m/s,1.89260869565372,Preliminar
21206990,TIBAITATA - AUT [21206990],VEL VIENTO,Velocidad 10 minutal del viento media diaria,2013-12-29 00:00,m/s,1.50277777777801,Preliminar
21206990,TIBAITATA - AUT [21206990],VEL VIENTO,Velocidad 10 minutal del viento media diaria,2013-12-30 00:00,m/s,1.74869565217391,Preliminar
21206990,TIBAITATA - AUT [21206990],VEL VIENTO,Velocidad 10 minutal del viento media diaria,2013-12-31 00:00,m/s,1.75718750000124,Preliminar
21206990,TIBAITATA - AUT [21206990],VEL VIENTO,Velocidad 10 minutal del viento media diaria,2014-01-01 00:00,m/s,2.1455303030303,Preliminar
21206990,TIBAITATA - AUT [21206990],VEL VIENTO,Velocidad 10 minutal del viento media diaria,2014-01-02 00:00,m/s,2.10951388889021,Preliminar
21206990,TIBAITATA - AUT [21206990],VEL VIENTO,Velocidad 10 minutal del viento media diaria,2014-01-03 00:00,m/s,1.98068181818269,Preliminar
21206990,TIBAITATA - AUT [21206990],VEL VIENTO,Velocidad 10 minutal del viento media diaria,2014-01-04 00:00,m/s,1.75666666666727,Preliminar
21206990,TIBAITATA - AUT [21206990],VEL VIENTO,Velocidad 10 minutal del viento media diaria,2014-01-05 00:00,m/s,2.04626811594257,Preliminar
21206990,TIBAITATA - AUT [21206990],VEL VIENTO,Velocidad 10 minutal del viento media diaria,2014-01-06 00:00,m/s,1.69802083333475,Preliminar
21206990,TIBAITATA - AUT [21206990],VEL VIENTO,Velocidad 10 minutal del viento media diaria,2014-01-07 00:00,m/s,1.77899305555649,Preliminar
21206990,TIBAITATA - AUT [21206990],VEL VIENTO,Velocidad 10 minutal del viento media diaria,2014-01-08 00:00,m/s,1.80738636363757,Preliminar
21206990,TIBAITATA - AUT [21206990],VEL VIENTO,Velocidad 10 minutal del viento media diaria,2014-01-09 00:00,m/s,1.80715909090936,Preliminar
21206990,TIBAITATA - AUT [21206990],VEL VIENTO,Velocidad 10 minutal del viento media diaria,2014-01-10 00:00,m/s,1.56201388888961,Preliminar
21206990,TIBAITATA - AUT [21206990],VEL VIENTO,Velocidad 10 minutal del viento media diaria,2014-01-11 00:00,m/s,1.66780303030405,Preliminar
21206990,TIBAITATA - AUT [21206990],VEL VIENTO,Velocidad 10 minutal del viento media diaria,2014-01-12 00:00,m/s,1.85829861111196,Preliminar
21206990,TIBAITATA - AUT [21206990],VEL VIENTO,Velocidad 10 minutal del viento media diaria,2014-01-13 00:00,m/s,1.75261904762072,Preliminar
21206990,TIBAITATA - AUT [21206990],VEL VIENTO,Velocidad 10 minutal del viento media diaria,2014-01-14 00:00,m/s,1.93163043478348,Preliminar
21206990,TIBAITATA - AUT [21206990],VEL VIENTO,Velocidad 10 minutal del viento media diaria,2014-01-15 00:00,m/s,1.87531746031887,Preliminar
21206990,TIBAITATA - AUT [21206990],VEL VIENTO,Velocidad 10 minutal del viento media diaria,2014-01-16 00:00,m/s,1.77465277777883,Preliminar
21206990,TIBAITATA - AUT [21206990],VEL VIENTO,Velocidad 10 minutal del viento media diaria,2014-01-17 00:00,m/s,1.63197916666757,Preliminar
21206990,TIBAITATA - AUT [21206990],VEL VIENTO,Velocidad 10 minutal del viento media diaria,2014-01-18 00:00,m/s,1.75007575757494,Preliminar
21206990,TIBAITATA - AUT [21206990],VEL VIENTO,Velocidad 10 minutal del viento media diaria,2014-01-19 00:00,m/s,1.83128472222219,Preliminar
21206990,TIBAITATA - AUT [21206990],VEL VIENTO,Velocidad 10 minutal del viento media diaria,2014-01-20 00:00,m/s,2.19575757575964,Preliminar
21206990,TIBAITATA - AUT [21206990],VEL VIENTO,Velocidad 10 minutal del viento media diaria,2014-01-21 00:00,m/s,1.87626811594203,Preliminar
21206990,TIBAITATA - AUT [21206990],VEL VIENTO,Velocidad 10 minutal del viento media diaria,2014-01-22 00:00,m/s,2.03333333333333,Preliminar
21206990,TIBAITATA - AUT [21206990],VEL VIENTO,Velocidad 10 minutal del viento media diaria,2014-01-23 00:00,m/s,2.20349206349361,Preliminar
21206990,TIBAITATA - AUT [21206990],VEL VIENTO,Velocidad 10 minutal del viento media diaria,2014-01-24 00:00,m/s,2.02682539682752,Preliminar
21206990,TIBAITATA - AUT [21206990],VEL VIENTO,Velocidad 10 minutal del viento media diaria,2014-01-25 00:00,m/s,2.14097222222339,Preliminar
21206990,TIBAITATA - AUT [21206990],VEL VIENTO,Velocidad 10 minutal del viento media diaria,2014-01-26 00:00,m/s,2.04119565217349,Preliminar
21206990,TIBAITATA - AUT [21206990],VEL VIENTO,Velocidad 10 minutal del viento media diaria,2014-01-27 00:00,m/s,2.25992063492212,Preliminar
21206990,TIBAITATA - AUT [21206990],VEL VIENTO,Velocidad 10 minutal del viento media diaria,2014-01-28 00:00,m/s,2.04795454545597,Preliminar
21206990,TIBAITATA - AUT [21206990],VEL VIENTO,Velocidad 10 minutal del viento media diaria,2014-01-29 00:00,m/s,2.32341666666828,Preliminar
21206990,TIBAITATA - AUT [21206990],VEL VIENTO,Velocidad 10 minutal del viento media diaria,2014-01-30 00:00,m/s,1.85488095238238,Preliminar
21206990,TIBAITATA - AUT [21206990],VEL VIENTO,Velocidad 10 minutal del viento media diaria,2014-01-31 00:00,m/s,2.16369047619207,Preliminar
21206990,TIBAITATA - AUT [21206990],VEL VIENTO,Velocidad 10 minutal del viento media diaria,2014-02-01 00:00,m/s,2.07363636363803,Preliminar
21206990,TIBAITATA - AUT [21206990],VEL VIENTO,Velocidad 10 minutal del viento media diaria,2014-02-02 00:00,m/s,2.29911458333614,Preliminar
21206990,TIBAITATA - AUT [21206990],VEL VIENTO,Velocidad 10 minutal del viento media diaria,2014-02-03 00:00,m/s,1.93621527777896,Preliminar
21206990,TIBAITATA - AUT [21206990],VEL VIENTO,Velocidad 10 minutal del viento media diaria,2014-02-04 00:00,m/s,2.16458333333469,Preliminar
21206990,TIBAITATA - AUT [21206990],VEL VIENTO,Velocidad 10 minutal del viento media diaria,2014-02-05 00:00,m/s,2.29068181818389,Preliminar
21206990,TIBAITATA - AUT [21206990],VEL VIENTO,Velocidad 10 minutal del viento media diaria,2014-02-06 00:00,m/s,2.10717391304456,Preliminar
21206990,TIBAITATA - AUT [21206990],VEL VIENTO,Velocidad 10 minutal del viento media diaria,2014-02-07 00:00,m/s,1.82361111111221,Preliminar
21206990,TIBAITATA - AUT [21206990],VEL VIENTO,Velocidad 10 minutal del viento media diaria,2014-02-08 00:00,m/s,2.23750000000126,Preliminar
21206990,TIBAITATA - AUT [21206990],VEL VIENTO,Velocidad 10 minutal del viento media diaria,2014-02-09 00:00,m/s,1.84930555555544,Preliminar
21206990,TIBAITATA - AUT [21206990],VEL VIENTO,Velocidad 10 minutal del viento media diaria,2014-02-10 00:00,m/s,1.99246376811704,Preliminar
21206990,TIBAITATA - AUT [21206990],VEL VIENTO,Velocidad 10 minutal del viento media diaria,2014-02-11 00:00,m/s,1.58368055555649,Preliminar
21206990,TIBAITATA - AUT [21206990],VEL VIENTO,Velocidad 10 minutal del viento media diaria,2014-02-12 00:00,m/s,1.86111111111193,Preliminar
21206990,TIBAITATA - AUT [21206990],VEL VIENTO,Velocidad 10 minutal del viento media diaria,2014-02-13 00:00,m/s,1.98958333333292,Preliminar
21206990,TIBAITATA - AUT [21206990],VEL VIENTO,Velocidad 10 minutal del viento media diaria,2014-02-14 00:00,m/s,2.51575757575807,Preliminar
21206990,TIBAITATA - AUT [21206990],VEL VIENTO,Velocidad 10 minutal del viento media diaria,2014-02-15 00:00,m/s,2.19217391304486,Preliminar
21206990,TIBAITATA - AUT [21206990],VEL VIENTO,Velocidad 10 minutal del viento media diaria,2014-02-16 00:00,m/s,1.85224637681245,Preliminar
21206990,TIBAITATA - AUT [21206990],VEL VIENTO,Velocidad 10 minutal del viento media diaria,2014-02-17 00:00,m/s,1.79965277777866,Preliminar
21206990,TIBAITATA - AUT [21206990],VEL VIENTO,Velocidad 10 minutal del viento media diaria,2014-02-18 00:00,m/s,2.30657894737065,Preliminar
21206990,TIBAITATA - AUT [21206990],VEL VIENTO,Velocidad 10 minutal del viento media diaria,2014-02-19 00:00,m/s,1.41647058823529,Preliminar
21206990,TIBAITATA - AUT [21206990],VEL VIENTO,Velocidad 10 minutal del viento media diaria,2014-02-20 00:00,m/s,1.95514492753762,Preliminar
21206990,TIBAITATA - AUT [21206990],VEL VIENTO,Velocidad 10 minutal del viento media diaria,2014-02-21 00:00,m/s,1.50477272727344,Preliminar
21206990,TIBAITATA - AUT [21206990],VEL VIENTO,Velocidad 10 minutal del viento media diaria,2014-02-22 00:00,m/s,1.68368055555643,Preliminar
21206990,TIBAITATA - AUT [21206990],VEL VIENTO,Velocidad 10 minutal del viento media diaria,2014-02-23 00:00,m/s,1.46825757575884,Preliminar
21206990,TIBAITATA - AUT [21206990],VEL VIENTO,Velocidad 10 minutal del viento media diaria,2014-02-24 00:00,m/s,2.00872549019608,Preliminar
21206990,TIBAITATA - AUT [21206990],VEL VIENTO,Velocidad 10 minutal del viento media diaria,2014-02-26 00:00,m/s,1.47115942029078,Preliminar
21206990,TIBAITATA - AUT [21206990],VEL VIENTO,Velocidad 10 minutal del viento media diaria,2014-02-27 00:00,m/s,1.73815789473769,Preliminar
21206990,TIBAITATA - AUT [21206990],VEL VIENTO,Velocidad 10 minutal del viento media diaria,2014-02-28 00:00,m/s,1.67803921568627,Preliminar
21206990,TIBAITATA - AUT [21206990],VEL VIENTO,Velocidad 10 minutal del viento media diaria,2014-03-02 00:00,m/s,2.27754901960784,Preliminar
21206990,TIBAITATA - AUT [21206990],VEL VIENTO,Velocidad 10 minutal del viento media diaria,2014-03-03 00:00,m/s,2.09840909091114,Preliminar
21206990,TIBAITATA - AUT [21206990],VEL VIENTO,Velocidad 10 minutal del viento media diaria,2014-03-06 00:00,m/s,1.77986111111222,Preliminar
21206990,TIBAITATA - AUT [21206990],VEL VIENTO,Velocidad 10 minutal del viento media diaria,2014-03-07 00:00,m/s,1.73371212121316,Preliminar
21206990,TIBAITATA - AUT [21206990],VEL VIENTO,Velocidad 10 minutal del viento media diaria,2014-03-08 00:00,m/s,2.32152777777972,Preliminar
21206990,TIBAITATA - AUT [21206990],VEL VIENTO,Velocidad 10 minutal del viento media diaria,2014-03-09 00:00,m/s,2.49062499999995,Preliminar
21206990,TIBAITATA - AUT [21206990],VEL VIENTO,Velocidad 10 minutal del viento media diaria,2014-03-10 00:00,m/s,2.14984848485016,Preliminar
21206990,TIBAITATA - AUT [21206990],VEL VIENTO,Velocidad 10 minutal del viento media diaria,2014-03-11 00:00,m/s,2.16643939394111,Preliminar
21206990,TIBAITATA - AUT [21206990],VEL VIENTO,Velocidad 10 minutal del viento media diaria,2014-03-12 00:00,m/s,1.9491666666684,Preliminar
21206990,TIBAITATA - AUT [21206990],VEL VIENTO,Velocidad 10 minutal del viento media diaria,2014-03-13 00:00,m/s,2.2034722222239,Preliminar
21206990,TIBAITATA - AUT [21206990],VEL VIENTO,Velocidad 10 minutal del viento media diaria,2014-03-14 00:00,m/s,1.72241666666781,Preliminar
21206990,TIBAITATA - AUT [21206990],VEL VIENTO,Velocidad 10 minutal del viento media diaria,2014-03-15 00:00,m/s,1.65166666666765,Preliminar
21206990,TIBAITATA - AUT [21206990],VEL VIENTO,Velocidad 10 minutal del viento media diaria,2014-03-16 00:00,m/s,1.94903508772038,Preliminar
21206990,TIBAITATA - AUT [21206990],VEL VIENTO,Velocidad 10 minutal del viento media diaria,2014-03-17 00:00,m/s,2.01341666666667,Preliminar
21206990,TIBAITATA - AUT [21206990],VEL VIENTO,Velocidad 10 minutal del viento media diaria,2014-03-18 00:00,m/s,2.06090909090909,Preliminar
21206990,TIBAITATA - AUT [21206990],VEL VIENTO,Velocidad 10 minutal del viento media diaria,2014-03-19 00:00,m/s,1.55537878787918,Preliminar
21206990,TIBAITATA - AUT [21206990],VEL VIENTO,Velocidad 10 minutal del viento media diaria,2014-03-20 00:00,m/s,1.81493055555686,Preliminar
21206990,TIBAITATA - AUT [21206990],VEL VIENTO,Velocidad 10 minutal del viento media diaria,2014-03-21 00:00,m/s,1.71984126984227,Preliminar
21206990,TIBAITATA - AUT [21206990],VEL VIENTO,Velocidad 10 minutal del viento media diaria,2014-03-22 00:00,m/s,1.65305555555556,Preliminar
21206990,TIBAITATA - AUT [21206990],VEL VIENTO,Velocidad 10 minutal del viento media diaria,2014-03-23 00:00,m/s,1.83116666666767,Preliminar
21206990,TIBAITATA - AUT [21206990],VEL VIENTO,Velocidad 10 minutal del viento media diaria,2014-03-24 00:00,m/s,1.96222222222222,Preliminar
21206990,TIBAITATA - AUT [21206990],VEL VIENTO,Velocidad 10 minutal del viento media diaria,2014-03-26 00:00,m/s,1.79991666666819,Preliminar
21206990,TIBAITATA - AUT [21206990],VEL VIENTO,Velocidad 10 minutal del viento media diaria,2014-03-27 00:00,m/s,1.54813725490196,Preliminar
21206990,TIBAITATA - AUT [21206990],VEL VIENTO,Velocidad 10 minutal del viento media diaria,2014-03-30 00:00,m/s,2.37373015873127,Preliminar
21206990,TIBAITATA - AUT [21206990],VEL VIENTO,Velocidad 10 minutal del viento media diaria,2014-03-31 00:00,m/s,2.10173611111224,Preliminar
21206990,TIBAITATA - AUT [21206990],VEL VIENTO,Velocidad 10 minutal del viento media diaria,2014-04-01 00:00,m/s,2.32933333333422,Preliminar
21206990,TIBAITATA - AUT [21206990],VEL VIENTO,Velocidad 10 minutal del viento media diaria,2014-04-02 00:00,m/s,2.6050000000023,Preliminar
21206990,TIBAITATA - AUT [21206990],VEL VIENTO,Velocidad 10 minutal del viento media diaria,2014-04-04 00:00,m/s,1.79274509803922,Preliminar
21206990,TIBAITATA - AUT [21206990],VEL VIENTO,Velocidad 10 minutal del viento media diaria,2014-04-05 00:00,m/s,2.48508333333533,Preliminar
21206990,TIBAITATA - AUT [21206990],VEL VIENTO,Velocidad 10 minutal del viento media diaria,2014-04-06 00:00,m/s,2.16375000000102,Preliminar
21206990,TIBAITATA - AUT [21206990],VEL VIENTO,Velocidad 10 minutal del viento media diaria,2014-04-07 00:00,m/s,1.92385416666769,Preliminar
21206990,TIBAITATA - AUT [21206990],VEL VIENTO,Velocidad 10 minutal del viento media diaria,2014-04-08 00:00,m/s,1.52416666666759,Preliminar
21206990,TIBAITATA - AUT [21206990],VEL VIENTO,Velocidad 10 minutal del viento media diaria,2014-04-09 00:00,m/s,1.67055555555626,Preliminar
21206990,TIBAITATA - AUT [21206990],VEL VIENTO,Velocidad 10 minutal del viento media diaria,2014-04-10 00:00,m/s,1.94909090909149,Preliminar
21206990,TIBAITATA - AUT [21206990],VEL VIENTO,Velocidad 10 minutal del viento media diaria,2014-04-12 00:00,m/s,2.13738095238234,Preliminar
21206990,TIBAITATA - AUT [21206990],VEL VIENTO,Velocidad 10 minutal del viento media diaria,2014-04-13 00:00,m/s,2.22615942029131,Preliminar
21206990,TIBAITATA - AUT [21206990],VEL VIENTO,Velocidad 10 minutal del viento media diaria,2014-04-14 00:00,m/s,1.97152777777896,Preliminar
21206990,TIBAITATA - AUT [21206990],VEL VIENTO,Velocidad 10 minutal del viento media diaria,2014-04-15 00:00,m/s,1.46283333333425,Preliminar
21206990,TIBAITATA - AUT [21206990],VEL VIENTO,Velocidad 10 minutal del viento media diaria,2014-04-16 00:00,m/s,1.85992063492064,Preliminar
21206990,TIBAITATA - AUT [21206990],VEL VIENTO,Velocidad 10 minutal del viento media diaria,2014-04-17 00:00,m/s,1.35962962963057,Preliminar
21206990,TIBAITATA - AUT [21206990],VEL VIENTO,Velocidad 10 minutal del viento media diaria,2014-04-18 00:00,m/s,1.76250000000011,Preliminar
21206990,TIBAITATA - AUT [21206990],VEL VIENTO,Velocidad 10 minutal del viento media diaria,2014-04-19 00:00,m/s,1.8138888888896,Preliminar
21206990,TIBAITATA - AUT [21206990],VEL VIENTO,Velocidad 10 minutal del viento media diaria,2014-04-20 00:00,m/s,2.0402777777789,Preliminar
21206990,TIBAITATA - AUT [21206990],VEL VIENTO,Velocidad 10 minutal del viento media diaria,2014-04-21 00:00,m/s,1.35349206349232,Preliminar
21206990,TIBAITATA - AUT [21206990],VEL VIENTO,Velocidad 10 minutal del viento media diaria,2014-04-22 00:00,m/s,1.43645833333218,Preliminar
21206990,TIBAITATA - AUT [21206990],VEL VIENTO,Velocidad 10 minutal del viento media diaria,2014-04-23 00:00,m/s,1.94413043478426,Preliminar
21206990,TIBAITATA - AUT [21206990],VEL VIENTO,Velocidad 10 minutal del viento media diaria,2014-04-24 00:00,m/s,1.62430555555591,Preliminar
21206990,TIBAITATA - AUT [21206990],VEL VIENTO,Velocidad 10 minutal del viento media diaria,2014-04-25 00:00,m/s,1.73188405797134,Preliminar
21206990,TIBAITATA - AUT [21206990],VEL VIENTO,Velocidad 10 minutal del viento media diaria,2014-04-26 00:00,m/s,1.74965277777937,Preliminar
21206990,TIBAITATA - AUT [21206990],VEL VIENTO,Velocidad 10 minutal del viento media diaria,2014-04-27 00:00,m/s,1.84825396825397,Preliminar
21206990,TIBAITATA - AUT [21206990],VEL VIENTO,Velocidad 10 minutal del viento media diaria,2014-04-28 00:00,m/s,1.73750000000088,Preliminar
21206990,TIBAITATA - AUT [21206990],VEL VIENTO,Velocidad 10 minutal del viento media diaria,2014-04-29 00:00,m/s,1.98888888889027,Preliminar
21206990,TIBAITATA - AUT [21206990],VEL VIENTO,Velocidad 10 minutal del viento media diaria,2014-04-30 00:00,m/s,1.32642857142946,Preliminar
21206990,TIBAITATA - AUT [21206990],VEL VIENTO,Velocidad 10 minutal del viento media diaria,2014-05-01 00:00,m/s,1.74236111111194,Preliminar
21206990,TIBAITATA - AUT [21206990],VEL VIENTO,Velocidad 10 minutal del viento media diaria,2014-05-02 00:00,m/s,1.57986111111139,Preliminar
21206990,TIBAITATA - AUT [21206990],VEL VIENTO,Velocidad 10 minutal del viento media diaria,2014-05-03 00:00,m/s,1.90590277777904,Preliminar
21206990,TIBAITATA - AUT [21206990],VEL VIENTO,Velocidad 10 minutal del viento media diaria,2014-05-04 00:00,m/s,1.48125000000063,Preliminar
21206990,TIBAITATA - AUT [21206990],VEL VIENTO,Velocidad 10 minutal del viento media diaria,2014-05-05 00:00,m/s,1.75173611111218,Preliminar
21206990,TIBAITATA - AUT [21206990],VEL VIENTO,Velocidad 10 minutal del viento media diaria,2014-05-06 00:00,m/s,1.94878787878943,Preliminar
21206990,TIBAITATA - AUT [21206990],VEL VIENTO,Velocidad 10 minutal del viento media diaria,2014-05-07 00:00,m/s,1.62789855072502,Preliminar
21206990,TIBAITATA - AUT [21206990],VEL VIENTO,Velocidad 10 minutal del viento media diaria,2014-05-08 00:00,m/s,1.47118055555627,Preliminar
21206990,TIBAITATA - AUT [21206990],VEL VIENTO,Velocidad 10 minutal del viento media diaria,2014-05-09 00:00,m/s,1.97222222222334,Preliminar
21206990,TIBAITATA - AUT [21206990],VEL VIENTO,Velocidad 10 minutal del viento media diaria,2014-05-10 00:00,m/s,1.82673611111229,Preliminar
21206990,TIBAITATA - AUT [21206990],VEL VIENTO,Velocidad 10 minutal del viento media diaria,2014-05-11 00:00,m/s,1.73611111111219,Preliminar
21206990,TIBAITATA - AUT [21206990],VEL VIENTO,Velocidad 10 minutal del viento media diaria,2014-05-12 00:00,m/s,1.45451388888897,Preliminar
21206990,TIBAITATA - AUT [21206990],VEL VIENTO,Velocidad 10 minutal del viento media diaria,2014-05-13 00:00,m/s,1.70902777777849,Preliminar
21206990,TIBAITATA - AUT [21206990],VEL VIENTO,Velocidad 10 minutal del viento media diaria,2014-05-14 00:00,m/s,1.83888888888918,Preliminar
21206990,TIBAITATA - AUT [21206990],VEL VIENTO,Velocidad 10 minutal del viento media diaria,2014-05-15 00:00,m/s,1.6118055555564,Preliminar
21206990,TIBAITATA - AUT [21206990],VEL VIENTO,Velocidad 10 minutal del viento media diaria,2014-05-16 00:00,m/s,1.47152777777795,Preliminar
21206990,TIBAITATA - AUT [21206990],VEL VIENTO,Velocidad 10 minutal del viento media diaria,2014-05-17 00:00,m/s,1.62569444444546,Preliminar
21206990,TIBAITATA - AUT [21206990],VEL VIENTO,Velocidad 10 minutal del viento media diaria,2014-05-18 00:00,m/s,1.5989583333343,Preliminar
21206990,TIBAITATA - AUT [21206990],VEL VIENTO,Velocidad 10 minutal del viento media diaria,2014-05-19 00:00,m/s,1.6896825396834,Preliminar
21206990,TIBAITATA - AUT [21206990],VEL VIENTO,Velocidad 10 minutal del viento media diaria,2014-05-20 00:00,m/s,1.84687500000164,Preliminar
21206990,TIBAITATA - AUT [21206990],VEL VIENTO,Velocidad 10 minutal del viento media diaria,2014-05-21 00:00,m/s,2.20507246376886,Preliminar
21206990,TIBAITATA - AUT [21206990],VEL VIENTO,Velocidad 10 minutal del viento media diaria,2014-05-22 00:00,m/s,1.90323529411722,Preliminar
21206990,TIBAITATA - AUT [21206990],VEL VIENTO,Velocidad 10 minutal del viento media diaria,2014-05-23 00:00,m/s,1.88369565217429,Preliminar
21206990,TIBAITATA - AUT [21206990],VEL VIENTO,Velocidad 10 minutal del viento media diaria,2014-05-24 00:00,m/s,1.92698412698413,Preliminar
21206990,TIBAITATA - AUT [21206990],VEL VIENTO,Velocidad 10 minutal del viento media diaria,2014-05-25 00:00,m/s,1.73008771929852,Preliminar
21206990,TIBAITATA - AUT [21206990],VEL VIENTO,Velocidad 10 minutal del viento media diaria,2014-05-26 00:00,m/s,1.66421052631587,Preliminar
21206990,TIBAITATA - AUT [21206990],VEL VIENTO,Velocidad 10 minutal del viento media diaria,2014-05-27 00:00,m/s,1.03929824561412,Preliminar
21206990,TIBAITATA - AUT [21206990],VEL VIENTO,Velocidad 10 minutal del viento media diaria,2014-05-28 00:00,m/s,1.8109420289864,Preliminar
21206990,TIBAITATA - AUT [21206990],VEL VIENTO,Velocidad 10 minutal del viento media diaria,2014-05-29 00:00,m/s,1.33020833333351,Preliminar
21206990,TIBAITATA - AUT [21206990],VEL VIENTO,Velocidad 10 minutal del viento media diaria,2014-05-30 00:00,m/s,1.70094202898552,Preliminar
21206990,TIBAITATA - AUT [21206990],VEL VIENTO,Velocidad 10 minutal del viento media diaria,2014-05-31 00:00,m/s,1.51210144927604,Preliminar
21206990,TIBAITATA - AUT [21206990],VEL VIENTO,Velocidad 10 minutal del viento media diaria,2014-06-01 00:00,m/s,2.04965277777943,Preliminar
21206990,TIBAITATA - AUT [21206990],VEL VIENTO,Velocidad 10 minutal del viento media diaria,2014-06-02 00:00,m/s,1.43715277777795,Preliminar
21206990,TIBAITATA - AUT [21206990],VEL VIENTO,Velocidad 10 minutal del viento media diaria,2014-06-03 00:00,m/s,1.35300000000015,Preliminar
21206990,TIBAITATA - AUT [21206990],VEL VIENTO,Velocidad 10 minutal del viento media diaria,2014-06-04 00:00,m/s,1.91875000000091,Preliminar
21206990,TIBAITATA - AUT [21206990],VEL VIENTO,Velocidad 10 minutal del viento media diaria,2014-06-05 00:00,m/s,2.0180555555564,Preliminar
21206990,TIBAITATA - AUT [21206990],VEL VIENTO,Velocidad 10 minutal del viento media diaria,2014-06-08 00:00,m/s,1.84469696969771,Preliminar
21206990,TIBAITATA - AUT [21206990],VEL VIENTO,Velocidad 10 minutal del viento media diaria,2014-06-10 00:00,m/s,2.09201388889014,Preliminar
21206990,TIBAITATA - AUT [21206990],VEL VIENTO,Velocidad 10 minutal del viento media diaria,2014-06-11 00:00,m/s,2.12083333333425,Preliminar
21206990,TIBAITATA - AUT [21206990],VEL VIENTO,Velocidad 10 minutal del viento media diaria,2014-06-12 00:00,m/s,1.56666666666774,Preliminar
21206990,TIBAITATA - AUT [21206990],VEL VIENTO,Velocidad 10 minutal del viento media diaria,2014-06-13 00:00,m/s,1.61174603174691,Preliminar
21206990,TIBAITATA - AUT [21206990],VEL VIENTO,Velocidad 10 minutal del viento media diaria,2014-06-14 00:00,m/s,1.99480392156885,Preliminar
21206990,TIBAITATA - AUT [21206990],VEL VIENTO,Velocidad 10 minutal del viento media diaria,2014-06-15 00:00,m/s,2.93035087719405,Preliminar
21206990,TIBAITATA - AUT [21206990],VEL VIENTO,Velocidad 10 minutal del viento media diaria,2014-06-17 00:00,m/s,2.49224637681279,Preliminar
21206990,TIBAITATA - AUT [21206990],VEL VIENTO,Velocidad 10 minutal del viento media diaria,2014-06-18 00:00,m/s,2.04413043478432,Preliminar
21206990,TIBAITATA - AUT [21206990],VEL VIENTO,Velocidad 10 minutal del viento media diaria,2014-06-19 00:00,m/s,3.09765151515381,Preliminar
21206990,TIBAITATA - AUT [21206990],VEL VIENTO,Velocidad 10 minutal del viento media diaria,2014-06-20 00:00,m/s,2.59444444444609,Preliminar
21206990,TIBAITATA - AUT [21206990],VEL VIENTO,Velocidad 10 minutal del viento media diaria,2014-06-21 00:00,m/s,1.12927536231938,Preliminar
21206990,TIBAITATA - AUT [21206990],VEL VIENTO,Velocidad 10 minutal del viento media diaria,2014-06-22 00:00,m/s,1.63884057971055,Preliminar
21206990,TIBAITATA - AUT [21206990],VEL VIENTO,Velocidad 10 minutal del viento media diaria,2014-06-23 00:00,m/s,1.72333333333313,Preliminar
21206990,TIBAITATA - AUT [21206990],VEL VIENTO,Velocidad 10 minutal del viento media diaria,2014-06-24 00:00,m/s,1.67187500000008,Preliminar
21206990,TIBAITATA - AUT [21206990],VEL VIENTO,Velocidad 10 minutal del viento media diaria,2014-06-25 00:00,m/s,1.39246031746019,Preliminar
21206990,TIBAITATA - AUT [21206990],VEL VIENTO,Velocidad 10 minutal del viento media diaria,2014-06-26 00:00,m/s,1.8149305555555,Preliminar
21206990,TIBAITATA - AUT [21206990],VEL VIENTO,Velocidad 10 minutal del viento media diaria,2014-06-27 00:00,m/s,1.7898039215693,Preliminar
21206990,TIBAITATA - AUT [21206990],VEL VIENTO,Velocidad 10 minutal del viento media diaria,2014-06-29 00:00,m/s,1.86253968253991,Preliminar
21206990,TIBAITATA - AUT [21206990],VEL VIENTO,Velocidad 10 minutal del viento media diaria,2014-06-30 00:00,m/s,1.42187500000004,Preliminar
21206990,TIBAITATA - AUT [21206990],VEL VIENTO,Velocidad 10 minutal del viento media diaria,2014-07-01 00:00,m/s,1.87916666666741,Preliminar
21206990,TIBAITATA - AUT [21206990],VEL VIENTO,Velocidad 10 minutal del viento media diaria,2014-07-02 00:00,m/s,1.69909090909187,Preliminar
21206990,TIBAITATA - AUT [21206990],VEL VIENTO,Velocidad 10 minutal del viento media diaria,2014-07-03 00:00,m/s,2.12634920634979,Preliminar
21206990,TIBAITATA - AUT [21206990],VEL VIENTO,Velocidad 10 minutal del viento media diaria,2014-07-04 00:00,m/s,1.9005072463765,Preliminar
21206990,TIBAITATA - AUT [21206990],VEL VIENTO,Velocidad 10 minutal del viento media diaria,2014-07-05 00:00,m/s,1.51166666666667,Preliminar
21206990,TIBAITATA - AUT [21206990],VEL VIENTO,Velocidad 10 minutal del viento media diaria,2014-07-06 00:00,m/s,2.15920634920751,Preliminar
21206990,TIBAITATA - AUT [21206990],VEL VIENTO,Velocidad 10 minutal del viento media diaria,2014-07-07 00:00,m/s,1.76666666666573,Preliminar
21206990,TIBAITATA - AUT [21206990],VEL VIENTO,Velocidad 10 minutal del viento media diaria,2014-07-08 00:00,m/s,1.7171428571431,Preliminar
21206990,TIBAITATA - AUT [21206990],VEL VIENTO,Velocidad 10 minutal del viento media diaria,2014-07-09 00:00,m/s,1.76041666666781,Preliminar
21206990,TIBAITATA - AUT [21206990],VEL VIENTO,Velocidad 10 minutal del viento media diaria,2014-07-10 00:00,m/s,1.72048611111142,Preliminar
21206990,TIBAITATA - AUT [21206990],VEL VIENTO,Velocidad 10 minutal del viento media diaria,2014-07-11 00:00,m/s,2.33757575757744,Preliminar
21206990,TIBAITATA - AUT [21206990],VEL VIENTO,Velocidad 10 minutal del viento media diaria,2014-07-12 00:00,m/s,2.33923611111123,Preliminar
21206990,TIBAITATA - AUT [21206990],VEL VIENTO,Velocidad 10 minutal del viento media diaria,2014-07-13 00:00,m/s,2.68645833333536,Preliminar
21206990,TIBAITATA - AUT [21206990],VEL VIENTO,Velocidad 10 minutal del viento media diaria,2014-07-14 00:00,m/s,1.72118055555693,Preliminar
21206990,TIBAITATA - AUT [21206990],VEL VIENTO,Velocidad 10 minutal del viento media diaria,2014-07-15 00:00,m/s,1.43645833333388,Preliminar
21206990,TIBAITATA - AUT [21206990],VEL VIENTO,Velocidad 10 minutal del viento media diaria,2014-07-16 00:00,m/s,1.91543478260909,Preliminar
21206990,TIBAITATA - AUT [21206990],VEL VIENTO,Velocidad 10 minutal del viento media diaria,2014-07-17 00:00,m/s,2.89173913043713,Preliminar
21206990,TIBAITATA - AUT [21206990],VEL VIENTO,Velocidad 10 minutal del viento media diaria,2014-07-18 00:00,m/s,2.49254385965167,Preliminar
21206990,TIBAITATA - AUT [21206990],VEL VIENTO,Velocidad 10 minutal del viento media diaria,2014-07-19 00:00,m/s,2.33437500000166,Preliminar
21206990,TIBAITATA - AUT [21206990],VEL VIENTO,Velocidad 10 minutal del viento media diaria,2014-07-20 00:00,m/s,2.46388888889011,Preliminar
21206990,TIBAITATA - AUT [21206990],VEL VIENTO,Velocidad 10 minutal del viento media diaria,2014-07-21 00:00,m/s,1.84484848484904,Preliminar
21206990,TIBAITATA - AUT [21206990],VEL VIENTO,Velocidad 10 minutal del viento media diaria,2014-07-22 00:00,m/s,1.99468253968254,Preliminar
21206990,TIBAITATA - AUT [21206990],VEL VIENTO,Velocidad 10 minutal del viento media diaria,2014-07-27 00:00,m/s,2.13645833333434,Preliminar
21206990,TIBAITATA - AUT [21206990],VEL VIENTO,Velocidad 10 minutal del viento media diaria,2014-07-28 00:00,m/s,2.09626984127064,Preliminar
21206990,TIBAITATA - AUT [21206990],VEL VIENTO,Velocidad 10 minutal del viento media diaria,2014-07-30 00:00,m/s,2.57188405797311,Preliminar
21206990,TIBAITATA - AUT [21206990],VEL VIENTO,Velocidad 10 minutal del viento media diaria,2014-07-31 00:00,m/s,2.46562500000103,Preliminar
21206990,TIBAITATA - AUT [21206990],VEL VIENTO,Velocidad 10 minutal del viento media diaria,2014-08-01 00:00,m/s,2.46264705882621,Preliminar
21206990,TIBAITATA - AUT [21206990],VEL VIENTO,Velocidad 10 minutal del viento media diaria,2014-08-02 00:00,m/s,2.83166666666786,Preliminar
21206990,TIBAITATA - AUT [21206990],VEL VIENTO,Velocidad 10 minutal del viento media diaria,2014-08-03 00:00,m/s,1.6868055555565,Preliminar
21206990,TIBAITATA - AUT [21206990],VEL VIENTO,Velocidad 10 minutal del viento media diaria,2014-08-04 00:00,m/s,1.32951388888919,Preliminar
21206990,TIBAITATA - AUT [21206990],VEL VIENTO,Velocidad 10 minutal del viento media diaria,2014-08-05 00:00,m/s,1.87465277777839,Preliminar
21206990,TIBAITATA - AUT [21206990],VEL VIENTO,Velocidad 10 minutal del viento media diaria,2014-08-06 00:00,m/s,2.57673611111261,Preliminar
21206990,TIBAITATA - AUT [21206990],VEL VIENTO,Velocidad 10 minutal del viento media diaria,2014-08-07 00:00,m/s,2.22291666666854,Preliminar
21206990,TIBAITATA - AUT [21206990],VEL VIENTO,Velocidad 10 minutal del viento media diaria,2014-08-08 00:00,m/s,1.5083333333341,Preliminar
21206990,TIBAITATA - AUT [21206990],VEL VIENTO,Velocidad 10 minutal del viento media diaria,2014-08-09 00:00,m/s,1.69236111111193,Preliminar
21206990,TIBAITATA - AUT [21206990],VEL VIENTO,Velocidad 10 minutal del viento media diaria,2014-08-10 00:00,m/s,1.5802083333334,Preliminar
21206990,TIBAITATA - AUT [21206990],VEL VIENTO,Velocidad 10 minutal del viento media diaria,2014-08-11 00:00,m/s,1.70381944444535,Preliminar
21206990,TIBAITATA - AUT [21206990],VEL VIENTO,Velocidad 10 minutal del viento media diaria,2014-08-12 00:00,m/s,1.68608695652243,Preliminar
21206990,TIBAITATA - AUT [21206990],VEL VIENTO,Velocidad 10 minutal del viento media diaria,2014-08-13 00:00,m/s,2.05347222222291,Preliminar
21206990,TIBAITATA - AUT [21206990],VEL VIENTO,Velocidad 10 minutal del viento media diaria,2014-08-14 00:00,m/s,2.72569444444389,Preliminar
21206990,TIBAITATA - AUT [21206990],VEL VIENTO,Velocidad 10 minutal del viento media diaria,2014-08-15 00:00,m/s,3.35312500000238,Preliminar
21206990,TIBAITATA - AUT [21206990],VEL VIENTO,Velocidad 10 minutal del viento media diaria,2014-08-16 00:00,m/s,2.41180555555682,Preliminar
21206990,TIBAITATA - AUT [21206990],VEL VIENTO,Velocidad 10 minutal del viento media diaria,2014-08-17 00:00,m/s,2.93020833333594,Preliminar
21206990,TIBAITATA - AUT [21206990],VEL VIENTO,Velocidad 10 minutal del viento media diaria,2014-08-18 00:00,m/s,2.75972222222449,Preliminar
21206990,TIBAITATA - AUT [21206990],VEL VIENTO,Velocidad 10 minutal del viento media diaria,2014-08-19 00:00,m/s,2.66215277777969,Preliminar
21206990,TIBAITATA - AUT [21206990],VEL VIENTO,Velocidad 10 minutal del viento media diaria,2014-08-20 00:00,m/s,2.1253472222237,Preliminar
21206990,TIBAITATA - AUT [21206990],VEL VIENTO,Velocidad 10 minutal del viento media diaria,2014-08-21 00:00,m/s,1.54652777777834,Preliminar
21206990,TIBAITATA - AUT [21206990],VEL VIENTO,Velocidad 10 minutal del viento media diaria,2014-08-22 00:00,m/s,1.49861111111205,Preliminar
21206990,TIBAITATA - AUT [21206990],VEL VIENTO,Velocidad 10 minutal del viento media diaria,2014-08-23 00:00,m/s,1.96215277777874,Preliminar
21206990,TIBAITATA - AUT [21206990],VEL VIENTO,Velocidad 10 minutal del viento media diaria,2014-08-24 00:00,m/s,1.67812500000093,Preliminar
21206990,TIBAITATA - AUT [21206990],VEL VIENTO,Velocidad 10 minutal del viento media diaria,2014-08-25 00:00,m/s,1.57951388888893,Preliminar
21206990,TIBAITATA - AUT [21206990],VEL VIENTO,Velocidad 10 minutal del viento media diaria,2014-08-26 00:00,m/s,2.03229166666752,Preliminar
21206990,TIBAITATA - AUT [21206990],VEL VIENTO,Velocidad 10 minutal del viento media diaria,2014-08-27 00:00,m/s,1.44861111111145,Preliminar
21206990,TIBAITATA - AUT [21206990],VEL VIENTO,Velocidad 10 minutal del viento media diaria,2014-08-28 00:00,m/s,1.95972222222314,Preliminar
21206990,TIBAITATA - AUT [21206990],VEL VIENTO,Velocidad 10 minutal del viento media diaria,2014-08-29 00:00,m/s,2.80208333333507,Preliminar
21206990,TIBAITATA - AUT [21206990],VEL VIENTO,Velocidad 10 minutal del viento media diaria,2014-08-30 00:00,m/s,2.52118055555723,Preliminar
21206990,TIBAITATA - AUT [21206990],VEL VIENTO,Velocidad 10 minutal del viento media diaria,2014-08-31 00:00,m/s,2.38229166666774,Preliminar
21206990,TIBAITATA - AUT [21206990],VEL VIENTO,Velocidad 10 minutal del viento media diaria,2014-09-01 00:00,m/s,1.7052083333339,Preliminar
21206990,TIBAITATA - AUT [21206990],VEL VIENTO,Velocidad 10 minutal del viento media diaria,2014-09-02 00:00,m/s,1.57534722222286,Preliminar
21206990,TIBAITATA - AUT [21206990],VEL VIENTO,Velocidad 10 minutal del viento media diaria,2014-09-03 00:00,m/s,1.69166666666743,Preliminar
21206990,TIBAITATA - AUT [21206990],VEL VIENTO,Velocidad 10 minutal del viento media diaria,2014-09-04 00:00,m/s,2.41597222222311,Preliminar
21206990,TIBAITATA - AUT [21206990],VEL VIENTO,Velocidad 10 minutal del viento media diaria,2014-09-05 00:00,m/s,1.48372549019705,Preliminar
21206990,TIBAITATA - AUT [21206990],VEL VIENTO,Velocidad 10 minutal del viento media diaria,2014-09-06 00:00,m/s,1.69375000000069,Preliminar
21206990,TIBAITATA - AUT [21206990],VEL VIENTO,Velocidad 10 minutal del viento media diaria,2014-09-08 00:00,m/s,2.3925,Preliminar
21206990,TIBAITATA - AUT [21206990],VEL VIENTO,Velocidad 10 minutal del viento media diaria,2014-09-10 00:00,m/s,1.4689166666677,Preliminar
21206990,TIBAITATA - AUT [21206990],VEL VIENTO,Velocidad 10 minutal del viento media diaria,2014-09-11 00:00,m/s,1.89201388888878,Preliminar
21206990,TIBAITATA - AUT [21206990],VEL VIENTO,Velocidad 10 minutal del viento media diaria,2014-09-12 00:00,m/s,1.83521739130507,Preliminar
21206990,TIBAITATA - AUT [21206990],VEL VIENTO,Velocidad 10 minutal del viento media diaria,2014-09-13 00:00,m/s,2.06151515151634,Preliminar
21206990,TIBAITATA - AUT [21206990],VEL VIENTO,Velocidad 10 minutal del viento media diaria,2014-09-14 00:00,m/s,2.41144927536363,Preliminar
21206990,TIBAITATA - AUT [21206990],VEL VIENTO,Velocidad 10 minutal del viento media diaria,2014-09-15 00:00,m/s,2.20924242424242,Preliminar
21206990,TIBAITATA - AUT [21206990],VEL VIENTO,Velocidad 10 minutal del viento media diaria,2014-09-16 00:00,m/s,1.43050724637618,Preliminar
21206990,TIBAITATA - AUT [21206990],VEL VIENTO,Velocidad 10 minutal del viento media diaria,2014-09-17 00:00,m/s,1.83780303030376,Preliminar
21206990,TIBAITATA - AUT [21206990],VEL VIENTO,Velocidad 10 minutal del viento media diaria,2014-09-18 00:00,m/s,2.16816666666847,Preliminar
21206990,TIBAITATA - AUT [21206990],VEL VIENTO,Velocidad 10 minutal del viento media diaria,2014-09-19 00:00,m/s,1.77849206349312,Preliminar
21206990,TIBAITATA - AUT [21206990],VEL VIENTO,Velocidad 10 minutal del viento media diaria,2014-09-20 00:00,m/s,1.6740909090918,Preliminar
21206990,TIBAITATA - AUT [21206990],VEL VIENTO,Velocidad 10 minutal del viento media diaria,2014-09-21 00:00,m/s,1.51805555555564,Preliminar
21206990,TIBAITATA - AUT [21206990],VEL VIENTO,Velocidad 10 minutal del viento media diaria,2014-09-22 00:00,m/s,1.79246376811711,Preliminar
21206990,TIBAITATA - AUT [21206990],VEL VIENTO,Velocidad 10 minutal del viento media diaria,2014-09-23 00:00,m/s,1.7754629629639,Preliminar
21206990,TIBAITATA - AUT [21206990],VEL VIENTO,Velocidad 10 minutal del viento media diaria,2014-09-24 00:00,m/s,1.55272727272775,Preliminar
21206990,TIBAITATA - AUT [21206990],VEL VIENTO,Velocidad 10 minutal del viento media diaria,2014-09-25 00:00,m/s,1.98108695652301,Preliminar
21206990,TIBAITATA - AUT [21206990],VEL VIENTO,Velocidad 10 minutal del viento media diaria,2014-09-26 00:00,m/s,2.12265151515192,Preliminar
21206990,TIBAITATA - AUT [21206990],VEL VIENTO,Velocidad 10 minutal del viento media diaria,2014-09-27 00:00,m/s,2.47777777777778,Preliminar
21206990,TIBAITATA - AUT [21206990],VEL VIENTO,Velocidad 10 minutal del viento media diaria,2014-09-28 00:00,m/s,1.91543478260957,Preliminar
21206990,TIBAITATA - AUT [21206990],VEL VIENTO,Velocidad 10 minutal del viento media diaria,2014-09-30 00:00,m/s,2.99166666666867,Preliminar
21206990,TIBAITATA - AUT [21206990],VEL VIENTO,Velocidad 10 minutal del viento media diaria,2014-10-01 00:00,m/s,3.0269696969706,Preliminar
21206990,TIBAITATA - AUT [21206990],VEL VIENTO,Velocidad 10 minutal del viento media diaria,2014-10-02 00:00,m/s,2.56041666666808,Preliminar
21206990,TIBAITATA - AUT [21206990],VEL VIENTO,Velocidad 10 minutal del viento media diaria,2014-10-03 00:00,m/s,2.25486111111241,Preliminar
21206990,TIBAITATA - AUT [21206990],VEL VIENTO,Velocidad 10 minutal del viento media diaria,2014-10-04 00:00,m/s,1.61875000000083,Preliminar
21206990,TIBAITATA - AUT [21206990],VEL VIENTO,Velocidad 10 minutal del viento media diaria,2014-10-05 00:00,m/s,1.86875000000025,Preliminar
21206990,TIBAITATA - AUT [21206990],VEL VIENTO,Velocidad 10 minutal del viento media diaria,2014-10-06 00:00,m/s,1.83623188405897,Preliminar
21206990,TIBAITATA - AUT [21206990],VEL VIENTO,Velocidad 10 minutal del viento media diaria,2014-10-07 00:00,m/s,1.63645833333414,Preliminar
21206990,TIBAITATA - AUT [21206990],VEL VIENTO,Velocidad 10 minutal del viento media diaria,2014-10-08 00:00,m/s,1.34895833333411,Preliminar
21206990,TIBAITATA - AUT [21206990],VEL VIENTO,Velocidad 10 minutal del viento media diaria,2014-10-09 00:00,m/s,1.32673611111179,Preliminar
21206990,TIBAITATA - AUT [21206990],VEL VIENTO,Velocidad 10 minutal del viento media diaria,2014-10-10 00:00,m/s,1.49962121212191,Preliminar
21206990,TIBAITATA - AUT [21206990],VEL VIENTO,Velocidad 10 minutal del viento media diaria,2014-10-11 00:00,m/s,1.50888888888795,Preliminar
21206990,TIBAITATA - AUT [21206990],VEL VIENTO,Velocidad 10 minutal del viento media diaria,2014-10-12 00:00,m/s,2.36805555555696,Preliminar
21206990,TIBAITATA - AUT [21206990],VEL VIENTO,Velocidad 10 minutal del viento media diaria,2014-10-13 00:00,m/s,2.39931818182014,Preliminar
21206990,TIBAITATA - AUT [21206990],VEL VIENTO,Velocidad 10 minutal del viento media diaria,2014-10-14 00:00,m/s,2.56136363636551,Preliminar
21206990,TIBAITATA - AUT [21206990],VEL VIENTO,Velocidad 10 minutal del viento media diaria,2014-10-15 00:00,m/s,2.3205555555582,Preliminar
21206990,TIBAITATA - AUT [21206990],VEL VIENTO,Velocidad 10 minutal del viento media diaria,2014-10-16 00:00,m/s,1.63265151515259,Preliminar
21206990,TIBAITATA - AUT [21206990],VEL VIENTO,Velocidad 10 minutal del viento media diaria,2014-10-17 00:00,m/s,1.63722222222249,Preliminar
21206990,TIBAITATA - AUT [21206990],VEL VIENTO,Velocidad 10 minutal del viento media diaria,2014-10-18 00:00,m/s,1.63757575757634,Preliminar
21206990,TIBAITATA - AUT [21206990],VEL VIENTO,Velocidad 10 minutal del viento media diaria,2014-10-19 00:00,m/s,1.87554347826243,Preliminar
21206990,TIBAITATA - AUT [21206990],VEL VIENTO,Velocidad 10 minutal del viento media diaria,2014-10-20 00:00,m/s,1.615,Preliminar
21206990,TIBAITATA - AUT [21206990],VEL VIENTO,Velocidad 10 minutal del viento media diaria,2014-10-21 00:00,m/s,1.7031060606062,Preliminar
21206990,TIBAITATA - AUT [21206990],VEL VIENTO,Velocidad 10 minutal del viento media diaria,2014-10-22 00:00,m/s,1.40078947368336,Preliminar
21206990,TIBAITATA - AUT [21206990],VEL VIENTO,Velocidad 10 minutal del viento media diaria,2014-10-23 00:00,m/s,1.32560606060707,Preliminar
21206990,TIBAITATA - AUT [21206990],VEL VIENTO,Velocidad 10 minutal del viento media diaria,2014-10-24 00:00,m/s,1.72441176470588,Preliminar
21206990,TIBAITATA - AUT [21206990],VEL VIENTO,Velocidad 10 minutal del viento media diaria,2014-10-26 00:00,m/s,1.96396825397007,Preliminar
21206990,TIBAITATA - AUT [21206990],VEL VIENTO,Velocidad 10 minutal del viento media diaria,2014-10-27 00:00,m/s,1.578125,Preliminar
21206990,TIBAITATA - AUT [21206990],VEL VIENTO,Velocidad 10 minutal del viento media diaria,2014-10-28 00:00,m/s,1.77194444444444,Preliminar
21206990,TIBAITATA - AUT [21206990],VEL VIENTO,Velocidad 10 minutal del viento media diaria,2014-10-29 00:00,m/s,1.50768518518589,Preliminar
21206990,TIBAITATA - AUT [21206990],VEL VIENTO,Velocidad 10 minutal del viento media diaria,2014-10-30 00:00,m/s,1.58818840579777,Preliminar
21206990,TIBAITATA - AUT [21206990],VEL VIENTO,Velocidad 10 minutal del viento media diaria,2014-10-31 00:00,m/s,1.7586805555554,Preliminar
21206990,TIBAITATA - AUT [21206990],VEL VIENTO,Velocidad 10 minutal del viento media diaria,2014-11-01 00:00,m/s,1.59734848484951,Preliminar
21206990,TIBAITATA - AUT [21206990],VEL VIENTO,Velocidad 10 minutal del viento media diaria,2014-11-02 00:00,m/s,1.62121212121293,Preliminar
21206990,TIBAITATA - AUT [21206990],VEL VIENTO,Velocidad 10 minutal del viento media diaria,2014-11-03 00:00,m/s,1.46701388888997,Preliminar
21206990,TIBAITATA - AUT [21206990],VEL VIENTO,Velocidad 10 minutal del viento media diaria,2014-11-04 00:00,m/s,1.88263888888967,Preliminar
21206990,TIBAITATA - AUT [21206990],VEL VIENTO,Velocidad 10 minutal del viento media diaria,2014-11-05 00:00,m/s,1.62231884058057,Preliminar
21206990,TIBAITATA - AUT [21206990],VEL VIENTO,Velocidad 10 minutal del viento media diaria,2014-11-06 00:00,m/s,1.42560606060639,Preliminar
21206990,TIBAITATA - AUT [21206990],VEL VIENTO,Velocidad 10 minutal del viento media diaria,2014-11-07 00:00,m/s,1.43196969697007,Preliminar
21206990,TIBAITATA - AUT [21206990],VEL VIENTO,Velocidad 10 minutal del viento media diaria,2014-11-08 00:00,m/s,1.78958333333319,Preliminar
21206990,TIBAITATA - AUT [21206990],VEL VIENTO,Velocidad 10 minutal del viento media diaria,2014-11-09 00:00,m/s,1.76811594202956,Preliminar
21206990,TIBAITATA - AUT [21206990],VEL VIENTO,Velocidad 10 minutal del viento media diaria,2014-11-10 00:00,m/s,1.37904761904787,Preliminar
21206990,TIBAITATA - AUT [21206990],VEL VIENTO,Velocidad 10 minutal del viento media diaria,2014-11-11 00:00,m/s,2.12187500000112,Preliminar
21206990,TIBAITATA - AUT [21206990],VEL VIENTO,Velocidad 10 minutal del viento media diaria,2014-11-12 00:00,m/s,2.09916666666777,Preliminar
21206990,TIBAITATA - AUT [21206990],VEL VIENTO,Velocidad 10 minutal del viento media diaria,2014-11-13 00:00,m/s,2.61972222222222,Preliminar
21206990,TIBAITATA - AUT [21206990],VEL VIENTO,Velocidad 10 minutal del viento media diaria,2014-11-14 00:00,m/s,2.89645833333713,Preliminar
21206990,TIBAITATA - AUT [21206990],VEL VIENTO,Velocidad 10 minutal del viento media diaria,2014-11-15 00:00,m/s,1.65121212121274,Preliminar
21206990,TIBAITATA - AUT [21206990],VEL VIENTO,Velocidad 10 minutal del viento media diaria,2014-11-16 00:00,m/s,1.27616666666704,Preliminar
21206990,TIBAITATA - AUT [21206990],VEL VIENTO,Velocidad 10 minutal del viento media diaria,2014-11-17 00:00,m/s,2.45055555555763,Preliminar
21206990,TIBAITATA - AUT [21206990],VEL VIENTO,Velocidad 10 minutal del viento media diaria,2014-11-18 00:00,m/s,2.07263157894737,Preliminar
21206990,TIBAITATA - AUT [21206990],VEL VIENTO,Velocidad 10 minutal del viento media diaria,2014-11-19 00:00,m/s,1.81092592592593,Preliminar
21206990,TIBAITATA - AUT [21206990],VEL VIENTO,Velocidad 10 minutal del viento media diaria,2014-11-20 00:00,m/s,1.82673913043632,Preliminar
21206990,TIBAITATA - AUT [21206990],VEL VIENTO,Velocidad 10 minutal del viento media diaria,2014-11-21 00:00,m/s,1.89159420289852,Preliminar
21206990,TIBAITATA - AUT [21206990],VEL VIENTO,Velocidad 10 minutal del viento media diaria,2014-11-22 00:00,m/s,1.74963768115955,Preliminar
21206990,TIBAITATA - AUT [21206990],VEL VIENTO,Velocidad 10 minutal del viento media diaria,2014-11-23 00:00,m/s,1.51326086956589,Preliminar
21206990,TIBAITATA - AUT [21206990],VEL VIENTO,Velocidad 10 minutal del viento media diaria,2014-11-24 00:00,m/s,1.89233333333477,Preliminar
21206990,TIBAITATA - AUT [21206990],VEL VIENTO,Velocidad 10 minutal del viento media diaria,2014-11-25 00:00,m/s,1.54924242424276,Preliminar
21206990,TIBAITATA - AUT [21206990],VEL VIENTO,Velocidad 10 minutal del viento media diaria,2014-11-26 00:00,m/s,2.15196969697101,Preliminar
21206990,TIBAITATA - AUT [21206990],VEL VIENTO,Velocidad 10 minutal del viento media diaria,2014-11-27 00:00,m/s,1.61909722222305,Preliminar
21206990,TIBAITATA - AUT [21206990],VEL VIENTO,Velocidad 10 minutal del viento media diaria,2014-11-28 00:00,m/s,1.46356060606139,Preliminar
21206990,TIBAITATA - AUT [21206990],VEL VIENTO,Velocidad 10 minutal del viento media diaria,2014-11-29 00:00,m/s,1.36230158730159,Preliminar
21206990,TIBAITATA - AUT [21206990],VEL VIENTO,Velocidad 10 minutal del viento media diaria,2014-11-30 00:00,m/s,1.91319444444574,Preliminar
21206990,TIBAITATA - AUT [21206990],VEL VIENTO,Velocidad 10 minutal del viento media diaria,2014-12-01 00:00,m/s,1.69075000000043,Preliminar
21206990,TIBAITATA - AUT [21206990],VEL VIENTO,Velocidad 10 minutal del viento media diaria,2014-12-04 00:00,m/s,1.42048611111127,Preliminar
21206990,TIBAITATA - AUT [21206990],VEL VIENTO,Velocidad 10 minutal del viento media diaria,2014-12-05 00:00,m/s,1.81521739130499,Preliminar
21206990,TIBAITATA - AUT [21206990],VEL VIENTO,Velocidad 10 minutal del viento media diaria,2014-12-06 00:00,m/s,1.85087301587404,Preliminar
21206990,TIBAITATA - AUT [21206990],VEL VIENTO,Velocidad 10 minutal del viento media diaria,2014-12-07 00:00,m/s,1.49234848484883,Preliminar
21206990,TIBAITATA - AUT [21206990],VEL VIENTO,Velocidad 10 minutal del viento media diaria,2014-12-08 00:00,m/s,1.74280303030414,Preliminar
21206990,TIBAITATA - AUT [21206990],VEL VIENTO,Velocidad 10 minutal del viento media diaria,2014-12-09 00:00,m/s,1.66469696969709,Preliminar
21206990,TIBAITATA - AUT [21206990],VEL VIENTO,Velocidad 10 minutal del viento media diaria,2014-12-10 00:00,m/s,1.36622807017544,Preliminar
21206990,TIBAITATA - AUT [21206990],VEL VIENTO,Velocidad 10 minutal del viento media diaria,2014-12-11 00:00,m/s,1.34460784313608,Preliminar
21206990,TIBAITATA - AUT [21206990],VEL VIENTO,Velocidad 10 minutal del viento media diaria,2014-12-12 00:00,m/s,1.60318181818291,Preliminar
21206990,TIBAITATA - AUT [21206990],VEL VIENTO,Velocidad 10 minutal del viento media diaria,2014-12-13 00:00,m/s,1.6795652173927,Preliminar
21206990,TIBAITATA - AUT [21206990],VEL VIENTO,Velocidad 10 minutal del viento media diaria,2014-12-14 00:00,m/s,1.697222222223,Preliminar
21206990,TIBAITATA - AUT [21206990],VEL VIENTO,Velocidad 10 minutal del viento media diaria,2014-12-15 00:00,m/s,1.95106060606155,Preliminar
21206990,TIBAITATA - AUT [21206990],VEL VIENTO,Velocidad 10 minutal del viento media diaria,2014-12-16 00:00,m/s,1.6559166666679,Preliminar
21206990,TIBAITATA - AUT [21206990],VEL VIENTO,Velocidad 10 minutal del viento media diaria,2014-12-17 00:00,m/s,1.78594202898624,Preliminar
21206990,TIBAITATA - AUT [21206990],VEL VIENTO,Velocidad 10 minutal del viento media diaria,2014-12-18 00:00,m/s,1.6031250000008,Preliminar
21206990,TIBAITATA - AUT [21206990],VEL VIENTO,Velocidad 10 minutal del viento media diaria,2014-12-19 00:00,m/s,1.95075000000115,Preliminar
21206990,TIBAITATA - AUT [21206990],VEL VIENTO,Velocidad 10 minutal del viento media diaria,2014-12-20 00:00,m/s,1.65902777777901,Preliminar
21206990,TIBAITATA - AUT [21206990],VEL VIENTO,Velocidad 10 minutal del viento media diaria,2014-12-21 00:00,m/s,1.72126984127112,Preliminar
21206990,TIBAITATA - AUT [21206990],VEL VIENTO,Velocidad 10 minutal del viento media diaria,2014-12-22 00:00,m/s,2.07433333333359,Preliminar
21206990,TIBAITATA - AUT [21206990],VEL VIENTO,Velocidad 10 minutal del viento media diaria,2014-12-23 00:00,m/s,1.77166666666723,Preliminar
21206990,TIBAITATA - AUT [21206990],VEL VIENTO,Velocidad 10 minutal del viento media diaria,2014-12-24 00:00,m/s,1.54516666666698,Preliminar
21206990,TIBAITATA - AUT [21206990],VEL VIENTO,Velocidad 10 minutal del viento media diaria,2014-12-25 00:00,m/s,1.36423611111132,Preliminar
21206990,TIBAITATA - AUT [21206990],VEL VIENTO,Velocidad 10 minutal del viento media diaria,2014-12-26 00:00,m/s,1.83333333333282,Preliminar
21206990,TIBAITATA - AUT [21206990],VEL VIENTO,Velocidad 10 minutal del viento media diaria,2014-12-27 00:00,m/s,1.90607843137255,Preliminar
21206990,TIBAITATA - AUT [21206990],VEL VIENTO,Velocidad 10 minutal del viento media diaria,2014-12-28 00:00,m/s,1.66485507246394,Preliminar
21206990,TIBAITATA - AUT [21206990],VEL VIENTO,Velocidad 10 minutal del viento media diaria,2014-12-29 00:00,m/s,1.65243055555572,Preliminar
21206990,TIBAITATA - AUT [21206990],VEL VIENTO,Velocidad 10 minutal del viento media diaria,2014-12-30 00:00,m/s,1.71083333333374,Preliminar
21206990,TIBAITATA - AUT [21206990],VEL VIENTO,Velocidad 10 minutal del viento media diaria,2014-12-31 00:00,m/s,1.80250000000141,Preliminar
21206990,TIBAITATA - AUT [21206990],VEL VIENTO,Velocidad 10 minutal del viento media diaria,2015-01-01 00:00,m/s,1.66006944444425,Preliminar
21206990,TIBAITATA - AUT [21206990],VEL VIENTO,Velocidad 10 minutal del viento media diaria,2015-01-02 00:00,m/s,2.26458333333508,Preliminar
21206990,TIBAITATA - AUT [21206990],VEL VIENTO,Velocidad 10 minutal del viento media diaria,2015-01-03 00:00,m/s,2.18645833333437,Preliminar
21206990,TIBAITATA - AUT [21206990],VEL VIENTO,Velocidad 10 minutal del viento media diaria,2015-01-04 00:00,m/s,1.79775362318966,Preliminar
21206990,TIBAITATA - AUT [21206990],VEL VIENTO,Velocidad 10 minutal del viento media diaria,2015-01-05 00:00,m/s,1.61493055555691,Preliminar
21206990,TIBAITATA - AUT [21206990],VEL VIENTO,Velocidad 10 minutal del viento media diaria,2015-01-06 00:00,m/s,1.78680555555609,Preliminar
21206990,TIBAITATA - AUT [21206990],VEL VIENTO,Velocidad 10 minutal del viento media diaria,2015-01-07 00:00,m/s,2.31354166666789,Preliminar
21206990,TIBAITATA - AUT [21206990],VEL VIENTO,Velocidad 10 minutal del viento media diaria,2015-01-08 00:00,m/s,2.1513888888903,Preliminar
21206990,TIBAITATA - AUT [21206990],VEL VIENTO,Velocidad 10 minutal del viento media diaria,2015-01-09 00:00,m/s,1.98541666666681,Preliminar
21206990,TIBAITATA - AUT [21206990],VEL VIENTO,Velocidad 10 minutal del viento media diaria,2015-01-10 00:00,m/s,1.79895833333416,Preliminar
21206990,TIBAITATA - AUT [21206990],VEL VIENTO,Velocidad 10 minutal del viento media diaria,2015-01-11 00:00,m/s,2.13125000000141,Preliminar
21206990,TIBAITATA - AUT [21206990],VEL VIENTO,Velocidad 10 minutal del viento media diaria,2015-01-12 00:00,m/s,2.05937500000049,Preliminar
21206990,TIBAITATA - AUT [21206990],VEL VIENTO,Velocidad 10 minutal del viento media diaria,2015-01-13 00:00,m/s,2.11979166666766,Preliminar
21206990,TIBAITATA - AUT [21206990],VEL VIENTO,Velocidad 10 minutal del viento media diaria,2015-01-14 00:00,m/s,1.68891304347845,Preliminar
21206990,TIBAITATA - AUT [21206990],VEL VIENTO,Velocidad 10 minutal del viento media diaria,2015-01-15 00:00,m/s,1.94600000000079,Preliminar
21206990,TIBAITATA - AUT [21206990],VEL VIENTO,Velocidad 10 minutal del viento media diaria,2015-01-16 00:00,m/s,2.25859649122946,Preliminar
21206990,TIBAITATA - AUT [21206990],VEL VIENTO,Velocidad 10 minutal del viento media diaria,2015-01-17 00:00,m/s,2.51174603174817,Preliminar
21206990,TIBAITATA - AUT [21206990],VEL VIENTO,Velocidad 10 minutal del viento media diaria,2015-01-18 00:00,m/s,2.07118055555333,Preliminar
21206990,TIBAITATA - AUT [21206990],VEL VIENTO,Velocidad 10 minutal del viento media diaria,2015-01-19 00:00,m/s,2.04350000000162,Preliminar
21206990,TIBAITATA - AUT [21206990],VEL VIENTO,Velocidad 10 minutal del viento media diaria,2015-01-20 00:00,m/s,1.87753623188494,Preliminar
21206990,TIBAITATA - AUT [21206990],VEL VIENTO,Velocidad 10 minutal del viento media diaria,2015-01-21 00:00,m/s,1.55381944444504,Preliminar
21206990,TIBAITATA - AUT [21206990],VEL VIENTO,Velocidad 10 minutal del viento media diaria,2015-01-22 00:00,m/s,1.24659420289935,Preliminar
21206990,TIBAITATA - AUT [21206990],VEL VIENTO,Velocidad 10 minutal del viento media diaria,2015-01-23 00:00,m/s,1.98000000000174,Preliminar
21206990,TIBAITATA - AUT [21206990],VEL VIENTO,Velocidad 10 minutal del viento media diaria,2015-01-24 00:00,m/s,1.75789473684396,Preliminar
21206990,TIBAITATA - AUT [21206990],VEL VIENTO,Velocidad 10 minutal del viento media diaria,2015-01-25 00:00,m/s,1.86423611111173,Preliminar
21206990,TIBAITATA - AUT [21206990],VEL VIENTO,Velocidad 10 minutal del viento media diaria,2015-01-26 00:00,m/s,1.99722222222358,Preliminar
21206990,TIBAITATA - AUT [21206990],VEL VIENTO,Velocidad 10 minutal del viento media diaria,2015-01-27 00:00,m/s,1.97688405797216,Preliminar
21206990,TIBAITATA - AUT [21206990],VEL VIENTO,Velocidad 10 minutal del viento media diaria,2015-01-28 00:00,m/s,2.04636363636516,Preliminar
21206990,TIBAITATA - AUT [21206990],VEL VIENTO,Velocidad 10 minutal del viento media diaria,2015-01-29 00:00,m/s,2.14507246376812,Preliminar
21206990,TIBAITATA - AUT [21206990],VEL VIENTO,Velocidad 10 minutal del viento media diaria,2015-01-30 00:00,m/s,1.66833333333287,Preliminar
21206990,TIBAITATA - AUT [21206990],VEL VIENTO,Velocidad 10 minutal del viento media diaria,2015-01-31 00:00,m/s,1.65798611111223,Preliminar
21206990,TIBAITATA - AUT [21206990],VEL VIENTO,Velocidad 10 minutal del viento media diaria,2015-02-01 00:00,m/s,1.74513888888928,Preliminar
21206990,TIBAITATA - AUT [21206990],VEL VIENTO,Velocidad 10 minutal del viento media diaria,2015-02-02 00:00,m/s,2.2934782608711,Preliminar
21206990,TIBAITATA - AUT [21206990],VEL VIENTO,Velocidad 10 minutal del viento media diaria,2015-02-03 00:00,m/s,2.05015873015959,Preliminar
21206990,TIBAITATA - AUT [21206990],VEL VIENTO,Velocidad 10 minutal del viento media diaria,2015-02-04 00:00,m/s,2.18765151515152,Preliminar
21206990,TIBAITATA - AUT [21206990],VEL VIENTO,Velocidad 10 minutal del viento media diaria,2015-02-05 00:00,m/s,2.1732638888904,Preliminar
21206990,TIBAITATA - AUT [21206990],VEL VIENTO,Velocidad 10 minutal del viento media diaria,2015-02-06 00:00,m/s,1.81469696969829,Preliminar
21206990,TIBAITATA - AUT [21206990],VEL VIENTO,Velocidad 10 minutal del viento media diaria,2015-02-07 00:00,m/s,1.46250000000076,Preliminar
21206990,TIBAITATA - AUT [21206990],VEL VIENTO,Velocidad 10 minutal del viento media diaria,2015-02-08 00:00,m/s,1.21050724637721,Preliminar
21206990,TIBAITATA - AUT [21206990],VEL VIENTO,Velocidad 10 minutal del viento media diaria,2015-02-09 00:00,m/s,1.76681159420409,Preliminar
21206990,TIBAITATA - AUT [21206990],VEL VIENTO,Velocidad 10 minutal del viento media diaria,2015-02-10 00:00,m/s,1.96565217391382,Preliminar
21206990,TIBAITATA - AUT [21206990],VEL VIENTO,Velocidad 10 minutal del viento media diaria,2015-02-11 00:00,m/s,1.62300000000109,Preliminar
21206990,TIBAITATA - AUT [21206990],VEL VIENTO,Velocidad 10 minutal del viento media diaria,2015-02-12 00:00,m/s,1.70630434782595,Preliminar
21206990,TIBAITATA - AUT [21206990],VEL VIENTO,Velocidad 10 minutal del viento media diaria,2015-02-15 00:00,m/s,1.81631944444567,Preliminar
21206990,TIBAITATA - AUT [21206990],VEL VIENTO,Velocidad 10 minutal del viento media diaria,2015-02-16 00:00,m/s,1.78681818181891,Preliminar
21206990,TIBAITATA - AUT [21206990],VEL VIENTO,Velocidad 10 minutal del viento media diaria,2015-02-17 00:00,m/s,1.96427536232,Preliminar
21206990,TIBAITATA - AUT [21206990],VEL VIENTO,Velocidad 10 minutal del viento media diaria,2015-02-18 00:00,m/s,2.1733333333353,Preliminar
21206990,TIBAITATA - AUT [21206990],VEL VIENTO,Velocidad 10 minutal del viento media diaria,2015-02-19 00:00,m/s,2.71362318840733,Preliminar
21206990,TIBAITATA - AUT [21206990],VEL VIENTO,Velocidad 10 minutal del viento media diaria,2015-02-20 00:00,m/s,2.51094202898723,Preliminar
21206990,TIBAITATA - AUT [21206990],VEL VIENTO,Velocidad 10 minutal del viento media diaria,2015-02-21 00:00,m/s,2.26920289855201,Preliminar
21206990,TIBAITATA - AUT [21206990],VEL VIENTO,Velocidad 10 minutal del viento media diaria,2015-02-22 00:00,m/s,1.99201388889005,Preliminar
21206990,TIBAITATA - AUT [21206990],VEL VIENTO,Velocidad 10 minutal del viento media diaria,2015-02-23 00:00,m/s,2.00920289855224,Preliminar
21206990,TIBAITATA - AUT [21206990],VEL VIENTO,Velocidad 10 minutal del viento media diaria,2015-02-24 00:00,m/s,1.96543478260987,Preliminar
21206990,TIBAITATA - AUT [21206990],VEL VIENTO,Velocidad 10 minutal del viento media diaria,2015-02-25 00:00,m/s,1.90643939394061,Preliminar
21206990,TIBAITATA - AUT [21206990],VEL VIENTO,Velocidad 10 minutal del viento media diaria,2015-02-26 00:00,m/s,2.14717391304404,Preliminar
21206990,TIBAITATA - AUT [21206990],VEL VIENTO,Velocidad 10 minutal del viento media diaria,2015-02-27 00:00,m/s,2.70000000000023,Preliminar
21206990,TIBAITATA - AUT [21206990],VEL VIENTO,Velocidad 10 minutal del viento media diaria,2015-02-28 00:00,m/s,1.92000000000104,Preliminar
21206990,TIBAITATA - AUT [21206990],VEL VIENTO,Velocidad 10 minutal del viento media diaria,2015-03-01 00:00,m/s,2.11266666666781,Preliminar
21206990,TIBAITATA - AUT [21206990],VEL VIENTO,Velocidad 10 minutal del viento media diaria,2015-03-02 00:00,m/s,2.52046296296296,Preliminar
21206990,TIBAITATA - AUT [21206990],VEL VIENTO,Velocidad 10 minutal del viento media diaria,2015-03-03 00:00,m/s,2.43840579710229,Preliminar
21206990,TIBAITATA - AUT [21206990],VEL VIENTO,Velocidad 10 minutal del viento media diaria,2015-03-04 00:00,m/s,1.73402777777872,Preliminar
21206990,TIBAITATA - AUT [21206990],VEL VIENTO,Velocidad 10 minutal del viento media diaria,2015-03-05 00:00,m/s,2.04062500000138,Preliminar
21206990,TIBAITATA - AUT [21206990],VEL VIENTO,Velocidad 10 minutal del viento media diaria,2015-03-06 00:00,m/s,1.73531746031918,Preliminar
21206990,TIBAITATA - AUT [21206990],VEL VIENTO,Velocidad 10 minutal del viento media diaria,2015-03-07 00:00,m/s,1.89722222222341,Preliminar
21206990,TIBAITATA - AUT [21206990],VEL VIENTO,Velocidad 10 minutal del viento media diaria,2015-03-08 00:00,m/s,2.14741666666754,Preliminar
21206990,TIBAITATA - AUT [21206990],VEL VIENTO,Velocidad 10 minutal del viento media diaria,2015-03-09 00:00,m/s,2.41736111111175,Preliminar
21206990,TIBAITATA - AUT [21206990],VEL VIENTO,Velocidad 10 minutal del viento media diaria,2015-03-10 00:00,m/s,1.87413043478261,Preliminar
21206990,TIBAITATA - AUT [21206990],VEL VIENTO,Velocidad 10 minutal del viento media diaria,2015-03-11 00:00,m/s,2.11458333333488,Preliminar
21206990,TIBAITATA - AUT [21206990],VEL VIENTO,Velocidad 10 minutal del viento media diaria,2015-03-12 00:00,m/s,1.94724637681289,Preliminar
21206990,TIBAITATA - AUT [21206990],VEL VIENTO,Velocidad 10 minutal del viento media diaria,2015-03-13 00:00,m/s,1.89568181818238,Preliminar
21206990,TIBAITATA - AUT [21206990],VEL VIENTO,Velocidad 10 minutal del viento media diaria,2015-03-14 00:00,m/s,1.54935185185298,Preliminar
21206990,TIBAITATA - AUT [21206990],VEL VIENTO,Velocidad 10 minutal del viento media diaria,2015-03-15 00:00,m/s,1.80508333333432,Preliminar
21206990,TIBAITATA - AUT [21206990],VEL VIENTO,Velocidad 10 minutal del viento media diaria,2015-03-16 00:00,m/s,1.88064814814794,Preliminar
21206990,TIBAITATA - AUT [21206990],VEL VIENTO,Velocidad 10 minutal del viento media diaria,2015-03-17 00:00,m/s,2.17601449275396,Preliminar
21206990,TIBAITATA - AUT [21206990],VEL VIENTO,Velocidad 10 minutal del viento media diaria,2015-03-18 00:00,m/s,2.10579365079501,Preliminar
21206990,TIBAITATA - AUT [21206990],VEL VIENTO,Velocidad 10 minutal del viento media diaria,2015-03-20 00:00,m/s,1.70659722222146,Preliminar
21206990,TIBAITATA - AUT [21206990],VEL VIENTO,Velocidad 10 minutal del viento media diaria,2015-03-21 00:00,m/s,3.05138888889142,Preliminar
21206990,TIBAITATA - AUT [21206990],VEL VIENTO,Velocidad 10 minutal del viento media diaria,2015-03-22 00:00,m/s,1.67245614035243,Preliminar
21206990,TIBAITATA - AUT [21206990],VEL VIENTO,Velocidad 10 minutal del viento media diaria,2015-03-23 00:00,m/s,2.29791666666783,Preliminar
21206990,TIBAITATA - AUT [21206990],VEL VIENTO,Velocidad 10 minutal del viento media diaria,2015-03-24 00:00,m/s,1.89201388888985,Preliminar
21206990,TIBAITATA - AUT [21206990],VEL VIENTO,Velocidad 10 minutal del viento media diaria,2015-03-25 00:00,m/s,2.02094202898637,Preliminar
21206990,TIBAITATA - AUT [21206990],VEL VIENTO,Velocidad 10 minutal del viento media diaria,2015-03-26 00:00,m/s,1.70719696969697,Preliminar
21206990,TIBAITATA - AUT [21206990],VEL VIENTO,Velocidad 10 minutal del viento media diaria,2015-03-27 00:00,m/s,1.65763888888994,Preliminar
21206990,TIBAITATA - AUT [21206990],VEL VIENTO,Velocidad 10 minutal del viento media diaria,2015-03-28 00:00,m/s,1.58431818181922,Preliminar
21206990,TIBAITATA - AUT [21206990],VEL VIENTO,Velocidad 10 minutal del viento media diaria,2015-03-29 00:00,m/s,1.3861111111112,Preliminar
21206990,TIBAITATA - AUT [21206990],VEL VIENTO,Velocidad 10 minutal del viento media diaria,2015-03-30 00:00,m/s,1.59342105263292,Preliminar
21206990,TIBAITATA - AUT [21206990],VEL VIENTO,Velocidad 10 minutal del viento media diaria,2015-03-31 00:00,m/s,1.02510416666703,Preliminar
21206990,TIBAITATA - AUT [21206990],VEL VIENTO,Velocidad 10 minutal del viento media diaria,2015-04-01 00:00,m/s,1.69583333333354,Preliminar
21206990,TIBAITATA - AUT [21206990],VEL VIENTO,Velocidad 10 minutal del viento media diaria,2015-04-02 00:00,m/s,1.63194444444466,Preliminar
21206990,TIBAITATA - AUT [21206990],VEL VIENTO,Velocidad 10 minutal del viento media diaria,2015-04-03 00:00,m/s,1.56811594202956,Preliminar
21206990,TIBAITATA - AUT [21206990],VEL VIENTO,Velocidad 10 minutal del viento media diaria,2015-04-04 00:00,m/s,1.42195652173969,Preliminar
21206990,TIBAITATA - AUT [21206990],VEL VIENTO,Velocidad 10 minutal del viento media diaria,2015-04-05 00:00,m/s,1.27814814814801,Preliminar
21206990,TIBAITATA - AUT [21206990],VEL VIENTO,Velocidad 10 minutal del viento media diaria,2015-04-06 00:00,m/s,1.96083333333386,Preliminar
21206990,TIBAITATA - AUT [21206990],VEL VIENTO,Velocidad 10 minutal del viento media diaria,2015-04-07 00:00,m/s,2.40907407407586,Preliminar
21206990,TIBAITATA - AUT [21206990],VEL VIENTO,Velocidad 10 minutal del viento media diaria,2015-04-08 00:00,m/s,1.98311594202986,Preliminar
21206990,TIBAITATA - AUT [21206990],VEL VIENTO,Velocidad 10 minutal del viento media diaria,2015-04-09 00:00,m/s,1.98689393939442,Preliminar
21206990,TIBAITATA - AUT [21206990],VEL VIENTO,Velocidad 10 minutal del viento media diaria,2015-04-10 00:00,m/s,2.37804347826163,Preliminar
21206990,TIBAITATA - AUT [21206990],VEL VIENTO,Velocidad 10 minutal del viento media diaria,2015-04-12 00:00,m/s,2.12607843137255,Preliminar
21206990,TIBAITATA - AUT [21206990],VEL VIENTO,Velocidad 10 minutal del viento media diaria,2015-04-13 00:00,m/s,1.79434782608776,Preliminar
21206990,TIBAITATA - AUT [21206990],VEL VIENTO,Velocidad 10 minutal del viento media diaria,2015-04-14 00:00,m/s,1.78576388888951,Preliminar
21206990,TIBAITATA - AUT [21206990],VEL VIENTO,Velocidad 10 minutal del viento media diaria,2015-04-15 00:00,m/s,1.90208333333359,Preliminar
21206990,TIBAITATA - AUT [21206990],VEL VIENTO,Velocidad 10 minutal del viento media diaria,2015-04-16 00:00,m/s,1.3764814814816,Preliminar
21206990,TIBAITATA - AUT [21206990],VEL VIENTO,Velocidad 10 minutal del viento media diaria,2015-04-20 00:00,m/s,1.89814814814831,Preliminar
21206990,TIBAITATA - AUT [21206990],VEL VIENTO,Velocidad 10 minutal del viento media diaria,2015-04-21 00:00,m/s,1.94826388889034,Preliminar
21206990,TIBAITATA - AUT [21206990],VEL VIENTO,Velocidad 10 minutal del viento media diaria,2015-04-22 00:00,m/s,1.23311594202891,Preliminar
21206990,TIBAITATA - AUT [21206990],VEL VIENTO,Velocidad 10 minutal del viento media diaria,2015-04-23 00:00,m/s,1.61423611111199,Preliminar
21206990,TIBAITATA - AUT [21206990],VEL VIENTO,Velocidad 10 minutal del viento media diaria,2015-04-24 00:00,m/s,2.17222222222272,Preliminar
21206990,TIBAITATA - AUT [21206990],VEL VIENTO,Velocidad 10 minutal del viento media diaria,2015-04-25 00:00,m/s,1.82717391304394,Preliminar
21206990,TIBAITATA - AUT [21206990],VEL VIENTO,Velocidad 10 minutal del viento media diaria,2015-04-26 00:00,m/s,2.27812500000152,Preliminar
21206990,TIBAITATA - AUT [21206990],VEL VIENTO,Velocidad 10 minutal del viento media diaria,2015-04-27 00:00,m/s,2.02934782608821,Preliminar
21206990,TIBAITATA - AUT [21206990],VEL VIENTO,Velocidad 10 minutal del viento media diaria,2015-04-28 00:00,m/s,2.09687500000068,Preliminar
21206990,TIBAITATA - AUT [21206990],VEL VIENTO,Velocidad 10 minutal del viento media diaria,2015-04-29 00:00,m/s,1.80868055555668,Preliminar
21206990,TIBAITATA - AUT [21206990],VEL VIENTO,Velocidad 10 minutal del viento media diaria,2015-04-30 00:00,m/s,1.73125000000081,Preliminar
21206990,TIBAITATA - AUT [21206990],VEL VIENTO,Velocidad 10 minutal del viento media diaria,2015-05-01 00:00,m/s,1.62881944444533,Preliminar
21206990,TIBAITATA - AUT [21206990],VEL VIENTO,Velocidad 10 minutal del viento media diaria,2015-05-03 00:00,m/s,2.01354166666755,Preliminar
21206990,TIBAITATA - AUT [21206990],VEL VIENTO,Velocidad 10 minutal del viento media diaria,2015-05-04 00:00,m/s,1.88645833333457,Preliminar
21206990,TIBAITATA - AUT [21206990],VEL VIENTO,Velocidad 10 minutal del viento media diaria,2015-05-05 00:00,m/s,1.83289855072514,Preliminar
21206990,TIBAITATA - AUT [21206990],VEL VIENTO,Velocidad 10 minutal del viento media diaria,2015-05-06 00:00,m/s,1.80304347826182,Preliminar
21206990,TIBAITATA - AUT [21206990],VEL VIENTO,Velocidad 10 minutal del viento media diaria,2015-05-07 00:00,m/s,2.14131944444608,Preliminar
21206990,TIBAITATA - AUT [21206990],VEL VIENTO,Velocidad 10 minutal del viento media diaria,2015-05-08 00:00,m/s,1.96650793650967,Preliminar
21206990,TIBAITATA - AUT [21206990],VEL VIENTO,Velocidad 10 minutal del viento media diaria,2015-05-09 00:00,m/s,2.1548611111128,Preliminar
21206990,TIBAITATA - AUT [21206990],VEL VIENTO,Velocidad 10 minutal del viento media diaria,2015-05-10 00:00,m/s,1.57951388888877,Preliminar
21206990,TIBAITATA - AUT [21206990],VEL VIENTO,Velocidad 10 minutal del viento media diaria,2015-05-11 00:00,m/s,1.69659420289903,Preliminar
21206990,TIBAITATA - AUT [21206990],VEL VIENTO,Velocidad 10 minutal del viento media diaria,2015-05-12 00:00,m/s,2.01979166666761,Preliminar
21206990,TIBAITATA - AUT [21206990],VEL VIENTO,Velocidad 10 minutal del viento media diaria,2015-05-13 00:00,m/s,1.81159420289927,Preliminar
21206990,TIBAITATA - AUT [21206990],VEL VIENTO,Velocidad 10 minutal del viento media diaria,2015-05-14 00:00,m/s,1.47727272727189,Preliminar
21206990,TIBAITATA - AUT [21206990],VEL VIENTO,Velocidad 10 minutal del viento media diaria,2015-05-15 00:00,m/s,1.49442028985517,Preliminar
21206990,TIBAITATA - AUT [21206990],VEL VIENTO,Velocidad 10 minutal del viento media diaria,2015-05-16 00:00,m/s,1.83263888888998,Preliminar
21206990,TIBAITATA - AUT [21206990],VEL VIENTO,Velocidad 10 minutal del viento media diaria,2015-05-17 00:00,m/s,1.63368055555574,Preliminar
21206990,TIBAITATA - AUT [21206990],VEL VIENTO,Velocidad 10 minutal del viento media diaria,2015-05-18 00:00,m/s,2.06006944444555,Preliminar
21206990,TIBAITATA - AUT [21206990],VEL VIENTO,Velocidad 10 minutal del viento media diaria,2015-05-19 00:00,m/s,1.52086956521767,Preliminar
21206990,TIBAITATA - AUT [21206990],VEL VIENTO,Velocidad 10 minutal del viento media diaria,2015-05-20 00:00,m/s,2.076388888889,Preliminar
21206990,TIBAITATA - AUT [21206990],VEL VIENTO,Velocidad 10 minutal del viento media diaria,2015-05-21 00:00,m/s,2.08905797101589,Preliminar
21206990,TIBAITATA - AUT [21206990],VEL VIENTO,Velocidad 10 minutal del viento media diaria,2015-05-22 00:00,m/s,1.74326086956576,Preliminar
21206990,TIBAITATA - AUT [21206990],VEL VIENTO,Velocidad 10 minutal del viento media diaria,2015-05-23 00:00,m/s,1.61376811594278,Preliminar
21206990,TIBAITATA - AUT [21206990],VEL VIENTO,Velocidad 10 minutal del viento media diaria,2015-05-24 00:00,m/s,1.44861111111202,Preliminar
21206990,TIBAITATA - AUT [21206990],VEL VIENTO,Velocidad 10 minutal del viento media diaria,2015-05-25 00:00,m/s,1.97780303030298,Preliminar
21206990,TIBAITATA - AUT [21206990],VEL VIENTO,Velocidad 10 minutal del viento media diaria,2015-05-26 00:00,m/s,2.22000000000151,Preliminar
21206990,TIBAITATA - AUT [21206990],VEL VIENTO,Velocidad 10 minutal del viento media diaria,2015-05-27 00:00,m/s,1.90543478260912,Preliminar
21206990,TIBAITATA - AUT [21206990],VEL VIENTO,Velocidad 10 minutal del viento media diaria,2015-05-28 00:00,m/s,2.21590909091089,Preliminar
21206990,TIBAITATA - AUT [21206990],VEL VIENTO,Velocidad 10 minutal del viento media diaria,2015-05-29 00:00,m/s,1.52159090909169,Preliminar
21206990,TIBAITATA - AUT [21206990],VEL VIENTO,Velocidad 10 minutal del viento media diaria,2015-05-30 00:00,m/s,1.59305555555617,Preliminar
21206990,TIBAITATA - AUT [21206990],VEL VIENTO,Velocidad 10 minutal del viento media diaria,2015-05-31 00:00,m/s,1.4326388888894,Preliminar
21206990,TIBAITATA - AUT [21206990],VEL VIENTO,Velocidad 10 minutal del viento media diaria,2015-06-01 00:00,m/s,2.03239130434884,Preliminar
21206990,TIBAITATA - AUT [21206990],VEL VIENTO,Velocidad 10 minutal del viento media diaria,2015-06-02 00:00,m/s,2.49027777777906,Preliminar
21206990,TIBAITATA - AUT [21206990],VEL VIENTO,Velocidad 10 minutal del viento media diaria,2015-06-03 00:00,m/s,2.52212962963236,Preliminar
21206990,TIBAITATA - AUT [21206990],VEL VIENTO,Velocidad 10 minutal del viento media diaria,2015-06-04 00:00,m/s,2.14479166666826,Preliminar
21206990,TIBAITATA - AUT [21206990],VEL VIENTO,Velocidad 10 minutal del viento media diaria,2015-06-05 00:00,m/s,1.617708333335,Preliminar
21206990,TIBAITATA - AUT [21206990],VEL VIENTO,Velocidad 10 minutal del viento media diaria,2015-06-06 00:00,m/s,1.47812500000034,Preliminar
21206990,TIBAITATA - AUT [21206990],VEL VIENTO,Velocidad 10 minutal del viento media diaria,2015-06-07 00:00,m/s,1.60590277777804,Preliminar
21206990,TIBAITATA - AUT [21206990],VEL VIENTO,Velocidad 10 minutal del viento media diaria,2015-06-08 00:00,m/s,1.2582608695653,Preliminar
21206990,TIBAITATA - AUT [21206990],VEL VIENTO,Velocidad 10 minutal del viento media diaria,2015-06-09 00:00,m/s,1.57731884058022,Preliminar
21206990,TIBAITATA - AUT [21206990],VEL VIENTO,Velocidad 10 minutal del viento media diaria,2015-06-10 00:00,m/s,2.42187500000122,Preliminar
21206990,TIBAITATA - AUT [21206990],VEL VIENTO,Velocidad 10 minutal del viento media diaria,2015-06-12 00:00,m/s,2.10937500000032,Preliminar
21206990,TIBAITATA - AUT [21206990],VEL VIENTO,Velocidad 10 minutal del viento media diaria,2015-06-13 00:00,m/s,1.80034722222219,Preliminar
21206990,TIBAITATA - AUT [21206990],VEL VIENTO,Velocidad 10 minutal del viento media diaria,2015-06-14 00:00,m/s,1.36944444444503,Preliminar
21206990,TIBAITATA - AUT [21206990],VEL VIENTO,Velocidad 10 minutal del viento media diaria,2015-06-16 00:00,m/s,2.98041666666967,Preliminar
21206990,TIBAITATA - AUT [21206990],VEL VIENTO,Velocidad 10 minutal del viento media diaria,2015-06-17 00:00,m/s,1.69152173913164,Preliminar
21206990,TIBAITATA - AUT [21206990],VEL VIENTO,Velocidad 10 minutal del viento media diaria,2015-06-18 00:00,m/s,2.21493055555634,Preliminar
21206990,TIBAITATA - AUT [21206990],VEL VIENTO,Velocidad 10 minutal del viento media diaria,2015-06-19 00:00,m/s,3.08333333333486,Preliminar
21206990,TIBAITATA - AUT [21206990],VEL VIENTO,Velocidad 10 minutal del viento media diaria,2015-06-20 00:00,m/s,2.67222222222386,Preliminar
21206990,TIBAITATA - AUT [21206990],VEL VIENTO,Velocidad 10 minutal del viento media diaria,2015-06-21 00:00,m/s,1.92673611111233,Preliminar
21206990,TIBAITATA - AUT [21206990],VEL VIENTO,Velocidad 10 minutal del viento media diaria,2015-06-22 00:00,m/s,2.09123188405939,Preliminar
21206990,TIBAITATA - AUT [21206990],VEL VIENTO,Velocidad 10 minutal del viento media diaria,2015-06-23 00:00,m/s,3.43196969696974,Preliminar
21206990,TIBAITATA - AUT [21206990],VEL VIENTO,Velocidad 10 minutal del viento media diaria,2015-06-24 00:00,m/s,3.40478260869565,Preliminar
21206990,TIBAITATA - AUT [21206990],VEL VIENTO,Velocidad 10 minutal del viento media diaria,2015-06-25 00:00,m/s,3.46434782608861,Preliminar
21206990,TIBAITATA - AUT [21206990],VEL VIENTO,Velocidad 10 minutal del viento media diaria,2015-06-26 00:00,m/s,3.61015151515364,Preliminar
21206990,TIBAITATA - AUT [21206990],VEL VIENTO,Velocidad 10 minutal del viento media diaria,2015-06-27 00:00,m/s,3.29463768116156,Preliminar
21206990,TIBAITATA - AUT [21206990],VEL VIENTO,Velocidad 10 minutal del viento media diaria,2015-06-28 00:00,m/s,2.86909722222456,Preliminar
21206990,TIBAITATA - AUT [21206990],VEL VIENTO,Velocidad 10 minutal del viento media diaria,2015-06-29 00:00,m/s,1.96597222222317,Preliminar
21206990,TIBAITATA - AUT [21206990],VEL VIENTO,Velocidad 10 minutal del viento media diaria,2015-06-30 00:00,m/s,1.83888888889012,Preliminar
21206990,TIBAITATA - AUT [21206990],VEL VIENTO,Velocidad 10 minutal del viento media diaria,2015-07-01 00:00,m/s,1.65555555555553,Preliminar
21206990,TIBAITATA - AUT [21206990],VEL VIENTO,Velocidad 10 minutal del viento media diaria,2015-07-02 00:00,m/s,2.10000000000149,Preliminar
21206990,TIBAITATA - AUT [21206990],VEL VIENTO,Velocidad 10 minutal del viento media diaria,2015-07-03 00:00,m/s,1.83263888888971,Preliminar
21206990,TIBAITATA - AUT [21206990],VEL VIENTO,Velocidad 10 minutal del viento media diaria,2015-07-04 00:00,m/s,1.83854166666811,Preliminar
21206990,TIBAITATA - AUT [21206990],VEL VIENTO,Velocidad 10 minutal del viento media diaria,2015-07-05 00:00,m/s,2.1888888888902,Preliminar
21206990,TIBAITATA - AUT [21206990],VEL VIENTO,Velocidad 10 minutal del viento media diaria,2015-07-06 00:00,m/s,1.84722222222236,Preliminar
21206990,TIBAITATA - AUT [21206990],VEL VIENTO,Velocidad 10 minutal del viento media diaria,2015-07-07 00:00,m/s,1.91388888888949,Preliminar
21206990,TIBAITATA - AUT [21206990],VEL VIENTO,Velocidad 10 minutal del viento media diaria,2015-07-08 00:00,m/s,2.09618055555698,Preliminar
21206990,TIBAITATA - AUT [21206990],VEL VIENTO,Velocidad 10 minutal del viento media diaria,2015-07-09 00:00,m/s,1.77420289855208,Preliminar
21206990,TIBAITATA - AUT [21206990],VEL VIENTO,Velocidad 10 minutal del viento media diaria,2015-07-10 00:00,m/s,1.87927536231936,Preliminar
21206990,TIBAITATA - AUT [21206990],VEL VIENTO,Velocidad 10 minutal del viento media diaria,2015-07-11 00:00,m/s,2.1465277777785,Preliminar
21206990,TIBAITATA - AUT [21206990],VEL VIENTO,Velocidad 10 minutal del viento media diaria,2015-07-12 00:00,m/s,2.13750000000089,Preliminar
21206990,TIBAITATA - AUT [21206990],VEL VIENTO,Velocidad 10 minutal del viento media diaria,2015-07-13 00:00,m/s,1.47683333333385,Preliminar
21206990,TIBAITATA - AUT [21206990],VEL VIENTO,Velocidad 10 minutal del viento media diaria,2015-07-14 00:00,m/s,1.40446969697017,Preliminar
21206990,TIBAITATA - AUT [21206990],VEL VIENTO,Velocidad 10 minutal del viento media diaria,2015-07-15 00:00,m/s,2.12608695652345,Preliminar
21206990,TIBAITATA - AUT [21206990],VEL VIENTO,Velocidad 10 minutal del viento media diaria,2015-07-16 00:00,m/s,2.85234848485068,Preliminar
21206990,TIBAITATA - AUT [21206990],VEL VIENTO,Velocidad 10 minutal del viento media diaria,2015-07-18 00:00,m/s,1.98550724637796,Preliminar
21206990,TIBAITATA - AUT [21206990],VEL VIENTO,Velocidad 10 minutal del viento media diaria,2015-07-19 00:00,m/s,1.43750000000052,Preliminar
21206990,TIBAITATA - AUT [21206990],VEL VIENTO,Velocidad 10 minutal del viento media diaria,2015-07-20 00:00,m/s,1.5540579710154,Preliminar
21206990,TIBAITATA - AUT [21206990],VEL VIENTO,Velocidad 10 minutal del viento media diaria,2015-07-21 00:00,m/s,1.59152173913151,Preliminar
21206990,TIBAITATA - AUT [21206990],VEL VIENTO,Velocidad 10 minutal del viento media diaria,2015-07-22 00:00,m/s,1.52462962963013,Preliminar
21206990,TIBAITATA - AUT [21206990],VEL VIENTO,Velocidad 10 minutal del viento media diaria,2015-07-23 00:00,m/s,1.99311594202932,Preliminar
21206990,TIBAITATA - AUT [21206990],VEL VIENTO,Velocidad 10 minutal del viento media diaria,2015-07-24 00:00,m/s,2.03229166666814,Preliminar
21206990,TIBAITATA - AUT [21206990],VEL VIENTO,Velocidad 10 minutal del viento media diaria,2015-07-25 00:00,m/s,2.40398550724739,Preliminar
21206990,TIBAITATA - AUT [21206990],VEL VIENTO,Velocidad 10 minutal del viento media diaria,2015-07-26 00:00,m/s,2.28611111111186,Preliminar
21206990,TIBAITATA - AUT [21206990],VEL VIENTO,Velocidad 10 minutal del viento media diaria,2015-07-27 00:00,m/s,2.0565972222231,Preliminar
21206990,TIBAITATA - AUT [21206990],VEL VIENTO,Velocidad 10 minutal del viento media diaria,2015-07-28 00:00,m/s,2.10451388888901,Preliminar
21206990,TIBAITATA - AUT [21206990],VEL VIENTO,Velocidad 10 minutal del viento media diaria,2015-07-29 00:00,m/s,2.25304347825967,Preliminar
21206990,TIBAITATA - AUT [21206990],VEL VIENTO,Velocidad 10 minutal del viento media diaria,2015-07-30 00:00,m/s,2.18333333333519,Preliminar
21206990,TIBAITATA - AUT [21206990],VEL VIENTO,Velocidad 10 minutal del viento media diaria,2015-07-31 00:00,m/s,2.54895833333487,Preliminar
21206990,TIBAITATA - AUT [21206990],VEL VIENTO,Velocidad 10 minutal del viento media diaria,2015-08-01 00:00,m/s,1.62152777777856,Preliminar
21206990,TIBAITATA - AUT [21206990],VEL VIENTO,Velocidad 10 minutal del viento media diaria,2015-08-02 00:00,m/s,2.38958333333478,Preliminar
21206990,TIBAITATA - AUT [21206990],VEL VIENTO,Velocidad 10 minutal del viento media diaria,2015-08-03 00:00,m/s,1.97666666666795,Preliminar
21206990,TIBAITATA - AUT [21206990],VEL VIENTO,Velocidad 10 minutal del viento media diaria,2015-08-04 00:00,m/s,2.84894736842105,Preliminar
21206990,TIBAITATA - AUT [21206990],VEL VIENTO,Velocidad 10 minutal del viento media diaria,2015-08-05 00:00,m/s,2.6550724637699,Preliminar
21206990,TIBAITATA - AUT [21206990],VEL VIENTO,Velocidad 10 minutal del viento media diaria,2015-08-06 00:00,m/s,2.41770833333291,Preliminar
21206990,TIBAITATA - AUT [21206990],VEL VIENTO,Velocidad 10 minutal del viento media diaria,2015-08-07 00:00,m/s,1.95451388888921,Preliminar
21206990,TIBAITATA - AUT [21206990],VEL VIENTO,Velocidad 10 minutal del viento media diaria,2015-08-08 00:00,m/s,2.20729166666759,Preliminar
21206990,TIBAITATA - AUT [21206990],VEL VIENTO,Velocidad 10 minutal del viento media diaria,2015-08-09 00:00,m/s,1.90868055555662,Preliminar
21206990,TIBAITATA - AUT [21206990],VEL VIENTO,Velocidad 10 minutal del viento media diaria,2015-08-10 00:00,m/s,1.38055555555636,Preliminar
21206990,TIBAITATA - AUT [21206990],VEL VIENTO,Velocidad 10 minutal del viento media diaria,2015-08-11 00:00,m/s,1.76253623188521,Preliminar
21206990,TIBAITATA - AUT [21206990],VEL VIENTO,Velocidad 10 minutal del viento media diaria,2015-08-12 00:00,m/s,1.75347222222312,Preliminar
21206990,TIBAITATA - AUT [21206990],VEL VIENTO,Velocidad 10 minutal del viento media diaria,2015-08-13 00:00,m/s,1.46770833333411,Preliminar
21206990,TIBAITATA - AUT [21206990],VEL VIENTO,Velocidad 10 minutal del viento media diaria,2015-08-14 00:00,m/s,1.72986111111211,Preliminar
21206990,TIBAITATA - AUT [21206990],VEL VIENTO,Velocidad 10 minutal del viento media diaria,2015-08-15 00:00,m/s,1.74088235294322,Preliminar
21206990,TIBAITATA - AUT [21206990],VEL VIENTO,Velocidad 10 minutal del viento media diaria,2015-08-16 00:00,m/s,2.14166666666785,Preliminar
21206990,TIBAITATA - AUT [21206990],VEL VIENTO,Velocidad 10 minutal del viento media diaria,2015-08-17 00:00,m/s,2.3423188405816,Preliminar
21206990,TIBAITATA - AUT [21206990],VEL VIENTO,Velocidad 10 minutal del viento media diaria,2015-08-19 00:00,m/s,1.63027777777876,Preliminar
21206990,TIBAITATA - AUT [21206990],VEL VIENTO,Velocidad 10 minutal del viento media diaria,2015-08-20 00:00,m/s,2.9597222222241,Preliminar
21206990,TIBAITATA - AUT [21206990],VEL VIENTO,Velocidad 10 minutal del viento media diaria,2015-08-21 00:00,m/s,2.24280303030448,Preliminar
21206990,TIBAITATA - AUT [21206990],VEL VIENTO,Velocidad 10 minutal del viento media diaria,2015-08-22 00:00,m/s,1.45130434782576,Preliminar
21206990,TIBAITATA - AUT [21206990],VEL VIENTO,Velocidad 10 minutal del viento media diaria,2015-08-23 00:00,m/s,1.31215277777806,Preliminar
21206990,TIBAITATA - AUT [21206990],VEL VIENTO,Velocidad 10 minutal del viento media diaria,2015-08-24 00:00,m/s,1.98819444444532,Preliminar
21206990,TIBAITATA - AUT [21206990],VEL VIENTO,Velocidad 10 minutal del viento media diaria,2015-08-25 00:00,m/s,1.65833333333432,Preliminar
21206990,TIBAITATA - AUT [21206990],VEL VIENTO,Velocidad 10 minutal del viento media diaria,2015-08-26 00:00,m/s,1.46833333333404,Preliminar
21206990,TIBAITATA - AUT [21206990],VEL VIENTO,Velocidad 10 minutal del viento media diaria,2015-08-27 00:00,m/s,1.41086956521762,Preliminar
21206990,TIBAITATA - AUT [21206990],VEL VIENTO,Velocidad 10 minutal del viento media diaria,2015-08-28 00:00,m/s,2.28210144927583,Preliminar
21206990,TIBAITATA - AUT [21206990],VEL VIENTO,Velocidad 10 minutal del viento media diaria,2015-08-29 00:00,m/s,2.78090277777959,Preliminar
21206990,TIBAITATA - AUT [21206990],VEL VIENTO,Velocidad 10 minutal del viento media diaria,2015-08-30 00:00,m/s,2.60625000000188,Preliminar
21206990,TIBAITATA - AUT [21206990],VEL VIENTO,Velocidad 10 minutal del viento media diaria,2015-08-31 00:00,m/s,2.37963768116114,Preliminar
21206990,TIBAITATA - AUT [21206990],VEL VIENTO,Velocidad 10 minutal del viento media diaria,2015-09-01 00:00,m/s,2.00531746031868,Preliminar
21206990,TIBAITATA - AUT [21206990],VEL VIENTO,Velocidad 10 minutal del viento media diaria,2015-09-02 00:00,m/s,1.8510416666672,Preliminar
21206990,TIBAITATA - AUT [21206990],VEL VIENTO,Velocidad 10 minutal del viento media diaria,2015-09-04 00:00,m/s,1.49991666666767,Preliminar
21206990,TIBAITATA - AUT [21206990],VEL VIENTO,Velocidad 10 minutal del viento media diaria,2015-09-05 00:00,m/s,1.61249999999993,Preliminar
21206990,TIBAITATA - AUT [21206990],VEL VIENTO,Velocidad 10 minutal del viento media diaria,2015-09-06 00:00,m/s,1.52395833333372,Preliminar
21206990,TIBAITATA - AUT [21206990],VEL VIENTO,Velocidad 10 minutal del viento media diaria,2015-09-07 00:00,m/s,2.09756944444611,Preliminar
21206990,TIBAITATA - AUT [21206990],VEL VIENTO,Velocidad 10 minutal del viento media diaria,2015-09-08 00:00,m/s,1.73680555555607,Preliminar
21206990,TIBAITATA - AUT [21206990],VEL VIENTO,Velocidad 10 minutal del viento media diaria,2015-09-09 00:00,m/s,1.41287878787933,Preliminar
21206990,TIBAITATA - AUT [21206990],VEL VIENTO,Velocidad 10 minutal del viento media diaria,2015-09-10 00:00,m/s,1.82847222222302,Preliminar
21206990,TIBAITATA - AUT [21206990],VEL VIENTO,Velocidad 10 minutal del viento media diaria,2015-09-11 00:00,m/s,1.90369565217419,Preliminar
21206990,TIBAITATA - AUT [21206990],VEL VIENTO,Velocidad 10 minutal del viento media diaria,2015-09-16 00:00,m/s,1.38259259259327,Preliminar
21206990,TIBAITATA - AUT [21206990],VEL VIENTO,Velocidad 10 minutal del viento media diaria,2015-09-17 00:00,m/s,1.81734848484959,Preliminar
21206990,TIBAITATA - AUT [21206990],VEL VIENTO,Velocidad 10 minutal del viento media diaria,2015-09-18 00:00,m/s,2.09305555555646,Preliminar
21206990,TIBAITATA - AUT [21206990],VEL VIENTO,Velocidad 10 minutal del viento media diaria,2015-09-19 00:00,m/s,2.18855072463933,Preliminar
21206990,TIBAITATA - AUT [21206990],VEL VIENTO,Velocidad 10 minutal del viento media diaria,2015-09-20 00:00,m/s,1.98125000000118,Preliminar
21206990,TIBAITATA - AUT [21206990],VEL VIENTO,Velocidad 10 minutal del viento media diaria,2015-09-21 00:00,m/s,1.84254385965027,Preliminar
21206990,TIBAITATA - AUT [21206990],VEL VIENTO,Velocidad 10 minutal del viento media diaria,2015-09-22 00:00,m/s,2.86341269841513,Preliminar
21206990,TIBAITATA - AUT [21206990],VEL VIENTO,Velocidad 10 minutal del viento media diaria,2015-09-23 00:00,m/s,2.30312500000162,Preliminar
21206990,TIBAITATA - AUT [21206990],VEL VIENTO,Velocidad 10 minutal del viento media diaria,2015-09-24 00:00,m/s,1.83045454545572,Preliminar
21206990,TIBAITATA - AUT [21206990],VEL VIENTO,Velocidad 10 minutal del viento media diaria,2015-09-25 00:00,m/s,2.52818181818399,Preliminar
21206990,TIBAITATA - AUT [21206990],VEL VIENTO,Velocidad 10 minutal del viento media diaria,2015-09-26 00:00,m/s,2.60520833333468,Preliminar
21206990,TIBAITATA - AUT [21206990],VEL VIENTO,Velocidad 10 minutal del viento media diaria,2015-09-27 00:00,m/s,2.4413043478278,Preliminar
21206990,TIBAITATA - AUT [21206990],VEL VIENTO,Velocidad 10 minutal del viento media diaria,2015-09-28 00:00,m/s,2.2427083333348,Preliminar
21206990,TIBAITATA - AUT [21206990],VEL VIENTO,Velocidad 10 minutal del viento media diaria,2015-09-29 00:00,m/s,1.39944444444314,Preliminar
21206990,TIBAITATA - AUT [21206990],VEL VIENTO,Velocidad 10 minutal del viento media diaria,2015-09-30 00:00,m/s,1.83993055555669,Preliminar
21206990,TIBAITATA - AUT [21206990],VEL VIENTO,Velocidad 10 minutal del viento media diaria,2015-10-01 00:00,m/s,1.65166666666727,Preliminar
21206990,TIBAITATA - AUT [21206990],VEL VIENTO,Velocidad 10 minutal del viento media diaria,2015-10-02 00:00,m/s,2.06442028985663,Preliminar
21206990,TIBAITATA - AUT [21206990],VEL VIENTO,Velocidad 10 minutal del viento media diaria,2015-10-03 00:00,m/s,1.86701388888974,Preliminar
21206990,TIBAITATA - AUT [21206990],VEL VIENTO,Velocidad 10 minutal del viento media diaria,2015-10-04 00:00,m/s,1.97951388888968,Preliminar
21206990,TIBAITATA - AUT [21206990],VEL VIENTO,Velocidad 10 minutal del viento media diaria,2015-10-05 00:00,m/s,2.49340579710283,Preliminar
21206990,TIBAITATA - AUT [21206990],VEL VIENTO,Velocidad 10 minutal del viento media diaria,2015-10-06 00:00,m/s,1.79420289855121,Preliminar
21206990,TIBAITATA - AUT [21206990],VEL VIENTO,Velocidad 10 minutal del viento media diaria,2015-10-07 00:00,m/s,1.83402777777784,Preliminar
21206990,TIBAITATA - AUT [21206990],VEL VIENTO,Velocidad 10 minutal del viento media diaria,2015-10-08 00:00,m/s,1.86111111111223,Preliminar
21206990,TIBAITATA - AUT [21206990],VEL VIENTO,Velocidad 10 minutal del viento media diaria,2015-10-09 00:00,m/s,1.6951388888896,Preliminar
21206990,TIBAITATA - AUT [21206990],VEL VIENTO,Velocidad 10 minutal del viento media diaria,2015-10-10 00:00,m/s,1.60312500000055,Preliminar
21206990,TIBAITATA - AUT [21206990],VEL VIENTO,Velocidad 10 minutal del viento media diaria,2015-10-11 00:00,m/s,1.70268115942103,Preliminar
21206990,TIBAITATA - AUT [21206990],VEL VIENTO,Velocidad 10 minutal del viento media diaria,2015-10-12 00:00,m/s,1.61111111111209,Preliminar
21206990,TIBAITATA - AUT [21206990],VEL VIENTO,Velocidad 10 minutal del viento media diaria,2015-10-13 00:00,m/s,1.84027777777897,Preliminar
21206990,TIBAITATA - AUT [21206990],VEL VIENTO,Velocidad 10 minutal del viento media diaria,2015-10-14 00:00,m/s,1.34000000000049,Preliminar
21206990,TIBAITATA - AUT [21206990],VEL VIENTO,Velocidad 10 minutal del viento media diaria,2015-10-15 00:00,m/s,2.01388888889039,Preliminar
21206990,TIBAITATA - AUT [21206990],VEL VIENTO,Velocidad 10 minutal del viento media diaria,2015-10-17 00:00,m/s,2.15405797101551,Preliminar
21206990,TIBAITATA - AUT [21206990],VEL VIENTO,Velocidad 10 minutal del viento media diaria,2015-10-18 00:00,m/s,2.13402777777839,Preliminar
21206990,TIBAITATA - AUT [21206990],VEL VIENTO,Velocidad 10 minutal del viento media diaria,2015-10-19 00:00,m/s,1.71875000000114,Preliminar
21206990,TIBAITATA - AUT [21206990],VEL VIENTO,Velocidad 10 minutal del viento media diaria,2015-10-20 00:00,m/s,2.30007246376909,Preliminar
21206990,TIBAITATA - AUT [21206990],VEL VIENTO,Velocidad 10 minutal del viento media diaria,2015-10-21 00:00,m/s,2.09386363636461,Preliminar
21206990,TIBAITATA - AUT [21206990],VEL VIENTO,Velocidad 10 minutal del viento media diaria,2015-10-22 00:00,m/s,1.84116666666767,Preliminar
21206990,TIBAITATA - AUT [21206990],VEL VIENTO,Velocidad 10 minutal del viento media diaria,2015-10-23 00:00,m/s,1.85340579710271,Preliminar
21206990,TIBAITATA - AUT [21206990],VEL VIENTO,Velocidad 10 minutal del viento media diaria,2015-10-24 00:00,m/s,2.15173611111266,Preliminar
21206990,TIBAITATA - AUT [21206990],VEL VIENTO,Velocidad 10 minutal del viento media diaria,2015-10-25 00:00,m/s,2.59984848485104,Preliminar
21206990,TIBAITATA - AUT [21206990],VEL VIENTO,Velocidad 10 minutal del viento media diaria,2015-10-26 00:00,m/s,2.06388888889026,Preliminar
21206990,TIBAITATA - AUT [21206990],VEL VIENTO,Velocidad 10 minutal del viento media diaria,2015-10-27 00:00,m/s,1.58289473684342,Preliminar
21206990,TIBAITATA - AUT [21206990],VEL VIENTO,Velocidad 10 minutal del viento media diaria,2015-10-28 00:00,m/s,1.57736842105263,Preliminar
21206990,TIBAITATA - AUT [21206990],VEL VIENTO,Velocidad 10 minutal del viento media diaria,2015-10-30 00:00,m/s,1.81579710144928,Preliminar
21206990,TIBAITATA - AUT [21206990],VEL VIENTO,Velocidad 10 minutal del viento media diaria,2015-11-01 00:00,m/s,1.64325757575761,Preliminar
21206990,TIBAITATA - AUT [21206990],VEL VIENTO,Velocidad 10 minutal del viento media diaria,2015-11-02 00:00,m/s,1.44733333333416,Preliminar
21206990,TIBAITATA - AUT [21206990],VEL VIENTO,Velocidad 10 minutal del viento media diaria,2015-11-03 00:00,m/s,1.95451388888986,Preliminar
21206990,TIBAITATA - AUT [21206990],VEL VIENTO,Velocidad 10 minutal del viento media diaria,2015-11-04 00:00,m/s,1.12986111111171,Preliminar
21206990,TIBAITATA - AUT [21206990],VEL VIENTO,Velocidad 10 minutal del viento media diaria,2015-11-05 00:00,m/s,1.83734848484908,Preliminar
21206990,TIBAITATA - AUT [21206990],VEL VIENTO,Velocidad 10 minutal del viento media diaria,2015-11-06 00:00,m/s,1.79097222222371,Preliminar
21206990,TIBAITATA - AUT [21206990],VEL VIENTO,Velocidad 10 minutal del viento media diaria,2015-11-07 00:00,m/s,1.86927536231959,Preliminar
21206990,TIBAITATA - AUT [21206990],VEL VIENTO,Velocidad 10 minutal del viento media diaria,2015-11-10 00:00,m/s,1.83958333333441,Preliminar
21206990,TIBAITATA - AUT [21206990],VEL VIENTO,Velocidad 10 minutal del viento media diaria,2015-11-11 00:00,m/s,2.06493055555663,Preliminar
21206990,TIBAITATA - AUT [21206990],VEL VIENTO,Velocidad 10 minutal del viento media diaria,2015-11-12 00:00,m/s,1.71000000000119,Preliminar
21206990,TIBAITATA - AUT [21206990],VEL VIENTO,Velocidad 10 minutal del viento media diaria,2015-11-13 00:00,m/s,1.25958333333367,Preliminar
21206990,TIBAITATA - AUT [21206990],VEL VIENTO,Velocidad 10 minutal del viento media diaria,2015-11-14 00:00,m/s,1.99710144927618,Preliminar
21206990,TIBAITATA - AUT [21206990],VEL VIENTO,Velocidad 10 minutal del viento media diaria,2015-11-15 00:00,m/s,2.28541666666773,Preliminar
21206990,TIBAITATA - AUT [21206990],VEL VIENTO,Velocidad 10 minutal del viento media diaria,2015-11-16 00:00,m/s,2.29027777777875,Preliminar
21206990,TIBAITATA - AUT [21206990],VEL VIENTO,Velocidad 10 minutal del viento media diaria,2015-11-17 00:00,m/s,2.75058823529412,Preliminar
21206990,TIBAITATA - AUT [21206990],VEL VIENTO,Velocidad 10 minutal del viento media diaria,2015-11-18 00:00,m/s,2.21454545454732,Preliminar
21206990,TIBAITATA - AUT [21206990],VEL VIENTO,Velocidad 10 minutal del viento media diaria,2015-11-19 00:00,m/s,1.64079710145069,Preliminar
21206990,TIBAITATA - AUT [21206990],VEL VIENTO,Velocidad 10 minutal del viento media diaria,2015-11-20 00:00,m/s,2.10444444444507,Preliminar
21206990,TIBAITATA - AUT [21206990],VEL VIENTO,Velocidad 10 minutal del viento media diaria,2015-11-21 00:00,m/s,1.73905797101573,Preliminar
21206990,TIBAITATA - AUT [21206990],VEL VIENTO,Velocidad 10 minutal del viento media diaria,2015-11-22 00:00,m/s,2.3909722222237,Preliminar
21206990,TIBAITATA - AUT [21206990],VEL VIENTO,Velocidad 10 minutal del viento media diaria,2015-11-23 00:00,m/s,1.71666666666729,Preliminar
21206990,TIBAITATA - AUT [21206990],VEL VIENTO,Velocidad 10 minutal del viento media diaria,2015-11-24 00:00,m/s,1.76434782608838,Preliminar
21206990,TIBAITATA - AUT [21206990],VEL VIENTO,Velocidad 10 minutal del viento media diaria,2015-11-25 00:00,m/s,1.54865079365143,Preliminar
21206990,TIBAITATA - AUT [21206990],VEL VIENTO,Velocidad 10 minutal del viento media diaria,2015-11-26 00:00,m/s,1.92222222222358,Preliminar
21206990,TIBAITATA - AUT [21206990],VEL VIENTO,Velocidad 10 minutal del viento media diaria,2015-11-27 00:00,m/s,1.76057971014577,Preliminar
21206990,TIBAITATA - AUT [21206990],VEL VIENTO,Velocidad 10 minutal del viento media diaria,2015-11-28 00:00,m/s,1.81527777777907,Preliminar
21206990,TIBAITATA - AUT [21206990],VEL VIENTO,Velocidad 10 minutal del viento media diaria,2015-11-29 00:00,m/s,1.80416666666766,Preliminar
21206990,TIBAITATA - AUT [21206990],VEL VIENTO,Velocidad 10 minutal del viento media diaria,2015-11-30 00:00,m/s,1.99916666666606,Preliminar
21206990,TIBAITATA - AUT [21206990],VEL VIENTO,Velocidad 10 minutal del viento media diaria,2015-12-01 00:00,m/s,2.67724637681249,Preliminar
21206990,TIBAITATA - AUT [21206990],VEL VIENTO,Velocidad 10 minutal del viento media diaria,2015-12-02 00:00,m/s,2.43977272727428,Preliminar
21206990,TIBAITATA - AUT [21206990],VEL VIENTO,Velocidad 10 minutal del viento media diaria,2015-12-03 00:00,m/s,1.67604166666786,Preliminar
21206990,TIBAITATA - AUT [21206990],VEL VIENTO,Velocidad 10 minutal del viento media diaria,2015-12-04 00:00,m/s,1.64736842105299,Preliminar
21206990,TIBAITATA - AUT [21206990],VEL VIENTO,Velocidad 10 minutal del viento media diaria,2015-12-05 00:00,m/s,1.58681159420353,Preliminar
21206990,TIBAITATA - AUT [21206990],VEL VIENTO,Velocidad 10 minutal del viento media diaria,2015-12-06 00:00,m/s,1.69202898550818,Preliminar
21206990,TIBAITATA - AUT [21206990],VEL VIENTO,Velocidad 10 minutal del viento media diaria,2015-12-07 00:00,m/s,2.20869565217533,Preliminar
21206990,TIBAITATA - AUT [21206990],VEL VIENTO,Velocidad 10 minutal del viento media diaria,2015-12-08 00:00,m/s,1.40352941176471,Preliminar
21206990,TIBAITATA - AUT [21206990],VEL VIENTO,Velocidad 10 minutal del viento media diaria,2015-12-09 00:00,m/s,1.83550724637756,Preliminar
21206990,TIBAITATA - AUT [21206990],VEL VIENTO,Velocidad 10 minutal del viento media diaria,2015-12-10 00:00,m/s,2.0448550724655,Preliminar
21206990,TIBAITATA - AUT [21206990],VEL VIENTO,Velocidad 10 minutal del viento media diaria,2015-12-11 00:00,m/s,2.17881944444586,Preliminar
21206990,TIBAITATA - AUT [21206990],VEL VIENTO,Velocidad 10 minutal del viento media diaria,2015-12-12 00:00,m/s,2.07159420289948,Preliminar
21206990,TIBAITATA - AUT [21206990],VEL VIENTO,Velocidad 10 minutal del viento media diaria,2015-12-13 00:00,m/s,1.9156250000007,Preliminar
21206990,TIBAITATA - AUT [21206990],VEL VIENTO,Velocidad 10 minutal del viento media diaria,2015-12-14 00:00,m/s,1.76028985507355,Preliminar
21206990,TIBAITATA - AUT [21206990],VEL VIENTO,Velocidad 10 minutal del viento media diaria,2015-12-15 00:00,m/s,1.96840277777798,Preliminar
21206990,TIBAITATA - AUT [21206990],VEL VIENTO,Velocidad 10 minutal del viento media diaria,2015-12-16 00:00,m/s,1.62465277777831,Preliminar
21206990,TIBAITATA - AUT [21206990],VEL VIENTO,Velocidad 10 minutal del viento media diaria,2015-12-17 00:00,m/s,1.8385416666676,Preliminar
21206990,TIBAITATA - AUT [21206990],VEL VIENTO,Velocidad 10 minutal del viento media diaria,2015-12-18 00:00,m/s,1.30760869565243,Preliminar
21206990,TIBAITATA - AUT [21206990],VEL VIENTO,Velocidad 10 minutal del viento media diaria,2015-12-19 00:00,m/s,1.91701388888985,Preliminar
21206990,TIBAITATA - AUT [21206990],VEL VIENTO,Velocidad 10 minutal del viento media diaria,2015-12-20 00:00,m/s,1.81701388888907,Preliminar
21206990,TIBAITATA - AUT [21206990],VEL VIENTO,Velocidad 10 minutal del viento media diaria,2015-12-21 00:00,m/s,2.16974999999985,Preliminar
21206990,TIBAITATA - AUT [21206990],VEL VIENTO,Velocidad 10 minutal del viento media diaria,2015-12-22 00:00,m/s,1.85763157894737,Preliminar
21206990,TIBAITATA - AUT [21206990],VEL VIENTO,Velocidad 10 minutal del viento media diaria,2015-12-23 00:00,m/s,1.86979166666763,Preliminar
21206990,TIBAITATA - AUT [21206990],VEL VIENTO,Velocidad 10 minutal del viento media diaria,2015-12-24 00:00,m/s,2.15587301587435,Preliminar
21206990,TIBAITATA - AUT [21206990],VEL VIENTO,Velocidad 10 minutal del viento media diaria,2015-12-25 00:00,m/s,1.90902777777718,Preliminar
21206990,TIBAITATA - AUT [21206990],VEL VIENTO,Velocidad 10 minutal del viento media diaria,2015-12-26 00:00,m/s,1.93645833333471,Preliminar
21206990,TIBAITATA - AUT [21206990],VEL VIENTO,Velocidad 10 minutal del viento media diaria,2015-12-27 00:00,m/s,2.37478260869628,Preliminar
21206990,TIBAITATA - AUT [21206990],VEL VIENTO,Velocidad 10 minutal del viento media diaria,2015-12-28 00:00,m/s,2.36736111111221,Preliminar
21206990,TIBAITATA - AUT [21206990],VEL VIENTO,Velocidad 10 minutal del viento media diaria,2015-12-29 00:00,m/s,2.10277777777846,Preliminar
21206990,TIBAITATA - AUT [21206990],VEL VIENTO,Velocidad 10 minutal del viento media diaria,2015-12-30 00:00,m/s,1.76666666666669,Preliminar
21206990,TIBAITATA - AUT [21206990],VEL VIENTO,Velocidad 10 minutal del viento media diaria,2015-12-31 00:00,m/s,2.39985507246491,Preliminar
21206990,TIBAITATA - AUT [21206990],VEL VIENTO,Velocidad 10 minutal del viento media diaria,2016-01-01 00:00,m/s,2.79643939394221,Preliminar
21206990,TIBAITATA - AUT [21206990],VEL VIENTO,Velocidad 10 minutal del viento media diaria,2016-01-02 00:00,m/s,1.9819444444456,Preliminar
21206990,TIBAITATA - AUT [21206990],VEL VIENTO,Velocidad 10 minutal del viento media diaria,2016-01-03 00:00,m/s,2.3584782608713,Preliminar
21206990,TIBAITATA - AUT [21206990],VEL VIENTO,Velocidad 10 minutal del viento media diaria,2016-01-04 00:00,m/s,1.83541666666785,Preliminar
21206990,TIBAITATA - AUT [21206990],VEL VIENTO,Velocidad 10 minutal del viento media diaria,2016-01-05 00:00,m/s,2.32446969697065,Preliminar
21206990,TIBAITATA - AUT [21206990],VEL VIENTO,Velocidad 10 minutal del viento media diaria,2016-01-06 00:00,m/s,1.39722222222268,Preliminar
21206990,TIBAITATA - AUT [21206990],VEL VIENTO,Velocidad 10 minutal del viento media diaria,2016-01-07 00:00,m/s,2.01736111111219,Preliminar
21206990,TIBAITATA - AUT [21206990],VEL VIENTO,Velocidad 10 minutal del viento media diaria,2016-01-08 00:00,m/s,2.08101449275482,Preliminar
21206990,TIBAITATA - AUT [21206990],VEL VIENTO,Velocidad 10 minutal del viento media diaria,2016-01-09 00:00,m/s,2.35000000000127,Preliminar
21206990,TIBAITATA - AUT [21206990],VEL VIENTO,Velocidad 10 minutal del viento media diaria,2016-01-10 00:00,m/s,2.21944444444627,Preliminar
21206990,TIBAITATA - AUT [21206990],VEL VIENTO,Velocidad 10 minutal del viento media diaria,2016-01-11 00:00,m/s,2.2461805555568,Preliminar
21206990,TIBAITATA - AUT [21206990],VEL VIENTO,Velocidad 10 minutal del viento media diaria,2016-01-12 00:00,m/s,2.43441666666904,Preliminar
21206990,TIBAITATA - AUT [21206990],VEL VIENTO,Velocidad 10 minutal del viento media diaria,2016-01-13 00:00,m/s,2.0822916666685,Preliminar
21206990,TIBAITATA - AUT [21206990],VEL VIENTO,Velocidad 10 minutal del viento media diaria,2016-01-14 00:00,m/s,1.6843750000014,Preliminar
21206990,TIBAITATA - AUT [21206990],VEL VIENTO,Velocidad 10 minutal del viento media diaria,2016-01-15 00:00,m/s,1.92847222222386,Preliminar
21206990,TIBAITATA - AUT [21206990],VEL VIENTO,Velocidad 10 minutal del viento media diaria,2016-01-16 00:00,m/s,1.79181159420448,Preliminar
21206990,TIBAITATA - AUT [21206990],VEL VIENTO,Velocidad 10 minutal del viento media diaria,2016-01-17 00:00,m/s,2.0049275362327,Preliminar
21206990,TIBAITATA - AUT [21206990],VEL VIENTO,Velocidad 10 minutal del viento media diaria,2016-01-18 00:00,m/s,2.11949275362469,Preliminar
21206990,TIBAITATA - AUT [21206990],VEL VIENTO,Velocidad 10 minutal del viento media diaria,2016-01-19 00:00,m/s,2.00449275362477,Preliminar
21206990,TIBAITATA - AUT [21206990],VEL VIENTO,Velocidad 10 minutal del viento media diaria,2016-01-20 00:00,m/s,2.01363636363636,Preliminar
21206990,TIBAITATA - AUT [21206990],VEL VIENTO,Velocidad 10 minutal del viento media diaria,2016-01-21 00:00,m/s,1.88750000000137,Preliminar
21206990,TIBAITATA - AUT [21206990],VEL VIENTO,Velocidad 10 minutal del viento media diaria,2016-01-22 00:00,m/s,2.03472222222348,Preliminar
21206990,TIBAITATA - AUT [21206990],VEL VIENTO,Velocidad 10 minutal del viento media diaria,2016-01-23 00:00,m/s,2.18750000000126,Preliminar
21206990,TIBAITATA - AUT [21206990],VEL VIENTO,Velocidad 10 minutal del viento media diaria,2016-01-24 00:00,m/s,2.28818181818318,Preliminar
21206990,TIBAITATA - AUT [21206990],VEL VIENTO,Velocidad 10 minutal del viento media diaria,2016-01-25 00:00,m/s,2.02847222222351,Preliminar
21206990,TIBAITATA - AUT [21206990],VEL VIENTO,Velocidad 10 minutal del viento media diaria,2016-01-26 00:00,m/s,1.79688405797224,Preliminar
21206990,TIBAITATA - AUT [21206990],VEL VIENTO,Velocidad 10 minutal del viento media diaria,2016-01-27 00:00,m/s,2.1708333333348,Preliminar
21206990,TIBAITATA - AUT [21206990],VEL VIENTO,Velocidad 10 minutal del viento media diaria,2016-01-28 00:00,m/s,2.0180555555566,Preliminar
21206990,TIBAITATA - AUT [21206990],VEL VIENTO,Velocidad 10 minutal del viento media diaria,2016-01-29 00:00,m/s,2.24166666666845,Preliminar
21206990,TIBAITATA - AUT [21206990],VEL VIENTO,Velocidad 10 minutal del viento media diaria,2016-01-30 00:00,m/s,2.21765151515299,Preliminar
21206990,TIBAITATA - AUT [21206990],VEL VIENTO,Velocidad 10 minutal del viento media diaria,2016-01-31 00:00,m/s,2.00451388889047,Preliminar
21206990,TIBAITATA - AUT [21206990],VEL VIENTO,Velocidad 10 minutal del viento media diaria,2016-02-01 00:00,m/s,2.12673611111261,Preliminar
21206990,TIBAITATA - AUT [21206990],VEL VIENTO,Velocidad 10 minutal del viento media diaria,2016-02-02 00:00,m/s,2.05381944444495,Preliminar
21206990,TIBAITATA - AUT [21206990],VEL VIENTO,Velocidad 10 minutal del viento media diaria,2016-02-03 00:00,m/s,2.21736111111178,Preliminar
21206990,TIBAITATA - AUT [21206990],VEL VIENTO,Velocidad 10 minutal del viento media diaria,2016-02-04 00:00,m/s,2.18000000000182,Preliminar
21206990,TIBAITATA - AUT [21206990],VEL VIENTO,Velocidad 10 minutal del viento media diaria,2016-02-05 00:00,m/s,1.75277777777852,Preliminar
21206990,TIBAITATA - AUT [21206990],VEL VIENTO,Velocidad 10 minutal del viento media diaria,2016-02-06 00:00,m/s,2.23644927536396,Preliminar
21206990,TIBAITATA - AUT [21206990],VEL VIENTO,Velocidad 10 minutal del viento media diaria,2016-02-07 00:00,m/s,2.34458333333505,Preliminar
21206990,TIBAITATA - AUT [21206990],VEL VIENTO,Velocidad 10 minutal del viento media diaria,2016-02-08 00:00,m/s,1.97643939394106,Preliminar
21206990,TIBAITATA - AUT [21206990],VEL VIENTO,Velocidad 10 minutal del viento media diaria,2016-02-09 00:00,m/s,2.07291666666744,Preliminar
21206990,TIBAITATA - AUT [21206990],VEL VIENTO,Velocidad 10 minutal del viento media diaria,2016-02-10 00:00,m/s,1.91543478260953,Preliminar
21206990,TIBAITATA - AUT [21206990],VEL VIENTO,Velocidad 10 minutal del viento media diaria,2016-02-11 00:00,m/s,1.87916666666762,Preliminar
21206990,TIBAITATA - AUT [21206990],VEL VIENTO,Velocidad 10 minutal del viento media diaria,2016-02-12 00:00,m/s,2.26284722222243,Preliminar
21206990,TIBAITATA - AUT [21206990],VEL VIENTO,Velocidad 10 minutal del viento media diaria,2016-02-13 00:00,m/s,2.40333333333511,Preliminar
21206990,TIBAITATA - AUT [21206990],VEL VIENTO,Velocidad 10 minutal del viento media diaria,2016-02-14 00:00,m/s,2.74946969697083,Preliminar
21206990,TIBAITATA - AUT [21206990],VEL VIENTO,Velocidad 10 minutal del viento media diaria,2016-02-15 00:00,m/s,2.11284722222205,Preliminar
21206990,TIBAITATA - AUT [21206990],VEL VIENTO,Velocidad 10 minutal del viento media diaria,2016-02-16 00:00,m/s,1.90972222222248,Preliminar
21206990,TIBAITATA - AUT [21206990],VEL VIENTO,Velocidad 10 minutal del viento media diaria,2016-02-17 00:00,m/s,1.87500000000015,Preliminar
21206990,TIBAITATA - AUT [21206990],VEL VIENTO,Velocidad 10 minutal del viento media diaria,2016-02-18 00:00,m/s,2.10536231884172,Preliminar
21206990,TIBAITATA - AUT [21206990],VEL VIENTO,Velocidad 10 minutal del viento media diaria,2016-02-19 00:00,m/s,2.33020833333429,Preliminar
21206990,TIBAITATA - AUT [21206990],VEL VIENTO,Velocidad 10 minutal del viento media diaria,2016-02-20 00:00,m/s,2.23125000000094,Preliminar
21206990,TIBAITATA - AUT [21206990],VEL VIENTO,Velocidad 10 minutal del viento media diaria,2016-02-21 00:00,m/s,1.62031746031783,Preliminar
21206990,TIBAITATA - AUT [21206990],VEL VIENTO,Velocidad 10 minutal del viento media diaria,2016-02-22 00:00,m/s,1.05263157894807,Preliminar
21206990,TIBAITATA - AUT [21206990],VEL VIENTO,Velocidad 10 minutal del viento media diaria,2016-02-23 00:00,m/s,1.42738095238105,Preliminar
21206990,TIBAITATA - AUT [21206990],VEL VIENTO,Velocidad 10 minutal del viento media diaria,2016-02-24 00:00,m/s,1.71739130434839,Preliminar
21206990,TIBAITATA - AUT [21206990],VEL VIENTO,Velocidad 10 minutal del viento media diaria,2016-02-25 00:00,m/s,1.99270833333426,Preliminar
21206990,TIBAITATA - AUT [21206990],VEL VIENTO,Velocidad 10 minutal del viento media diaria,2016-02-26 00:00,m/s,2.15034722222384,Preliminar
21206990,TIBAITATA - AUT [21206990],VEL VIENTO,Velocidad 10 minutal del viento media diaria,2016-02-27 00:00,m/s,2.26354166666758,Preliminar
21206990,TIBAITATA - AUT [21206990],VEL VIENTO,Velocidad 10 minutal del viento media diaria,2016-02-28 00:00,m/s,1.94284722222283,Preliminar
21206990,TIBAITATA - AUT [21206990],VEL VIENTO,Velocidad 10 minutal del viento media diaria,2016-02-29 00:00,m/s,2.05724637681115,Preliminar
21206990,TIBAITATA - AUT [21206990],VEL VIENTO,Velocidad 10 minutal del viento media diaria,2016-03-01 00:00,m/s,1.99097222222335,Preliminar
21206990,TIBAITATA - AUT [21206990],VEL VIENTO,Velocidad 10 minutal del viento media diaria,2016-03-02 00:00,m/s,2.13212121212165,Preliminar
21206990,TIBAITATA - AUT [21206990],VEL VIENTO,Velocidad 10 minutal del viento media diaria,2016-03-03 00:00,m/s,2.08673913043576,Preliminar
21206990,TIBAITATA - AUT [21206990],VEL VIENTO,Velocidad 10 minutal del viento media diaria,2016-03-04 00:00,m/s,2.14062500000112,Preliminar
21206990,TIBAITATA - AUT [21206990],VEL VIENTO,Velocidad 10 minutal del viento media diaria,2016-03-05 00:00,m/s,1.92013888888984,Preliminar
21206990,TIBAITATA - AUT [21206990],VEL VIENTO,Velocidad 10 minutal del viento media diaria,2016-03-06 00:00,m/s,2.07500000000127,Preliminar
21206990,TIBAITATA - AUT [21206990],VEL VIENTO,Velocidad 10 minutal del viento media diaria,2016-03-07 00:00,m/s,1.96284722222359,Preliminar
21206990,TIBAITATA - AUT [21206990],VEL VIENTO,Velocidad 10 minutal del viento media diaria,2016-03-08 00:00,m/s,2.11319444444578,Preliminar
21206990,TIBAITATA - AUT [21206990],VEL VIENTO,Velocidad 10 minutal del viento media diaria,2016-03-09 00:00,m/s,2.09618055555432,Preliminar
21206990,TIBAITATA - AUT [21206990],VEL VIENTO,Velocidad 10 minutal del viento media diaria,2016-03-10 00:00,m/s,2.23750000000068,Preliminar
21206990,TIBAITATA - AUT [21206990],VEL VIENTO,Velocidad 10 minutal del viento media diaria,2016-03-11 00:00,m/s,2.11492753623281,Preliminar
21206990,TIBAITATA - AUT [21206990],VEL VIENTO,Velocidad 10 minutal del viento media diaria,2016-03-12 00:00,m/s,2.09521739130513,Preliminar
21206990,TIBAITATA - AUT [21206990],VEL VIENTO,Velocidad 10 minutal del viento media diaria,2016-03-13 00:00,m/s,1.99895833333485,Preliminar
21206990,TIBAITATA - AUT [21206990],VEL VIENTO,Velocidad 10 minutal del viento media diaria,2016-03-14 00:00,m/s,1.95151515151603,Preliminar
21206990,TIBAITATA - AUT [21206990],VEL VIENTO,Velocidad 10 minutal del viento media diaria,2016-03-15 00:00,m/s,1.85625000000118,Preliminar
21206990,TIBAITATA - AUT [21206990],VEL VIENTO,Velocidad 10 minutal del viento media diaria,2016-03-16 00:00,m/s,1.43210526315812,Preliminar
21206990,TIBAITATA - AUT [21206990],VEL VIENTO,Velocidad 10 minutal del viento media diaria,2016-03-17 00:00,m/s,1.97361111111046,Preliminar
21206990,TIBAITATA - AUT [21206990],VEL VIENTO,Velocidad 10 minutal del viento media diaria,2016-03-18 00:00,m/s,1.64053030302993,Preliminar
21206990,TIBAITATA - AUT [21206990],VEL VIENTO,Velocidad 10 minutal del viento media diaria,2016-03-19 00:00,m/s,1.98854166666746,Preliminar
21206990,TIBAITATA - AUT [21206990],VEL VIENTO,Velocidad 10 minutal del viento media diaria,2016-03-20 00:00,m/s,2.23298611111155,Preliminar
21206990,TIBAITATA - AUT [21206990],VEL VIENTO,Velocidad 10 minutal del viento media diaria,2016-03-21 00:00,m/s,1.70520833333446,Preliminar
21206990,TIBAITATA - AUT [21206990],VEL VIENTO,Velocidad 10 minutal del viento media diaria,2016-03-22 00:00,m/s,1.5173611111116,Preliminar
21206990,TIBAITATA - AUT [21206990],VEL VIENTO,Velocidad 10 minutal del viento media diaria,2016-03-23 00:00,m/s,1.618750000001,Preliminar
21206990,TIBAITATA - AUT [21206990],VEL VIENTO,Velocidad 10 minutal del viento media diaria,2016-03-24 00:00,m/s,2.11076388889041,Preliminar
21206990,TIBAITATA - AUT [21206990],VEL VIENTO,Velocidad 10 minutal del viento media diaria,2016-03-25 00:00,m/s,1.72569444444544,Preliminar
21206990,TIBAITATA - AUT [21206990],VEL VIENTO,Velocidad 10 minutal del viento media diaria,2016-03-26 00:00,m/s,1.93958333333458,Preliminar
21206990,TIBAITATA - AUT [21206990],VEL VIENTO,Velocidad 10 minutal del viento media diaria,2016-03-27 00:00,m/s,1.8656250000008,Preliminar
21206990,TIBAITATA - AUT [21206990],VEL VIENTO,Velocidad 10 minutal del viento media diaria,2016-03-28 00:00,m/s,2.2642361111103,Preliminar
21206990,TIBAITATA - AUT [21206990],VEL VIENTO,Velocidad 10 minutal del viento media diaria,2016-03-29 00:00,m/s,1.95772727272853,Preliminar
21206990,TIBAITATA - AUT [21206990],VEL VIENTO,Velocidad 10 minutal del viento media diaria,2016-03-30 00:00,m/s,1.7503472222233,Preliminar
21206990,TIBAITATA - AUT [21206990],VEL VIENTO,Velocidad 10 minutal del viento media diaria,2016-03-31 00:00,m/s,1.94826388888983,Preliminar
21206990,TIBAITATA - AUT [21206990],VEL VIENTO,Velocidad 10 minutal del viento media diaria,2016-04-01 00:00,m/s,1.95104166666816,Preliminar
21206990,TIBAITATA - AUT [21206990],VEL VIENTO,Velocidad 10 minutal del viento media diaria,2016-04-02 00:00,m/s,2.16527777777898,Preliminar
21206990,TIBAITATA - AUT [21206990],VEL VIENTO,Velocidad 10 minutal del viento media diaria,2016-04-03 00:00,m/s,1.92886363636426,Preliminar
21206990,TIBAITATA - AUT [21206990],VEL VIENTO,Velocidad 10 minutal del viento media diaria,2016-04-04 00:00,m/s,1.42326388888963,Preliminar
21206990,TIBAITATA - AUT [21206990],VEL VIENTO,Velocidad 10 minutal del viento media diaria,2016-04-05 00:00,m/s,0.907962962963361,Preliminar
21206990,TIBAITATA - AUT [21206990],VEL VIENTO,Velocidad 10 minutal del viento media diaria,2016-04-06 00:00,m/s,1.30343137254897,Preliminar
21206990,TIBAITATA - AUT [21206990],VEL VIENTO,Velocidad 10 minutal del viento media diaria,2016-04-07 00:00,m/s,1.6555555555562,Preliminar
21206990,TIBAITATA - AUT [21206990],VEL VIENTO,Velocidad 10 minutal del viento media diaria,2016-04-08 00:00,m/s,1.69027777777856,Preliminar
21206990,TIBAITATA - AUT [21206990],VEL VIENTO,Velocidad 10 minutal del viento media diaria,2016-04-09 00:00,m/s,1.58263888888905,Preliminar
21206990,TIBAITATA - AUT [21206990],VEL VIENTO,Velocidad 10 minutal del viento media diaria,2016-04-10 00:00,m/s,1.91423611111207,Preliminar
21206990,TIBAITATA - AUT [21206990],VEL VIENTO,Velocidad 10 minutal del viento media diaria,2016-04-11 00:00,m/s,1.93506944444593,Preliminar
21206990,TIBAITATA - AUT [21206990],VEL VIENTO,Velocidad 10 minutal del viento media diaria,2016-04-12 00:00,m/s,1.53189393939517,Preliminar
21206990,TIBAITATA - AUT [21206990],VEL VIENTO,Velocidad 10 minutal del viento media diaria,2016-04-13 00:00,m/s,2.12673611111234,Preliminar
21206990,TIBAITATA - AUT [21206990],VEL VIENTO,Velocidad 10 minutal del viento media diaria,2016-04-14 00:00,m/s,2.16597222222361,Preliminar
21206990,TIBAITATA - AUT [21206990],VEL VIENTO,Velocidad 10 minutal del viento media diaria,2016-04-15 00:00,m/s,2.03659420289926,Preliminar
21206990,TIBAITATA - AUT [21206990],VEL VIENTO,Velocidad 10 minutal del viento media diaria,2016-04-16 00:00,m/s,2.00902777777846,Preliminar
21206990,TIBAITATA - AUT [21206990],VEL VIENTO,Velocidad 10 minutal del viento media diaria,2016-04-17 00:00,m/s,1.26215277777844,Preliminar
21206990,TIBAITATA - AUT [21206990],VEL VIENTO,Velocidad 10 minutal del viento media diaria,2016-04-18 00:00,m/s,1.78746376811594,Preliminar
21206990,TIBAITATA - AUT [21206990],VEL VIENTO,Velocidad 10 minutal del viento media diaria,2016-04-19 00:00,m/s,1.69029411764706,Preliminar
21206990,TIBAITATA - AUT [21206990],VEL VIENTO,Velocidad 10 minutal del viento media diaria,2016-04-21 00:00,m/s,1.74166666666793,Preliminar
21206990,TIBAITATA - AUT [21206990],VEL VIENTO,Velocidad 10 minutal del viento media diaria,2016-04-22 00:00,m/s,2.15238095238152,Preliminar
21206990,TIBAITATA - AUT [21206990],VEL VIENTO,Velocidad 10 minutal del viento media diaria,2016-04-23 00:00,m/s,1.51562500000081,Preliminar
21206990,TIBAITATA - AUT [21206990],VEL VIENTO,Velocidad 10 minutal del viento media diaria,2016-04-24 00:00,m/s,1.08159722222212,Preliminar
21206990,TIBAITATA - AUT [21206990],VEL VIENTO,Velocidad 10 minutal del viento media diaria,2016-04-25 00:00,m/s,1.51493055555657,Preliminar
21206990,TIBAITATA - AUT [21206990],VEL VIENTO,Velocidad 10 minutal del viento media diaria,2016-04-26 00:00,m/s,1.82991666666783,Preliminar
21206990,TIBAITATA - AUT [21206990],VEL VIENTO,Velocidad 10 minutal del viento media diaria,2016-04-27 00:00,m/s,1.99239130434899,Preliminar
21206990,TIBAITATA - AUT [21206990],VEL VIENTO,Velocidad 10 minutal del viento media diaria,2016-04-28 00:00,m/s,1.57187500000089,Preliminar
21206990,TIBAITATA - AUT [21206990],VEL VIENTO,Velocidad 10 minutal del viento media diaria,2016-04-29 00:00,m/s,1.57659090909116,Preliminar
21206990,TIBAITATA - AUT [21206990],VEL VIENTO,Velocidad 10 minutal del viento media diaria,2016-04-30 00:00,m/s,1.87391304347969,Preliminar
21206990,TIBAITATA - AUT [21206990],VEL VIENTO,Velocidad 10 minutal del viento media diaria,2016-05-01 00:00,m/s,1.53750000000037,Preliminar
21206990,TIBAITATA - AUT [21206990],VEL VIENTO,Velocidad 10 minutal del viento media diaria,2016-05-02 00:00,m/s,1.57068181818244,Preliminar
21206990,TIBAITATA - AUT [21206990],VEL VIENTO,Velocidad 10 minutal del viento media diaria,2016-05-03 00:00,m/s,1.07049019607889,Preliminar
21206990,TIBAITATA - AUT [21206990],VEL VIENTO,Velocidad 10 minutal del viento media diaria,2016-05-04 00:00,m/s,1.24466666666767,Preliminar
21206990,TIBAITATA - AUT [21206990],VEL VIENTO,Velocidad 10 minutal del viento media diaria,2016-05-05 00:00,m/s,1.82465277777909,Preliminar
21206990,TIBAITATA - AUT [21206990],VEL VIENTO,Velocidad 10 minutal del viento media diaria,2016-05-06 00:00,m/s,1.57391304347894,Preliminar
21206990,TIBAITATA - AUT [21206990],VEL VIENTO,Velocidad 10 minutal del viento media diaria,2016-05-07 00:00,m/s,1.60208333333436,Preliminar
21206990,TIBAITATA - AUT [21206990],VEL VIENTO,Velocidad 10 minutal del viento media diaria,2016-05-08 00:00,m/s,1.71875000000084,Preliminar
21206990,TIBAITATA - AUT [21206990],VEL VIENTO,Velocidad 10 minutal del viento media diaria,2016-05-09 00:00,m/s,1.61608695652107,Preliminar
21206990,TIBAITATA - AUT [21206990],VEL VIENTO,Velocidad 10 minutal del viento media diaria,2016-05-10 00:00,m/s,1.76095238095323,Preliminar
21206990,TIBAITATA - AUT [21206990],VEL VIENTO,Velocidad 10 minutal del viento media diaria,2016-05-11 00:00,m/s,2.03436507936712,Preliminar
21206990,TIBAITATA - AUT [21206990],VEL VIENTO,Velocidad 10 minutal del viento media diaria,2016-05-12 00:00,m/s,1.94305555555588,Preliminar
21206990,TIBAITATA - AUT [21206990],VEL VIENTO,Velocidad 10 minutal del viento media diaria,2016-05-13 00:00,m/s,1.99861111111152,Preliminar
21206990,TIBAITATA - AUT [21206990],VEL VIENTO,Velocidad 10 minutal del viento media diaria,2016-05-14 00:00,m/s,2.51006944444558,Preliminar
21206990,TIBAITATA - AUT [21206990],VEL VIENTO,Velocidad 10 minutal del viento media diaria,2016-05-15 00:00,m/s,2.37812500000072,Preliminar
21206990,TIBAITATA - AUT [21206990],VEL VIENTO,Velocidad 10 minutal del viento media diaria,2016-05-16 00:00,m/s,1.90208333333478,Preliminar
21206990,TIBAITATA - AUT [21206990],VEL VIENTO,Velocidad 10 minutal del viento media diaria,2016-05-17 00:00,m/s,2.12681818181933,Preliminar
21206990,TIBAITATA - AUT [21206990],VEL VIENTO,Velocidad 10 minutal del viento media diaria,2016-05-18 00:00,m/s,1.3986956521746,Preliminar
21206990,TIBAITATA - AUT [21206990],VEL VIENTO,Velocidad 10 minutal del viento media diaria,2016-05-19 00:00,m/s,2.02638888888981,Preliminar
21206990,TIBAITATA - AUT [21206990],VEL VIENTO,Velocidad 10 minutal del viento media diaria,2016-05-20 00:00,m/s,1.63402777777857,Preliminar
21206990,TIBAITATA - AUT [21206990],VEL VIENTO,Velocidad 10 minutal del viento media diaria,2016-05-21 00:00,m/s,2.10104166666693,Preliminar
21206990,TIBAITATA - AUT [21206990],VEL VIENTO,Velocidad 10 minutal del viento media diaria,2016-05-22 00:00,m/s,2.68500000000206,Preliminar
21206990,TIBAITATA - AUT [21206990],VEL VIENTO,Velocidad 10 minutal del viento media diaria,2016-05-23 00:00,m/s,2.45277777777891,Preliminar
21206990,TIBAITATA - AUT [21206990],VEL VIENTO,Velocidad 10 minutal del viento media diaria,2016-05-24 00:00,m/s,1.94514492753739,Preliminar
21206990,TIBAITATA - AUT [21206990],VEL VIENTO,Velocidad 10 minutal del viento media diaria,2016-05-25 00:00,m/s,1.72065217391338,Preliminar
21206990,TIBAITATA - AUT [21206990],VEL VIENTO,Velocidad 10 minutal del viento media diaria,2016-05-26 00:00,m/s,1.25318181818175,Preliminar
21206990,TIBAITATA - AUT [21206990],VEL VIENTO,Velocidad 10 minutal del viento media diaria,2016-05-27 00:00,m/s,1.9515942028996,Preliminar
21206990,TIBAITATA - AUT [21206990],VEL VIENTO,Velocidad 10 minutal del viento media diaria,2016-05-28 00:00,m/s,1.95694444444366,Preliminar
21206990,TIBAITATA - AUT [21206990],VEL VIENTO,Velocidad 10 minutal del viento media diaria,2016-05-29 00:00,m/s,1.56909722222311,Preliminar
21206990,TIBAITATA - AUT [21206990],VEL VIENTO,Velocidad 10 minutal del viento media diaria,2016-05-30 00:00,m/s,1.59548611111142,Preliminar
21206990,TIBAITATA - AUT [21206990],VEL VIENTO,Velocidad 10 minutal del viento media diaria,2016-05-31 00:00,m/s,1.31909722222298,Preliminar
21206990,TIBAITATA - AUT [21206990],VEL VIENTO,Velocidad 10 minutal del viento media diaria,2016-06-01 00:00,m/s,2.1250000000017,Preliminar
21206990,TIBAITATA - AUT [21206990],VEL VIENTO,Velocidad 10 minutal del viento media diaria,2016-06-02 00:00,m/s,1.08819444444445,Preliminar
21206990,TIBAITATA - AUT [21206990],VEL VIENTO,Velocidad 10 minutal del viento media diaria,2016-06-03 00:00,m/s,1.45173611111154,Preliminar
21206990,TIBAITATA - AUT [21206990],VEL VIENTO,Velocidad 10 minutal del viento media diaria,2016-06-04 00:00,m/s,1.41006944444497,Preliminar
21206990,TIBAITATA - AUT [21206990],VEL VIENTO,Velocidad 10 minutal del viento media diaria,2016-06-05 00:00,m/s,1.98688405797246,Preliminar
21206990,TIBAITATA - AUT [21206990],VEL VIENTO,Velocidad 10 minutal del viento media diaria,2016-06-06 00:00,m/s,1.222569444445,Preliminar
21206990,TIBAITATA - AUT [21206990],VEL VIENTO,Velocidad 10 minutal del viento media diaria,2016-06-07 00:00,m/s,1.77222222222178,Preliminar
21206990,TIBAITATA - AUT [21206990],VEL VIENTO,Velocidad 10 minutal del viento media diaria,2016-06-08 00:00,m/s,2.32013888889032,Preliminar
21206990,TIBAITATA - AUT [21206990],VEL VIENTO,Velocidad 10 minutal del viento media diaria,2016-06-09 00:00,m/s,1.56250000000054,Preliminar
21206990,TIBAITATA - AUT [21206990],VEL VIENTO,Velocidad 10 minutal del viento media diaria,2016-06-10 00:00,m/s,1.90555555555625,Preliminar
21206990,TIBAITATA - AUT [21206990],VEL VIENTO,Velocidad 10 minutal del viento media diaria,2016-06-11 00:00,m/s,2.14236111111244,Preliminar
21206990,TIBAITATA - AUT [21206990],VEL VIENTO,Velocidad 10 minutal del viento media diaria,2016-06-12 00:00,m/s,1.81180555555676,Preliminar
21206990,TIBAITATA - AUT [21206990],VEL VIENTO,Velocidad 10 minutal del viento media diaria,2016-06-13 00:00,m/s,1.87604166666683,Preliminar
21206990,TIBAITATA - AUT [21206990],VEL VIENTO,Velocidad 10 minutal del viento media diaria,2016-06-14 00:00,m/s,2.3802083333344,Preliminar
21206990,TIBAITATA - AUT [21206990],VEL VIENTO,Velocidad 10 minutal del viento media diaria,2016-06-15 00:00,m/s,2.38263888889033,Preliminar
21206990,TIBAITATA - AUT [21206990],VEL VIENTO,Velocidad 10 minutal del viento media diaria,2016-06-16 00:00,m/s,2.57500000000098,Preliminar
21206990,TIBAITATA - AUT [21206990],VEL VIENTO,Velocidad 10 minutal del viento media diaria,2016-06-17 00:00,m/s,2.13688405797208,Preliminar
21206990,TIBAITATA - AUT [21206990],VEL VIENTO,Velocidad 10 minutal del viento media diaria,2016-06-18 00:00,m/s,1.53472222222316,Preliminar
21206990,TIBAITATA - AUT [21206990],VEL VIENTO,Velocidad 10 minutal del viento media diaria,2016-06-19 00:00,m/s,1.82465277777896,Preliminar
21206990,TIBAITATA - AUT [21206990],VEL VIENTO,Velocidad 10 minutal del viento media diaria,2016-06-20 00:00,m/s,2.33958333333511,Preliminar
21206990,TIBAITATA - AUT [21206990],VEL VIENTO,Velocidad 10 minutal del viento media diaria,2016-06-21 00:00,m/s,2.6750000000004,Preliminar
21206990,TIBAITATA - AUT [21206990],VEL VIENTO,Velocidad 10 minutal del viento media diaria,2016-06-22 00:00,m/s,1.97569444444561,Preliminar
21206990,TIBAITATA - AUT [21206990],VEL VIENTO,Velocidad 10 minutal del viento media diaria,2016-06-23 00:00,m/s,1.71805555555666,Preliminar
21206990,TIBAITATA - AUT [21206990],VEL VIENTO,Velocidad 10 minutal del viento media diaria,2016-06-24 00:00,m/s,1.52326388888881,Preliminar
21206990,TIBAITATA - AUT [21206990],VEL VIENTO,Velocidad 10 minutal del viento media diaria,2016-06-25 00:00,m/s,2.24869565217462,Preliminar
21206990,TIBAITATA - AUT [21206990],VEL VIENTO,Velocidad 10 minutal del viento media diaria,2016-06-26 00:00,m/s,2.11673913043615,Preliminar
21206990,TIBAITATA - AUT [21206990],VEL VIENTO,Velocidad 10 minutal del viento media diaria,2016-06-27 00:00,m/s,2.44652777777996,Preliminar
21206990,TIBAITATA - AUT [21206990],VEL VIENTO,Velocidad 10 minutal del viento media diaria,2016-06-28 00:00,m/s,3.00729166666869,Preliminar
21206990,TIBAITATA - AUT [21206990],VEL VIENTO,Velocidad 10 minutal del viento media diaria,2016-06-29 00:00,m/s,2.15069444444577,Preliminar
21206990,TIBAITATA - AUT [21206990],VEL VIENTO,Velocidad 10 minutal del viento media diaria,2016-06-30 00:00,m/s,1.96701754386125,Preliminar
21206990,TIBAITATA - AUT [21206990],VEL VIENTO,Velocidad 10 minutal del viento media diaria,2016-07-01 00:00,m/s,1.77291666666677,Preliminar
21206990,TIBAITATA - AUT [21206990],VEL VIENTO,Velocidad 10 minutal del viento media diaria,2016-07-02 00:00,m/s,1.66666666666741,Preliminar
21206990,TIBAITATA - AUT [21206990],VEL VIENTO,Velocidad 10 minutal del viento media diaria,2016-07-03 00:00,m/s,1.64131944444447,Preliminar
21206990,TIBAITATA - AUT [21206990],VEL VIENTO,Velocidad 10 minutal del viento media diaria,2016-07-04 00:00,m/s,1.4305555555556,Preliminar
21206990,TIBAITATA - AUT [21206990],VEL VIENTO,Velocidad 10 minutal del viento media diaria,2016-07-05 00:00,m/s,1.90763888888943,Preliminar
21206990,TIBAITATA - AUT [21206990],VEL VIENTO,Velocidad 10 minutal del viento media diaria,2016-07-06 00:00,m/s,1.6503472222225,Preliminar
21206990,TIBAITATA - AUT [21206990],VEL VIENTO,Velocidad 10 minutal del viento media diaria,2016-07-07 00:00,m/s,3.09444444444648,Preliminar
21206990,TIBAITATA - AUT [21206990],VEL VIENTO,Velocidad 10 minutal del viento media diaria,2016-07-08 00:00,m/s,2.64253968254177,Preliminar
21206990,TIBAITATA - AUT [21206990],VEL VIENTO,Velocidad 10 minutal del viento media diaria,2016-07-09 00:00,m/s,2.13368055555677,Preliminar
21206990,TIBAITATA - AUT [21206990],VEL VIENTO,Velocidad 10 minutal del viento media diaria,2016-07-10 00:00,m/s,1.71597222222307,Preliminar
21206990,TIBAITATA - AUT [21206990],VEL VIENTO,Velocidad 10 minutal del viento media diaria,2016-07-11 00:00,m/s,2.13717391304461,Preliminar
21206990,TIBAITATA - AUT [21206990],VEL VIENTO,Velocidad 10 minutal del viento media diaria,2016-07-12 00:00,m/s,1.61789855072548,Preliminar
21206990,TIBAITATA - AUT [21206990],VEL VIENTO,Velocidad 10 minutal del viento media diaria,2016-07-13 00:00,m/s,1.83125000000071,Preliminar
21206990,TIBAITATA - AUT [21206990],VEL VIENTO,Velocidad 10 minutal del viento media diaria,2016-07-14 00:00,m/s,1.67465277777885,Preliminar
21206990,TIBAITATA - AUT [21206990],VEL VIENTO,Velocidad 10 minutal del viento media diaria,2016-07-15 00:00,m/s,1.71180555555595,Preliminar
21206990,TIBAITATA - AUT [21206990],VEL VIENTO,Velocidad 10 minutal del viento media diaria,2016-07-16 00:00,m/s,1.39027777777875,Preliminar
21206990,TIBAITATA - AUT [21206990],VEL VIENTO,Velocidad 10 minutal del viento media diaria,2016-07-17 00:00,m/s,2.59270833333461,Preliminar
21206990,TIBAITATA - AUT [21206990],VEL VIENTO,Velocidad 10 minutal del viento media diaria,2016-07-18 00:00,m/s,1.61666666666726,Preliminar
21206990,TIBAITATA - AUT [21206990],VEL VIENTO,Velocidad 10 minutal del viento media diaria,2016-07-19 00:00,m/s,1.54930555555568,Preliminar
21206990,TIBAITATA - AUT [21206990],VEL VIENTO,Velocidad 10 minutal del viento media diaria,2016-07-20 00:00,m/s,1.9243181818185,Preliminar
21206990,TIBAITATA - AUT [21206990],VEL VIENTO,Velocidad 10 minutal del viento media diaria,2016-07-21 00:00,m/s,1.65065217391321,Preliminar
21206990,TIBAITATA - AUT [21206990],VEL VIENTO,Velocidad 10 minutal del viento media diaria,2016-07-22 00:00,m/s,1.88402777777855,Preliminar
21206990,TIBAITATA - AUT [21206990],VEL VIENTO,Velocidad 10 minutal del viento media diaria,2016-07-23 00:00,m/s,1.5184027777787,Preliminar
21206990,TIBAITATA - AUT [21206990],VEL VIENTO,Velocidad 10 minutal del viento media diaria,2016-07-24 00:00,m/s,1.51249999999952,Preliminar
21206990,TIBAITATA - AUT [21206990],VEL VIENTO,Velocidad 10 minutal del viento media diaria,2016-07-25 00:00,m/s,1.6940972222233,Preliminar
21206990,TIBAITATA - AUT [21206990],VEL VIENTO,Velocidad 10 minutal del viento media diaria,2016-07-26 00:00,m/s,1.82454545454628,Preliminar
21206990,TIBAITATA - AUT [21206990],VEL VIENTO,Velocidad 10 minutal del viento media diaria,2016-07-27 00:00,m/s,1.87986111111158,Preliminar
21206990,TIBAITATA - AUT [21206990],VEL VIENTO,Velocidad 10 minutal del viento media diaria,2016-07-28 00:00,m/s,2.5864583333355,Preliminar
21206990,TIBAITATA - AUT [21206990],VEL VIENTO,Velocidad 10 minutal del viento media diaria,2016-07-29 00:00,m/s,2.26892156862745,Preliminar
21206990,TIBAITATA - AUT [21206990],VEL VIENTO,Velocidad 10 minutal del viento media diaria,2016-07-30 00:00,m/s,2.02239583333506,Preliminar
21206990,TIBAITATA - AUT [21206990],VEL VIENTO,Velocidad 10 minutal del viento media diaria,2016-07-31 00:00,m/s,2.03437500000099,Preliminar
21206990,TIBAITATA - AUT [21206990],VEL VIENTO,Velocidad 10 minutal del viento media diaria,2016-08-01 00:00,m/s,2.14930555555642,Preliminar
21206990,TIBAITATA - AUT [21206990],VEL VIENTO,Velocidad 10 minutal del viento media diaria,2016-08-02 00:00,m/s,2.70971014492983,Preliminar
21206990,TIBAITATA - AUT [21206990],VEL VIENTO,Velocidad 10 minutal del viento media diaria,2016-08-03 00:00,m/s,2.61527777777978,Preliminar
21206990,TIBAITATA - AUT [21206990],VEL VIENTO,Velocidad 10 minutal del viento media diaria,2016-08-04 00:00,m/s,2.53437500000222,Preliminar
21206990,TIBAITATA - AUT [21206990],VEL VIENTO,Velocidad 10 minutal del viento media diaria,2016-08-05 00:00,m/s,1.698188405798,Preliminar
21206990,TIBAITATA - AUT [21206990],VEL VIENTO,Velocidad 10 minutal del viento media diaria,2016-08-06 00:00,m/s,2.25625000000157,Preliminar
21206990,TIBAITATA - AUT [21206990],VEL VIENTO,Velocidad 10 minutal del viento media diaria,2016-08-07 00:00,m/s,1.51111111111136,Preliminar
21206990,TIBAITATA - AUT [21206990],VEL VIENTO,Velocidad 10 minutal del viento media diaria,2016-08-08 00:00,m/s,1.70833333333386,Preliminar
21206990,TIBAITATA - AUT [21206990],VEL VIENTO,Velocidad 10 minutal del viento media diaria,2016-08-09 00:00,m/s,1.77152777777882,Preliminar
21206990,TIBAITATA - AUT [21206990],VEL VIENTO,Velocidad 10 minutal del viento media diaria,2016-08-10 00:00,m/s,2.21391304347999,Preliminar
21206990,TIBAITATA - AUT [21206990],VEL VIENTO,Velocidad 10 minutal del viento media diaria,2016-08-11 00:00,m/s,2.5064166666692,Preliminar
21206990,TIBAITATA - AUT [21206990],VEL VIENTO,Velocidad 10 minutal del viento media diaria,2016-08-12 00:00,m/s,1.48500000000072,Preliminar
21206990,TIBAITATA - AUT [21206990],VEL VIENTO,Velocidad 10 minutal del viento media diaria,2016-08-13 00:00,m/s,2.07283333333466,Preliminar
21206990,TIBAITATA - AUT [21206990],VEL VIENTO,Velocidad 10 minutal del viento media diaria,2016-08-14 00:00,m/s,2.28908333333486,Preliminar
21206990,TIBAITATA - AUT [21206990],VEL VIENTO,Velocidad 10 minutal del viento media diaria,2016-08-15 00:00,m/s,1.79270833333417,Preliminar
21206990,TIBAITATA - AUT [21206990],VEL VIENTO,Velocidad 10 minutal del viento media diaria,2016-08-16 00:00,m/s,1.81145833333465,Preliminar
21206990,TIBAITATA - AUT [21206990],VEL VIENTO,Velocidad 10 minutal del viento media diaria,2016-08-17 00:00,m/s,1.87604166666661,Preliminar
21206990,TIBAITATA - AUT [21206990],VEL VIENTO,Velocidad 10 minutal del viento media diaria,2016-08-18 00:00,m/s,1.70868055555636,Preliminar
21206990,TIBAITATA - AUT [21206990],VEL VIENTO,Velocidad 10 minutal del viento media diaria,2016-08-21 00:00,m/s,2.31180555555762,Preliminar
21206990,TIBAITATA - AUT [21206990],VEL VIENTO,Velocidad 10 minutal del viento media diaria,2016-08-22 00:00,m/s,2.58949275362446,Preliminar
21206990,TIBAITATA - AUT [21206990],VEL VIENTO,Velocidad 10 minutal del viento media diaria,2016-08-23 00:00,m/s,1.6531250000005,Preliminar
21206990,TIBAITATA - AUT [21206990],VEL VIENTO,Velocidad 10 minutal del viento media diaria,2016-08-24 00:00,m/s,1.81006944444563,Preliminar
21206990,TIBAITATA - AUT [21206990],VEL VIENTO,Velocidad 10 minutal del viento media diaria,2016-08-25 00:00,m/s,2.09409722222394,Preliminar
21206990,TIBAITATA - AUT [21206990],VEL VIENTO,Velocidad 10 minutal del viento media diaria,2016-08-26 00:00,m/s,2.71597222222436,Preliminar
21206990,TIBAITATA - AUT [21206990],VEL VIENTO,Velocidad 10 minutal del viento media diaria,2016-08-27 00:00,m/s,1.28402777777828,Preliminar
21206990,TIBAITATA - AUT [21206990],VEL VIENTO,Velocidad 10 minutal del viento media diaria,2016-08-28 00:00,m/s,1.54062500000065,Preliminar
21206990,TIBAITATA - AUT [21206990],VEL VIENTO,Velocidad 10 minutal del viento media diaria,2016-08-29 00:00,m/s,1.62395833333358,Preliminar
21206990,TIBAITATA - AUT [21206990],VEL VIENTO,Velocidad 10 minutal del viento media diaria,2016-08-30 00:00,m/s,2.13615942029093,Preliminar
21206990,TIBAITATA - AUT [21206990],VEL VIENTO,Velocidad 10 minutal del viento media diaria,2016-08-31 00:00,m/s,1.62152777777834,Preliminar
21206990,TIBAITATA - AUT [21206990],VEL VIENTO,Velocidad 10 minutal del viento media diaria,2016-09-01 00:00,m/s,1.8243055555567,Preliminar
21206990,TIBAITATA - AUT [21206990],VEL VIENTO,Velocidad 10 minutal del viento media diaria,2016-09-02 00:00,m/s,1.24375000000072,Preliminar
21206990,TIBAITATA - AUT [21206990],VEL VIENTO,Velocidad 10 minutal del viento media diaria,2016-09-04 00:00,m/s,1.5818840579719,Preliminar
21206990,TIBAITATA - AUT [21206990],VEL VIENTO,Velocidad 10 minutal del viento media diaria,2016-09-05 00:00,m/s,2.65649122807182,Preliminar
21206990,TIBAITATA - AUT [21206990],VEL VIENTO,Velocidad 10 minutal del viento media diaria,2016-09-06 00:00,m/s,2.140972222223,Preliminar
21206990,TIBAITATA - AUT [21206990],VEL VIENTO,Velocidad 10 minutal del viento media diaria,2016-09-08 00:00,m/s,2.49947916666976,Preliminar
21206990,TIBAITATA - AUT [21206990],VEL VIENTO,Velocidad 10 minutal del viento media diaria,2016-09-09 00:00,m/s,2.35014492753818,Preliminar
21206990,TIBAITATA - AUT [21206990],VEL VIENTO,Velocidad 10 minutal del viento media diaria,2016-09-10 00:00,m/s,1.6006944444456,Preliminar
21206990,TIBAITATA - AUT [21206990],VEL VIENTO,Velocidad 10 minutal del viento media diaria,2016-09-11 00:00,m/s,1.80763888888987,Preliminar
21206990,TIBAITATA - AUT [21206990],VEL VIENTO,Velocidad 10 minutal del viento media diaria,2016-09-12 00:00,m/s,1.63825396825499,Preliminar
21206990,TIBAITATA - AUT [21206990],VEL VIENTO,Velocidad 10 minutal del viento media diaria,2016-09-13 00:00,m/s,1.71640350877273,Preliminar
21206990,TIBAITATA - AUT [21206990],VEL VIENTO,Velocidad 10 minutal del viento media diaria,2016-09-14 00:00,m/s,1.88558333333309,Preliminar
21206990,TIBAITATA - AUT [21206990],VEL VIENTO,Velocidad 10 minutal del viento media diaria,2016-09-15 00:00,m/s,2.23375,Preliminar
21206990,TIBAITATA - AUT [21206990],VEL VIENTO,Velocidad 10 minutal del viento media diaria,2016-09-17 00:00,m/s,1.7513888888895,Preliminar
21206990,TIBAITATA - AUT [21206990],VEL VIENTO,Velocidad 10 minutal del viento media diaria,2016-09-18 00:00,m/s,1.90937500000079,Preliminar
21206990,TIBAITATA - AUT [21206990],VEL VIENTO,Velocidad 10 minutal del viento media diaria,2016-09-19 00:00,m/s,2.46319444444592,Preliminar
21206990,TIBAITATA - AUT [21206990],VEL VIENTO,Velocidad 10 minutal del viento media diaria,2016-09-20 00:00,m/s,2.22942028985654,Preliminar
21206990,TIBAITATA - AUT [21206990],VEL VIENTO,Velocidad 10 minutal del viento media diaria,2016-09-21 00:00,m/s,2.44756944444655,Preliminar
21206990,TIBAITATA - AUT [21206990],VEL VIENTO,Velocidad 10 minutal del viento media diaria,2016-09-22 00:00,m/s,1.15927536231835,Preliminar
21206990,TIBAITATA - AUT [21206990],VEL VIENTO,Velocidad 10 minutal del viento media diaria,2016-09-24 00:00,m/s,1.82500000000024,Preliminar
21206990,TIBAITATA - AUT [21206990],VEL VIENTO,Velocidad 10 minutal del viento media diaria,2016-09-25 00:00,m/s,1.67969696969732,Preliminar
21206990,TIBAITATA - AUT [21206990],VEL VIENTO,Velocidad 10 minutal del viento media diaria,2016-09-26 00:00,m/s,2.01840277777844,Preliminar
21206990,TIBAITATA - AUT [21206990],VEL VIENTO,Velocidad 10 minutal del viento media diaria,2016-09-27 00:00,m/s,1.81944444444477,Preliminar
21206990,TIBAITATA - AUT [21206990],VEL VIENTO,Velocidad 10 minutal del viento media diaria,2016-09-28 00:00,m/s,1.62696969697034,Preliminar
21206990,TIBAITATA - AUT [21206990],VEL VIENTO,Velocidad 10 minutal del viento media diaria,2016-09-29 00:00,m/s,2.07708333333302,Preliminar
21206990,TIBAITATA - AUT [21206990],VEL VIENTO,Velocidad 10 minutal del viento media diaria,2016-09-30 00:00,m/s,1.93888888888907,Preliminar
21206990,TIBAITATA - AUT [21206990],VEL VIENTO,Velocidad 10 minutal del viento media diaria,2016-10-01 00:00,m/s,2.41527777777912,Preliminar
21206990,TIBAITATA - AUT [21206990],VEL VIENTO,Velocidad 10 minutal del viento media diaria,2016-10-02 00:00,m/s,2.15520833333445,Preliminar
21206990,TIBAITATA - AUT [21206990],VEL VIENTO,Velocidad 10 minutal del viento media diaria,2016-10-03 00:00,m/s,2.23666666666667,Preliminar
21206990,TIBAITATA - AUT [21206990],VEL VIENTO,Velocidad 10 minutal del viento media diaria,2016-10-06 00:00,m/s,1.80797101449396,Preliminar
21206990,TIBAITATA - AUT [21206990],VEL VIENTO,Velocidad 10 minutal del viento media diaria,2016-10-07 00:00,m/s,1.93368055555578,Preliminar
21206990,TIBAITATA - AUT [21206990],VEL VIENTO,Velocidad 10 minutal del viento media diaria,2016-10-08 00:00,m/s,1.85833333333424,Preliminar
21206990,TIBAITATA - AUT [21206990],VEL VIENTO,Velocidad 10 minutal del viento media diaria,2016-10-09 00:00,m/s,1.98993055555691,Preliminar
21206990,TIBAITATA - AUT [21206990],VEL VIENTO,Velocidad 10 minutal del viento media diaria,2016-10-10 00:00,m/s,1.59166666666687,Preliminar
21206990,TIBAITATA - AUT [21206990],VEL VIENTO,Velocidad 10 minutal del viento media diaria,2016-10-11 00:00,m/s,1.56736111111199,Preliminar
21206990,TIBAITATA - AUT [21206990],VEL VIENTO,Velocidad 10 minutal del viento media diaria,2016-10-12 00:00,m/s,1.29618055555615,Preliminar
21206990,TIBAITATA - AUT [21206990],VEL VIENTO,Velocidad 10 minutal del viento media diaria,2016-10-13 00:00,m/s,1.95688405797101,Preliminar
21206990,TIBAITATA - AUT [21206990],VEL VIENTO,Velocidad 10 minutal del viento media diaria,2016-10-14 00:00,m/s,1.60381944444446,Preliminar
21206990,TIBAITATA - AUT [21206990],VEL VIENTO,Velocidad 10 minutal del viento media diaria,2016-10-15 00:00,m/s,2.14965277777905,Preliminar
21206990,TIBAITATA - AUT [21206990],VEL VIENTO,Velocidad 10 minutal del viento media diaria,2016-10-16 00:00,m/s,1.9276811594217,Preliminar
21206990,TIBAITATA - AUT [21206990],VEL VIENTO,Velocidad 10 minutal del viento media diaria,2016-10-17 00:00,m/s,1.7385416666671,Preliminar
21206990,TIBAITATA - AUT [21206990],VEL VIENTO,Velocidad 10 minutal del viento media diaria,2016-10-18 00:00,m/s,1.93472222222373,Preliminar
21206990,TIBAITATA - AUT [21206990],VEL VIENTO,Velocidad 10 minutal del viento media diaria,2016-10-19 00:00,m/s,1.92575757575759,Preliminar
21206990,TIBAITATA - AUT [21206990],VEL VIENTO,Velocidad 10 minutal del viento media diaria,2016-10-20 00:00,m/s,1.46875000000013,Preliminar
21206990,TIBAITATA - AUT [21206990],VEL VIENTO,Velocidad 10 minutal del viento media diaria,2016-10-21 00:00,m/s,1.73854166666712,Preliminar
21206990,TIBAITATA - AUT [21206990],VEL VIENTO,Velocidad 10 minutal del viento media diaria,2016-10-22 00:00,m/s,1.93020833333325,Preliminar
21206990,TIBAITATA - AUT [21206990],VEL VIENTO,Velocidad 10 minutal del viento media diaria,2016-10-23 00:00,m/s,1.79305555555681,Preliminar
21206990,TIBAITATA - AUT [21206990],VEL VIENTO,Velocidad 10 minutal del viento media diaria,2016-10-24 00:00,m/s,1.90616666666739,Preliminar
21206990,TIBAITATA - AUT [21206990],VEL VIENTO,Velocidad 10 minutal del viento media diaria,2016-10-25 00:00,m/s,1.68749999999979,Preliminar
21206990,TIBAITATA - AUT [21206990],VEL VIENTO,Velocidad 10 minutal del viento media diaria,2016-10-26 00:00,m/s,2.25416666666793,Preliminar
21206990,TIBAITATA - AUT [21206990],VEL VIENTO,Velocidad 10 minutal del viento media diaria,2016-10-27 00:00,m/s,2.0173611111124,Preliminar
21206990,TIBAITATA - AUT [21206990],VEL VIENTO,Velocidad 10 minutal del viento media diaria,2016-10-28 00:00,m/s,1.93611111111225,Preliminar
21206990,TIBAITATA - AUT [21206990],VEL VIENTO,Velocidad 10 minutal del viento media diaria,2016-10-29 00:00,m/s,1.50083333333408,Preliminar
21206990,TIBAITATA - AUT [21206990],VEL VIENTO,Velocidad 10 minutal del viento media diaria,2016-10-30 00:00,m/s,1.32369565217469,Preliminar
21206990,TIBAITATA - AUT [21206990],VEL VIENTO,Velocidad 10 minutal del viento media diaria,2016-10-31 00:00,m/s,1.51250000000086,Preliminar
21206990,TIBAITATA - AUT [21206990],VEL VIENTO,Velocidad 10 minutal del viento media diaria,2016-11-01 00:00,m/s,2.04695652173956,Preliminar
21206990,TIBAITATA - AUT [21206990],VEL VIENTO,Velocidad 10 minutal del viento media diaria,2016-11-02 00:00,m/s,2.02187500000088,Preliminar
21206990,TIBAITATA - AUT [21206990],VEL VIENTO,Velocidad 10 minutal del viento media diaria,2016-11-03 00:00,m/s,2.21340909091069,Preliminar
21206990,TIBAITATA - AUT [21206990],VEL VIENTO,Velocidad 10 minutal del viento media diaria,2016-11-04 00:00,m/s,2.72891304347941,Preliminar
21206990,TIBAITATA - AUT [21206990],VEL VIENTO,Velocidad 10 minutal del viento media diaria,2016-11-05 00:00,m/s,2.51527777777966,Preliminar
21206990,TIBAITATA - AUT [21206990],VEL VIENTO,Velocidad 10 minutal del viento media diaria,2016-11-06 00:00,m/s,1.78437500000117,Preliminar
21206990,TIBAITATA - AUT [21206990],VEL VIENTO,Velocidad 10 minutal del viento media diaria,2016-11-07 00:00,m/s,1.72013888888986,Preliminar
21206990,TIBAITATA - AUT [21206990],VEL VIENTO,Velocidad 10 minutal del viento media diaria,2016-11-08 00:00,m/s,1.91284722222318,Preliminar
21206990,TIBAITATA - AUT [21206990],VEL VIENTO,Velocidad 10 minutal del viento media diaria,2016-11-09 00:00,m/s,1.67673611111187,Preliminar
21206990,TIBAITATA - AUT [21206990],VEL VIENTO,Velocidad 10 minutal del viento media diaria,2016-11-10 00:00,m/s,1.91909722222065,Preliminar
21206990,TIBAITATA - AUT [21206990],VEL VIENTO,Velocidad 10 minutal del viento media diaria,2016-11-11 00:00,m/s,1.17708333333409,Preliminar
21206990,TIBAITATA - AUT [21206990],VEL VIENTO,Velocidad 10 minutal del viento media diaria,2016-11-12 00:00,m/s,1.88876811594238,Preliminar
21206990,TIBAITATA - AUT [21206990],VEL VIENTO,Velocidad 10 minutal del viento media diaria,2016-11-13 00:00,m/s,2.12465277777821,Preliminar
21206990,TIBAITATA - AUT [21206990],VEL VIENTO,Velocidad 10 minutal del viento media diaria,2016-11-14 00:00,m/s,2.07409420290014,Preliminar
21206990,TIBAITATA - AUT [21206990],VEL VIENTO,Velocidad 10 minutal del viento media diaria,2016-11-15 00:00,m/s,2.2188596491236,Preliminar
21206990,TIBAITATA - AUT [21206990],VEL VIENTO,Velocidad 10 minutal del viento media diaria,2016-11-29 00:00,m/s,1.60742424242548,Preliminar
21206990,TIBAITATA - AUT [21206990],VEL VIENTO,Velocidad 10 minutal del viento media diaria,2016-11-30 00:00,m/s,2.15976851852006,Preliminar
21206990,TIBAITATA - AUT [21206990],VEL VIENTO,Velocidad 10 minutal del viento media diaria,2016-12-01 00:00,m/s,1.22916666666744,Preliminar
21206990,TIBAITATA - AUT [21206990],VEL VIENTO,Velocidad 10 minutal del viento media diaria,2016-12-02 00:00,m/s,1.11785714285756,Preliminar
21206990,TIBAITATA - AUT [21206990],VEL VIENTO,Velocidad 10 minutal del viento media diaria,2016-12-03 00:00,m/s,1.33944444444444,Preliminar
21206990,TIBAITATA - AUT [21206990],VEL VIENTO,Velocidad 10 minutal del viento media diaria,2016-12-04 00:00,m/s,1.55770833333333,Preliminar
21206990,TIBAITATA - AUT [21206990],VEL VIENTO,Velocidad 10 minutal del viento media diaria,2016-12-05 00:00,m/s,1.51780701754419,Preliminar
21206990,TIBAITATA - AUT [21206990],VEL VIENTO,Velocidad 10 minutal del viento media diaria,2016-12-06 00:00,m/s,1.30969696969803,Preliminar
21206990,TIBAITATA - AUT [21206990],VEL VIENTO,Velocidad 10 minutal del viento media diaria,2016-12-07 00:00,m/s,1.62642156862745,Preliminar
21206990,TIBAITATA - AUT [21206990],VEL VIENTO,Velocidad 10 minutal del viento media diaria,2016-12-08 00:00,m/s,1.3305555555561,Preliminar
21206990,TIBAITATA - AUT [21206990],VEL VIENTO,Velocidad 10 minutal del viento media diaria,2016-12-09 00:00,m/s,1.81157407407544,Preliminar
21206990,TIBAITATA - AUT [21206990],VEL VIENTO,Velocidad 10 minutal del viento media diaria,2016-12-10 00:00,m/s,1.69253968254009,Preliminar
21206990,TIBAITATA - AUT [21206990],VEL VIENTO,Velocidad 10 minutal del viento media diaria,2016-12-11 00:00,m/s,1.71682539682582,Preliminar
21206990,TIBAITATA - AUT [21206990],VEL VIENTO,Velocidad 10 minutal del viento media diaria,2016-12-12 00:00,m/s,1.45363636363636,Preliminar
21206990,TIBAITATA - AUT [21206990],VEL VIENTO,Velocidad 10 minutal del viento media diaria,2016-12-13 00:00,m/s,1.19436274509804,Preliminar
21206990,TIBAITATA - AUT [21206990],VEL VIENTO,Velocidad 10 minutal del viento media diaria,2016-12-15 00:00,m/s,1.19359649122879,Preliminar
21206990,TIBAITATA - AUT [21206990],VEL VIENTO,Velocidad 10 minutal del viento media diaria,2016-12-16 00:00,m/s,1.53093750000134,Preliminar
21206990,TIBAITATA - AUT [21206990],VEL VIENTO,Velocidad 10 minutal del viento media diaria,2016-12-18 00:00,m/s,1.68145833333535,Preliminar
21206990,TIBAITATA - AUT [21206990],VEL VIENTO,Velocidad 10 minutal del viento media diaria,2016-12-19 00:00,m/s,1.69837121212199,Preliminar
21206990,TIBAITATA - AUT [21206990],VEL VIENTO,Velocidad 10 minutal del viento media diaria,2016-12-20 00:00,m/s,1.91291666666743,Preliminar
21206990,TIBAITATA - AUT [21206990],VEL VIENTO,Velocidad 10 minutal del viento media diaria,2016-12-23 00:00,m/s,1.67261904761905,Preliminar
21206990,TIBAITATA - AUT [21206990],VEL VIENTO,Velocidad 10 minutal del viento media diaria,2016-12-24 00:00,m/s,1.57637500000048,Preliminar
21206990,TIBAITATA - AUT [21206990],VEL VIENTO,Velocidad 10 minutal del viento media diaria,2016-12-25 00:00,m/s,1.43650000000059,Preliminar
21206990,TIBAITATA - AUT [21206990],VEL VIENTO,Velocidad 10 minutal del viento media diaria,2016-12-26 00:00,m/s,1.7508333333345,Preliminar
21206990,TIBAITATA - AUT [21206990],VEL VIENTO,Velocidad 10 minutal del viento media diaria,2016-12-27 00:00,m/s,1.4618421052633,Preliminar
21206990,TIBAITATA - AUT [21206990],VEL VIENTO,Velocidad 10 minutal del viento media diaria,2016-12-28 00:00,m/s,1.97050724637715,Preliminar
21206990,TIBAITATA - AUT [21206990],VEL VIENTO,Velocidad 10 minutal del viento media diaria,2016-12-29 00:00,m/s,1.93241666666773,Preliminar
21206990,TIBAITATA - AUT [21206990],VEL VIENTO,Velocidad 10 minutal del viento media diaria,2016-12-30 00:00,m/s,1.35239130434862,Preliminar
21206990,TIBAITATA - AUT [21206990],VEL VIENTO,Velocidad 10 minutal del viento media diaria,2016-12-31 00:00,m/s,1.53825757575671,Preliminar
21206990,TIBAITATA - AUT [21206990],VEL VIENTO,Velocidad 10 minutal del viento media diaria,2017-01-01 00:00,m/s,2.08379629629709,Preliminar
21206990,TIBAITATA - AUT [21206990],VEL VIENTO,Velocidad 10 minutal del viento media diaria,2017-01-03 00:00,m/s,2.18685185185395,Preliminar
21206990,TIBAITATA - AUT [21206990],VEL VIENTO,Velocidad 10 minutal del viento media diaria,2017-01-04 00:00,m/s,1.63805555555666,Preliminar
21206990,TIBAITATA - AUT [21206990],VEL VIENTO,Velocidad 10 minutal del viento media diaria,2017-01-05 00:00,m/s,1.75442028985598,Preliminar
21206990,TIBAITATA - AUT [21206990],VEL VIENTO,Velocidad 10 minutal del viento media diaria,2017-01-06 00:00,m/s,1.31006944444497,Preliminar
21206990,TIBAITATA - AUT [21206990],VEL VIENTO,Velocidad 10 minutal del viento media diaria,2017-01-10 00:00,m/s,1.66872807017665,Preliminar
21206990,TIBAITATA - AUT [21206990],VEL VIENTO,Velocidad 10 minutal del viento media diaria,2017-01-11 00:00,m/s,2.69635416666964,Preliminar
21206990,TIBAITATA - AUT [21206990],VEL VIENTO,Velocidad 10 minutal del viento media diaria,2017-01-14 00:00,m/s,1.75310606060654,Preliminar
21206990,TIBAITATA - AUT [21206990],VEL VIENTO,Velocidad 10 minutal del viento media diaria,2017-01-15 00:00,m/s,2.44333333333577,Preliminar
21206990,TIBAITATA - AUT [21206990],VEL VIENTO,Velocidad 10 minutal del viento media diaria,2017-03-01 00:00,m/s,1.47604166666687,Preliminar
21206990,TIBAITATA - AUT [21206990],VEL VIENTO,Velocidad 10 minutal del viento media diaria,2017-03-02 00:00,m/s,1.67187500000081,Preliminar
21206990,TIBAITATA - AUT [21206990],VEL VIENTO,Velocidad 10 minutal del viento media diaria,2017-03-03 00:00,m/s,1.54652777777867,Preliminar
21206990,TIBAITATA - AUT [21206990],VEL VIENTO,Velocidad 10 minutal del viento media diaria,2017-03-04 00:00,m/s,1.52222222222299,Preliminar
21206990,TIBAITATA - AUT [21206990],VEL VIENTO,Velocidad 10 minutal del viento media diaria,2017-03-05 00:00,m/s,1.75280303030383,Preliminar
21206990,TIBAITATA - AUT [21206990],VEL VIENTO,Velocidad 10 minutal del viento media diaria,2017-03-06 00:00,m/s,1.88263888888973,Preliminar
21206990,TIBAITATA - AUT [21206990],VEL VIENTO,Velocidad 10 minutal del viento media diaria,2017-03-07 00:00,m/s,2.02465277777882,Preliminar
21206990,TIBAITATA - AUT [21206990],VEL VIENTO,Velocidad 10 minutal del viento media diaria,2017-03-08 00:00,m/s,1.49027777777843,Preliminar
21206990,TIBAITATA - AUT [21206990],VEL VIENTO,Velocidad 10 minutal del viento media diaria,2017-03-09 00:00,m/s,1.56458333333325,Preliminar
21206990,TIBAITATA - AUT [21206990],VEL VIENTO,Velocidad 10 minutal del viento media diaria,2017-03-10 00:00,m/s,2.23194444444655,Preliminar
21206990,TIBAITATA - AUT [21206990],VEL VIENTO,Velocidad 10 minutal del viento media diaria,2017-03-11 00:00,m/s,1.90173611111204,Preliminar
21206990,TIBAITATA - AUT [21206990],VEL VIENTO,Velocidad 10 minutal del viento media diaria,2017-03-12 00:00,m/s,1.48958333333438,Preliminar
21206990,TIBAITATA - AUT [21206990],VEL VIENTO,Velocidad 10 minutal del viento media diaria,2017-03-13 00:00,m/s,1.72291666666726,Preliminar
21206990,TIBAITATA - AUT [21206990],VEL VIENTO,Velocidad 10 minutal del viento media diaria,2017-03-14 00:00,m/s,1.72708333333435,Preliminar
21206990,TIBAITATA - AUT [21206990],VEL VIENTO,Velocidad 10 minutal del viento media diaria,2017-03-15 00:00,m/s,2.17152777777899,Preliminar
21206990,TIBAITATA - AUT [21206990],VEL VIENTO,Velocidad 10 minutal del viento media diaria,2017-03-16 00:00,m/s,2.34027777777933,Preliminar
21206990,TIBAITATA - AUT [21206990],VEL VIENTO,Velocidad 10 minutal del viento media diaria,2017-03-17 00:00,m/s,2.37534722222431,Preliminar
21206990,TIBAITATA - AUT [21206990],VEL VIENTO,Velocidad 10 minutal del viento media diaria,2017-03-18 00:00,m/s,2.09861111111234,Preliminar
21206990,TIBAITATA - AUT [21206990],VEL VIENTO,Velocidad 10 minutal del viento media diaria,2017-03-19 00:00,m/s,1.98784722222345,Preliminar
21206990,TIBAITATA - AUT [21206990],VEL VIENTO,Velocidad 10 minutal del viento media diaria,2017-03-20 00:00,m/s,1.72604166666695,Preliminar
21206990,TIBAITATA - AUT [21206990],VEL VIENTO,Velocidad 10 minutal del viento media diaria,2017-03-21 00:00,m/s,1.66597222222361,Preliminar
21206990,TIBAITATA - AUT [21206990],VEL VIENTO,Velocidad 10 minutal del viento media diaria,2017-03-22 00:00,m/s,1.2864583333333,Preliminar
21206990,TIBAITATA - AUT [21206990],VEL VIENTO,Velocidad 10 minutal del viento media diaria,2017-03-23 00:00,m/s,1.76770833333432,Preliminar
21206990,TIBAITATA - AUT [21206990],VEL VIENTO,Velocidad 10 minutal del viento media diaria,2017-03-24 00:00,m/s,1.67430555555638,Preliminar
21206990,TIBAITATA - AUT [21206990],VEL VIENTO,Velocidad 10 minutal del viento media diaria,2017-03-25 00:00,m/s,1.47048611111166,Preliminar
21206990,TIBAITATA - AUT [21206990],VEL VIENTO,Velocidad 10 minutal del viento media diaria,2017-03-26 00:00,m/s,1.85208333333463,Preliminar
21206990,TIBAITATA - AUT [21206990],VEL VIENTO,Velocidad 10 minutal del viento media diaria,2017-03-27 00:00,m/s,1.84305555555677,Preliminar
21206990,TIBAITATA - AUT [21206990],VEL VIENTO,Velocidad 10 minutal del viento media diaria,2017-03-28 00:00,m/s,1.93401515151625,Preliminar
21206990,TIBAITATA - AUT [21206990],VEL VIENTO,Velocidad 10 minutal del viento media diaria,2017-03-29 00:00,m/s,1.82291666666725,Preliminar
21206990,TIBAITATA - AUT [21206990],VEL VIENTO,Velocidad 10 minutal del viento media diaria,2017-03-30 00:00,m/s,1.40625000000083,Preliminar
21206990,TIBAITATA - AUT [21206990],VEL VIENTO,Velocidad 10 minutal del viento media diaria,2017-03-31 00:00,m/s,1.33958333333344,Preliminar
21206990,TIBAITATA - AUT [21206990],VEL VIENTO,Velocidad 10 minutal del viento media diaria,2017-04-01 00:00,m/s,1.59270833333383,Preliminar
21206990,TIBAITATA - AUT [21206990],VEL VIENTO,Velocidad 10 minutal del viento media diaria,2017-04-02 00:00,m/s,1.7034722222219,Preliminar
21206990,TIBAITATA - AUT [21206990],VEL VIENTO,Velocidad 10 minutal del viento media diaria,2017-04-03 00:00,m/s,1.87395833333385,Preliminar
21206990,TIBAITATA - AUT [21206990],VEL VIENTO,Velocidad 10 minutal del viento media diaria,2017-04-04 00:00,m/s,1.78298611111212,Preliminar
21206990,TIBAITATA - AUT [21206990],VEL VIENTO,Velocidad 10 minutal del viento media diaria,2017-04-05 00:00,m/s,2.16145833333491,Preliminar
21206990,TIBAITATA - AUT [21206990],VEL VIENTO,Velocidad 10 minutal del viento media diaria,2017-04-06 00:00,m/s,2.20625000000169,Preliminar
21206990,TIBAITATA - AUT [21206990],VEL VIENTO,Velocidad 10 minutal del viento media diaria,2017-04-07 00:00,m/s,1.62847222222362,Preliminar
21206990,TIBAITATA - AUT [21206990],VEL VIENTO,Velocidad 10 minutal del viento media diaria,2017-04-08 00:00,m/s,1.88298611111177,Preliminar
21206990,TIBAITATA - AUT [21206990],VEL VIENTO,Velocidad 10 minutal del viento media diaria,2017-04-09 00:00,m/s,1.72222222222348,Preliminar
21206990,TIBAITATA - AUT [21206990],VEL VIENTO,Velocidad 10 minutal del viento media diaria,2017-04-10 00:00,m/s,2.08819444444579,Preliminar
21206990,TIBAITATA - AUT [21206990],VEL VIENTO,Velocidad 10 minutal del viento media diaria,2017-04-11 00:00,m/s,1.77187500000084,Preliminar
21206990,TIBAITATA - AUT [21206990],VEL VIENTO,Velocidad 10 minutal del viento media diaria,2017-04-12 00:00,m/s,2.06145833333385,Preliminar
21206990,TIBAITATA - AUT [21206990],VEL VIENTO,Velocidad 10 minutal del viento media diaria,2017-04-13 00:00,m/s,1.4760416666669,Preliminar
21206990,TIBAITATA - AUT [21206990],VEL VIENTO,Velocidad 10 minutal del viento media diaria,2017-04-14 00:00,m/s,1.38611111111109,Preliminar
21206990,TIBAITATA - AUT [21206990],VEL VIENTO,Velocidad 10 minutal del viento media diaria,2017-04-15 00:00,m/s,2.13506944444582,Preliminar
21206990,TIBAITATA - AUT [21206990],VEL VIENTO,Velocidad 10 minutal del viento media diaria,2017-04-16 00:00,m/s,1.56145833333369,Preliminar
21206990,TIBAITATA - AUT [21206990],VEL VIENTO,Velocidad 10 minutal del viento media diaria,2017-04-17 00:00,m/s,1.70173611111218,Preliminar
21206990,TIBAITATA - AUT [21206990],VEL VIENTO,Velocidad 10 minutal del viento media diaria,2017-04-18 00:00,m/s,1.67395833333463,Preliminar
21206990,TIBAITATA - AUT [21206990],VEL VIENTO,Velocidad 10 minutal del viento media diaria,2017-04-19 00:00,m/s,1.72916666666795,Preliminar
21206990,TIBAITATA - AUT [21206990],VEL VIENTO,Velocidad 10 minutal del viento media diaria,2017-04-20 00:00,m/s,1.45590277777816,Preliminar
21206990,TIBAITATA - AUT [21206990],VEL VIENTO,Velocidad 10 minutal del viento media diaria,2017-04-21 00:00,m/s,1.44895833333327,Preliminar
21206990,TIBAITATA - AUT [21206990],VEL VIENTO,Velocidad 10 minutal del viento media diaria,2017-04-22 00:00,m/s,1.62118055555545,Preliminar
21206990,TIBAITATA - AUT [21206990],VEL VIENTO,Velocidad 10 minutal del viento media diaria,2017-04-23 00:00,m/s,1.99756944444554,Preliminar
21206990,TIBAITATA - AUT [21206990],VEL VIENTO,Velocidad 10 minutal del viento media diaria,2017-04-24 00:00,m/s,1.95069444444501,Preliminar
21206990,TIBAITATA - AUT [21206990],VEL VIENTO,Velocidad 10 minutal del viento media diaria,2017-04-25 00:00,m/s,1.65486111110932,Preliminar
21206990,TIBAITATA - AUT [21206990],VEL VIENTO,Velocidad 10 minutal del viento media diaria,2017-04-26 00:00,m/s,1.49548611111189,Preliminar
21206990,TIBAITATA - AUT [21206990],VEL VIENTO,Velocidad 10 minutal del viento media diaria,2017-04-27 00:00,m/s,1.7920138888894,Preliminar
21206990,TIBAITATA - AUT [21206990],VEL VIENTO,Velocidad 10 minutal del viento media diaria,2017-04-28 00:00,m/s,2.22361111111249,Preliminar
21206990,TIBAITATA - AUT [21206990],VEL VIENTO,Velocidad 10 minutal del viento media diaria,2017-04-29 00:00,m/s,1.64097222222268,Preliminar
21206990,TIBAITATA - AUT [21206990],VEL VIENTO,Velocidad 10 minutal del viento media diaria,2017-04-30 00:00,m/s,1.39965277777736,Preliminar
21206990,TIBAITATA - AUT [21206990],VEL VIENTO,Velocidad 10 minutal del viento media diaria,2017-05-01 00:00,m/s,1.92777777777907,Preliminar
21206990,TIBAITATA - AUT [21206990],VEL VIENTO,Velocidad 10 minutal del viento media diaria,2017-05-02 00:00,m/s,1.6611111111123,Preliminar
21206990,TIBAITATA - AUT [21206990],VEL VIENTO,Velocidad 10 minutal del viento media diaria,2017-05-03 00:00,m/s,1.70451388888956,Preliminar
21206990,TIBAITATA - AUT [21206990],VEL VIENTO,Velocidad 10 minutal del viento media diaria,2017-05-04 00:00,m/s,1.82083333333431,Preliminar
21206990,TIBAITATA - AUT [21206990],VEL VIENTO,Velocidad 10 minutal del viento media diaria,2017-05-05 00:00,m/s,1.45833333333391,Preliminar
21206990,TIBAITATA - AUT [21206990],VEL VIENTO,Velocidad 10 minutal del viento media diaria,2017-05-06 00:00,m/s,1.70347222222335,Preliminar
21206990,TIBAITATA - AUT [21206990],VEL VIENTO,Velocidad 10 minutal del viento media diaria,2017-05-07 00:00,m/s,1.54305555555525,Preliminar
21206990,TIBAITATA - AUT [21206990],VEL VIENTO,Velocidad 10 minutal del viento media diaria,2017-05-08 00:00,m/s,1.31006944444467,Preliminar
21206990,TIBAITATA - AUT [21206990],VEL VIENTO,Velocidad 10 minutal del viento media diaria,2017-05-09 00:00,m/s,1.28159722222237,Preliminar
21206990,TIBAITATA - AUT [21206990],VEL VIENTO,Velocidad 10 minutal del viento media diaria,2017-05-10 00:00,m/s,1.45625000000089,Preliminar
21206990,TIBAITATA - AUT [21206990],VEL VIENTO,Velocidad 10 minutal del viento media diaria,2017-05-11 00:00,m/s,1.48333333333216,Preliminar
21206990,TIBAITATA - AUT [21206990],VEL VIENTO,Velocidad 10 minutal del viento media diaria,2017-05-12 00:00,m/s,1.54791666666766,Preliminar
21206990,TIBAITATA - AUT [21206990],VEL VIENTO,Velocidad 10 minutal del viento media diaria,2017-05-13 00:00,m/s,1.59583333333413,Preliminar
21206990,TIBAITATA - AUT [21206990],VEL VIENTO,Velocidad 10 minutal del viento media diaria,2017-05-14 00:00,m/s,1.62604166666754,Preliminar
21206990,TIBAITATA - AUT [21206990],VEL VIENTO,Velocidad 10 minutal del viento media diaria,2017-05-15 00:00,m/s,1.38715277777794,Preliminar
21206990,TIBAITATA - AUT [21206990],VEL VIENTO,Velocidad 10 minutal del viento media diaria,2017-05-16 00:00,m/s,1.9319444444456,Preliminar
21206990,TIBAITATA - AUT [21206990],VEL VIENTO,Velocidad 10 minutal del viento media diaria,2017-05-17 00:00,m/s,1.34305555555585,Preliminar
21206990,TIBAITATA - AUT [21206990],VEL VIENTO,Velocidad 10 minutal del viento media diaria,2017-05-18 00:00,m/s,1.66354166666783,Preliminar
21206990,TIBAITATA - AUT [21206990],VEL VIENTO,Velocidad 10 minutal del viento media diaria,2017-05-19 00:00,m/s,1.83472222222247,Preliminar
21206990,TIBAITATA - AUT [21206990],VEL VIENTO,Velocidad 10 minutal del viento media diaria,2017-05-20 00:00,m/s,1.63541666666784,Preliminar
21206990,TIBAITATA - AUT [21206990],VEL VIENTO,Velocidad 10 minutal del viento media diaria,2017-05-21 00:00,m/s,1.60034722222298,Preliminar
21206990,TIBAITATA - AUT [21206990],VEL VIENTO,Velocidad 10 minutal del viento media diaria,2017-05-22 00:00,m/s,1.61562500000048,Preliminar
21206990,TIBAITATA - AUT [21206990],VEL VIENTO,Velocidad 10 minutal del viento media diaria,2017-05-23 00:00,m/s,1.28923611111173,Preliminar
21206990,TIBAITATA - AUT [21206990],VEL VIENTO,Velocidad 10 minutal del viento media diaria,2017-05-24 00:00,m/s,1.88368055555596,Preliminar
21206990,TIBAITATA - AUT [21206990],VEL VIENTO,Velocidad 10 minutal del viento media diaria,2017-05-25 00:00,m/s,2.4083333333349,Preliminar
21206990,TIBAITATA - AUT [21206990],VEL VIENTO,Velocidad 10 minutal del viento media diaria,2017-05-26 00:00,m/s,1.87604166666702,Preliminar
21206990,TIBAITATA - AUT [21206990],VEL VIENTO,Velocidad 10 minutal del viento media diaria,2017-05-27 00:00,m/s,1.98125000000084,Preliminar
21206990,TIBAITATA - AUT [21206990],VEL VIENTO,Velocidad 10 minutal del viento media diaria,2017-05-28 00:00,m/s,2.30243055555742,Preliminar
21206990,TIBAITATA - AUT [21206990],VEL VIENTO,Velocidad 10 minutal del viento media diaria,2017-05-29 00:00,m/s,1.78368055555602,Preliminar
21206990,TIBAITATA - AUT [21206990],VEL VIENTO,Velocidad 10 minutal del viento media diaria,2017-05-30 00:00,m/s,1.87812500000091,Preliminar
21206990,TIBAITATA - AUT [21206990],VEL VIENTO,Velocidad 10 minutal del viento media diaria,2017-05-31 00:00,m/s,1.8166666666675,Preliminar
21206990,TIBAITATA - AUT [21206990],VEL VIENTO,Velocidad 10 minutal del viento media diaria,2017-06-01 00:00,m/s,1.70972222222299,Preliminar
21206990,TIBAITATA - AUT [21206990],VEL VIENTO,Velocidad 10 minutal del viento media diaria,2017-06-02 00:00,m/s,1.55763888888886,Preliminar
21206990,TIBAITATA - AUT [21206990],VEL VIENTO,Velocidad 10 minutal del viento media diaria,2017-06-03 00:00,m/s,2.05138888888943,Preliminar
21206990,TIBAITATA - AUT [21206990],VEL VIENTO,Velocidad 10 minutal del viento media diaria,2017-06-04 00:00,m/s,1.99409722222357,Preliminar
21206990,TIBAITATA - AUT [21206990],VEL VIENTO,Velocidad 10 minutal del viento media diaria,2017-06-05 00:00,m/s,2.44548611111283,Preliminar
21206990,TIBAITATA - AUT [21206990],VEL VIENTO,Velocidad 10 minutal del viento media diaria,2017-06-06 00:00,m/s,1.59930555555642,Preliminar
21206990,TIBAITATA - AUT [21206990],VEL VIENTO,Velocidad 10 minutal del viento media diaria,2017-06-07 00:00,m/s,1.14548611111193,Preliminar
21206990,TIBAITATA - AUT [21206990],VEL VIENTO,Velocidad 10 minutal del viento media diaria,2017-06-08 00:00,m/s,1.55173611111241,Preliminar
21206990,TIBAITATA - AUT [21206990],VEL VIENTO,Velocidad 10 minutal del viento media diaria,2017-06-09 00:00,m/s,1.5781250000011,Preliminar
21206990,TIBAITATA - AUT [21206990],VEL VIENTO,Velocidad 10 minutal del viento media diaria,2017-06-10 00:00,m/s,1.79097222222286,Preliminar
21206990,TIBAITATA - AUT [21206990],VEL VIENTO,Velocidad 10 minutal del viento media diaria,2017-06-11 00:00,m/s,1.6218750000003,Preliminar
21206990,TIBAITATA - AUT [21206990],VEL VIENTO,Velocidad 10 minutal del viento media diaria,2017-06-12 00:00,m/s,1.30104166666764,Preliminar
21206990,TIBAITATA - AUT [21206990],VEL VIENTO,Velocidad 10 minutal del viento media diaria,2017-06-13 00:00,m/s,1.03368055555621,Preliminar
21206990,TIBAITATA - AUT [21206990],VEL VIENTO,Velocidad 10 minutal del viento media diaria,2017-06-14 00:00,m/s,1.6378472222231,Preliminar
21206990,TIBAITATA - AUT [21206990],VEL VIENTO,Velocidad 10 minutal del viento media diaria,2017-06-15 00:00,m/s,1.44791666666717,Preliminar
21206990,TIBAITATA - AUT [21206990],VEL VIENTO,Velocidad 10 minutal del viento media diaria,2017-06-16 00:00,m/s,1.97430555555686,Preliminar
21206990,TIBAITATA - AUT [21206990],VEL VIENTO,Velocidad 10 minutal del viento media diaria,2017-06-17 00:00,m/s,1.38437500000024,Preliminar
21206990,TIBAITATA - AUT [21206990],VEL VIENTO,Velocidad 10 minutal del viento media diaria,2017-06-18 00:00,m/s,1.62569444444582,Preliminar
21206990,TIBAITATA - AUT [21206990],VEL VIENTO,Velocidad 10 minutal del viento media diaria,2017-06-19 00:00,m/s,1.43541666666747,Preliminar
21206990,TIBAITATA - AUT [21206990],VEL VIENTO,Velocidad 10 minutal del viento media diaria,2017-06-20 00:00,m/s,1.49375000000063,Preliminar
21206990,TIBAITATA - AUT [21206990],VEL VIENTO,Velocidad 10 minutal del viento media diaria,2017-06-21 00:00,m/s,2.16250000000095,Preliminar
21206990,TIBAITATA - AUT [21206990],VEL VIENTO,Velocidad 10 minutal del viento media diaria,2017-06-22 00:00,m/s,1.59201388888975,Preliminar
21206990,TIBAITATA - AUT [21206990],VEL VIENTO,Velocidad 10 minutal del viento media diaria,2017-06-23 00:00,m/s,1.76093750000129,Preliminar
21206990,TIBAITATA - AUT [21206990],VEL VIENTO,Velocidad 10 minutal del viento media diaria,2017-06-24 00:00,m/s,1.86612318840538,Preliminar
21206990,TIBAITATA - AUT [21206990],VEL VIENTO,Velocidad 10 minutal del viento media diaria,2017-06-25 00:00,m/s,2.20486111111224,Preliminar
21206990,TIBAITATA - AUT [21206990],VEL VIENTO,Velocidad 10 minutal del viento media diaria,2017-06-28 00:00,m/s,1.82152777777824,Preliminar
21206990,TIBAITATA - AUT [21206990],VEL VIENTO,Velocidad 10 minutal del viento media diaria,2017-06-29 00:00,m/s,1.92152777777853,Preliminar
21206990,TIBAITATA - AUT [21206990],VEL VIENTO,Velocidad 10 minutal del viento media diaria,2017-06-30 00:00,m/s,2.45625000000168,Preliminar
21206990,TIBAITATA - AUT [21206990],VEL VIENTO,Velocidad 10 minutal del viento media diaria,2017-07-01 00:00,m/s,2.72326388889066,Preliminar
21206990,TIBAITATA - AUT [21206990],VEL VIENTO,Velocidad 10 minutal del viento media diaria,2017-07-02 00:00,m/s,2.00717592592688,Preliminar
21206990,TIBAITATA - AUT [21206990],VEL VIENTO,Velocidad 10 minutal del viento media diaria,2017-07-03 00:00,m/s,2.29965277777884,Preliminar
21206990,TIBAITATA - AUT [21206990],VEL VIENTO,Velocidad 10 minutal del viento media diaria,2017-07-04 00:00,m/s,1.78159722222258,Preliminar
21206990,TIBAITATA - AUT [21206990],VEL VIENTO,Velocidad 10 minutal del viento media diaria,2017-07-05 00:00,m/s,1.51805555555632,Preliminar
21206990,TIBAITATA - AUT [21206990],VEL VIENTO,Velocidad 10 minutal del viento media diaria,2017-07-06 00:00,m/s,2.38541666666837,Preliminar
21206990,TIBAITATA - AUT [21206990],VEL VIENTO,Velocidad 10 minutal del viento media diaria,2017-07-07 00:00,m/s,2.60615942029098,Preliminar
21206990,TIBAITATA - AUT [21206990],VEL VIENTO,Velocidad 10 minutal del viento media diaria,2017-07-09 00:00,m/s,2.86688596491536,Preliminar
21206990,TIBAITATA - AUT [21206990],VEL VIENTO,Velocidad 10 minutal del viento media diaria,2017-07-10 00:00,m/s,2.36555555555629,Preliminar
21206990,TIBAITATA - AUT [21206990],VEL VIENTO,Velocidad 10 minutal del viento media diaria,2017-07-11 00:00,m/s,3.04097222222365,Preliminar
21206990,TIBAITATA - AUT [21206990],VEL VIENTO,Velocidad 10 minutal del viento media diaria,2017-07-12 00:00,m/s,1.92604166666579,Preliminar
21206990,TIBAITATA - AUT [21206990],VEL VIENTO,Velocidad 10 minutal del viento media diaria,2017-07-13 00:00,m/s,2.30291666666835,Preliminar
21206990,TIBAITATA - AUT [21206990],VEL VIENTO,Velocidad 10 minutal del viento media diaria,2017-07-14 00:00,m/s,1.26145833333423,Preliminar
21206990,TIBAITATA - AUT [21206990],VEL VIENTO,Velocidad 10 minutal del viento media diaria,2017-07-15 00:00,m/s,1.56195652173913,Preliminar
21206990,TIBAITATA - AUT [21206990],VEL VIENTO,Velocidad 10 minutal del viento media diaria,2017-07-16 00:00,m/s,1.47026515151531,Preliminar
21206990,TIBAITATA - AUT [21206990],VEL VIENTO,Velocidad 10 minutal del viento media diaria,2017-07-17 00:00,m/s,1.59503968254072,Preliminar
21206990,TIBAITATA - AUT [21206990],VEL VIENTO,Velocidad 10 minutal del viento media diaria,2017-07-21 00:00,m/s,2.05902777777852,Preliminar
21206990,TIBAITATA - AUT [21206990],VEL VIENTO,Velocidad 10 minutal del viento media diaria,2017-07-22 00:00,m/s,1.96180555555444,Preliminar
21206990,TIBAITATA - AUT [21206990],VEL VIENTO,Velocidad 10 minutal del viento media diaria,2017-07-23 00:00,m/s,2.23854166666824,Preliminar
21206990,TIBAITATA - AUT [21206990],VEL VIENTO,Velocidad 10 minutal del viento media diaria,2017-07-24 00:00,m/s,2.26006944444583,Preliminar
21206990,TIBAITATA - AUT [21206990],VEL VIENTO,Velocidad 10 minutal del viento media diaria,2017-07-25 00:00,m/s,3.29357638888994,Preliminar
21206990,TIBAITATA - AUT [21206990],VEL VIENTO,Velocidad 10 minutal del viento media diaria,2017-07-26 00:00,m/s,2.77743055555775,Preliminar
21206990,TIBAITATA - AUT [21206990],VEL VIENTO,Velocidad 10 minutal del viento media diaria,2017-07-27 00:00,m/s,2.80381944444622,Preliminar
21206990,TIBAITATA - AUT [21206990],VEL VIENTO,Velocidad 10 minutal del viento media diaria,2017-07-28 00:00,m/s,2.65173611111309,Preliminar
21206990,TIBAITATA - AUT [21206990],VEL VIENTO,Velocidad 10 minutal del viento media diaria,2017-07-30 00:00,m/s,3.15000000000248,Preliminar
21206990,TIBAITATA - AUT [21206990],VEL VIENTO,Velocidad 10 minutal del viento media diaria,2017-07-31 00:00,m/s,1.93541666666774,Preliminar
21206990,TIBAITATA - AUT [21206990],VEL VIENTO,Velocidad 10 minutal del viento media diaria,2017-08-01 00:00,m/s,1.55253623188406,Preliminar
21206990,TIBAITATA - AUT [21206990],VEL VIENTO,Velocidad 10 minutal del viento media diaria,2017-08-03 00:00,m/s,2.13385416666806,Preliminar
21206990,TIBAITATA - AUT [21206990],VEL VIENTO,Velocidad 10 minutal del viento media diaria,2017-08-04 00:00,m/s,1.88576388888854,Preliminar
21206990,TIBAITATA - AUT [21206990],VEL VIENTO,Velocidad 10 minutal del viento media diaria,2017-08-05 00:00,m/s,2.59756944444587,Preliminar
21206990,TIBAITATA - AUT [21206990],VEL VIENTO,Velocidad 10 minutal del viento media diaria,2017-08-08 00:00,m/s,1.6996527777783,Preliminar
21206990,TIBAITATA - AUT [21206990],VEL VIENTO,Velocidad 10 minutal del viento media diaria,2017-08-09 00:00,m/s,2.19236111111195,Preliminar
21206990,TIBAITATA - AUT [21206990],VEL VIENTO,Velocidad 10 minutal del viento media diaria,2017-08-10 00:00,m/s,1.77500000000164,Preliminar
21206990,TIBAITATA - AUT [21206990],VEL VIENTO,Velocidad 10 minutal del viento media diaria,2017-08-11 00:00,m/s,1.471875,Preliminar
21206990,TIBAITATA - AUT [21206990],VEL VIENTO,Velocidad 10 minutal del viento media diaria,2017-08-14 00:00,m/s,1.8902777777797,Preliminar
21206990,TIBAITATA - AUT [21206990],VEL VIENTO,Velocidad 10 minutal del viento media diaria,2017-08-15 00:00,m/s,1.47534722222257,Preliminar
21206990,TIBAITATA - AUT [21206990],VEL VIENTO,Velocidad 10 minutal del viento media diaria,2017-08-16 00:00,m/s,1.78506944444554,Preliminar
21206990,TIBAITATA - AUT [21206990],VEL VIENTO,Velocidad 10 minutal del viento media diaria,2017-08-17 00:00,m/s,1.75243055555662,Preliminar
21206990,TIBAITATA - AUT [21206990],VEL VIENTO,Velocidad 10 minutal del viento media diaria,2017-08-18 00:00,m/s,2.05173611111191,Preliminar
21206990,TIBAITATA - AUT [21206990],VEL VIENTO,Velocidad 10 minutal del viento media diaria,2017-08-19 00:00,m/s,1.89746376811744,Preliminar
21206990,TIBAITATA - AUT [21206990],VEL VIENTO,Velocidad 10 minutal del viento media diaria,2017-08-20 00:00,m/s,2.41041666666844,Preliminar
21206990,TIBAITATA - AUT [21206990],VEL VIENTO,Velocidad 10 minutal del viento media diaria,2017-08-21 00:00,m/s,1.896376811595,Preliminar
21206990,TIBAITATA - AUT [21206990],VEL VIENTO,Velocidad 10 minutal del viento media diaria,2017-08-22 00:00,m/s,2.30568181818264,Preliminar
21206990,TIBAITATA - AUT [21206990],VEL VIENTO,Velocidad 10 minutal del viento media diaria,2017-08-23 00:00,m/s,1.40398550724644,Preliminar
21206990,TIBAITATA - AUT [21206990],VEL VIENTO,Velocidad 10 minutal del viento media diaria,2017-08-24 00:00,m/s,1.46215277777834,Preliminar
21206990,TIBAITATA - AUT [21206990],VEL VIENTO,Velocidad 10 minutal del viento media diaria,2017-08-25 00:00,m/s,1.81562500000092,Preliminar
21206990,TIBAITATA - AUT [21206990],VEL VIENTO,Velocidad 10 minutal del viento media diaria,2017-08-26 00:00,m/s,1.3614583333343,Preliminar
21206990,TIBAITATA - AUT [21206990],VEL VIENTO,Velocidad 10 minutal del viento media diaria,2017-08-27 00:00,m/s,1.84409722222341,Preliminar
21206990,TIBAITATA - AUT [21206990],VEL VIENTO,Velocidad 10 minutal del viento media diaria,2017-08-28 00:00,m/s,1.37673611111182,Preliminar
21206990,TIBAITATA - AUT [21206990],VEL VIENTO,Velocidad 10 minutal del viento media diaria,2017-08-29 00:00,m/s,1.59826388888985,Preliminar
21206990,TIBAITATA - AUT [21206990],VEL VIENTO,Velocidad 10 minutal del viento media diaria,2017-08-30 00:00,m/s,2.24513888889022,Preliminar
21206990,TIBAITATA - AUT [21206990],VEL VIENTO,Velocidad 10 minutal del viento media diaria,2017-08-31 00:00,m/s,2.36631944444657,Preliminar
21206990,TIBAITATA - AUT [21206990],VEL VIENTO,Velocidad 10 minutal del viento media diaria,2017-09-01 00:00,m/s,2.20798611111216,Preliminar
21206990,TIBAITATA - AUT [21206990],VEL VIENTO,Velocidad 10 minutal del viento media diaria,2017-09-02 00:00,m/s,2.3809027777796,Preliminar
21206990,TIBAITATA - AUT [21206990],VEL VIENTO,Velocidad 10 minutal del viento media diaria,2017-09-03 00:00,m/s,2.53854166666803,Preliminar
21206990,TIBAITATA - AUT [21206990],VEL VIENTO,Velocidad 10 minutal del viento media diaria,2017-09-04 00:00,m/s,1.81527777777874,Preliminar
21206990,TIBAITATA - AUT [21206990],VEL VIENTO,Velocidad 10 minutal del viento media diaria,2017-09-05 00:00,m/s,2.08020833333444,Preliminar
21206990,TIBAITATA - AUT [21206990],VEL VIENTO,Velocidad 10 minutal del viento media diaria,2017-09-06 00:00,m/s,2.35451388889051,Preliminar
21206990,TIBAITATA - AUT [21206990],VEL VIENTO,Velocidad 10 minutal del viento media diaria,2017-09-07 00:00,m/s,1.80555555555658,Preliminar
21206990,TIBAITATA - AUT [21206990],VEL VIENTO,Velocidad 10 minutal del viento media diaria,2017-09-08 00:00,m/s,1.3975694444452,Preliminar
21206990,TIBAITATA - AUT [21206990],VEL VIENTO,Velocidad 10 minutal del viento media diaria,2017-09-09 00:00,m/s,1.66770833333371,Preliminar
21206990,TIBAITATA - AUT [21206990],VEL VIENTO,Velocidad 10 minutal del viento media diaria,2017-09-10 00:00,m/s,1.79583333333328,Preliminar
21206990,TIBAITATA - AUT [21206990],VEL VIENTO,Velocidad 10 minutal del viento media diaria,2017-09-11 00:00,m/s,1.635069444445,Preliminar
21206990,TIBAITATA - AUT [21206990],VEL VIENTO,Velocidad 10 minutal del viento media diaria,2017-09-12 00:00,m/s,1.98055555555623,Preliminar
21206990,TIBAITATA - AUT [21206990],VEL VIENTO,Velocidad 10 minutal del viento media diaria,2017-09-13 00:00,m/s,2.84912280701754,Preliminar
21206990,TIBAITATA - AUT [21206990],VEL VIENTO,Velocidad 10 minutal del viento media diaria,2018-08-07 00:00,m/s,1.94583333333376,Preliminar
21206990,TIBAITATA - AUT [21206990],VEL VIENTO,Velocidad 10 minutal del viento media diaria,2018-08-08 00:00,m/s,2.45520833333451,Preliminar
21206990,TIBAITATA - AUT [21206990],VEL VIENTO,Velocidad 10 minutal del viento media diaria,2018-08-09 00:00,m/s,3.09583333333437,Preliminar
21206990,TIBAITATA - AUT [21206990],VEL VIENTO,Velocidad 10 minutal del viento media diaria,2018-08-10 00:00,m/s,3.31944444444684,Preliminar
21206990,TIBAITATA - AUT [21206990],VEL VIENTO,Velocidad 10 minutal del viento media diaria,2018-08-11 00:00,m/s,1.87881944444576,Preliminar
21206990,TIBAITATA - AUT [21206990],VEL VIENTO,Velocidad 10 minutal del viento media diaria,2018-08-12 00:00,m/s,2.22986111111245,Preliminar
21206990,TIBAITATA - AUT [21206990],VEL VIENTO,Velocidad 10 minutal del viento media diaria,2018-08-13 00:00,m/s,1.47916666666762,Preliminar
21206990,TIBAITATA - AUT [21206990],VEL VIENTO,Velocidad 10 minutal del viento media diaria,2018-08-14 00:00,m/s,1.45798611111154,Preliminar
21206990,TIBAITATA - AUT [21206990],VEL VIENTO,Velocidad 10 minutal del viento media diaria,2018-08-15 00:00,m/s,2.53854166666859,Preliminar
21206990,TIBAITATA - AUT [21206990],VEL VIENTO,Velocidad 10 minutal del viento media diaria,2018-08-16 00:00,m/s,2.325694444446,Preliminar
21206990,TIBAITATA - AUT [21206990],VEL VIENTO,Velocidad 10 minutal del viento media diaria,2018-08-17 00:00,m/s,2.25763888889078,Preliminar
21206990,TIBAITATA - AUT [21206990],VEL VIENTO,Velocidad 10 minutal del viento media diaria,2018-08-18 00:00,m/s,2.45451388889036,Preliminar
21206990,TIBAITATA - AUT [21206990],VEL VIENTO,Velocidad 10 minutal del viento media diaria,2018-08-19 00:00,m/s,2.34687500000211,Preliminar
21206990,TIBAITATA - AUT [21206990],VEL VIENTO,Velocidad 10 minutal del viento media diaria,2018-08-20 00:00,m/s,1.54999999999917,Preliminar
21206990,TIBAITATA - AUT [21206990],VEL VIENTO,Velocidad 10 minutal del viento media diaria,2018-08-21 00:00,m/s,2.56944444444674,Preliminar
21206990,TIBAITATA - AUT [21206990],VEL VIENTO,Velocidad 10 minutal del viento media diaria,2018-08-22 00:00,m/s,2.50243055555749,Preliminar
21206990,TIBAITATA - AUT [21206990],VEL VIENTO,Velocidad 10 minutal del viento media diaria,2018-08-23 00:00,m/s,2.09149305555627,Preliminar
21206990,TIBAITATA - AUT [21206990],VEL VIENTO,Velocidad 10 minutal del viento media diaria,2018-08-24 00:00,m/s,2.20659722222414,Preliminar
21206990,TIBAITATA - AUT [21206990],VEL VIENTO,Velocidad 10 minutal del viento media diaria,2018-08-25 00:00,m/s,2.14965277777818,Preliminar
21206990,TIBAITATA - AUT [21206990],VEL VIENTO,Velocidad 10 minutal del viento media diaria,2018-08-26 00:00,m/s,2.63611111111356,Preliminar
21206990,TIBAITATA - AUT [21206990],VEL VIENTO,Velocidad 10 minutal del viento media diaria,2018-08-27 00:00,m/s,2.43472222222302,Preliminar
21206990,TIBAITATA - AUT [21206990],VEL VIENTO,Velocidad 10 minutal del viento media diaria,2018-08-28 00:00,m/s,2.14000000000156,Preliminar
21206990,TIBAITATA - AUT [21206990],VEL VIENTO,Velocidad 10 minutal del viento media diaria,2018-08-29 00:00,m/s,1.50138888888987,Preliminar
21206990,TIBAITATA - AUT [21206990],VEL VIENTO,Velocidad 10 minutal del viento media diaria,2018-08-30 00:00,m/s,1.88506944444578,Preliminar
21206990,TIBAITATA - AUT [21206990],VEL VIENTO,Velocidad 10 minutal del viento media diaria,2018-08-31 00:00,m/s,1.63854166666752,Preliminar
21206990,TIBAITATA - AUT [21206990],VEL VIENTO,Velocidad 10 minutal del viento media diaria,2018-09-01 00:00,m/s,1.64826388888935,Preliminar
21206990,TIBAITATA - AUT [21206990],VEL VIENTO,Velocidad 10 minutal del viento media diaria,2018-09-02 00:00,m/s,1.54722222222282,Preliminar
21206990,TIBAITATA - AUT [21206990],VEL VIENTO,Velocidad 10 minutal del viento media diaria,2018-09-03 00:00,m/s,1.89930555555391,Preliminar
21206990,TIBAITATA - AUT [21206990],VEL VIENTO,Velocidad 10 minutal del viento media diaria,2018-09-04 00:00,m/s,2.56909722222374,Preliminar
21206990,TIBAITATA - AUT [21206990],VEL VIENTO,Velocidad 10 minutal del viento media diaria,2018-09-05 00:00,m/s,1.9333333333333,Preliminar
21206990,TIBAITATA - AUT [21206990],VEL VIENTO,Velocidad 10 minutal del viento media diaria,2018-09-06 00:00,m/s,1.76875000000121,Preliminar
21206990,TIBAITATA - AUT [21206990],VEL VIENTO,Velocidad 10 minutal del viento media diaria,2018-09-07 00:00,m/s,1.50034722222307,Preliminar
21206990,TIBAITATA - AUT [21206990],VEL VIENTO,Velocidad 10 minutal del viento media diaria,2018-09-08 00:00,m/s,1.78437500000057,Preliminar
21206990,TIBAITATA - AUT [21206990],VEL VIENTO,Velocidad 10 minutal del viento media diaria,2018-09-09 00:00,m/s,2.09027777777922,Preliminar
21206990,TIBAITATA - AUT [21206990],VEL VIENTO,Velocidad 10 minutal del viento media diaria,2018-09-10 00:00,m/s,1.68263888888939,Preliminar
21206990,TIBAITATA - AUT [21206990],VEL VIENTO,Velocidad 10 minutal del viento media diaria,2018-09-11 00:00,m/s,1.64097222222157,Preliminar
21206990,TIBAITATA - AUT [21206990],VEL VIENTO,Velocidad 10 minutal del viento media diaria,2018-09-12 00:00,m/s,1.58541666666748,Preliminar
21206990,TIBAITATA - AUT [21206990],VEL VIENTO,Velocidad 10 minutal del viento media diaria,2018-09-13 00:00,m/s,1.41944444444466,Preliminar
21206990,TIBAITATA - AUT [21206990],VEL VIENTO,Velocidad 10 minutal del viento media diaria,2018-09-14 00:00,m/s,1.89131944444575,Preliminar
21206990,TIBAITATA - AUT [21206990],VEL VIENTO,Velocidad 10 minutal del viento media diaria,2018-09-15 00:00,m/s,1.40104166666658,Preliminar
21206990,TIBAITATA - AUT [21206990],VEL VIENTO,Velocidad 10 minutal del viento media diaria,2018-09-16 00:00,m/s,2.31631944444612,Preliminar
21206990,TIBAITATA - AUT [21206990],VEL VIENTO,Velocidad 10 minutal del viento media diaria,2018-09-17 00:00,m/s,1.91701388888848,Preliminar
21206990,TIBAITATA - AUT [21206990],VEL VIENTO,Velocidad 10 minutal del viento media diaria,2018-09-18 00:00,m/s,1.74895833333341,Preliminar
21206990,TIBAITATA - AUT [21206990],VEL VIENTO,Velocidad 10 minutal del viento media diaria,2018-09-19 00:00,m/s,1.99097222222351,Preliminar
21206990,TIBAITATA - AUT [21206990],VEL VIENTO,Velocidad 10 minutal del viento media diaria,2018-09-20 00:00,m/s,2.32777777777923,Preliminar
21206990,TIBAITATA - AUT [21206990],VEL VIENTO,Velocidad 10 minutal del viento media diaria,2018-09-21 00:00,m/s,1.54548611111217,Preliminar
21206990,TIBAITATA - AUT [21206990],VEL VIENTO,Velocidad 10 minutal del viento media diaria,2018-09-22 00:00,m/s,2.01250000000094,Preliminar
21206990,TIBAITATA - AUT [21206990],VEL VIENTO,Velocidad 10 minutal del viento media diaria,2018-09-23 00:00,m/s,2.0024305555567,Preliminar
21206990,TIBAITATA - AUT [21206990],VEL VIENTO,Velocidad 10 minutal del viento media diaria,2018-09-24 00:00,m/s,2.52847222222332,Preliminar
21206990,TIBAITATA - AUT [21206990],VEL VIENTO,Velocidad 10 minutal del viento media diaria,2018-09-25 00:00,m/s,1.77708333333397,Preliminar
21206990,TIBAITATA - AUT [21206990],VEL VIENTO,Velocidad 10 minutal del viento media diaria,2018-09-26 00:00,m/s,1.36041666666764,Preliminar
21206990,TIBAITATA - AUT [21206990],VEL VIENTO,Velocidad 10 minutal del viento media diaria,2018-09-27 00:00,m/s,1.83680555555686,Preliminar
21206990,TIBAITATA - AUT [21206990],VEL VIENTO,Velocidad 10 minutal del viento media diaria,2018-09-28 00:00,m/s,2.0027777777788,Preliminar
21206990,TIBAITATA - AUT [21206990],VEL VIENTO,Velocidad 10 minutal del viento media diaria,2018-09-29 00:00,m/s,2.27986111111285,Preliminar
21206990,TIBAITATA - AUT [21206990],VEL VIENTO,Velocidad 10 minutal del viento media diaria,2018-09-30 00:00,m/s,2.02083333333433,Preliminar
21206990,TIBAITATA - AUT [21206990],VEL VIENTO,Velocidad 10 minutal del viento media diaria,2018-10-01 00:00,m/s,1.8520833333326,Preliminar
21206990,TIBAITATA - AUT [21206990],VEL VIENTO,Velocidad 10 minutal del viento media diaria,2018-10-02 00:00,m/s,2.25538194444563,Preliminar
21206990,TIBAITATA - AUT [21206990],VEL VIENTO,Velocidad 10 minutal del viento media diaria,2018-10-03 00:00,m/s,1.58333333333387,Preliminar
21206990,TIBAITATA - AUT [21206990],VEL VIENTO,Velocidad 10 minutal del viento media diaria,2018-10-04 00:00,m/s,1.51562499999984,Preliminar
21206990,TIBAITATA - AUT [21206990],VEL VIENTO,Velocidad 10 minutal del viento media diaria,2018-10-05 00:00,m/s,1.5378472222227,Preliminar
21206990,TIBAITATA - AUT [21206990],VEL VIENTO,Velocidad 10 minutal del viento media diaria,2018-10-06 00:00,m/s,1.36562500000059,Preliminar
21206990,TIBAITATA - AUT [21206990],VEL VIENTO,Velocidad 10 minutal del viento media diaria,2018-10-07 00:00,m/s,1.27083333333308,Preliminar
21206990,TIBAITATA - AUT [21206990],VEL VIENTO,Velocidad 10 minutal del viento media diaria,2018-10-08 00:00,m/s,1.84965277777945,Preliminar
21206990,TIBAITATA - AUT [21206990],VEL VIENTO,Velocidad 10 minutal del viento media diaria,2018-10-09 00:00,m/s,2.22152777777813,Preliminar
21206990,TIBAITATA - AUT [21206990],VEL VIENTO,Velocidad 10 minutal del viento media diaria,2018-10-10 00:00,m/s,1.25729166666708,Preliminar
21206990,TIBAITATA - AUT [21206990],VEL VIENTO,Velocidad 10 minutal del viento media diaria,2018-10-11 00:00,m/s,1.37013888888926,Preliminar
21206990,TIBAITATA - AUT [21206990],VEL VIENTO,Velocidad 10 minutal del viento media diaria,2018-10-12 00:00,m/s,1.83923611111235,Preliminar
21206990,TIBAITATA - AUT [21206990],VEL VIENTO,Velocidad 10 minutal del viento media diaria,2018-10-13 00:00,m/s,1.82430555555619,Preliminar
21206990,TIBAITATA - AUT [21206990],VEL VIENTO,Velocidad 10 minutal del viento media diaria,2018-10-14 00:00,m/s,1.53784722222331,Preliminar
21206990,TIBAITATA - AUT [21206990],VEL VIENTO,Velocidad 10 minutal del viento media diaria,2018-10-15 00:00,m/s,2.17812500000163,Preliminar
21206990,TIBAITATA - AUT [21206990],VEL VIENTO,Velocidad 10 minutal del viento media diaria,2018-10-16 00:00,m/s,1.26631944444519,Preliminar
21206990,TIBAITATA - AUT [21206990],VEL VIENTO,Velocidad 10 minutal del viento media diaria,2018-10-17 00:00,m/s,1.64895833333428,Preliminar
21206990,TIBAITATA - AUT [21206990],VEL VIENTO,Velocidad 10 minutal del viento media diaria,2018-10-18 00:00,m/s,1.71770833333431,Preliminar
21206990,TIBAITATA - AUT [21206990],VEL VIENTO,Velocidad 10 minutal del viento media diaria,2018-10-19 00:00,m/s,1.86909722222359,Preliminar
21206990,TIBAITATA - AUT [21206990],VEL VIENTO,Velocidad 10 minutal del viento media diaria,2018-10-20 00:00,m/s,2.27638888889028,Preliminar
21206990,TIBAITATA - AUT [21206990],VEL VIENTO,Velocidad 10 minutal del viento media diaria,2018-10-21 00:00,m/s,1.53923611111202,Preliminar
21206990,TIBAITATA - AUT [21206990],VEL VIENTO,Velocidad 10 minutal del viento media diaria,2018-10-22 00:00,m/s,1.87500000000111,Preliminar
21206990,TIBAITATA - AUT [21206990],VEL VIENTO,Velocidad 10 minutal del viento media diaria,2018-10-23 00:00,m/s,2.08541666666829,Preliminar
21206990,TIBAITATA - AUT [21206990],VEL VIENTO,Velocidad 10 minutal del viento media diaria,2018-10-24 00:00,m/s,1.60034722222291,Preliminar
21206990,TIBAITATA - AUT [21206990],VEL VIENTO,Velocidad 10 minutal del viento media diaria,2018-10-25 00:00,m/s,1.57673611111226,Preliminar
21206990,TIBAITATA - AUT [21206990],VEL VIENTO,Velocidad 10 minutal del viento media diaria,2018-10-26 00:00,m/s,1.330208333334,Preliminar
21206990,TIBAITATA - AUT [21206990],VEL VIENTO,Velocidad 10 minutal del viento media diaria,2018-10-27 00:00,m/s,1.70590277777912,Preliminar
21206990,TIBAITATA - AUT [21206990],VEL VIENTO,Velocidad 10 minutal del viento media diaria,2018-10-28 00:00,m/s,1.62569444444558,Preliminar
21206990,TIBAITATA - AUT [21206990],VEL VIENTO,Velocidad 10 minutal del viento media diaria,2018-10-29 00:00,m/s,1.31458333333386,Preliminar
21206990,TIBAITATA - AUT [21206990],VEL VIENTO,Velocidad 10 minutal del viento media diaria,2018-10-30 00:00,m/s,1.25729166666668,Preliminar
21206990,TIBAITATA - AUT [21206990],VEL VIENTO,Velocidad 10 minutal del viento media diaria,2018-10-31 00:00,m/s,1.8388888888892,Preliminar
21206990,TIBAITATA - AUT [21206990],VEL VIENTO,Velocidad 10 minutal del viento media diaria,2018-11-01 00:00,m/s,1.75486111111175,Preliminar
21206990,TIBAITATA - AUT [21206990],VEL VIENTO,Velocidad 10 minutal del viento media diaria,2018-11-02 00:00,m/s,1.37534722222252,Preliminar
21206990,TIBAITATA - AUT [21206990],VEL VIENTO,Velocidad 10 minutal del viento media diaria,2018-11-03 00:00,m/s,1.48125000000099,Preliminar
21206990,TIBAITATA - AUT [21206990],VEL VIENTO,Velocidad 10 minutal del viento media diaria,2018-11-04 00:00,m/s,1.51180555555623,Preliminar
21206990,TIBAITATA - AUT [21206990],VEL VIENTO,Velocidad 10 minutal del viento media diaria,2018-11-05 00:00,m/s,1.40312500000109,Preliminar
21206990,TIBAITATA - AUT [21206990],VEL VIENTO,Velocidad 10 minutal del viento media diaria,2018-11-06 00:00,m/s,1.72881944444564,Preliminar
21206990,TIBAITATA - AUT [21206990],VEL VIENTO,Velocidad 10 minutal del viento media diaria,2018-11-07 00:00,m/s,1.98784722222329,Preliminar
21206990,TIBAITATA - AUT [21206990],VEL VIENTO,Velocidad 10 minutal del viento media diaria,2018-11-08 00:00,m/s,1.97812500000131,Preliminar
21206990,TIBAITATA - AUT [21206990],VEL VIENTO,Velocidad 10 minutal del viento media diaria,2018-11-09 00:00,m/s,1.32708333333304,Preliminar
21206990,TIBAITATA - AUT [21206990],VEL VIENTO,Velocidad 10 minutal del viento media diaria,2018-11-10 00:00,m/s,1.35381944444531,Preliminar
21206990,TIBAITATA - AUT [21206990],VEL VIENTO,Velocidad 10 minutal del viento media diaria,2018-11-11 00:00,m/s,1.46736111111142,Preliminar
21206990,TIBAITATA - AUT [21206990],VEL VIENTO,Velocidad 10 minutal del viento media diaria,2018-11-12 00:00,m/s,1.60451388888943,Preliminar
21206990,TIBAITATA - AUT [21206990],VEL VIENTO,Velocidad 10 minutal del viento media diaria,2018-11-13 00:00,m/s,1.09583333333364,Preliminar
21206990,TIBAITATA - AUT [21206990],VEL VIENTO,Velocidad 10 minutal del viento media diaria,2018-11-14 00:00,m/s,1.73159722222332,Preliminar
21206990,TIBAITATA - AUT [21206990],VEL VIENTO,Velocidad 10 minutal del viento media diaria,2018-11-15 00:00,m/s,1.77430555555701,Preliminar
21206990,TIBAITATA - AUT [21206990],VEL VIENTO,Velocidad 10 minutal del viento media diaria,2018-11-16 00:00,m/s,1.48541666666767,Preliminar
21206990,TIBAITATA - AUT [21206990],VEL VIENTO,Velocidad 10 minutal del viento media diaria,2018-11-17 00:00,m/s,1.79513888889021,Preliminar
21206990,TIBAITATA - AUT [21206990],VEL VIENTO,Velocidad 10 minutal del viento media diaria,2018-11-18 00:00,m/s,1.23715277777873,Preliminar
21206990,TIBAITATA - AUT [21206990],VEL VIENTO,Velocidad 10 minutal del viento media diaria,2018-11-19 00:00,m/s,1.15277777777817,Preliminar
21206990,TIBAITATA - AUT [21206990],VEL VIENTO,Velocidad 10 minutal del viento media diaria,2018-11-20 00:00,m/s,1.63506944444548,Preliminar
21206990,TIBAITATA - AUT [21206990],VEL VIENTO,Velocidad 10 minutal del viento media diaria,2018-11-21 00:00,m/s,1.51111111111186,Preliminar
21206990,TIBAITATA - AUT [21206990],VEL VIENTO,Velocidad 10 minutal del viento media diaria,2018-11-22 00:00,m/s,1.56944444444564,Preliminar
21206990,TIBAITATA - AUT [21206990],VEL VIENTO,Velocidad 10 minutal del viento media diaria,2018-11-23 00:00,m/s,2.01319444444614,Preliminar
21206990,TIBAITATA - AUT [21206990],VEL VIENTO,Velocidad 10 minutal del viento media diaria,2018-11-24 00:00,m/s,1.57500000000017,Preliminar
21206990,TIBAITATA - AUT [21206990],VEL VIENTO,Velocidad 10 minutal del viento media diaria,2018-11-25 00:00,m/s,1.37291666666699,Preliminar
21206990,TIBAITATA - AUT [21206990],VEL VIENTO,Velocidad 10 minutal del viento media diaria,2018-11-26 00:00,m/s,1.58298611111225,Preliminar
21206990,TIBAITATA - AUT [21206990],VEL VIENTO,Velocidad 10 minutal del viento media diaria,2018-11-27 00:00,m/s,1.57638888889012,Preliminar
21206990,TIBAITATA - AUT [21206990],VEL VIENTO,Velocidad 10 minutal del viento media diaria,2018-11-28 00:00,m/s,1.46631944444552,Preliminar
21206990,TIBAITATA - AUT [21206990],VEL VIENTO,Velocidad 10 minutal del viento media diaria,2018-11-29 00:00,m/s,1.54583333333391,Preliminar
21206990,TIBAITATA - AUT [21206990],VEL VIENTO,Velocidad 10 minutal del viento media diaria,2018-11-30 00:00,m/s,1.46840277777889,Preliminar
21206990,TIBAITATA - AUT [21206990],VEL VIENTO,Velocidad 10 minutal del viento media diaria,2018-12-01 00:00,m/s,1.79201388889037,Preliminar
21206990,TIBAITATA - AUT [21206990],VEL VIENTO,Velocidad 10 minutal del viento media diaria,2018-12-02 00:00,m/s,1.84340277777858,Preliminar
21206990,TIBAITATA - AUT [21206990],VEL VIENTO,Velocidad 10 minutal del viento media diaria,2018-12-03 00:00,m/s,1.88993055555668,Preliminar
21206990,TIBAITATA - AUT [21206990],VEL VIENTO,Velocidad 10 minutal del viento media diaria,2018-12-04 00:00,m/s,2.19722222222365,Preliminar
21206990,TIBAITATA - AUT [21206990],VEL VIENTO,Velocidad 10 minutal del viento media diaria,2018-12-05 00:00,m/s,1.99861111111103,Preliminar
21206990,TIBAITATA - AUT [21206990],VEL VIENTO,Velocidad 10 minutal del viento media diaria,2018-12-06 00:00,m/s,1.86180555555673,Preliminar
21206990,TIBAITATA - AUT [21206990],VEL VIENTO,Velocidad 10 minutal del viento media diaria,2018-12-07 00:00,m/s,1.77222222222322,Preliminar
21206990,TIBAITATA - AUT [21206990],VEL VIENTO,Velocidad 10 minutal del viento media diaria,2018-12-08 00:00,m/s,1.73506944444531,Preliminar
21206990,TIBAITATA - AUT [21206990],VEL VIENTO,Velocidad 10 minutal del viento media diaria,2018-12-09 00:00,m/s,1.64201388888962,Preliminar
21206990,TIBAITATA - AUT [21206990],VEL VIENTO,Velocidad 10 minutal del viento media diaria,2018-12-10 00:00,m/s,1.94027777777903,Preliminar
21206990,TIBAITATA - AUT [21206990],VEL VIENTO,Velocidad 10 minutal del viento media diaria,2018-12-11 00:00,m/s,1.75694444444545,Preliminar
21206990,TIBAITATA - AUT [21206990],VEL VIENTO,Velocidad 10 minutal del viento media diaria,2018-12-12 00:00,m/s,1.25625000000051,Preliminar
21206990,TIBAITATA - AUT [21206990],VEL VIENTO,Velocidad 10 minutal del viento media diaria,2018-12-13 00:00,m/s,1.8190972222234,Preliminar
21206990,TIBAITATA - AUT [21206990],VEL VIENTO,Velocidad 10 minutal del viento media diaria,2018-12-14 00:00,m/s,1.41666666666731,Preliminar
21206990,TIBAITATA - AUT [21206990],VEL VIENTO,Velocidad 10 minutal del viento media diaria,2018-12-15 00:00,m/s,1.6326388888896,Preliminar
21206990,TIBAITATA - AUT [21206990],VEL VIENTO,Velocidad 10 minutal del viento media diaria,2018-12-16 00:00,m/s,1.66145833333391,Preliminar
21206990,TIBAITATA - AUT [21206990],VEL VIENTO,Velocidad 10 minutal del viento media diaria,2018-12-17 00:00,m/s,1.57569444444457,Preliminar
21206990,TIBAITATA - AUT [21206990],VEL VIENTO,Velocidad 10 minutal del viento media diaria,2018-12-18 00:00,m/s,1.70069444444502,Preliminar
21206990,TIBAITATA - AUT [21206990],VEL VIENTO,Velocidad 10 minutal del viento media diaria,2018-12-19 00:00,m/s,1.4173611111121,Preliminar
21206990,TIBAITATA - AUT [21206990],VEL VIENTO,Velocidad 10 minutal del viento media diaria,2018-12-20 00:00,m/s,1.63368055555631,Preliminar
21206990,TIBAITATA - AUT [21206990],VEL VIENTO,Velocidad 10 minutal del viento media diaria,2018-12-21 00:00,m/s,1.84131944444411,Preliminar
21206990,TIBAITATA - AUT [21206990],VEL VIENTO,Velocidad 10 minutal del viento media diaria,2018-12-22 00:00,m/s,1.96944444444538,Preliminar
21206990,TIBAITATA - AUT [21206990],VEL VIENTO,Velocidad 10 minutal del viento media diaria,2018-12-23 00:00,m/s,1.59305555555622,Preliminar
21206990,TIBAITATA - AUT [21206990],VEL VIENTO,Velocidad 10 minutal del viento media diaria,2018-12-24 00:00,m/s,1.81180555555624,Preliminar
21206990,TIBAITATA - AUT [21206990],VEL VIENTO,Velocidad 10 minutal del viento media diaria,2018-12-25 00:00,m/s,1.45937500000059,Preliminar
21206990,TIBAITATA - AUT [21206990],VEL VIENTO,Velocidad 10 minutal del viento media diaria,2018-12-26 00:00,m/s,1.78750000000099,Preliminar
21206990,TIBAITATA - AUT [21206990],VEL VIENTO,Velocidad 10 minutal del viento media diaria,2018-12-27 00:00,m/s,1.79131944444544,Preliminar
21206990,TIBAITATA - AUT [21206990],VEL VIENTO,Velocidad 10 minutal del viento media diaria,2018-12-28 00:00,m/s,1.42743055555608,Preliminar
21206990,TIBAITATA - AUT [21206990],VEL VIENTO,Velocidad 10 minutal del viento media diaria,2018-12-29 00:00,m/s,1.33090277777844,Preliminar
21206990,TIBAITATA - AUT [21206990],VEL VIENTO,Velocidad 10 minutal del viento media diaria,2018-12-30 00:00,m/s,2.10277777777877,Preliminar
21206990,TIBAITATA - AUT [21206990],VEL VIENTO,Velocidad 10 minutal del viento media diaria,2018-12-31 00:00,m/s,1.79722222222357,Preliminar
21206990,TIBAITATA - AUT [21206990],VEL VIENTO,Velocidad 10 minutal del viento media diaria,2019-01-01 00:00,m/s,2.01319444444568,Preliminar
21206990,TIBAITATA - AUT [21206990],VEL VIENTO,Velocidad 10 minutal del viento media diaria,2019-01-02 00:00,m/s,2.59479166666809,Preliminar
21206990,TIBAITATA - AUT [21206990],VEL VIENTO,Velocidad 10 minutal del viento media diaria,2019-01-03 00:00,m/s,2.07222222222338,Preliminar
21206990,TIBAITATA - AUT [21206990],VEL VIENTO,Velocidad 10 minutal del viento media diaria,2019-01-04 00:00,m/s,1.44965277777855,Preliminar
21206990,TIBAITATA - AUT [21206990],VEL VIENTO,Velocidad 10 minutal del viento media diaria,2019-01-05 00:00,m/s,1.70312500000085,Preliminar
21206990,TIBAITATA - AUT [21206990],VEL VIENTO,Velocidad 10 minutal del viento media diaria,2019-01-06 00:00,m/s,1.69062500000109,Preliminar
21206990,TIBAITATA - AUT [21206990],VEL VIENTO,Velocidad 10 minutal del viento media diaria,2019-01-07 00:00,m/s,1.83541666666774,Preliminar
21206990,TIBAITATA - AUT [21206990],VEL VIENTO,Velocidad 10 minutal del viento media diaria,2019-01-08 00:00,m/s,2.10833333333435,Preliminar
21206990,TIBAITATA - AUT [21206990],VEL VIENTO,Velocidad 10 minutal del viento media diaria,2019-01-09 00:00,m/s,1.92395833333471,Preliminar
21206990,TIBAITATA - AUT [21206990],VEL VIENTO,Velocidad 10 minutal del viento media diaria,2019-01-10 00:00,m/s,2.22708333333421,Preliminar
21206990,TIBAITATA - AUT [21206990],VEL VIENTO,Velocidad 10 minutal del viento media diaria,2019-01-11 00:00,m/s,2.04097222222303,Preliminar
21206990,TIBAITATA - AUT [21206990],VEL VIENTO,Velocidad 10 minutal del viento media diaria,2019-01-12 00:00,m/s,1.92881944444582,Preliminar
21206990,TIBAITATA - AUT [21206990],VEL VIENTO,Velocidad 10 minutal del viento media diaria,2019-01-13 00:00,m/s,1.57986111111232,Preliminar
21206990,TIBAITATA - AUT [21206990],VEL VIENTO,Velocidad 10 minutal del viento media diaria,2019-01-14 00:00,m/s,1.3149305555563,Preliminar
21206990,TIBAITATA - AUT [21206990],VEL VIENTO,Velocidad 10 minutal del viento media diaria,2019-01-15 00:00,m/s,1.54340277777846,Preliminar
21206990,TIBAITATA - AUT [21206990],VEL VIENTO,Velocidad 10 minutal del viento media diaria,2019-01-16 00:00,m/s,1.26979166666685,Preliminar
21206990,TIBAITATA - AUT [21206990],VEL VIENTO,Velocidad 10 minutal del viento media diaria,2019-01-17 00:00,m/s,1.6499999999999,Preliminar
21206990,TIBAITATA - AUT [21206990],VEL VIENTO,Velocidad 10 minutal del viento media diaria,2019-01-18 00:00,m/s,1.87847222222353,Preliminar
21206990,TIBAITATA - AUT [21206990],VEL VIENTO,Velocidad 10 minutal del viento media diaria,2019-01-19 00:00,m/s,2.33784722222426,Preliminar
21206990,TIBAITATA - AUT [21206990],VEL VIENTO,Velocidad 10 minutal del viento media diaria,2019-01-20 00:00,m/s,1.94513888889004,Preliminar
21206990,TIBAITATA - AUT [21206990],VEL VIENTO,Velocidad 10 minutal del viento media diaria,2019-01-21 00:00,m/s,1.55659722222282,Preliminar
21206990,TIBAITATA - AUT [21206990],VEL VIENTO,Velocidad 10 minutal del viento media diaria,2019-01-22 00:00,m/s,1.59097222222286,Preliminar
21206990,TIBAITATA - AUT [21206990],VEL VIENTO,Velocidad 10 minutal del viento media diaria,2019-01-23 00:00,m/s,2.3045138888891,Preliminar
21206990,TIBAITATA - AUT [21206990],VEL VIENTO,Velocidad 10 minutal del viento media diaria,2019-01-24 00:00,m/s,2.41840277777929,Preliminar
21206990,TIBAITATA - AUT [21206990],VEL VIENTO,Velocidad 10 minutal del viento media diaria,2019-01-25 00:00,m/s,2.09826388889057,Preliminar
21206990,TIBAITATA - AUT [21206990],VEL VIENTO,Velocidad 10 minutal del viento media diaria,2019-01-26 00:00,m/s,1.97569444444554,Preliminar
21206990,TIBAITATA - AUT [21206990],VEL VIENTO,Velocidad 10 minutal del viento media diaria,2019-01-27 00:00,m/s,2.05590277777865,Preliminar
21206990,TIBAITATA - AUT [21206990],VEL VIENTO,Velocidad 10 minutal del viento media diaria,2019-01-28 00:00,m/s,1.5847222222229,Preliminar
21206990,TIBAITATA - AUT [21206990],VEL VIENTO,Velocidad 10 minutal del viento media diaria,2019-01-29 00:00,m/s,1.48055555555656,Preliminar
21206990,TIBAITATA - AUT [21206990],VEL VIENTO,Velocidad 10 minutal del viento media diaria,2019-01-30 00:00,m/s,1.91250000000108,Preliminar
21206990,TIBAITATA - AUT [21206990],VEL VIENTO,Velocidad 10 minutal del viento media diaria,2019-01-31 00:00,m/s,1.72291666666746,Preliminar
21206990,TIBAITATA - AUT [21206990],VEL VIENTO,Velocidad 10 minutal del viento media diaria,2019-02-01 00:00,m/s,1.88993055555724,Preliminar
21206990,TIBAITATA - AUT [21206990],VEL VIENTO,Velocidad 10 minutal del viento media diaria,2019-02-02 00:00,m/s,1.80034722222335,Preliminar
21206990,TIBAITATA - AUT [21206990],VEL VIENTO,Velocidad 10 minutal del viento media diaria,2019-02-03 00:00,m/s,1.93402777777914,Preliminar
21206990,TIBAITATA - AUT [21206990],VEL VIENTO,Velocidad 10 minutal del viento media diaria,2019-02-04 00:00,m/s,1.83576388888965,Preliminar
21206990,TIBAITATA - AUT [21206990],VEL VIENTO,Velocidad 10 minutal del viento media diaria,2019-02-05 00:00,m/s,1.40590277777838,Preliminar
21206990,TIBAITATA - AUT [21206990],VEL VIENTO,Velocidad 10 minutal del viento media diaria,2019-02-06 00:00,m/s,1.45138888889002,Preliminar
21206990,TIBAITATA - AUT [21206990],VEL VIENTO,Velocidad 10 minutal del viento media diaria,2019-02-07 00:00,m/s,1.82048611111226,Preliminar
21206990,TIBAITATA - AUT [21206990],VEL VIENTO,Velocidad 10 minutal del viento media diaria,2019-02-08 00:00,m/s,1.68923611111271,Preliminar
21206990,TIBAITATA - AUT [21206990],VEL VIENTO,Velocidad 10 minutal del viento media diaria,2019-02-09 00:00,m/s,1.74826388889033,Preliminar
21206990,TIBAITATA - AUT [21206990],VEL VIENTO,Velocidad 10 minutal del viento media diaria,2019-02-10 00:00,m/s,1.48020833333403,Preliminar
21206990,TIBAITATA - AUT [21206990],VEL VIENTO,Velocidad 10 minutal del viento media diaria,2019-02-11 00:00,m/s,1.9756944444454,Preliminar
21206990,TIBAITATA - AUT [21206990],VEL VIENTO,Velocidad 10 minutal del viento media diaria,2019-02-12 00:00,m/s,1.79930555555664,Preliminar
21206990,TIBAITATA - AUT [21206990],VEL VIENTO,Velocidad 10 minutal del viento media diaria,2019-02-13 00:00,m/s,1.93819444444564,Preliminar
21206990,TIBAITATA - AUT [21206990],VEL VIENTO,Velocidad 10 minutal del viento media diaria,2019-02-14 00:00,m/s,1.76736111111114,Preliminar
21206990,TIBAITATA - AUT [21206990],VEL VIENTO,Velocidad 10 minutal del viento media diaria,2019-02-15 00:00,m/s,1.90243055555612,Preliminar
21206990,TIBAITATA - AUT [21206990],VEL VIENTO,Velocidad 10 minutal del viento media diaria,2019-02-16 00:00,m/s,2.22291666666799,Preliminar
21206990,TIBAITATA - AUT [21206990],VEL VIENTO,Velocidad 10 minutal del viento media diaria,2019-02-17 00:00,m/s,2.28090277777932,Preliminar
21206990,TIBAITATA - AUT [21206990],VEL VIENTO,Velocidad 10 minutal del viento media diaria,2019-02-18 00:00,m/s,1.68159722222321,Preliminar
21206990,TIBAITATA - AUT [21206990],VEL VIENTO,Velocidad 10 minutal del viento media diaria,2019-02-19 00:00,m/s,1.95034722222324,Preliminar
21206990,TIBAITATA - AUT [21206990],VEL VIENTO,Velocidad 10 minutal del viento media diaria,2019-02-20 00:00,m/s,1.55659722222302,Preliminar
21206990,TIBAITATA - AUT [21206990],VEL VIENTO,Velocidad 10 minutal del viento media diaria,2019-02-21 00:00,m/s,2.02951388888968,Preliminar
21206990,TIBAITATA - AUT [21206990],VEL VIENTO,Velocidad 10 minutal del viento media diaria,2019-02-22 00:00,m/s,1.91701388888965,Preliminar
21206990,TIBAITATA - AUT [21206990],VEL VIENTO,Velocidad 10 minutal del viento media diaria,2019-02-23 00:00,m/s,2.01701388888923,Preliminar
21206990,TIBAITATA - AUT [21206990],VEL VIENTO,Velocidad 10 minutal del viento media diaria,2019-02-24 00:00,m/s,1.56250000000104,Preliminar
21206990,TIBAITATA - AUT [21206990],VEL VIENTO,Velocidad 10 minutal del viento media diaria,2019-02-25 00:00,m/s,1.74930555555547,Preliminar
21206990,TIBAITATA - AUT [21206990],VEL VIENTO,Velocidad 10 minutal del viento media diaria,2019-02-26 00:00,m/s,2.14305555555699,Preliminar
21206990,TIBAITATA - AUT [21206990],VEL VIENTO,Velocidad 10 minutal del viento media diaria,2019-02-27 00:00,m/s,1.7427083333343,Preliminar
21206990,TIBAITATA - AUT [21206990],VEL VIENTO,Velocidad 10 minutal del viento media diaria,2019-02-28 00:00,m/s,2.11354166666837,Preliminar
21206990,TIBAITATA - AUT [21206990],VEL VIENTO,Velocidad 10 minutal del viento media diaria,2019-03-01 00:00,m/s,1.65138888888947,Preliminar
21206990,TIBAITATA - AUT [21206990],VEL VIENTO,Velocidad 10 minutal del viento media diaria,2019-03-02 00:00,m/s,1.42256944444498,Preliminar
21206990,TIBAITATA - AUT [21206990],VEL VIENTO,Velocidad 10 minutal del viento media diaria,2019-03-03 00:00,m/s,1.38750000000065,Preliminar
21206990,TIBAITATA - AUT [21206990],VEL VIENTO,Velocidad 10 minutal del viento media diaria,2019-03-04 00:00,m/s,1.61736111111219,Preliminar
21206990,TIBAITATA - AUT [21206990],VEL VIENTO,Velocidad 10 minutal del viento media diaria,2019-03-05 00:00,m/s,1.75381944444545,Preliminar
21206990,TIBAITATA - AUT [21206990],VEL VIENTO,Velocidad 10 minutal del viento media diaria,2019-03-06 00:00,m/s,1.79131944444558,Preliminar
21206990,TIBAITATA - AUT [21206990],VEL VIENTO,Velocidad 10 minutal del viento media diaria,2019-03-07 00:00,m/s,1.88472222222342,Preliminar
21206990,TIBAITATA - AUT [21206990],VEL VIENTO,Velocidad 10 minutal del viento media diaria,2019-03-08 00:00,m/s,1.65208333333345,Preliminar
21206990,TIBAITATA - AUT [21206990],VEL VIENTO,Velocidad 10 minutal del viento media diaria,2019-03-09 00:00,m/s,2.14826388889073,Preliminar
21206990,TIBAITATA - AUT [21206990],VEL VIENTO,Velocidad 10 minutal del viento media diaria,2019-03-10 00:00,m/s,1.44479166666653,Preliminar
21206990,TIBAITATA - AUT [21206990],VEL VIENTO,Velocidad 10 minutal del viento media diaria,2019-03-11 00:00,m/s,1.66493055555552,Preliminar
21206990,TIBAITATA - AUT [21206990],VEL VIENTO,Velocidad 10 minutal del viento media diaria,2019-03-12 00:00,m/s,1.41909722222311,Preliminar
21206990,TIBAITATA - AUT [21206990],VEL VIENTO,Velocidad 10 minutal del viento media diaria,2019-03-13 00:00,m/s,1.70625000000092,Preliminar
21206990,TIBAITATA - AUT [21206990],VEL VIENTO,Velocidad 10 minutal del viento media diaria,2019-03-14 00:00,m/s,1.78107638888911,Preliminar
21206990,TIBAITATA - AUT [21206990],VEL VIENTO,Velocidad 10 minutal del viento media diaria,2019-03-15 00:00,m/s,1.83402777777845,Preliminar
21206990,TIBAITATA - AUT [21206990],VEL VIENTO,Velocidad 10 minutal del viento media diaria,2019-03-16 00:00,m/s,1.36597222222252,Preliminar
21206990,TIBAITATA - AUT [21206990],VEL VIENTO,Velocidad 10 minutal del viento media diaria,2019-03-17 00:00,m/s,1.77013888888869,Preliminar
21206990,TIBAITATA - AUT [21206990],VEL VIENTO,Velocidad 10 minutal del viento media diaria,2019-03-18 00:00,m/s,1.93715277777914,Preliminar
21206990,TIBAITATA - AUT [21206990],VEL VIENTO,Velocidad 10 minutal del viento media diaria,2019-03-19 00:00,m/s,1.62083333333461,Preliminar
21206990,TIBAITATA - AUT [21206990],VEL VIENTO,Velocidad 10 minutal del viento media diaria,2019-03-20 00:00,m/s,1.18055555555633,Preliminar
21206990,TIBAITATA - AUT [21206990],VEL VIENTO,Velocidad 10 minutal del viento media diaria,2019-03-21 00:00,m/s,1.45833333333382,Preliminar
21206990,TIBAITATA - AUT [21206990],VEL VIENTO,Velocidad 10 minutal del viento media diaria,2019-03-22 00:00,m/s,1.84131944444562,Preliminar
21206990,TIBAITATA - AUT [21206990],VEL VIENTO,Velocidad 10 minutal del viento media diaria,2019-03-23 00:00,m/s,1.62013888888981,Preliminar
21206990,TIBAITATA - AUT [21206990],VEL VIENTO,Velocidad 10 minutal del viento media diaria,2019-03-24 00:00,m/s,1.39305555555533,Preliminar
21206990,TIBAITATA - AUT [21206990],VEL VIENTO,Velocidad 10 minutal del viento media diaria,2019-03-25 00:00,m/s,1.79409722222346,Preliminar
21206990,TIBAITATA - AUT [21206990],VEL VIENTO,Velocidad 10 minutal del viento media diaria,2019-03-26 00:00,m/s,1.86666666666812,Preliminar
21206990,TIBAITATA - AUT [21206990],VEL VIENTO,Velocidad 10 minutal del viento media diaria,2019-03-27 00:00,m/s,1.85451388888851,Preliminar
21206990,TIBAITATA - AUT [21206990],VEL VIENTO,Velocidad 10 minutal del viento media diaria,2019-03-28 00:00,m/s,1.60555555555688,Preliminar
21206990,TIBAITATA - AUT [21206990],VEL VIENTO,Velocidad 10 minutal del viento media diaria,2019-03-29 00:00,m/s,1.55590277777909,Preliminar
21206990,TIBAITATA - AUT [21206990],VEL VIENTO,Velocidad 10 minutal del viento media diaria,2019-03-30 00:00,m/s,1.0965277777782,Preliminar
21206990,TIBAITATA - AUT [21206990],VEL VIENTO,Velocidad 10 minutal del viento media diaria,2019-03-31 00:00,m/s,1.64513888888916,Preliminar
21206990,TIBAITATA - AUT [21206990],VEL VIENTO,Velocidad 10 minutal del viento media diaria,2019-04-01 00:00,m/s,1.54131944444528,Preliminar
21206990,TIBAITATA - AUT [21206990],VEL VIENTO,Velocidad 10 minutal del viento media diaria,2019-04-02 00:00,m/s,1.45000000000043,Preliminar
21206990,TIBAITATA - AUT [21206990],VEL VIENTO,Velocidad 10 minutal del viento media diaria,2019-04-03 00:00,m/s,1.8135416666682,Preliminar
21206990,TIBAITATA - AUT [21206990],VEL VIENTO,Velocidad 10 minutal del viento media diaria,2019-04-04 00:00,m/s,2.0267361111118,Preliminar
21206990,TIBAITATA - AUT [21206990],VEL VIENTO,Velocidad 10 minutal del viento media diaria,2019-04-05 00:00,m/s,2.23784722222342,Preliminar
21206990,TIBAITATA - AUT [21206990],VEL VIENTO,Velocidad 10 minutal del viento media diaria,2019-04-06 00:00,m/s,2.11354166666723,Preliminar
21206990,TIBAITATA - AUT [21206990],VEL VIENTO,Velocidad 10 minutal del viento media diaria,2019-04-07 00:00,m/s,2.31111111111269,Preliminar
21206990,TIBAITATA - AUT [21206990],VEL VIENTO,Velocidad 10 minutal del viento media diaria,2019-04-08 00:00,m/s,2.0805555555566,Preliminar
21206990,TIBAITATA - AUT [21206990],VEL VIENTO,Velocidad 10 minutal del viento media diaria,2019-04-09 00:00,m/s,1.80833333333452,Preliminar
21206990,TIBAITATA - AUT [21206990],VEL VIENTO,Velocidad 10 minutal del viento media diaria,2019-04-10 00:00,m/s,1.54201388888969,Preliminar
21206990,TIBAITATA - AUT [21206990],VEL VIENTO,Velocidad 10 minutal del viento media diaria,2019-04-11 00:00,m/s,1.60868055555648,Preliminar
21206990,TIBAITATA - AUT [21206990],VEL VIENTO,Velocidad 10 minutal del viento media diaria,2019-04-12 00:00,m/s,1.59062500000038,Preliminar
21206990,TIBAITATA - AUT [21206990],VEL VIENTO,Velocidad 10 minutal del viento media diaria,2019-04-13 00:00,m/s,1.7045138888898,Preliminar
21206990,TIBAITATA - AUT [21206990],VEL VIENTO,Velocidad 10 minutal del viento media diaria,2019-04-14 00:00,m/s,1.96597222222294,Preliminar
21206990,TIBAITATA - AUT [21206990],VEL VIENTO,Velocidad 10 minutal del viento media diaria,2019-04-15 00:00,m/s,1.38020833333396,Preliminar
21206990,TIBAITATA - AUT [21206990],VEL VIENTO,Velocidad 10 minutal del viento media diaria,2019-04-16 00:00,m/s,1.75208333333432,Preliminar
21206990,TIBAITATA - AUT [21206990],VEL VIENTO,Velocidad 10 minutal del viento media diaria,2019-04-17 00:00,m/s,1.60798611111225,Preliminar
21206990,TIBAITATA - AUT [21206990],VEL VIENTO,Velocidad 10 minutal del viento media diaria,2019-04-18 00:00,m/s,1.33055555555641,Preliminar
21206990,TIBAITATA - AUT [21206990],VEL VIENTO,Velocidad 10 minutal del viento media diaria,2019-04-19 00:00,m/s,1.55659722222363,Preliminar
21206990,TIBAITATA - AUT [21206990],VEL VIENTO,Velocidad 10 minutal del viento media diaria,2019-04-20 00:00,m/s,1.37604166666716,Preliminar
21206990,TIBAITATA - AUT [21206990],VEL VIENTO,Velocidad 10 minutal del viento media diaria,2019-04-21 00:00,m/s,1.64965277777748,Preliminar
21206990,TIBAITATA - AUT [21206990],VEL VIENTO,Velocidad 10 minutal del viento media diaria,2019-04-22 00:00,m/s,1.64826388888972,Preliminar
21206990,TIBAITATA - AUT [21206990],VEL VIENTO,Velocidad 10 minutal del viento media diaria,2019-04-23 00:00,m/s,1.74930555555646,Preliminar
21206990,TIBAITATA - AUT [21206990],VEL VIENTO,Velocidad 10 minutal del viento media diaria,2019-04-24 00:00,m/s,1.64513888888962,Preliminar
21206990,TIBAITATA - AUT [21206990],VEL VIENTO,Velocidad 10 minutal del viento media diaria,2019-04-25 00:00,m/s,2.0281250000013,Preliminar
21206990,TIBAITATA - AUT [21206990],VEL VIENTO,Velocidad 10 minutal del viento media diaria,2019-04-26 00:00,m/s,1.60104166666726,Preliminar
21206990,TIBAITATA - AUT [21206990],VEL VIENTO,Velocidad 10 minutal del viento media diaria,2019-04-27 00:00,m/s,1.53784722222305,Preliminar
21206990,TIBAITATA - AUT [21206990],VEL VIENTO,Velocidad 10 minutal del viento media diaria,2019-04-28 00:00,m/s,1.81249999999946,Preliminar
21206990,TIBAITATA - AUT [21206990],VEL VIENTO,Velocidad 10 minutal del viento media diaria,2019-04-29 00:00,m/s,1.4454861111114,Preliminar
21206990,TIBAITATA - AUT [21206990],VEL VIENTO,Velocidad 10 minutal del viento media diaria,2019-04-30 00:00,m/s,1.82604166666741,Preliminar
21206990,TIBAITATA - AUT [21206990],VEL VIENTO,Velocidad 10 minutal del viento media diaria,2019-05-01 00:00,m/s,1.49930555555589,Preliminar
21206990,TIBAITATA - AUT [21206990],VEL VIENTO,Velocidad 10 minutal del viento media diaria,2019-05-02 00:00,m/s,1.58576388888975,Preliminar
21206990,TIBAITATA - AUT [21206990],VEL VIENTO,Velocidad 10 minutal del viento media diaria,2019-05-03 00:00,m/s,1.46770833333393,Preliminar
21206990,TIBAITATA - AUT [21206990],VEL VIENTO,Velocidad 10 minutal del viento media diaria,2019-05-04 00:00,m/s,1.38888888888898,Preliminar
21206990,TIBAITATA - AUT [21206990],VEL VIENTO,Velocidad 10 minutal del viento media diaria,2019-05-05 00:00,m/s,1.3677083333335,Preliminar
21206990,TIBAITATA - AUT [21206990],VEL VIENTO,Velocidad 10 minutal del viento media diaria,2019-05-06 00:00,m/s,1.63854166666741,Preliminar
21206990,TIBAITATA - AUT [21206990],VEL VIENTO,Velocidad 10 minutal del viento media diaria,2019-05-07 00:00,m/s,1.8430555555564,Preliminar
21206990,TIBAITATA - AUT [21206990],VEL VIENTO,Velocidad 10 minutal del viento media diaria,2019-05-08 00:00,m/s,1.74340277777879,Preliminar
21206990,TIBAITATA - AUT [21206990],VEL VIENTO,Velocidad 10 minutal del viento media diaria,2019-05-09 00:00,m/s,1.27847222222275,Preliminar
21206990,TIBAITATA - AUT [21206990],VEL VIENTO,Velocidad 10 minutal del viento media diaria,2019-05-10 00:00,m/s,1.52638888888968,Preliminar
21206990,TIBAITATA - AUT [21206990],VEL VIENTO,Velocidad 10 minutal del viento media diaria,2019-05-11 00:00,m/s,1.4336805555564,Preliminar
21206990,TIBAITATA - AUT [21206990],VEL VIENTO,Velocidad 10 minutal del viento media diaria,2019-05-12 00:00,m/s,1.35416666666714,Preliminar
21206990,TIBAITATA - AUT [21206990],VEL VIENTO,Velocidad 10 minutal del viento media diaria,2019-05-13 00:00,m/s,1.59895833333412,Preliminar
21206990,TIBAITATA - AUT [21206990],VEL VIENTO,Velocidad 10 minutal del viento media diaria,2019-05-14 00:00,m/s,1.74722222222271,Preliminar
21206990,TIBAITATA - AUT [21206990],VEL VIENTO,Velocidad 10 minutal del viento media diaria,2019-05-15 00:00,m/s,2.0454861111127,Preliminar
21206990,TIBAITATA - AUT [21206990],VEL VIENTO,Velocidad 10 minutal del viento media diaria,2019-05-16 00:00,m/s,1.4940972222225,Preliminar
21206990,TIBAITATA - AUT [21206990],VEL VIENTO,Velocidad 10 minutal del viento media diaria,2019-05-17 00:00,m/s,1.02812500000068,Preliminar
21206990,TIBAITATA - AUT [21206990],VEL VIENTO,Velocidad 10 minutal del viento media diaria,2019-05-18 00:00,m/s,1.31215277777868,Preliminar
21206990,TIBAITATA - AUT [21206990],VEL VIENTO,Velocidad 10 minutal del viento media diaria,2019-05-19 00:00,m/s,1.26805555555662,Preliminar
21206990,TIBAITATA - AUT [21206990],VEL VIENTO,Velocidad 10 minutal del viento media diaria,2019-05-20 00:00,m/s,1.32812500000012,Preliminar
21206990,TIBAITATA - AUT [21206990],VEL VIENTO,Velocidad 10 minutal del viento media diaria,2019-05-21 00:00,m/s,1.80972222222313,Preliminar
21206990,TIBAITATA - AUT [21206990],VEL VIENTO,Velocidad 10 minutal del viento media diaria,2019-05-22 00:00,m/s,1.52777777777882,Preliminar
21206990,TIBAITATA - AUT [21206990],VEL VIENTO,Velocidad 10 minutal del viento media diaria,2019-05-23 00:00,m/s,1.34479166666754,Preliminar
21206990,TIBAITATA - AUT [21206990],VEL VIENTO,Velocidad 10 minutal del viento media diaria,2019-05-24 00:00,m/s,1.37881944444521,Preliminar
21206990,TIBAITATA - AUT [21206990],VEL VIENTO,Velocidad 10 minutal del viento media diaria,2019-05-25 00:00,m/s,1.41180555555636,Preliminar
21206990,TIBAITATA - AUT [21206990],VEL VIENTO,Velocidad 10 minutal del viento media diaria,2019-05-26 00:00,m/s,1.65902777777867,Preliminar
21206990,TIBAITATA - AUT [21206990],VEL VIENTO,Velocidad 10 minutal del viento media diaria,2019-05-27 00:00,m/s,1.30729166666735,Preliminar
21206990,TIBAITATA - AUT [21206990],VEL VIENTO,Velocidad 10 minutal del viento media diaria,2019-05-28 00:00,m/s,1.37361111111172,Preliminar
21206990,TIBAITATA - AUT [21206990],VEL VIENTO,Velocidad 10 minutal del viento media diaria,2019-05-29 00:00,m/s,1.42881944444511,Preliminar
21206990,TIBAITATA - AUT [21206990],VEL VIENTO,Velocidad 10 minutal del viento media diaria,2019-05-30 00:00,m/s,1.96875000000158,Preliminar
21206990,TIBAITATA - AUT [21206990],VEL VIENTO,Velocidad 10 minutal del viento media diaria,2019-05-31 00:00,m/s,1.52499999999968,Preliminar
21206990,TIBAITATA - AUT [21206990],VEL VIENTO,Velocidad 10 minutal del viento media diaria,2019-06-01 00:00,m/s,1.24618055555615,Preliminar
21206990,TIBAITATA - AUT [21206990],VEL VIENTO,Velocidad 10 minutal del viento media diaria,2019-06-02 00:00,m/s,1.61041666666776,Preliminar
21206990,TIBAITATA - AUT [21206990],VEL VIENTO,Velocidad 10 minutal del viento media diaria,2019-06-03 00:00,m/s,1.17916666666678,Preliminar
21206990,TIBAITATA - AUT [21206990],VEL VIENTO,Velocidad 10 minutal del viento media diaria,2019-06-04 00:00,m/s,1.98020833333451,Preliminar
21206990,TIBAITATA - AUT [21206990],VEL VIENTO,Velocidad 10 minutal del viento media diaria,2019-06-05 00:00,m/s,2.11250000000163,Preliminar
21206990,TIBAITATA - AUT [21206990],VEL VIENTO,Velocidad 10 minutal del viento media diaria,2019-06-06 00:00,m/s,1.09652777777834,Preliminar
21206990,TIBAITATA - AUT [21206990],VEL VIENTO,Velocidad 10 minutal del viento media diaria,2019-06-07 00:00,m/s,1.69791666666765,Preliminar
21206990,TIBAITATA - AUT [21206990],VEL VIENTO,Velocidad 10 minutal del viento media diaria,2019-06-08 00:00,m/s,1.5065972222231,Preliminar
21206990,TIBAITATA - AUT [21206990],VEL VIENTO,Velocidad 10 minutal del viento media diaria,2019-06-09 00:00,m/s,1.85833333333459,Preliminar
21206990,TIBAITATA - AUT [21206990],VEL VIENTO,Velocidad 10 minutal del viento media diaria,2019-06-10 00:00,m/s,1.71458333333383,Preliminar
21206990,TIBAITATA - AUT [21206990],VEL VIENTO,Velocidad 10 minutal del viento media diaria,2019-06-11 00:00,m/s,1.70763888889,Preliminar
21206990,TIBAITATA - AUT [21206990],VEL VIENTO,Velocidad 10 minutal del viento media diaria,2019-06-12 00:00,m/s,1.47361111111163,Preliminar
21206990,TIBAITATA - AUT [21206990],VEL VIENTO,Velocidad 10 minutal del viento media diaria,2019-06-13 00:00,m/s,1.14097222222273,Preliminar
21206990,TIBAITATA - AUT [21206990],VEL VIENTO,Velocidad 10 minutal del viento media diaria,2019-06-14 00:00,m/s,1.46319444444559,Preliminar
21206990,TIBAITATA - AUT [21206990],VEL VIENTO,Velocidad 10 minutal del viento media diaria,2019-06-15 00:00,m/s,1.48020833333369,Preliminar
21206990,TIBAITATA - AUT [21206990],VEL VIENTO,Velocidad 10 minutal del viento media diaria,2019-06-16 00:00,m/s,2.07881944444589,Preliminar
21206990,TIBAITATA - AUT [21206990],VEL VIENTO,Velocidad 10 minutal del viento media diaria,2019-06-17 00:00,m/s,2.83541666666914,Preliminar
21206990,TIBAITATA - AUT [21206990],VEL VIENTO,Velocidad 10 minutal del viento media diaria,2019-06-18 00:00,m/s,2.49062500000081,Preliminar
21206990,TIBAITATA - AUT [21206990],VEL VIENTO,Velocidad 10 minutal del viento media diaria,2019-06-19 00:00,m/s,2.22465277777919,Preliminar
21206990,TIBAITATA - AUT [21206990],VEL VIENTO,Velocidad 10 minutal del viento media diaria,2019-06-20 00:00,m/s,2.32395833333488,Preliminar
21206990,TIBAITATA - AUT [21206990],VEL VIENTO,Velocidad 10 minutal del viento media diaria,2019-06-21 00:00,m/s,1.87812500000137,Preliminar
21206990,TIBAITATA - AUT [21206990],VEL VIENTO,Velocidad 10 minutal del viento media diaria,2019-06-22 00:00,m/s,1.4704861111119,Preliminar
21206990,TIBAITATA - AUT [21206990],VEL VIENTO,Velocidad 10 minutal del viento media diaria,2019-06-23 00:00,m/s,2.32916666666839,Preliminar
21206990,TIBAITATA - AUT [21206990],VEL VIENTO,Velocidad 10 minutal del viento media diaria,2019-06-24 00:00,m/s,1.34756944444541,Preliminar
21206990,TIBAITATA - AUT [21206990],VEL VIENTO,Velocidad 10 minutal del viento media diaria,2019-06-25 00:00,m/s,1.3888888888894,Preliminar
21206990,TIBAITATA - AUT [21206990],VEL VIENTO,Velocidad 10 minutal del viento media diaria,2019-06-26 00:00,m/s,1.79201388888842,Preliminar
21206990,TIBAITATA - AUT [21206990],VEL VIENTO,Velocidad 10 minutal del viento media diaria,2019-06-27 00:00,m/s,1.94479166666812,Preliminar
21206990,TIBAITATA - AUT [21206990],VEL VIENTO,Velocidad 10 minutal del viento media diaria,2019-06-28 00:00,m/s,1.83715277777906,Preliminar
21206990,TIBAITATA - AUT [21206990],VEL VIENTO,Velocidad 10 minutal del viento media diaria,2019-06-29 00:00,m/s,1.46111111111197,Preliminar
21206990,TIBAITATA - AUT [21206990],VEL VIENTO,Velocidad 10 minutal del viento media diaria,2019-06-30 00:00,m/s,1.30798611111169,Preliminar
21206990,TIBAITATA - AUT [21206990],VEL VIENTO,Velocidad 10 minutal del viento media diaria,2019-07-01 00:00,m/s,1.22569444444521,Preliminar
21206990,TIBAITATA - AUT [21206990],VEL VIENTO,Velocidad 10 minutal del viento media diaria,2019-07-02 00:00,m/s,1.13611111111149,Preliminar
21206990,TIBAITATA - AUT [21206990],VEL VIENTO,Velocidad 10 minutal del viento media diaria,2019-07-03 00:00,m/s,1.16284722222255,Preliminar
21206990,TIBAITATA - AUT [21206990],VEL VIENTO,Velocidad 10 minutal del viento media diaria,2019-07-04 00:00,m/s,2.03541666666788,Preliminar
21206990,TIBAITATA - AUT [21206990],VEL VIENTO,Velocidad 10 minutal del viento media diaria,2019-07-05 00:00,m/s,1.45833333333417,Preliminar
21206990,TIBAITATA - AUT [21206990],VEL VIENTO,Velocidad 10 minutal del viento media diaria,2019-07-06 00:00,m/s,2.59375000000219,Preliminar
21206990,TIBAITATA - AUT [21206990],VEL VIENTO,Velocidad 10 minutal del viento media diaria,2019-07-07 00:00,m/s,1.76006944444581,Preliminar
21206990,TIBAITATA - AUT [21206990],VEL VIENTO,Velocidad 10 minutal del viento media diaria,2019-07-08 00:00,m/s,2.21909722222361,Preliminar
21206990,TIBAITATA - AUT [21206990],VEL VIENTO,Velocidad 10 minutal del viento media diaria,2019-07-09 00:00,m/s,2.07170138889023,Preliminar
21206990,TIBAITATA - AUT [21206990],VEL VIENTO,Velocidad 10 minutal del viento media diaria,2019-07-10 00:00,m/s,2.03333333333487,Preliminar
21206990,TIBAITATA - AUT [21206990],VEL VIENTO,Velocidad 10 minutal del viento media diaria,2019-07-11 00:00,m/s,1.17222222222287,Preliminar
21206990,TIBAITATA - AUT [21206990],VEL VIENTO,Velocidad 10 minutal del viento media diaria,2019-07-12 00:00,m/s,1.89965277777884,Preliminar
21206990,TIBAITATA - AUT [21206990],VEL VIENTO,Velocidad 10 minutal del viento media diaria,2019-07-13 00:00,m/s,1.22222222222266,Preliminar
21206990,TIBAITATA - AUT [21206990],VEL VIENTO,Velocidad 10 minutal del viento media diaria,2019-07-14 00:00,m/s,1.6104166666675,Preliminar
21206990,TIBAITATA - AUT [21206990],VEL VIENTO,Velocidad 10 minutal del viento media diaria,2019-07-15 00:00,m/s,1.90138888888983,Preliminar
21206990,TIBAITATA - AUT [21206990],VEL VIENTO,Velocidad 10 minutal del viento media diaria,2019-07-16 00:00,m/s,1.43298611111154,Preliminar
21206990,TIBAITATA - AUT [21206990],VEL VIENTO,Velocidad 10 minutal del viento media diaria,2019-07-17 00:00,m/s,1.68159722222318,Preliminar
21206990,TIBAITATA - AUT [21206990],VEL VIENTO,Velocidad 10 minutal del viento media diaria,2019-07-18 00:00,m/s,2.42152777777957,Preliminar
21206990,TIBAITATA - AUT [21206990],VEL VIENTO,Velocidad 10 minutal del viento media diaria,2019-07-19 00:00,m/s,1.87569444444542,Preliminar
21206990,TIBAITATA - AUT [21206990],VEL VIENTO,Velocidad 10 minutal del viento media diaria,2019-07-20 00:00,m/s,1.99600694444526,Preliminar
21206990,TIBAITATA - AUT [21206990],VEL VIENTO,Velocidad 10 minutal del viento media diaria,2019-07-21 00:00,m/s,1.76597222222305,Preliminar
21206990,TIBAITATA - AUT [21206990],VEL VIENTO,Velocidad 10 minutal del viento media diaria,2019-07-22 00:00,m/s,1.86875000000082,Preliminar
21206990,TIBAITATA - AUT [21206990],VEL VIENTO,Velocidad 10 minutal del viento media diaria,2019-07-23 00:00,m/s,1.53715277777852,Preliminar
21206990,TIBAITATA - AUT [21206990],VEL VIENTO,Velocidad 10 minutal del viento media diaria,2019-07-24 00:00,m/s,1.65416666666671,Preliminar
21206990,TIBAITATA - AUT [21206990],VEL VIENTO,Velocidad 10 minutal del viento media diaria,2019-07-25 00:00,m/s,1.55486111111184,Preliminar
21206990,TIBAITATA - AUT [21206990],VEL VIENTO,Velocidad 10 minutal del viento media diaria,2019-07-26 00:00,m/s,1.79791666666694,Preliminar
21206990,TIBAITATA - AUT [21206990],VEL VIENTO,Velocidad 10 minutal del viento media diaria,2019-07-27 00:00,m/s,1.58993055555555,Preliminar
21206990,TIBAITATA - AUT [21206990],VEL VIENTO,Velocidad 10 minutal del viento media diaria,2019-07-28 00:00,m/s,2.12465277777896,Preliminar
21206990,TIBAITATA - AUT [21206990],VEL VIENTO,Velocidad 10 minutal del viento media diaria,2019-07-29 00:00,m/s,1.99791666666771,Preliminar
21206990,TIBAITATA - AUT [21206990],VEL VIENTO,Velocidad 10 minutal del viento media diaria,2019-07-30 00:00,m/s,2.2194444444461,Preliminar
21206990,TIBAITATA - AUT [21206990],VEL VIENTO,Velocidad 10 minutal del viento media diaria,2019-07-31 00:00,m/s,2.44722222222351,Preliminar
21206990,TIBAITATA - AUT [21206990],VEL VIENTO,Velocidad 10 minutal del viento media diaria,2019-08-01 00:00,m/s,1.43368055555658,Preliminar
21206990,TIBAITATA - AUT [21206990],VEL VIENTO,Velocidad 10 minutal del viento media diaria,2019-08-02 00:00,m/s,1.19895833333361,Preliminar
21206990,TIBAITATA - AUT [21206990],VEL VIENTO,Velocidad 10 minutal del viento media diaria,2019-08-03 00:00,m/s,2.4156250000003,Preliminar
21206990,TIBAITATA - AUT [21206990],VEL VIENTO,Velocidad 10 minutal del viento media diaria,2019-08-04 00:00,m/s,2.3083333333354,Preliminar
21206990,TIBAITATA - AUT [21206990],VEL VIENTO,Velocidad 10 minutal del viento media diaria,2019-08-05 00:00,m/s,2.57187500000018,Preliminar
21206990,TIBAITATA - AUT [21206990],VEL VIENTO,Velocidad 10 minutal del viento media diaria,2019-08-06 00:00,m/s,2.6388888888908,Preliminar
21206990,TIBAITATA - AUT [21206990],VEL VIENTO,Velocidad 10 minutal del viento media diaria,2019-08-07 00:00,m/s,2.65729166666881,Preliminar
21206990,TIBAITATA - AUT [21206990],VEL VIENTO,Velocidad 10 minutal del viento media diaria,2019-08-08 00:00,m/s,1.83611111111189,Preliminar
21206990,TIBAITATA - AUT [21206990],VEL VIENTO,Velocidad 10 minutal del viento media diaria,2019-08-09 00:00,m/s,2.21736111111289,Preliminar
21206990,TIBAITATA - AUT [21206990],VEL VIENTO,Velocidad 10 minutal del viento media diaria,2019-08-10 00:00,m/s,2.0548611111123,Preliminar
21206990,TIBAITATA - AUT [21206990],VEL VIENTO,Velocidad 10 minutal del viento media diaria,2019-08-11 00:00,m/s,2.37708333333535,Preliminar
21206990,TIBAITATA - AUT [21206990],VEL VIENTO,Velocidad 10 minutal del viento media diaria,2019-08-12 00:00,m/s,1.87395833333474,Preliminar
21206990,TIBAITATA - AUT [21206990],VEL VIENTO,Velocidad 10 minutal del viento media diaria,2019-08-13 00:00,m/s,2.08784722222289,Preliminar
21206990,TIBAITATA - AUT [21206990],VEL VIENTO,Velocidad 10 minutal del viento media diaria,2019-08-14 00:00,m/s,2.30624999999975,Preliminar
21206990,TIBAITATA - AUT [21206990],VEL VIENTO,Velocidad 10 minutal del viento media diaria,2019-08-15 00:00,m/s,2.48854166666841,Preliminar
21206990,TIBAITATA - AUT [21206990],VEL VIENTO,Velocidad 10 minutal del viento media diaria,2019-08-16 00:00,m/s,1.54375000000102,Preliminar
21206990,TIBAITATA - AUT [21206990],VEL VIENTO,Velocidad 10 minutal del viento media diaria,2019-08-17 00:00,m/s,0.890625000000462,Preliminar
21206990,TIBAITATA - AUT [21206990],VEL VIENTO,Velocidad 10 minutal del viento media diaria,2019-08-18 00:00,m/s,1.59340277777887,Preliminar
21206990,TIBAITATA - AUT [21206990],VEL VIENTO,Velocidad 10 minutal del viento media diaria,2019-08-19 00:00,m/s,1.95937500000135,Preliminar
21206990,TIBAITATA - AUT [21206990],VEL VIENTO,Velocidad 10 minutal del viento media diaria,2019-08-20 00:00,m/s,2.18298611111181,Preliminar
21206990,TIBAITATA - AUT [21206990],VEL VIENTO,Velocidad 10 minutal del viento media diaria,2019-08-21 00:00,m/s,2.4541666666687,Preliminar
21206990,TIBAITATA - AUT [21206990],VEL VIENTO,Velocidad 10 minutal del viento media diaria,2019-08-22 00:00,m/s,2.11458333333441,Preliminar
21206990,TIBAITATA - AUT [21206990],VEL VIENTO,Velocidad 10 minutal del viento media diaria,2019-08-23 00:00,m/s,2.43263888889093,Preliminar
21206990,TIBAITATA - AUT [21206990],VEL VIENTO,Velocidad 10 minutal del viento media diaria,2019-08-24 00:00,m/s,2.49236111111292,Preliminar
21206990,TIBAITATA - AUT [21206990],VEL VIENTO,Velocidad 10 minutal del viento media diaria,2019-08-25 00:00,m/s,2.41701388889049,Preliminar
21206990,TIBAITATA - AUT [21206990],VEL VIENTO,Velocidad 10 minutal del viento media diaria,2019-08-26 00:00,m/s,2.29652777777901,Preliminar
21206990,TIBAITATA - AUT [21206990],VEL VIENTO,Velocidad 10 minutal del viento media diaria,2019-08-27 00:00,m/s,2.6916666666678,Preliminar
21206990,TIBAITATA - AUT [21206990],VEL VIENTO,Velocidad 10 minutal del viento media diaria,2019-08-28 00:00,m/s,2.41284722222332,Preliminar
21206990,TIBAITATA - AUT [21206990],VEL VIENTO,Velocidad 10 minutal del viento media diaria,2019-08-29 00:00,m/s,2.41805555555723,Preliminar
21206990,TIBAITATA - AUT [21206990],VEL VIENTO,Velocidad 10 minutal del viento media diaria,2019-08-30 00:00,m/s,1.96840277777883,Preliminar
21206990,TIBAITATA - AUT [21206990],VEL VIENTO,Velocidad 10 minutal del viento media diaria,2019-08-31 00:00,m/s,1.40138888888975,Preliminar
21206990,TIBAITATA - AUT [21206990],VEL VIENTO,Velocidad 10 minutal del viento media diaria,2019-09-01 00:00,m/s,1.55277777777855,Preliminar
21206990,TIBAITATA - AUT [21206990],VEL VIENTO,Velocidad 10 minutal del viento media diaria,2019-09-02 00:00,m/s,1.99965277777954,Preliminar
21206990,TIBAITATA - AUT [21206990],VEL VIENTO,Velocidad 10 minutal del viento media diaria,2019-09-03 00:00,m/s,2.22256944444639,Preliminar
21206990,TIBAITATA - AUT [21206990],VEL VIENTO,Velocidad 10 minutal del viento media diaria,2019-09-04 00:00,m/s,1.67916666666798,Preliminar
21206990,TIBAITATA - AUT [21206990],VEL VIENTO,Velocidad 10 minutal del viento media diaria,2019-09-05 00:00,m/s,1.98402777777822,Preliminar
21206990,TIBAITATA - AUT [21206990],VEL VIENTO,Velocidad 10 minutal del viento media diaria,2019-09-06 00:00,m/s,2.17743055555552,Preliminar
21206990,TIBAITATA - AUT [21206990],VEL VIENTO,Velocidad 10 minutal del viento media diaria,2019-09-07 00:00,m/s,2.55138888889055,Preliminar
21206990,TIBAITATA - AUT [21206990],VEL VIENTO,Velocidad 10 minutal del viento media diaria,2019-09-08 00:00,m/s,1.91909722222342,Preliminar
21206990,TIBAITATA - AUT [21206990],VEL VIENTO,Velocidad 10 minutal del viento media diaria,2019-09-09 00:00,m/s,2.3739583333354,Preliminar
21206990,TIBAITATA - AUT [21206990],VEL VIENTO,Velocidad 10 minutal del viento media diaria,2019-09-10 00:00,m/s,1.31284722222213,Preliminar
21206990,TIBAITATA - AUT [21206990],VEL VIENTO,Velocidad 10 minutal del viento media diaria,2019-09-11 00:00,m/s,1.64270833333371,Preliminar
21206990,TIBAITATA - AUT [21206990],VEL VIENTO,Velocidad 10 minutal del viento media diaria,2019-09-12 00:00,m/s,2.36458333333467,Preliminar
21206990,TIBAITATA - AUT [21206990],VEL VIENTO,Velocidad 10 minutal del viento media diaria,2019-09-13 00:00,m/s,2.11736111111258,Preliminar
21206990,TIBAITATA - AUT [21206990],VEL VIENTO,Velocidad 10 minutal del viento media diaria,2019-09-14 00:00,m/s,2.22986111111266,Preliminar
21206990,TIBAITATA - AUT [21206990],VEL VIENTO,Velocidad 10 minutal del viento media diaria,2019-09-15 00:00,m/s,2.04409722222392,Preliminar
21206990,TIBAITATA - AUT [21206990],VEL VIENTO,Velocidad 10 minutal del viento media diaria,2019-09-16 00:00,m/s,1.50034722222339,Preliminar
21206990,TIBAITATA - AUT [21206990],VEL VIENTO,Velocidad 10 minutal del viento media diaria,2019-09-17 00:00,m/s,1.48437500000117,Preliminar
21206990,TIBAITATA - AUT [21206990],VEL VIENTO,Velocidad 10 minutal del viento media diaria,2019-09-18 00:00,m/s,1.69583333333461,Preliminar
21206990,TIBAITATA - AUT [21206990],VEL VIENTO,Velocidad 10 minutal del viento media diaria,2019-09-19 00:00,m/s,1.44479166666743,Preliminar
21206990,TIBAITATA - AUT [21206990],VEL VIENTO,Velocidad 10 minutal del viento media diaria,2019-09-20 00:00,m/s,1.44503623188427,Preliminar
21206990,TIBAITATA - AUT [21206990],VEL VIENTO,Velocidad 10 minutal del viento media diaria,2019-09-21 00:00,m/s,1.63923611111211,Preliminar
21206990,TIBAITATA - AUT [21206990],VEL VIENTO,Velocidad 10 minutal del viento media diaria,2019-09-22 00:00,m/s,1.550347222223,Preliminar
21206990,TIBAITATA - AUT [21206990],VEL VIENTO,Velocidad 10 minutal del viento media diaria,2019-09-23 00:00,m/s,1.61215277777912,Preliminar
21206990,TIBAITATA - AUT [21206990],VEL VIENTO,Velocidad 10 minutal del viento media diaria,2019-09-24 00:00,m/s,2.27534722222434,Preliminar
21206990,TIBAITATA - AUT [21206990],VEL VIENTO,Velocidad 10 minutal del viento media diaria,2019-09-25 00:00,m/s,2.44756944444481,Preliminar
21206990,TIBAITATA - AUT [21206990],VEL VIENTO,Velocidad 10 minutal del viento media diaria,2019-09-26 00:00,m/s,1.93020833333411,Preliminar
21206990,TIBAITATA - AUT [21206990],VEL VIENTO,Velocidad 10 minutal del viento media diaria,2019-09-27 00:00,m/s,1.26597222222264,Preliminar
21206990,TIBAITATA - AUT [21206990],VEL VIENTO,Velocidad 10 minutal del viento media diaria,2019-09-28 00:00,m/s,1.88923611111236,Preliminar
21206990,TIBAITATA - AUT [21206990],VEL VIENTO,Velocidad 10 minutal del viento media diaria,2019-09-29 00:00,m/s,1.70451388889013,Preliminar
21206990,TIBAITATA - AUT [21206990],VEL VIENTO,Velocidad 10 minutal del viento media diaria,2019-09-30 00:00,m/s,1.77222222222311,Preliminar
21206990,TIBAITATA - AUT [21206990],VEL VIENTO,Velocidad 10 minutal del viento media diaria,2019-10-01 00:00,m/s,1.77812500000083,Preliminar
21206990,TIBAITATA - AUT [21206990],VEL VIENTO,Velocidad 10 minutal del viento media diaria,2019-10-02 00:00,m/s,1.89930555555692,Preliminar
21206990,TIBAITATA - AUT [21206990],VEL VIENTO,Velocidad 10 minutal del viento media diaria,2019-10-03 00:00,m/s,1.42118055555605,Preliminar
21206990,TIBAITATA - AUT [21206990],VEL VIENTO,Velocidad 10 minutal del viento media diaria,2019-10-04 00:00,m/s,1.42222222222242,Preliminar
21206990,TIBAITATA - AUT [21206990],VEL VIENTO,Velocidad 10 minutal del viento media diaria,2019-10-05 00:00,m/s,1.49375000000098,Preliminar
21206990,TIBAITATA - AUT [21206990],VEL VIENTO,Velocidad 10 minutal del viento media diaria,2019-10-06 00:00,m/s,1.73298611111209,Preliminar
21206990,TIBAITATA - AUT [21206990],VEL VIENTO,Velocidad 10 minutal del viento media diaria,2019-10-07 00:00,m/s,1.45972222222335,Preliminar
21206990,TIBAITATA - AUT [21206990],VEL VIENTO,Velocidad 10 minutal del viento media diaria,2019-10-08 00:00,m/s,1.40798611111141,Preliminar
21206990,TIBAITATA - AUT [21206990],VEL VIENTO,Velocidad 10 minutal del viento media diaria,2019-10-09 00:00,m/s,1.97274305555666,Preliminar
21206990,TIBAITATA - AUT [21206990],VEL VIENTO,Velocidad 10 minutal del viento media diaria,2019-10-10 00:00,m/s,1.73645833333424,Preliminar
21206990,TIBAITATA - AUT [21206990],VEL VIENTO,Velocidad 10 minutal del viento media diaria,2019-10-11 00:00,m/s,1.51458333333463,Preliminar
21206990,TIBAITATA - AUT [21206990],VEL VIENTO,Velocidad 10 minutal del viento media diaria,2019-10-12 00:00,m/s,1.83437500000126,Preliminar
21206990,TIBAITATA - AUT [21206990],VEL VIENTO,Velocidad 10 minutal del viento media diaria,2019-10-13 00:00,m/s,2.22326388888999,Preliminar
21206990,TIBAITATA - AUT [21206990],VEL VIENTO,Velocidad 10 minutal del viento media diaria,2019-10-14 00:00,m/s,1.33576388888909,Preliminar
21206990,TIBAITATA - AUT [21206990],VEL VIENTO,Velocidad 10 minutal del viento media diaria,2019-10-15 00:00,m/s,1.36631944444455,Preliminar
21206990,TIBAITATA - AUT [21206990],VEL VIENTO,Velocidad 10 minutal del viento media diaria,2019-10-16 00:00,m/s,1.10364583333378,Preliminar
21206990,TIBAITATA - AUT [21206990],VEL VIENTO,Velocidad 10 minutal del viento media diaria,2019-10-17 00:00,m/s,1.34722222222246,Preliminar
21206990,TIBAITATA - AUT [21206990],VEL VIENTO,Velocidad 10 minutal del viento media diaria,2019-10-18 00:00,m/s,1.66180555555688,Preliminar
21206990,TIBAITATA - AUT [21206990],VEL VIENTO,Velocidad 10 minutal del viento media diaria,2019-10-19 00:00,m/s,1.51006944444445,Preliminar
21206990,TIBAITATA - AUT [21206990],VEL VIENTO,Velocidad 10 minutal del viento media diaria,2019-10-20 00:00,m/s,1.55972222222283,Preliminar
21206990,TIBAITATA - AUT [21206990],VEL VIENTO,Velocidad 10 minutal del viento media diaria,2019-10-21 00:00,m/s,1.67986111111123,Preliminar
21206990,TIBAITATA - AUT [21206990],VEL VIENTO,Velocidad 10 minutal del viento media diaria,2019-10-22 00:00,m/s,1.71736111111227,Preliminar
21206990,TIBAITATA - AUT [21206990],VEL VIENTO,Velocidad 10 minutal del viento media diaria,2019-10-23 00:00,m/s,1.64895833333426,Preliminar
21206990,TIBAITATA - AUT [21206990],VEL VIENTO,Velocidad 10 minutal del viento media diaria,2019-10-24 00:00,m/s,1.54270833333434,Preliminar
21206990,TIBAITATA - AUT [21206990],VEL VIENTO,Velocidad 10 minutal del viento media diaria,2019-10-25 00:00,m/s,1.7069444444445,Preliminar
21206990,TIBAITATA - AUT [21206990],VEL VIENTO,Velocidad 10 minutal del viento media diaria,2019-10-26 00:00,m/s,1.52986111111136,Preliminar
21206990,TIBAITATA - AUT [21206990],VEL VIENTO,Velocidad 10 minutal del viento media diaria,2019-10-27 00:00,m/s,1.38437500000084,Preliminar
21206990,TIBAITATA - AUT [21206990],VEL VIENTO,Velocidad 10 minutal del viento media diaria,2019-10-28 00:00,m/s,1.36631944444497,Preliminar
21206990,TIBAITATA - AUT [21206990],VEL VIENTO,Velocidad 10 minutal del viento media diaria,2019-10-29 00:00,m/s,1.64548611111184,Preliminar
21206990,TIBAITATA - AUT [21206990],VEL VIENTO,Velocidad 10 minutal del viento media diaria,2019-10-30 00:00,m/s,1.67152777777803,Preliminar
21206990,TIBAITATA - AUT [21206990],VEL VIENTO,Velocidad 10 minutal del viento media diaria,2019-10-31 00:00,m/s,1.64618055555593,Preliminar
21206990,TIBAITATA - AUT [21206990],VEL VIENTO,Velocidad 10 minutal del viento media diaria,2019-11-01 00:00,m/s,1.81597222222323,Preliminar
21206990,TIBAITATA - AUT [21206990],VEL VIENTO,Velocidad 10 minutal del viento media diaria,2019-11-02 00:00,m/s,1.36736111111128,Preliminar
21206990,TIBAITATA - AUT [21206990],VEL VIENTO,Velocidad 10 minutal del viento media diaria,2019-11-03 00:00,m/s,1.65034722222286,Preliminar
21206990,TIBAITATA - AUT [21206990],VEL VIENTO,Velocidad 10 minutal del viento media diaria,2019-11-04 00:00,m/s,1.64652777777886,Preliminar
21206990,TIBAITATA - AUT [21206990],VEL VIENTO,Velocidad 10 minutal del viento media diaria,2019-11-05 00:00,m/s,1.47083333333374,Preliminar
21206990,TIBAITATA - AUT [21206990],VEL VIENTO,Velocidad 10 minutal del viento media diaria,2019-11-06 00:00,m/s,1.45729166666676,Preliminar
21206990,TIBAITATA - AUT [21206990],VEL VIENTO,Velocidad 10 minutal del viento media diaria,2019-11-07 00:00,m/s,1.67291666666744,Preliminar
21206990,TIBAITATA - AUT [21206990],VEL VIENTO,Velocidad 10 minutal del viento media diaria,2019-11-08 00:00,m/s,1.53750000000111,Preliminar
21206990,TIBAITATA - AUT [21206990],VEL VIENTO,Velocidad 10 minutal del viento media diaria,2019-11-09 00:00,m/s,1.43402777777875,Preliminar
21206990,TIBAITATA - AUT [21206990],VEL VIENTO,Velocidad 10 minutal del viento media diaria,2019-11-10 00:00,m/s,1.65937500000137,Preliminar
21206990,TIBAITATA - AUT [21206990],VEL VIENTO,Velocidad 10 minutal del viento media diaria,2019-11-11 00:00,m/s,1.52847222222047,Preliminar
21206990,TIBAITATA - AUT [21206990],VEL VIENTO,Velocidad 10 minutal del viento media diaria,2019-11-12 00:00,m/s,1.44513888888849,Preliminar
21206990,TIBAITATA - AUT [21206990],VEL VIENTO,Velocidad 10 minutal del viento media diaria,2019-11-13 00:00,m/s,1.43194444444512,Preliminar
21206990,TIBAITATA - AUT [21206990],VEL VIENTO,Velocidad 10 minutal del viento media diaria,2019-11-14 00:00,m/s,1.7986111111127,Preliminar
21206990,TIBAITATA - AUT [21206990],VEL VIENTO,Velocidad 10 minutal del viento media diaria,2019-11-15 00:00,m/s,1.77916666666597,Preliminar
21206990,TIBAITATA - AUT [21206990],VEL VIENTO,Velocidad 10 minutal del viento media diaria,2019-11-16 00:00,m/s,1.88611111111247,Preliminar
21206990,TIBAITATA - AUT [21206990],VEL VIENTO,Velocidad 10 minutal del viento media diaria,2019-11-17 00:00,m/s,1.88402777777927,Preliminar
21206990,TIBAITATA - AUT [21206990],VEL VIENTO,Velocidad 10 minutal del viento media diaria,2019-11-18 00:00,m/s,2.06423611111233,Preliminar
21206990,TIBAITATA - AUT [21206990],VEL VIENTO,Velocidad 10 minutal del viento media diaria,2019-11-19 00:00,m/s,2.01423611111216,Preliminar
21206990,TIBAITATA - AUT [21206990],VEL VIENTO,Velocidad 10 minutal del viento media diaria,2019-11-20 00:00,m/s,1.91701388889054,Preliminar
21206990,TIBAITATA - AUT [21206990],VEL VIENTO,Velocidad 10 minutal del viento media diaria,2019-11-21 00:00,m/s,1.78750000000151,Preliminar
21206990,TIBAITATA - AUT [21206990],VEL VIENTO,Velocidad 10 minutal del viento media diaria,2019-11-22 00:00,m/s,1.51145833333394,Preliminar
21206990,TIBAITATA - AUT [21206990],VEL VIENTO,Velocidad 10 minutal del viento media diaria,2019-11-23 00:00,m/s,1.88888888889001,Preliminar
21206990,TIBAITATA - AUT [21206990],VEL VIENTO,Velocidad 10 minutal del viento media diaria,2019-11-24 00:00,m/s,1.22118055555609,Preliminar
21206990,TIBAITATA - AUT [21206990],VEL VIENTO,Velocidad 10 minutal del viento media diaria,2019-11-25 00:00,m/s,1.48194444444471,Preliminar
21206990,TIBAITATA - AUT [21206990],VEL VIENTO,Velocidad 10 minutal del viento media diaria,2019-11-26 00:00,m/s,1.47847222222273,Preliminar
21206990,TIBAITATA - AUT [21206990],VEL VIENTO,Velocidad 10 minutal del viento media diaria,2019-11-27 00:00,m/s,1.25694444444533,Preliminar
21206990,TIBAITATA - AUT [21206990],VEL VIENTO,Velocidad 10 minutal del viento media diaria,2019-11-28 00:00,m/s,1.75416666666793,Preliminar
21206990,TIBAITATA - AUT [21206990],VEL VIENTO,Velocidad 10 minutal del viento media diaria,2019-11-29 00:00,m/s,2.01145833333454,Preliminar
21206990,TIBAITATA - AUT [21206990],VEL VIENTO,Velocidad 10 minutal del viento media diaria,2019-11-30 00:00,m/s,2.05243055555659,Preliminar
21206990,TIBAITATA - AUT [21206990],VEL VIENTO,Velocidad 10 minutal del viento media diaria,2019-12-01 00:00,m/s,1.52222222222291,Preliminar
21206990,TIBAITATA - AUT [21206990],VEL VIENTO,Velocidad 10 minutal del viento media diaria,2019-12-02 00:00,m/s,1.59166666666702,Preliminar
21206990,TIBAITATA - AUT [21206990],VEL VIENTO,Velocidad 10 minutal del viento media diaria,2019-12-03 00:00,m/s,1.58229166666753,Preliminar
21206990,TIBAITATA - AUT [21206990],VEL VIENTO,Velocidad 10 minutal del viento media diaria,2019-12-04 00:00,m/s,1.44305555555648,Preliminar
21206990,TIBAITATA - AUT [21206990],VEL VIENTO,Velocidad 10 minutal del viento media diaria,2019-12-05 00:00,m/s,1.35798611111196,Preliminar
21206990,TIBAITATA - AUT [21206990],VEL VIENTO,Velocidad 10 minutal del viento media diaria,2019-12-06 00:00,m/s,1.59965277777878,Preliminar
21206990,TIBAITATA - AUT [21206990],VEL VIENTO,Velocidad 10 minutal del viento media diaria,2019-12-07 00:00,m/s,1.77673611111158,Preliminar
21206990,TIBAITATA - AUT [21206990],VEL VIENTO,Velocidad 10 minutal del viento media diaria,2019-12-08 00:00,m/s,1.60451388888964,Preliminar
21206990,TIBAITATA - AUT [21206990],VEL VIENTO,Velocidad 10 minutal del viento media diaria,2019-12-09 00:00,m/s,1.85416666666723,Preliminar
21206990,TIBAITATA - AUT [21206990],VEL VIENTO,Velocidad 10 minutal del viento media diaria,2019-12-10 00:00,m/s,1.39930555555634,Preliminar
21206990,TIBAITATA - AUT [21206990],VEL VIENTO,Velocidad 10 minutal del viento media diaria,2019-12-11 00:00,m/s,1.880902777779,Preliminar
21206990,TIBAITATA - AUT [21206990],VEL VIENTO,Velocidad 10 minutal del viento media diaria,2019-12-12 00:00,m/s,1.84965277777886,Preliminar
21206990,TIBAITATA - AUT [21206990],VEL VIENTO,Velocidad 10 minutal del viento media diaria,2019-12-13 00:00,m/s,1.87534722222364,Preliminar
21206990,TIBAITATA - AUT [21206990],VEL VIENTO,Velocidad 10 minutal del viento media diaria,2019-12-14 00:00,m/s,1.16215277777837,Preliminar
21206990,TIBAITATA - AUT [21206990],VEL VIENTO,Velocidad 10 minutal del viento media diaria,2019-12-15 00:00,m/s,1.13680555555583,Preliminar
21206990,TIBAITATA - AUT [21206990],VEL VIENTO,Velocidad 10 minutal del viento media diaria,2019-12-16 00:00,m/s,1.51180555555645,Preliminar
21206990,TIBAITATA - AUT [21206990],VEL VIENTO,Velocidad 10 minutal del viento media diaria,2019-12-17 00:00,m/s,1.48263888888931,Preliminar
21206990,TIBAITATA - AUT [21206990],VEL VIENTO,Velocidad 10 minutal del viento media diaria,2019-12-18 00:00,m/s,1.52500000000055,Preliminar
21206990,TIBAITATA - AUT [21206990],VEL VIENTO,Velocidad 10 minutal del viento media diaria,2019-12-19 00:00,m/s,1.58854166666712,Preliminar
21206990,TIBAITATA - AUT [21206990],VEL VIENTO,Velocidad 10 minutal del viento media diaria,2019-12-20 00:00,m/s,1.54618055555559,Preliminar
21206990,TIBAITATA - AUT [21206990],VEL VIENTO,Velocidad 10 minutal del viento media diaria,2019-12-21 00:00,m/s,1.9746527777783,Preliminar
21206990,TIBAITATA - AUT [21206990],VEL VIENTO,Velocidad 10 minutal del viento media diaria,2019-12-22 00:00,m/s,1.52048611111169,Preliminar
21206990,TIBAITATA - AUT [21206990],VEL VIENTO,Velocidad 10 minutal del viento media diaria,2019-12-23 00:00,m/s,1.61041666666608,Preliminar
21206990,TIBAITATA - AUT [21206990],VEL VIENTO,Velocidad 10 minutal del viento media diaria,2019-12-24 00:00,m/s,1.64131944444482,Preliminar
21206990,TIBAITATA - AUT [21206990],VEL VIENTO,Velocidad 10 minutal del viento media diaria,2019-12-25 00:00,m/s,1.48055555555584,Preliminar
21206990,TIBAITATA - AUT [21206990],VEL VIENTO,Velocidad 10 minutal del viento media diaria,2019-12-26 00:00,m/s,1.8034722222235,Preliminar
21206990,TIBAITATA - AUT [21206990],VEL VIENTO,Velocidad 10 minutal del viento media diaria,2019-12-27 00:00,m/s,1.31631944444484,Preliminar
21206990,TIBAITATA - AUT [21206990],VEL VIENTO,Velocidad 10 minutal del viento media diaria,2019-12-28 00:00,m/s,1.31979166666754,Preliminar
21206990,TIBAITATA - AUT [21206990],VEL VIENTO,Velocidad 10 minutal del viento media diaria,2019-12-29 00:00,m/s,1.75347222222325,Preliminar
21206990,TIBAITATA - AUT [21206990],VEL VIENTO,Velocidad 10 minutal del viento media diaria,2019-12-30 00:00,m/s,1.86944444444596,Preliminar
21206990,TIBAITATA - AUT [21206990],VEL VIENTO,Velocidad 10 minutal del viento media diaria,2019-12-31 00:00,m/s,2.05208333333443,Preliminar
21206990,TIBAITATA - AUT [21206990],VEL VIENTO,Velocidad 10 minutal del viento media diaria,2020-01-01 00:00,m/s,2.08680555555497,Preliminar
21206990,TIBAITATA - AUT [21206990],VEL VIENTO,Velocidad 10 minutal del viento media diaria,2020-01-02 00:00,m/s,2.14097222222381,Preliminar
21206990,TIBAITATA - AUT [21206990],VEL VIENTO,Velocidad 10 minutal del viento media diaria,2020-01-03 00:00,m/s,1.93263888889012,Preliminar
21206990,TIBAITATA - AUT [21206990],VEL VIENTO,Velocidad 10 minutal del viento media diaria,2020-01-04 00:00,m/s,1.88750000000128,Preliminar
21206990,TIBAITATA - AUT [21206990],VEL VIENTO,Velocidad 10 minutal del viento media diaria,2020-01-05 00:00,m/s,2.166319444446,Preliminar
21206990,TIBAITATA - AUT [21206990],VEL VIENTO,Velocidad 10 minutal del viento media diaria,2020-01-06 00:00,m/s,1.96354166666789,Preliminar
21206990,TIBAITATA - AUT [21206990],VEL VIENTO,Velocidad 10 minutal del viento media diaria,2020-01-07 00:00,m/s,1.77361111111197,Preliminar
21206990,TIBAITATA - AUT [21206990],VEL VIENTO,Velocidad 10 minutal del viento media diaria,2020-01-08 00:00,m/s,1.81527777777872,Preliminar
21206990,TIBAITATA - AUT [21206990],VEL VIENTO,Velocidad 10 minutal del viento media diaria,2020-01-09 00:00,m/s,1.61597222222276,Preliminar
21206990,TIBAITATA - AUT [21206990],VEL VIENTO,Velocidad 10 minutal del viento media diaria,2020-01-10 00:00,m/s,2.63645833333437,Preliminar
21206990,TIBAITATA - AUT [21206990],VEL VIENTO,Velocidad 10 minutal del viento media diaria,2020-01-11 00:00,m/s,1.74930555555567,Preliminar
21206990,TIBAITATA - AUT [21206990],VEL VIENTO,Velocidad 10 minutal del viento media diaria,2020-01-12 00:00,m/s,1.89756944444565,Preliminar
21206990,TIBAITATA - AUT [21206990],VEL VIENTO,Velocidad 10 minutal del viento media diaria,2020-01-13 00:00,m/s,2.26736111111275,Preliminar
21206990,TIBAITATA - AUT [21206990],VEL VIENTO,Velocidad 10 minutal del viento media diaria,2020-01-14 00:00,m/s,2.18333333333473,Preliminar
21206990,TIBAITATA - AUT [21206990],VEL VIENTO,Velocidad 10 minutal del viento media diaria,2020-01-15 00:00,m/s,2.36180555555698,Preliminar
21206990,TIBAITATA - AUT [21206990],VEL VIENTO,Velocidad 10 minutal del viento media diaria,2020-01-16 00:00,m/s,1.68159722222245,Preliminar
21206990,TIBAITATA - AUT [21206990],VEL VIENTO,Velocidad 10 minutal del viento media diaria,2020-01-17 00:00,m/s,1.92187500000111,Preliminar
21206990,TIBAITATA - AUT [21206990],VEL VIENTO,Velocidad 10 minutal del viento media diaria,2020-01-18 00:00,m/s,1.26597222222265,Preliminar
21206990,TIBAITATA - AUT [21206990],VEL VIENTO,Velocidad 10 minutal del viento media diaria,2020-01-19 00:00,m/s,1.47326388888928,Preliminar
21206990,TIBAITATA - AUT [21206990],VEL VIENTO,Velocidad 10 minutal del viento media diaria,2020-01-20 00:00,m/s,1.90416666666831,Preliminar
21206990,TIBAITATA - AUT [21206990],VEL VIENTO,Velocidad 10 minutal del viento media diaria,2020-01-21 00:00,m/s,1.51805555555659,Preliminar
21206990,TIBAITATA - AUT [21206990],VEL VIENTO,Velocidad 10 minutal del viento media diaria,2020-01-22 00:00,m/s,1.77604166666761,Preliminar
21206990,TIBAITATA - AUT [21206990],VEL VIENTO,Velocidad 10 minutal del viento media diaria,2020-01-23 00:00,m/s,2.06354166666784,Preliminar
21206990,TIBAITATA - AUT [21206990],VEL VIENTO,Velocidad 10 minutal del viento media diaria,2020-01-24 00:00,m/s,1.7649305555567,Preliminar
21206990,TIBAITATA - AUT [21206990],VEL VIENTO,Velocidad 10 minutal del viento media diaria,2020-01-25 00:00,m/s,1.96319444444579,Preliminar
21206990,TIBAITATA - AUT [21206990],VEL VIENTO,Velocidad 10 minutal del viento media diaria,2020-01-26 00:00,m/s,2.1107638888901,Preliminar
21206990,TIBAITATA - AUT [21206990],VEL VIENTO,Velocidad 10 minutal del viento media diaria,2020-01-27 00:00,m/s,1.8965277777791,Preliminar
21206990,TIBAITATA - AUT [21206990],VEL VIENTO,Velocidad 10 minutal del viento media diaria,2020-01-28 00:00,m/s,1.86527777777916,Preliminar
21206990,TIBAITATA - AUT [21206990],VEL VIENTO,Velocidad 10 minutal del viento media diaria,2020-01-29 00:00,m/s,2.26423611111171,Preliminar
21206990,TIBAITATA - AUT [21206990],VEL VIENTO,Velocidad 10 minutal del viento media diaria,2020-01-30 00:00,m/s,1.76701388889016,Preliminar
21206990,TIBAITATA - AUT [21206990],VEL VIENTO,Velocidad 10 minutal del viento media diaria,2020-01-31 00:00,m/s,1.87256944444568,Preliminar
21206990,TIBAITATA - AUT [21206990],VEL VIENTO,Velocidad 10 minutal del viento media diaria,2020-02-01 00:00,m/s,1.21006944444505,Preliminar
21206990,TIBAITATA - AUT [21206990],VEL VIENTO,Velocidad 10 minutal del viento media diaria,2020-02-02 00:00,m/s,1.7104166666669,Preliminar
21206990,TIBAITATA - AUT [21206990],VEL VIENTO,Velocidad 10 minutal del viento media diaria,2020-02-03 00:00,m/s,1.96770833333495,Preliminar
21206990,TIBAITATA - AUT [21206990],VEL VIENTO,Velocidad 10 minutal del viento media diaria,2020-02-04 00:00,m/s,1.62256944444484,Preliminar
21206990,TIBAITATA - AUT [21206990],VEL VIENTO,Velocidad 10 minutal del viento media diaria,2020-02-05 00:00,m/s,1.651736111112,Preliminar
21206990,TIBAITATA - AUT [21206990],VEL VIENTO,Velocidad 10 minutal del viento media diaria,2020-02-06 00:00,m/s,1.97361111111188,Preliminar
21206990,TIBAITATA - AUT [21206990],VEL VIENTO,Velocidad 10 minutal del viento media diaria,2020-02-07 00:00,m/s,1.93333333333482,Preliminar
21206990,TIBAITATA - AUT [21206990],VEL VIENTO,Velocidad 10 minutal del viento media diaria,2020-02-08 00:00,m/s,2.11180555555718,Preliminar
21206990,TIBAITATA - AUT [21206990],VEL VIENTO,Velocidad 10 minutal del viento media diaria,2020-02-09 00:00,m/s,2.08958333333406,Preliminar
21206990,TIBAITATA - AUT [21206990],VEL VIENTO,Velocidad 10 minutal del viento media diaria,2020-02-10 00:00,m/s,2.16354166666798,Preliminar
21206990,TIBAITATA - AUT [21206990],VEL VIENTO,Velocidad 10 minutal del viento media diaria,2020-02-11 00:00,m/s,2.26666666666831,Preliminar
21206990,TIBAITATA - AUT [21206990],VEL VIENTO,Velocidad 10 minutal del viento media diaria,2020-02-12 00:00,m/s,1.93923611111166,Preliminar
21206990,TIBAITATA - AUT [21206990],VEL VIENTO,Velocidad 10 minutal del viento media diaria,2020-02-13 00:00,m/s,1.874652777779,Preliminar
21206990,TIBAITATA - AUT [21206990],VEL VIENTO,Velocidad 10 minutal del viento media diaria,2020-02-14 00:00,m/s,1.96319444444578,Preliminar
21206990,TIBAITATA - AUT [21206990],VEL VIENTO,Velocidad 10 minutal del viento media diaria,2020-02-15 00:00,m/s,2.31666666666822,Preliminar
21206990,TIBAITATA - AUT [21206990],VEL VIENTO,Velocidad 10 minutal del viento media diaria,2020-02-16 00:00,m/s,2.09062500000149,Preliminar
21206990,TIBAITATA - AUT [21206990],VEL VIENTO,Velocidad 10 minutal del viento media diaria,2020-02-17 00:00,m/s,1.49791666666684,Preliminar
21206990,TIBAITATA - AUT [21206990],VEL VIENTO,Velocidad 10 minutal del viento media diaria,2020-02-18 00:00,m/s,1.86145833333413,Preliminar
21206990,TIBAITATA - AUT [21206990],VEL VIENTO,Velocidad 10 minutal del viento media diaria,2020-02-19 00:00,m/s,1.33888888888944,Preliminar
21206990,TIBAITATA - AUT [21206990],VEL VIENTO,Velocidad 10 minutal del viento media diaria,2020-02-20 00:00,m/s,2.04861111111299,Preliminar
21206990,TIBAITATA - AUT [21206990],VEL VIENTO,Velocidad 10 minutal del viento media diaria,2020-02-21 00:00,m/s,1.96354166666805,Preliminar
21206990,TIBAITATA - AUT [21206990],VEL VIENTO,Velocidad 10 minutal del viento media diaria,2020-02-22 00:00,m/s,1.69201388889008,Preliminar
21206990,TIBAITATA - AUT [21206990],VEL VIENTO,Velocidad 10 minutal del viento media diaria,2020-02-23 00:00,m/s,1.34618055555587,Preliminar
21206990,TIBAITATA - AUT [21206990],VEL VIENTO,Velocidad 10 minutal del viento media diaria,2020-02-24 00:00,m/s,1.47986111111153,Preliminar
21206990,TIBAITATA - AUT [21206990],VEL VIENTO,Velocidad 10 minutal del viento media diaria,2020-02-25 00:00,m/s,1.91319444444424,Preliminar
21206990,TIBAITATA - AUT [21206990],VEL VIENTO,Velocidad 10 minutal del viento media diaria,2020-02-26 00:00,m/s,2.46631944444553,Preliminar
21206990,TIBAITATA - AUT [21206990],VEL VIENTO,Velocidad 10 minutal del viento media diaria,2020-02-27 00:00,m/s,2.31006944444538,Preliminar
21206990,TIBAITATA - AUT [21206990],VEL VIENTO,Velocidad 10 minutal del viento media diaria,2020-02-28 00:00,m/s,1.84687500000151,Preliminar
21206990,TIBAITATA - AUT [21206990],VEL VIENTO,Velocidad 10 minutal del viento media diaria,2020-02-29 00:00,m/s,1.72777777777865,Preliminar
21206990,TIBAITATA - AUT [21206990],VEL VIENTO,Velocidad 10 minutal del viento media diaria,2020-03-01 00:00,m/s,2.30972222222378,Preliminar
21206990,TIBAITATA - AUT [21206990],VEL VIENTO,Velocidad 10 minutal del viento media diaria,2020-03-02 00:00,m/s,1.90902777777921,Preliminar
21206990,TIBAITATA - AUT [21206990],VEL VIENTO,Velocidad 10 minutal del viento media diaria,2020-03-03 00:00,m/s,1.78958333333483,Preliminar
21206990,TIBAITATA - AUT [21206990],VEL VIENTO,Velocidad 10 minutal del viento media diaria,2020-03-04 00:00,m/s,1.84548611111239,Preliminar
21206990,TIBAITATA - AUT [21206990],VEL VIENTO,Velocidad 10 minutal del viento media diaria,2020-03-05 00:00,m/s,1.99131944444556,Preliminar
21206990,TIBAITATA - AUT [21206990],VEL VIENTO,Velocidad 10 minutal del viento media diaria,2020-03-06 00:00,m/s,1.84479166666756,Preliminar
21206990,TIBAITATA - AUT [21206990],VEL VIENTO,Velocidad 10 minutal del viento media diaria,2020-03-07 00:00,m/s,2.05173611111173,Preliminar
21206990,TIBAITATA - AUT [21206990],VEL VIENTO,Velocidad 10 minutal del viento media diaria,2020-03-08 00:00,m/s,2.14930555555705,Preliminar
21206990,TIBAITATA - AUT [21206990],VEL VIENTO,Velocidad 10 minutal del viento media diaria,2020-03-09 00:00,m/s,2.03576388889007,Preliminar
21206990,TIBAITATA - AUT [21206990],VEL VIENTO,Velocidad 10 minutal del viento media diaria,2020-03-10 00:00,m/s,2.12569444444619,Preliminar
21206990,TIBAITATA - AUT [21206990],VEL VIENTO,Velocidad 10 minutal del viento media diaria,2020-03-11 00:00,m/s,2.37604166666837,Preliminar
21206990,TIBAITATA - AUT [21206990],VEL VIENTO,Velocidad 10 minutal del viento media diaria,2020-03-12 00:00,m/s,1.92222222222362,Preliminar
21206990,TIBAITATA - AUT [21206990],VEL VIENTO,Velocidad 10 minutal del viento media diaria,2020-03-13 00:00,m/s,2.30659722222308,Preliminar
21206990,TIBAITATA - AUT [21206990],VEL VIENTO,Velocidad 10 minutal del viento media diaria,2020-03-14 00:00,m/s,2.00868055555607,Preliminar
21206990,TIBAITATA - AUT [21206990],VEL VIENTO,Velocidad 10 minutal del viento media diaria,2020-03-15 00:00,m/s,2.39791666666667,Preliminar
21206990,TIBAITATA - AUT [21206990],VEL VIENTO,Velocidad 10 minutal del viento media diaria,2020-03-16 00:00,m/s,2.02708333333398,Preliminar
21206990,TIBAITATA - AUT [21206990],VEL VIENTO,Velocidad 10 minutal del viento media diaria,2020-03-17 00:00,m/s,2.31666666666744,Preliminar
21206990,TIBAITATA - AUT [21206990],VEL VIENTO,Velocidad 10 minutal del viento media diaria,2020-03-18 00:00,m/s,2.1312500000014,Preliminar
21206990,TIBAITATA - AUT [21206990],VEL VIENTO,Velocidad 10 minutal del viento media diaria,2020-03-19 00:00,m/s,2.19895833333377,Preliminar
21206990,TIBAITATA - AUT [21206990],VEL VIENTO,Velocidad 10 minutal del viento media diaria,2020-03-20 00:00,m/s,2.87569444444473,Preliminar
21206990,TIBAITATA - AUT [21206990],VEL VIENTO,Velocidad 10 minutal del viento media diaria,2020-03-21 00:00,m/s,1.92569444444547,Preliminar
21206990,TIBAITATA - AUT [21206990],VEL VIENTO,Velocidad 10 minutal del viento media diaria,2020-03-22 00:00,m/s,2.12326388889016,Preliminar
21206990,TIBAITATA - AUT [21206990],VEL VIENTO,Velocidad 10 minutal del viento media diaria,2020-03-23 00:00,m/s,1.5888888888897,Preliminar
21206990,TIBAITATA - AUT [21206990],VEL VIENTO,Velocidad 10 minutal del viento media diaria,2020-03-24 00:00,m/s,1.33923611111188,Preliminar
21206990,TIBAITATA - AUT [21206990],VEL VIENTO,Velocidad 10 minutal del viento media diaria,2020-03-25 00:00,m/s,1.32395833333387,Preliminar
21206990,TIBAITATA - AUT [21206990],VEL VIENTO,Velocidad 10 minutal del viento media diaria,2020-03-26 00:00,m/s,2.1333333333352,Preliminar
21206990,TIBAITATA - AUT [21206990],VEL VIENTO,Velocidad 10 minutal del viento media diaria,2020-03-27 00:00,m/s,2.23993055555631,Preliminar
21206990,TIBAITATA - AUT [21206990],VEL VIENTO,Velocidad 10 minutal del viento media diaria,2020-03-28 00:00,m/s,1.82235507246495,Preliminar
21206990,TIBAITATA - AUT [21206990],VEL VIENTO,Velocidad 10 minutal del viento media diaria,2020-03-29 00:00,m/s,2.17858333333518,Preliminar
21206990,TIBAITATA - AUT [21206990],VEL VIENTO,Velocidad 10 minutal del viento media diaria,2020-03-30 00:00,m/s,1.29236111111131,Preliminar
21206990,TIBAITATA - AUT [21206990],VEL VIENTO,Velocidad 10 minutal del viento media diaria,2020-04-01 00:00,m/s,1.48020833333444,Preliminar
21206990,TIBAITATA - AUT [21206990],VEL VIENTO,Velocidad 10 minutal del viento media diaria,2020-04-02 00:00,m/s,1.93587301587358,Preliminar
21206990,TIBAITATA - AUT [21206990],VEL VIENTO,Velocidad 10 minutal del viento media diaria,2020-04-03 00:00,m/s,2.18550000000161,Preliminar
21206990,TIBAITATA - AUT [21206990],VEL VIENTO,Velocidad 10 minutal del viento media diaria,2020-04-05 00:00,m/s,1.61862745098181,Preliminar
21206990,TIBAITATA - AUT [21206990],VEL VIENTO,Velocidad 10 minutal del viento media diaria,2020-04-09 00:00,m/s,2.25049019608088,Preliminar
21206990,TIBAITATA - AUT [21206990],VEL VIENTO,Velocidad 10 minutal del viento media diaria,2020-04-10 00:00,m/s,1.68225,Preliminar
21206990,TIBAITATA - AUT [21206990],VEL VIENTO,Velocidad 10 minutal del viento media diaria,2020-04-11 00:00,m/s,1.90441176470484,Preliminar
21206990,TIBAITATA - AUT [21206990],VEL VIENTO,Velocidad 10 minutal del viento media diaria,2020-04-12 00:00,m/s,1.59019607843186,Preliminar
21206990,TIBAITATA - AUT [21206990],VEL VIENTO,Velocidad 10 minutal del viento media diaria,2020-04-13 00:00,m/s,2.86388888888993,Preliminar
21206990,TIBAITATA - AUT [21206990],VEL VIENTO,Velocidad 10 minutal del viento media diaria,2020-04-14 00:00,m/s,2.75108333333563,Preliminar
21206990,TIBAITATA - AUT [21206990],VEL VIENTO,Velocidad 10 minutal del viento media diaria,2020-04-15 00:00,m/s,2.24500000000196,Preliminar
21206990,TIBAITATA - AUT [21206990],VEL VIENTO,Velocidad 10 minutal del viento media diaria,2020-04-16 00:00,m/s,2.08958333333463,Preliminar
21206990,TIBAITATA - AUT [21206990],VEL VIENTO,Velocidad 10 minutal del viento media diaria,2020-04-17 00:00,m/s,1.69503787878888,Preliminar
21206990,TIBAITATA - AUT [21206990],VEL VIENTO,Velocidad 10 minutal del viento media diaria,2020-04-18 00:00,m/s,1.92598484848621,Preliminar
21206990,TIBAITATA - AUT [21206990],VEL VIENTO,Velocidad 10 minutal del viento media diaria,2020-04-19 00:00,m/s,1.93310606060771,Preliminar
21206990,TIBAITATA - AUT [21206990],VEL VIENTO,Velocidad 10 minutal del viento media diaria,2020-04-20 00:00,m/s,1.90833333333443,Preliminar
21206990,TIBAITATA - AUT [21206990],VEL VIENTO,Velocidad 10 minutal del viento media diaria,2020-04-21 00:00,m/s,1.38993055555577,Preliminar
21206990,TIBAITATA - AUT [21206990],VEL VIENTO,Velocidad 10 minutal del viento media diaria,2020-04-22 00:00,m/s,1.56200757575885,Preliminar
21206990,TIBAITATA - AUT [21206990],VEL VIENTO,Velocidad 10 minutal del viento media diaria,2020-04-23 00:00,m/s,1.36558333333375,Preliminar
21206990,TIBAITATA - AUT [21206990],VEL VIENTO,Velocidad 10 minutal del viento media diaria,2020-04-24 00:00,m/s,1.97366666666845,Preliminar
21206990,TIBAITATA - AUT [21206990],VEL VIENTO,Velocidad 10 minutal del viento media diaria,2020-04-25 00:00,m/s,1.84318840579803,Preliminar
21206990,TIBAITATA - AUT [21206990],VEL VIENTO,Velocidad 10 minutal del viento media diaria,2020-04-26 00:00,m/s,2.08229166666771,Preliminar
21206990,TIBAITATA - AUT [21206990],VEL VIENTO,Velocidad 10 minutal del viento media diaria,2020-04-27 00:00,m/s,1.60520833333409,Preliminar
21206990,TIBAITATA - AUT [21206990],VEL VIENTO,Velocidad 10 minutal del viento media diaria,2020-04-28 00:00,m/s,2.23052631579171,Preliminar
21206990,TIBAITATA - AUT [21206990],VEL VIENTO,Velocidad 10 minutal del viento media diaria,2020-04-29 00:00,m/s,1.5578125,Preliminar
21206990,TIBAITATA - AUT [21206990],VEL VIENTO,Velocidad 10 minutal del viento media diaria,2020-04-30 00:00,m/s,1.75245098039337,Preliminar
21206990,TIBAITATA - AUT [21206990],VEL VIENTO,Velocidad 10 minutal del viento media diaria,2020-05-01 00:00,m/s,1.82916666666842,Preliminar
21206990,TIBAITATA - AUT [21206990],VEL VIENTO,Velocidad 10 minutal del viento media diaria,2020-05-02 00:00,m/s,1.60785714285783,Preliminar
21206990,TIBAITATA - AUT [21206990],VEL VIENTO,Velocidad 10 minutal del viento media diaria,2020-05-03 00:00,m/s,1.08083333333409,Preliminar
21206990,TIBAITATA - AUT [21206990],VEL VIENTO,Velocidad 10 minutal del viento media diaria,2020-05-04 00:00,m/s,1.4556521739132,Preliminar
21206990,TIBAITATA - AUT [21206990],VEL VIENTO,Velocidad 10 minutal del viento media diaria,2020-05-06 00:00,m/s,1.98970588235309,Preliminar
21206990,TIBAITATA - AUT [21206990],VEL VIENTO,Velocidad 10 minutal del viento media diaria,2020-05-08 00:00,m/s,1.51458333333449,Preliminar
21206990,TIBAITATA - AUT [21206990],VEL VIENTO,Velocidad 10 minutal del viento media diaria,2020-05-12 00:00,m/s,1.62598039215799,Preliminar
21206990,TIBAITATA - AUT [21206990],VEL VIENTO,Velocidad 10 minutal del viento media diaria,2020-05-14 00:00,m/s,1.39852941176508,Preliminar
21206990,TIBAITATA - AUT [21206990],VEL VIENTO,Velocidad 10 minutal del viento media diaria,2020-05-15 00:00,m/s,1.37356060606061,Preliminar
21206990,TIBAITATA - AUT [21206990],VEL VIENTO,Velocidad 10 minutal del viento media diaria,2020-05-16 00:00,m/s,2.18186274510011,Preliminar
21206990,TIBAITATA - AUT [21206990],VEL VIENTO,Velocidad 10 minutal del viento media diaria,2020-05-18 00:00,m/s,2.06406250000147,Preliminar
21206990,TIBAITATA - AUT [21206990],VEL VIENTO,Velocidad 10 minutal del viento media diaria,2020-05-20 00:00,m/s,1.3101960784324,Preliminar
21206990,TIBAITATA - AUT [21206990],VEL VIENTO,Velocidad 10 minutal del viento media diaria,2020-05-22 00:00,m/s,1.79401960784386,Preliminar
21206990,TIBAITATA - AUT [21206990],VEL VIENTO,Velocidad 10 minutal del viento media diaria,2020-05-23 00:00,m/s,1.63718253968297,Preliminar
21206990,TIBAITATA - AUT [21206990],VEL VIENTO,Velocidad 10 minutal del viento media diaria,2020-05-25 00:00,m/s,2.40490196078698,Preliminar
21206990,TIBAITATA - AUT [21206990],VEL VIENTO,Velocidad 10 minutal del viento media diaria,2020-05-27 00:00,m/s,2.44333333333333,Preliminar
21206990,TIBAITATA - AUT [21206990],VEL VIENTO,Velocidad 10 minutal del viento media diaria,2020-05-28 00:00,m/s,1.6481250000013,Preliminar
21206990,TIBAITATA - AUT [21206990],VEL VIENTO,Velocidad 10 minutal del viento media diaria,2020-05-29 00:00,m/s,1.44201388888988,Preliminar
21206990,TIBAITATA - AUT [21206990],VEL VIENTO,Velocidad 10 minutal del viento media diaria,2020-06-01 00:00,m/s,1.46421568627595,Preliminar
21206990,TIBAITATA - AUT [21206990],VEL VIENTO,Velocidad 10 minutal del viento media diaria,2020-06-05 00:00,m/s,1.89427083333558,Preliminar
21206990,TIBAITATA - AUT [21206990],VEL VIENTO,Velocidad 10 minutal del viento media diaria,2020-06-06 00:00,m/s,2.07187500000176,Preliminar
21206990,TIBAITATA - AUT [21206990],VEL VIENTO,Velocidad 10 minutal del viento media diaria,2020-06-07 00:00,m/s,2.08802083333485,Preliminar
21206990,TIBAITATA - AUT [21206990],VEL VIENTO,Velocidad 10 minutal del viento media diaria,2020-06-10 00:00,m/s,1.87256944444598,Preliminar
21206990,TIBAITATA - AUT [21206990],VEL VIENTO,Velocidad 10 minutal del viento media diaria,2020-06-12 00:00,m/s,1.84010416666879,Preliminar
21206990,TIBAITATA - AUT [21206990],VEL VIENTO,Velocidad 10 minutal del viento media diaria,2020-06-14 00:00,m/s,1.93229166666632,Preliminar
21206990,TIBAITATA - AUT [21206990],VEL VIENTO,Velocidad 10 minutal del viento media diaria,2020-06-15 00:00,m/s,2.38159722222396,Preliminar
21206990,TIBAITATA - AUT [21206990],VEL VIENTO,Velocidad 10 minutal del viento media diaria,2020-06-18 00:00,m/s,1.41093750000118,Preliminar
21206990,TIBAITATA - AUT [21206990],VEL VIENTO,Velocidad 10 minutal del viento media diaria,2020-06-19 00:00,m/s,1.98229166666885,Preliminar
21206990,TIBAITATA - AUT [21206990],VEL VIENTO,Velocidad 10 minutal del viento media diaria,2020-06-25 00:00,m/s,1.48872549019753,Preliminar
21206990,TIBAITATA - AUT [21206990],VEL VIENTO,Velocidad 10 minutal del viento media diaria,2020-06-26 00:00,m/s,1.82447916666778,Preliminar
21206990,TIBAITATA - AUT [21206990],VEL VIENTO,Velocidad 10 minutal del viento media diaria,2020-06-27 00:00,m/s,1.46323529411836,Preliminar
21206990,TIBAITATA - AUT [21206990],VEL VIENTO,Velocidad 10 minutal del viento media diaria,2020-06-28 00:00,m/s,1.53705882353044,Preliminar
21206990,TIBAITATA - AUT [21206990],VEL VIENTO,Velocidad 10 minutal del viento media diaria,2020-06-29 00:00,m/s,1.49995098039302,Preliminar
21206990,TIBAITATA - AUT [21206990],VEL VIENTO,Velocidad 10 minutal del viento media diaria,2020-06-30 00:00,m/s,1.85416666666667,Preliminar
21206990,TIBAITATA - AUT [21206990],VEL VIENTO,Velocidad 10 minutal del viento media diaria,2020-07-01 00:00,m/s,1.90715686274686,Preliminar
21206990,TIBAITATA - AUT [21206990],VEL VIENTO,Velocidad 10 minutal del viento media diaria,2020-07-02 00:00,m/s,1.5834375,Preliminar
21206990,TIBAITATA - AUT [21206990],VEL VIENTO,Velocidad 10 minutal del viento media diaria,2020-07-04 00:00,m/s,1.8028125,Preliminar
21206990,TIBAITATA - AUT [21206990],VEL VIENTO,Velocidad 10 minutal del viento media diaria,2020-07-07 00:00,m/s,2.61947916666667,Preliminar
21206990,TIBAITATA - AUT [21206990],VEL VIENTO,Velocidad 10 minutal del viento media diaria,2020-07-14 00:00,m/s,2.33104166666667,Preliminar
21206990,TIBAITATA - AUT [21206990],VEL VIENTO,Velocidad 10 minutal del viento media diaria,2021-02-20 00:00,m/s,1.81111111111212,Preliminar
21206990,TIBAITATA - AUT [21206990],VEL VIENTO,Velocidad 10 minutal del viento media diaria,2021-02-21 00:00,m/s,1.9659722222234,Preliminar
21206990,TIBAITATA - AUT [21206990],VEL VIENTO,Velocidad 10 minutal del viento media diaria,2021-02-22 00:00,m/s,1.54791666666753,Preliminar
21206990,TIBAITATA - AUT [21206990],VEL VIENTO,Velocidad 10 minutal del viento media diaria,2021-02-23 00:00,m/s,1.3972222222231,Preliminar
21206990,TIBAITATA - AUT [21206990],VEL VIENTO,Velocidad 10 minutal del viento media diaria,2021-02-24 00:00,m/s,1.41319444444467,Preliminar
21206990,TIBAITATA - AUT [21206990],VEL VIENTO,Velocidad 10 minutal del viento media diaria,2021-02-25 00:00,m/s,1.37361111111121,Preliminar
21206990,TIBAITATA - AUT [21206990],VEL VIENTO,Velocidad 10 minutal del viento media diaria,2021-02-26 00:00,m/s,1.71840277777896,Preliminar
21206990,TIBAITATA - AUT [21206990],VEL VIENTO,Velocidad 10 minutal del viento media diaria,2021-02-27 00:00,m/s,1.43985507246377,Preliminar
21206990,TIBAITATA - AUT [21206990],VEL VIENTO,Velocidad 10 minutal del viento media diaria,2021-03-31 00:00,m/s,1.42391304347826,Preliminar
21206990,TIBAITATA - AUT [21206990],VEL VIENTO,Velocidad 10 minutal del viento media diaria,2021-04-21 00:00,m/s,1.71818181818182,Preliminar
21206990,TIBAITATA - AUT [21206990],VEL VIENTO,Velocidad 10 minutal del viento media diaria,2021-04-22 00:00,m/s,1.95253623188406,Preliminar
21206990,TIBAITATA - AUT [21206990],VEL VIENTO,Velocidad 10 minutal del viento media diaria,2021-04-23 00:00,m/s,1.62971014492754,Preliminar
21206990,TIBAITATA - AUT [21206990],VEL VIENTO,Velocidad 10 minutal del viento media diaria,2021-04-24 00:00,m/s,1.8804347826087,Preliminar
21206990,TIBAITATA - AUT [21206990],VEL VIENTO,Velocidad 10 minutal del viento media diaria,2021-04-25 00:00,m/s,1.65978260869565,Preliminar
21206990,TIBAITATA - AUT [21206990],VEL VIENTO,Velocidad 10 minutal del viento media diaria,2021-04-26 00:00,m/s,1.58905797101504,Preliminar
21206990,TIBAITATA - AUT [21206990],VEL VIENTO,Velocidad 10 minutal del viento media diaria,2021-04-27 00:00,m/s,1.53768115942029,Preliminar
21206990,TIBAITATA - AUT [21206990],VEL VIENTO,Velocidad 10 minutal del viento media diaria,2021-04-28 00:00,m/s,1.57210144927536,Preliminar
21206990,TIBAITATA - AUT [21206990],VEL VIENTO,Velocidad 10 minutal del viento media diaria,2021-04-29 00:00,m/s,1.63333333333455,Preliminar
21206990,TIBAITATA - AUT [21206990],VEL VIENTO,Velocidad 10 minutal del viento media diaria,2021-04-30 00:00,m/s,0.86527777777741,Preliminar
21206990,TIBAITATA - AUT [21206990],VEL VIENTO,Velocidad 10 minutal del viento media diaria,2021-05-01 00:00,m/s,1.52812500000095,Preliminar
21206990,TIBAITATA - AUT [21206990],VEL VIENTO,Velocidad 10 minutal del viento media diaria,2021-05-02 00:00,m/s,1.40173611111131,Preliminar
21206990,TIBAITATA - AUT [21206990],VEL VIENTO,Velocidad 10 minutal del viento media diaria,2021-05-03 00:00,m/s,1.45659722222288,Preliminar
21206990,TIBAITATA - AUT [21206990],VEL VIENTO,Velocidad 10 minutal del viento media diaria,2021-05-04 00:00,m/s,1.32777777777859,Preliminar
21206990,TIBAITATA - AUT [21206990],VEL VIENTO,Velocidad 10 minutal del viento media diaria,2021-05-05 00:00,m/s,1.63194444444562,Preliminar
21206990,TIBAITATA - AUT [21206990],VEL VIENTO,Velocidad 10 minutal del viento media diaria,2021-05-06 00:00,m/s,1.62951388888985,Preliminar
21206990,TIBAITATA - AUT [21206990],VEL VIENTO,Velocidad 10 minutal del viento media diaria,2021-05-07 00:00,m/s,1.95243055555668,Preliminar
21206990,TIBAITATA - AUT [21206990],VEL VIENTO,Velocidad 10 minutal del viento media diaria,2021-05-08 00:00,m/s,1.60937500000047,Preliminar
21206990,TIBAITATA - AUT [21206990],VEL VIENTO,Velocidad 10 minutal del viento media diaria,2021-05-09 00:00,m/s,1.7680555555559,Preliminar
21206990,TIBAITATA - AUT [21206990],VEL VIENTO,Velocidad 10 minutal del viento media diaria,2021-05-10 00:00,m/s,1.37291666666732,Preliminar
21206990,TIBAITATA - AUT [21206990],VEL VIENTO,Velocidad 10 minutal del viento media diaria,2021-05-11 00:00,m/s,1.70625000000118,Preliminar
21206990,TIBAITATA - AUT [21206990],VEL VIENTO,Velocidad 10 minutal del viento media diaria,2021-05-12 00:00,m/s,1.80104166666667,Preliminar
21206990,TIBAITATA - AUT [21206990],VEL VIENTO,Velocidad 10 minutal del viento media diaria,2021-05-15 00:00,m/s,1.41014492753623,Preliminar
21206990,TIBAITATA - AUT [21206990],VEL VIENTO,Velocidad 10 minutal del viento media diaria,2021-05-16 00:00,m/s,1.43143939393939,Preliminar
21206990,TIBAITATA - AUT [21206990],VEL VIENTO,Velocidad 10 minutal del viento media diaria,2021-06-15 00:00,m/s,1.59492753623188,Preliminar
21206990,TIBAITATA - AUT [21206990],VEL VIENTO,Velocidad 10 minutal del viento media diaria,2021-07-13 00:00,m/s,1.7429347826087,Preliminar
21206990,TIBAITATA - AUT [21206990],VEL VIENTO,Velocidad 10 minutal del viento media diaria,2021-07-14 00:00,m/s,1.43152173913043,Preliminar
21206990,TIBAITATA - AUT [21206990],VEL VIENTO,Velocidad 10 minutal del viento media diaria,2021-07-27 00:00,m/s,1.1963768115942,Preliminar
21206990,TIBAITATA - AUT [21206990],VEL VIENTO,Velocidad 10 minutal del viento media diaria,2021-07-28 00:00,m/s,1.2286231884058,Preliminar
21206990,TIBAITATA - AUT [21206990],VEL VIENTO,Velocidad 10 minutal del viento media diaria,2021-07-29 00:00,m/s,1.87572463768116,Preliminar
21206990,TIBAITATA - AUT [21206990],VEL VIENTO,Velocidad 10 minutal del viento media diaria,2021-07-30 00:00,m/s,2.19347826086957,Preliminar
21206990,TIBAITATA - AUT [21206990],VEL VIENTO,Velocidad 10 minutal del viento media diaria,2021-07-31 00:00,m/s,2.27789855072464,Preliminar
21206990,TIBAITATA - AUT [21206990],VEL VIENTO,Velocidad 10 minutal del viento media diaria,2021-08-01 00:00,m/s,2.46159420289855,Preliminar
21206990,TIBAITATA - AUT [21206990],VEL VIENTO,Velocidad 10 minutal del viento media diaria,2021-08-02 00:00,m/s,3.32355072463768,Preliminar
21206990,TIBAITATA - AUT [21206990],VEL VIENTO,Velocidad 10 minutal del viento media diaria,2021-08-03 00:00,m/s,3.08333333333333,Preliminar
21206990,TIBAITATA - AUT [21206990],VEL VIENTO,Velocidad 10 minutal del viento media diaria,2021-08-04 00:00,m/s,2.09810606060606,Preliminar
21206990,TIBAITATA - AUT [21206990],VEL VIENTO,Velocidad 10 minutal del viento media diaria,2021-08-05 00:00,m/s,2.36014492753623,Preliminar
21206990,TIBAITATA - AUT [21206990],VEL VIENTO,Velocidad 10 minutal del viento media diaria,2021-08-06 00:00,m/s,2.03224637681159,Preliminar
21206990,TIBAITATA - AUT [21206990],VEL VIENTO,Velocidad 10 minutal del viento media diaria,2021-08-07 00:00,m/s,1.525,Preliminar
21206990,TIBAITATA - AUT [21206990],VEL VIENTO,Velocidad 10 minutal del viento media diaria,2021-08-08 00:00,m/s,1.36304347826087,Preliminar
21206990,TIBAITATA - AUT [21206990],VEL VIENTO,Velocidad 10 minutal del viento media diaria,2021-08-09 00:00,m/s,1.36557971014493,Preliminar
21206990,TIBAITATA - AUT [21206990],VEL VIENTO,Velocidad 10 minutal del viento media diaria,2021-08-10 00:00,m/s,1.95289855072464,Preliminar
21206990,TIBAITATA - AUT [21206990],VEL VIENTO,Velocidad 10 minutal del viento media diaria,2021-08-11 00:00,m/s,1.99782608695652,Preliminar
21206990,TIBAITATA - AUT [21206990],VEL VIENTO,Velocidad 10 minutal del viento media diaria,2021-08-12 00:00,m/s,1.37427536231884,Preliminar
21206990,TIBAITATA - AUT [21206990],VEL VIENTO,Velocidad 10 minutal del viento media diaria,2021-08-13 00:00,m/s,1.51195652173913,Preliminar
21206990,TIBAITATA - AUT [21206990],VEL VIENTO,Velocidad 10 minutal del viento media diaria,2021-08-14 00:00,m/s,1.45507246376812,Preliminar
21206990,TIBAITATA - AUT [21206990],VEL VIENTO,Velocidad 10 minutal del viento media diaria,2021-08-15 00:00,m/s,1.47847222222342,Preliminar
21206990,TIBAITATA - AUT [21206990],VEL VIENTO,Velocidad 10 minutal del viento media diaria,2021-08-16 00:00,m/s,1.28695652173913,Preliminar
21206990,TIBAITATA - AUT [21206990],VEL VIENTO,Velocidad 10 minutal del viento media diaria,2021-08-17 00:00,m/s,1.24347826086957,Preliminar
21206990,TIBAITATA - AUT [21206990],VEL VIENTO,Velocidad 10 minutal del viento media diaria,2021-08-18 00:00,m/s,1.6554347826087,Preliminar
21206990,TIBAITATA - AUT [21206990],VEL VIENTO,Velocidad 10 minutal del viento media diaria,2021-08-19 00:00,m/s,1.47572463768116,Preliminar
21206990,TIBAITATA - AUT [21206990],VEL VIENTO,Velocidad 10 minutal del viento media diaria,2021-08-20 00:00,m/s,1.20253623188406,Preliminar
21206990,TIBAITATA - AUT [21206990],VEL VIENTO,Velocidad 10 minutal del viento media diaria,2021-08-21 00:00,m/s,1.43333333333333,Preliminar
21206990,TIBAITATA - AUT [21206990],VEL VIENTO,Velocidad 10 minutal del viento media diaria,2021-08-22 00:00,m/s,1.42826086956522,Preliminar
21206990,TIBAITATA - AUT [21206990],VEL VIENTO,Velocidad 10 minutal del viento media diaria,2021-08-23 00:00,m/s,1.86349206349206,Preliminar
21206990,TIBAITATA - AUT [21206990],VEL VIENTO,Velocidad 10 minutal del viento media diaria,2021-08-30 00:00,m/s,1.80833333333333,Preliminar
21206990,TIBAITATA - AUT [21206990],VEL VIENTO,Velocidad 10 minutal del viento media diaria,2021-08-31 00:00,m/s,1.73876811594203,Preliminar
21206990,TIBAITATA - AUT [21206990],VEL VIENTO,Velocidad 10 minutal del viento media diaria,2021-09-01 00:00,m/s,1.38840579710145,Preliminar
21206990,TIBAITATA - AUT [21206990],VEL VIENTO,Velocidad 10 minutal del viento media diaria,2021-09-02 00:00,m/s,1.46920289855072,Preliminar
21206990,TIBAITATA - AUT [21206990],VEL VIENTO,Velocidad 10 minutal del viento media diaria,2021-09-03 00:00,m/s,1.41884057971014,Preliminar
21206990,TIBAITATA - AUT [21206990],VEL VIENTO,Velocidad 10 minutal del viento media diaria,2021-09-04 00:00,m/s,1.71739130434783,Preliminar
21206990,TIBAITATA - AUT [21206990],VEL VIENTO,Velocidad 10 minutal del viento media diaria,2021-09-05 00:00,m/s,1.74275362318841,Preliminar
21206990,TIBAITATA - AUT [21206990],VEL VIENTO,Velocidad 10 minutal del viento media diaria,2021-09-06 00:00,m/s,1.2786231884058,Preliminar
21206990,TIBAITATA - AUT [21206990],VEL VIENTO,Velocidad 10 minutal del viento media diaria,2021-09-07 00:00,m/s,1.34782608695652,Preliminar
21206990,TIBAITATA - AUT [21206990],VEL VIENTO,Velocidad 10 minutal del viento media diaria,2021-09-08 00:00,m/s,1.64855072463768,Preliminar
21206990,TIBAITATA - AUT [21206990],VEL VIENTO,Velocidad 10 minutal del viento media diaria,2021-09-09 00:00,m/s,1.51231884057971,Preliminar
21206990,TIBAITATA - AUT [21206990],VEL VIENTO,Velocidad 10 minutal del viento media diaria,2021-09-10 00:00,m/s,1.87246376811594,Preliminar
21206990,TIBAITATA - AUT [21206990],VEL VIENTO,Velocidad 10 minutal del viento media diaria,2021-09-11 00:00,m/s,1.82789855072464,Preliminar
21206990,TIBAITATA - AUT [21206990],VEL VIENTO,Velocidad 10 minutal del viento media diaria,2021-09-12 00:00,m/s,1.80724637681159,Preliminar
21206990,TIBAITATA - AUT [21206990],VEL VIENTO,Velocidad 10 minutal del viento media diaria,2021-09-13 00:00,m/s,1.6786231884058,Preliminar
21206990,TIBAITATA - AUT [21206990],VEL VIENTO,Velocidad 10 minutal del viento media diaria,2021-09-14 00:00,m/s,1.2536231884058,Preliminar
21206990,TIBAITATA - AUT [21206990],VEL VIENTO,Velocidad 10 minutal del viento media diaria,2021-09-15 00:00,m/s,1.9963768115942,Preliminar
21206990,TIBAITATA - AUT [21206990],VEL VIENTO,Velocidad 10 minutal del viento media diaria,2021-09-16 00:00,m/s,2.24927536231884,Preliminar
21206990,TIBAITATA - AUT [21206990],VEL VIENTO,Velocidad 10 minutal del viento media diaria,2021-09-17 00:00,m/s,2.33333333333333,Preliminar
21206990,TIBAITATA - AUT [21206990],VEL VIENTO,Velocidad 10 minutal del viento media diaria,2021-09-18 00:00,m/s,1.42355072463768,Preliminar
21206990,TIBAITATA - AUT [21206990],VEL VIENTO,Velocidad 10 minutal del viento media diaria,2021-09-19 00:00,m/s,1.49094202898551,Preliminar
21206990,TIBAITATA - AUT [21206990],VEL VIENTO,Velocidad 10 minutal del viento media diaria,2021-09-20 00:00,m/s,1.45434782608696,Preliminar
21206990,TIBAITATA - AUT [21206990],VEL VIENTO,Velocidad 10 minutal del viento media diaria,2021-09-21 00:00,m/s,1.7731884057971,Preliminar
21206990,TIBAITATA - AUT [21206990],VEL VIENTO,Velocidad 10 minutal del viento media diaria,2021-09-22 00:00,m/s,1.66340579710145,Preliminar
21206990,TIBAITATA - AUT [21206990],VEL VIENTO,Velocidad 10 minutal del viento media diaria,2021-09-23 00:00,m/s,1.84782608695652,Preliminar
21206990,TIBAITATA - AUT [21206990],VEL VIENTO,Velocidad 10 minutal del viento media diaria,2021-09-24 00:00,m/s,2.0236231884058,Preliminar
21206990,TIBAITATA - AUT [21206990],VEL VIENTO,Velocidad 10 minutal del viento media diaria,2021-09-25 00:00,m/s,2.71123188405797,Preliminar
21206990,TIBAITATA - AUT [21206990],VEL VIENTO,Velocidad 10 minutal del viento media diaria,2021-09-26 00:00,m/s,2.24384057971014,Preliminar
21206990,TIBAITATA - AUT [21206990],VEL VIENTO,Velocidad 10 minutal del viento media diaria,2021-09-27 00:00,m/s,1.68985507246377,Preliminar
21206990,TIBAITATA - AUT [21206990],VEL VIENTO,Velocidad 10 minutal del viento media diaria,2021-09-28 00:00,m/s,1.83768115942029,Preliminar
21206990,TIBAITATA - AUT [21206990],VEL VIENTO,Velocidad 10 minutal del viento media diaria,2021-09-29 00:00,m/s,1.40289855072464,Preliminar
21206990,TIBAITATA - AUT [21206990],VEL VIENTO,Velocidad 10 minutal del viento media diaria,2021-09-30 00:00,m/s,1.4768115942029,Preliminar
21206990,TIBAITATA - AUT [21206990],VEL VIENTO,Velocidad 10 minutal del viento media diaria,2021-10-01 00:00,m/s,1.47101449275362,Preliminar
21206990,TIBAITATA - AUT [21206990],VEL VIENTO,Velocidad 10 minutal del viento media diaria,2021-10-02 00:00,m/s,1.58369565217391,Preliminar
21206990,TIBAITATA - AUT [21206990],VEL VIENTO,Velocidad 10 minutal del viento media diaria,2021-10-03 00:00,m/s,1.55072463768116,Preliminar
21206990,TIBAITATA - AUT [21206990],VEL VIENTO,Velocidad 10 minutal del viento media diaria,2021-10-04 00:00,m/s,1.71847826086957,Preliminar
21206990,TIBAITATA - AUT [21206990],VEL VIENTO,Velocidad 10 minutal del viento media diaria,2021-10-05 00:00,m/s,1.23645833333403,Preliminar
21206990,TIBAITATA - AUT [21206990],VEL VIENTO,Velocidad 10 minutal del viento media diaria,2021-10-06 00:00,m/s,1.40688405797101,Preliminar
21206990,TIBAITATA - AUT [21206990],VEL VIENTO,Velocidad 10 minutal del viento media diaria,2021-10-07 00:00,m/s,1.95434782608696,Preliminar
21206990,TIBAITATA - AUT [21206990],VEL VIENTO,Velocidad 10 minutal del viento media diaria,2021-10-08 00:00,m/s,1.57010869565217,Preliminar
21206990,TIBAITATA - AUT [21206990],VEL VIENTO,Velocidad 10 minutal del viento media diaria,2021-10-09 00:00,m/s,1.76739130434783,Preliminar
21206990,TIBAITATA - AUT [21206990],VEL VIENTO,Velocidad 10 minutal del viento media diaria,2021-10-10 00:00,m/s,1.95398550724638,Preliminar
21206990,TIBAITATA - AUT [21206990],VEL VIENTO,Velocidad 10 minutal del viento media diaria,2021-10-11 00:00,m/s,1.14311594202899,Preliminar
21206990,TIBAITATA - AUT [21206990],VEL VIENTO,Velocidad 10 minutal del viento media diaria,2021-10-12 00:00,m/s,1.57608695652174,Preliminar
21206990,TIBAITATA - AUT [21206990],VEL VIENTO,Velocidad 10 minutal del viento media diaria,2021-10-13 00:00,m/s,1.54891304347826,Preliminar
21206990,TIBAITATA - AUT [21206990],VEL VIENTO,Velocidad 10 minutal del viento media diaria,2021-10-14 00:00,m/s,1.51376811594203,Preliminar
21206990,TIBAITATA - AUT [21206990],VEL VIENTO,Velocidad 10 minutal del viento media diaria,2021-10-15 00:00,m/s,1.97028985507246,Preliminar
21206990,TIBAITATA - AUT [21206990],VEL VIENTO,Velocidad 10 minutal del viento media diaria,2021-10-16 00:00,m/s,1.80797101449275,Preliminar
21206990,TIBAITATA - AUT [21206990],VEL VIENTO,Velocidad 10 minutal del viento media diaria,2021-10-17 00:00,m/s,1.79384057971014,Preliminar
21206990,TIBAITATA - AUT [21206990],VEL VIENTO,Velocidad 10 minutal del viento media diaria,2021-10-18 00:00,m/s,1.21195652173913,Preliminar
21206990,TIBAITATA - AUT [21206990],VEL VIENTO,Velocidad 10 minutal del viento media diaria,2021-10-19 00:00,m/s,1.34528985507246,Preliminar
21206990,TIBAITATA - AUT [21206990],VEL VIENTO,Velocidad 10 minutal del viento media diaria,2021-10-20 00:00,m/s,1.74166666666667,Preliminar
21206990,TIBAITATA - AUT [21206990],VEL VIENTO,Velocidad 10 minutal del viento media diaria,2021-10-21 00:00,m/s,1.29275362318841,Preliminar
21206990,TIBAITATA - AUT [21206990],VEL VIENTO,Velocidad 10 minutal del viento media diaria,2021-10-22 00:00,m/s,1.35868055555635,Preliminar
21206990,TIBAITATA - AUT [21206990],VEL VIENTO,Velocidad 10 minutal del viento media diaria,2021-10-23 00:00,m/s,1.86521739130435,Preliminar
21206990,TIBAITATA - AUT [21206990],VEL VIENTO,Velocidad 10 minutal del viento media diaria,2021-10-24 00:00,m/s,1.63405797101449,Preliminar
21206990,TIBAITATA - AUT [21206990],VEL VIENTO,Velocidad 10 minutal del viento media diaria,2021-10-25 00:00,m/s,1.49130434782609,Preliminar
21206990,TIBAITATA - AUT [21206990],VEL VIENTO,Velocidad 10 minutal del viento media diaria,2021-10-26 00:00,m/s,1.48333333333333,Preliminar
21206990,TIBAITATA - AUT [21206990],VEL VIENTO,Velocidad 10 minutal del viento media diaria,2021-10-27 00:00,m/s,1.5062500000007,Preliminar
21206990,TIBAITATA - AUT [21206990],VEL VIENTO,Velocidad 10 minutal del viento media diaria,2021-10-28 00:00,m/s,1.875,Preliminar
21206990,TIBAITATA - AUT [21206990],VEL VIENTO,Velocidad 10 minutal del viento media diaria,2021-10-29 00:00,m/s,2.04463768115942,Preliminar
21206990,TIBAITATA - AUT [21206990],VEL VIENTO,Velocidad 10 minutal del viento media diaria,2021-10-30 00:00,m/s,1.77608695652174,Preliminar
21206990,TIBAITATA - AUT [21206990],VEL VIENTO,Velocidad 10 minutal del viento media diaria,2021-10-31 00:00,m/s,1.35326086956522,Preliminar
21206990,TIBAITATA - AUT [21206990],VEL VIENTO,Velocidad 10 minutal del viento media diaria,2021-11-01 00:00,m/s,1.75434782608696,Preliminar
21206990,TIBAITATA - AUT [21206990],VEL VIENTO,Velocidad 10 minutal del viento media diaria,2021-11-02 00:00,m/s,1.85724637681159,Preliminar
21206990,TIBAITATA - AUT [21206990],VEL VIENTO,Velocidad 10 minutal del viento media diaria,2021-11-03 00:00,m/s,1.83840579710145,Preliminar
21206990,TIBAITATA - AUT [21206990],VEL VIENTO,Velocidad 10 minutal del viento media diaria,2021-11-04 00:00,m/s,1.70253623188406,Preliminar
21206990,TIBAITATA - AUT [21206990],VEL VIENTO,Velocidad 10 minutal del viento media diaria,2021-11-05 00:00,m/s,1.5731884057971,Preliminar
21206990,TIBAITATA - AUT [21206990],VEL VIENTO,Velocidad 10 minutal del viento media diaria,2021-11-06 00:00,m/s,1.39311594202899,Preliminar
21206990,TIBAITATA - AUT [21206990],VEL VIENTO,Velocidad 10 minutal del viento media diaria,2021-11-07 00:00,m/s,1.36521739130435,Preliminar
21206990,TIBAITATA - AUT [21206990],VEL VIENTO,Velocidad 10 minutal del viento media diaria,2021-11-08 00:00,m/s,1.51145833333435,Preliminar
21206990,TIBAITATA - AUT [21206990],VEL VIENTO,Velocidad 10 minutal del viento media diaria,2021-11-09 00:00,m/s,1.7213768115942,Preliminar
21206990,TIBAITATA - AUT [21206990],VEL VIENTO,Velocidad 10 minutal del viento media diaria,2021-11-10 00:00,m/s,1.53405797101449,Preliminar
21206990,TIBAITATA - AUT [21206990],VEL VIENTO,Velocidad 10 minutal del viento media diaria,2021-11-11 00:00,m/s,1.74855072463768,Preliminar
21206990,TIBAITATA - AUT [21206990],VEL VIENTO,Velocidad 10 minutal del viento media diaria,2021-11-12 00:00,m/s,1.85384057971014,Preliminar
21206990,TIBAITATA - AUT [21206990],VEL VIENTO,Velocidad 10 minutal del viento media diaria,2021-11-13 00:00,m/s,1.92028985507246,Preliminar
21206990,TIBAITATA - AUT [21206990],VEL VIENTO,Velocidad 10 minutal del viento media diaria,2021-11-14 00:00,m/s,1.48007246376812,Preliminar
21206990,TIBAITATA - AUT [21206990],VEL VIENTO,Velocidad 10 minutal del viento media diaria,2021-11-15 00:00,m/s,1.43514492753623,Preliminar
21206990,TIBAITATA - AUT [21206990],VEL VIENTO,Velocidad 10 minutal del viento media diaria,2021-11-16 00:00,m/s,1.84231884057971,Preliminar
21206990,TIBAITATA - AUT [21206990],VEL VIENTO,Velocidad 10 minutal del viento media diaria,2021-11-17 00:00,m/s,2.11576086956522,Preliminar
21206990,TIBAITATA - AUT [21206990],VEL VIENTO,Velocidad 10 minutal del viento media diaria,2021-11-18 00:00,m/s,1.85289855072464,Preliminar
21206990,TIBAITATA - AUT [21206990],VEL VIENTO,Velocidad 10 minutal del viento media diaria,2021-11-19 00:00,m/s,1.81413043478261,Preliminar
21206990,TIBAITATA - AUT [21206990],VEL VIENTO,Velocidad 10 minutal del viento media diaria,2021-11-20 00:00,m/s,1.58437500000096,Preliminar
21206990,TIBAITATA - AUT [21206990],VEL VIENTO,Velocidad 10 minutal del viento media diaria,2021-11-21 00:00,m/s,1.44275362318841,Preliminar
21206990,TIBAITATA - AUT [21206990],VEL VIENTO,Velocidad 10 minutal del viento media diaria,2021-11-22 00:00,m/s,1.37644927536232,Preliminar
21206990,TIBAITATA - AUT [21206990],VEL VIENTO,Velocidad 10 minutal del viento media diaria,2021-11-23 00:00,m/s,0.98731884057971,Preliminar
21206990,TIBAITATA - AUT [21206990],VEL VIENTO,Velocidad 10 minutal del viento media diaria,2021-11-24 00:00,m/s,1.26086956521739,Preliminar
21206990,TIBAITATA - AUT [21206990],VEL VIENTO,Velocidad 10 minutal del viento media diaria,2021-11-25 00:00,m/s,1.29528985507246,Preliminar
21206990,TIBAITATA - AUT [21206990],VEL VIENTO,Velocidad 10 minutal del viento media diaria,2021-11-26 00:00,m/s,1.28405797101449,Preliminar
21206990,TIBAITATA - AUT [21206990],VEL VIENTO,Velocidad 10 minutal del viento media diaria,2021-11-27 00:00,m/s,1.61304347826087,Preliminar
21206990,TIBAITATA - AUT [21206990],VEL VIENTO,Velocidad 10 minutal del viento media diaria,2021-11-28 00:00,m/s,1.48659420289855,Preliminar
21206990,TIBAITATA - AUT [21206990],VEL VIENTO,Velocidad 10 minutal del viento media diaria,2021-11-29 00:00,m/s,1.31231884057971,Preliminar
21206990,TIBAITATA - AUT [21206990],VEL VIENTO,Velocidad 10 minutal del viento media diaria,2021-11-30 00:00,m/s,1.24420289855072,Preliminar
21206990,TIBAITATA - AUT [21206990],VEL VIENTO,Velocidad 10 minutal del viento media diaria,2021-12-01 00:00,m/s,1.63840579710145,Preliminar
21206990,TIBAITATA - AUT [21206990],VEL VIENTO,Velocidad 10 minutal del viento media diaria,2021-12-02 00:00,m/s,1.32246376811594,Preliminar
21206990,TIBAITATA - AUT [21206990],VEL VIENTO,Velocidad 10 minutal del viento media diaria,2021-12-03 00:00,m/s,1.52985507246377,Preliminar
21206990,TIBAITATA - AUT [21206990],VEL VIENTO,Velocidad 10 minutal del viento media diaria,2021-12-04 00:00,m/s,1.71865942028986,Preliminar
21206990,TIBAITATA - AUT [21206990],VEL VIENTO,Velocidad 10 minutal del viento media diaria,2021-12-05 00:00,m/s,1.3166666666673,Preliminar
21206990,TIBAITATA - AUT [21206990],VEL VIENTO,Velocidad 10 minutal del viento media diaria,2021-12-06 00:00,m/s,1.57536231884058,Preliminar
21206990,TIBAITATA - AUT [21206990],VEL VIENTO,Velocidad 10 minutal del viento media diaria,2021-12-07 00:00,m/s,1.71847826086957,Preliminar
21206990,TIBAITATA - AUT [21206990],VEL VIENTO,Velocidad 10 minutal del viento media diaria,2021-12-08 00:00,m/s,1.63402777777882,Preliminar
21206990,TIBAITATA - AUT [21206990],VEL VIENTO,Velocidad 10 minutal del viento media diaria,2021-12-09 00:00,m/s,1.42246376811594,Preliminar
21206990,TIBAITATA - AUT [21206990],VEL VIENTO,Velocidad 10 minutal del viento media diaria,2021-12-10 00:00,m/s,1.73713768115942,Preliminar
21206990,TIBAITATA - AUT [21206990],VEL VIENTO,Velocidad 10 minutal del viento media diaria,2021-12-11 00:00,m/s,1.62101449275362,Preliminar
21206990,TIBAITATA - AUT [21206990],VEL VIENTO,Velocidad 10 minutal del viento media diaria,2021-12-12 00:00,m/s,2.28188405797101,Preliminar
21206990,TIBAITATA - AUT [21206990],VEL VIENTO,Velocidad 10 minutal del viento media diaria,2021-12-13 00:00,m/s,1.7463768115942,Preliminar
21206990,TIBAITATA - AUT [21206990],VEL VIENTO,Velocidad 10 minutal del viento media diaria,2021-12-14 00:00,m/s,1.76576086956522,Preliminar
21206990,TIBAITATA - AUT [21206990],VEL VIENTO,Velocidad 10 minutal del viento media diaria,2021-12-15 00:00,m/s,1.42572463768116,Preliminar
21206990,TIBAITATA - AUT [21206990],VEL VIENTO,Velocidad 10 minutal del viento media diaria,2021-12-16 00:00,m/s,1.48333333333333,Preliminar
21206990,TIBAITATA - AUT [21206990],VEL VIENTO,Velocidad 10 minutal del viento media diaria,2021-12-17 00:00,m/s,1.61920289855072,Preliminar
21206990,TIBAITATA - AUT [21206990],VEL VIENTO,Velocidad 10 minutal del viento media diaria,2021-12-18 00:00,m/s,1.45507246376812,Preliminar
21206990,TIBAITATA - AUT [21206990],VEL VIENTO,Velocidad 10 minutal del viento media diaria,2021-12-19 00:00,m/s,2.06322463768116,Preliminar
21206990,TIBAITATA - AUT [21206990],VEL VIENTO,Velocidad 10 minutal del viento media diaria,2021-12-20 00:00,m/s,1.89855072463768,Preliminar
21206990,TIBAITATA - AUT [21206990],VEL VIENTO,Velocidad 10 minutal del viento media diaria,2021-12-21 00:00,m/s,2.06268115942029,Preliminar
21206990,TIBAITATA - AUT [21206990],VEL VIENTO,Velocidad 10 minutal del viento media diaria,2021-12-22 00:00,m/s,2.59239130434783,Preliminar
21206990,TIBAITATA - AUT [21206990],VEL VIENTO,Velocidad 10 minutal del viento media diaria,2021-12-23 00:00,m/s,1.97391304347826,Preliminar
21206990,TIBAITATA - AUT [21206990],VEL VIENTO,Velocidad 10 minutal del viento media diaria,2021-12-24 00:00,m/s,1.87663043478261,Preliminar
21206990,TIBAITATA - AUT [21206990],VEL VIENTO,Velocidad 10 minutal del viento media diaria,2021-12-25 00:00,m/s,1.38224637681159,Preliminar
21206990,TIBAITATA - AUT [21206990],VEL VIENTO,Velocidad 10 minutal del viento media diaria,2021-12-26 00:00,m/s,2.00253623188406,Preliminar
21206990,TIBAITATA - AUT [21206990],VEL VIENTO,Velocidad 10 minutal del viento media diaria,2021-12-27 00:00,m/s,1.53152173913043,Preliminar
21206990,TIBAITATA - AUT [21206990],VEL VIENTO,Velocidad 10 minutal del viento media diaria,2021-12-28 00:00,m/s,1.57536231884058,Preliminar
21206990,TIBAITATA - AUT [21206990],VEL VIENTO,Velocidad 10 minutal del viento media diaria,2021-12-29 00:00,m/s,1.30471014492754,Preliminar
21206990,TIBAITATA - AUT [21206990],VEL VIENTO,Velocidad 10 minutal del viento media diaria,2021-12-30 00:00,m/s,1.7,Preliminar
21206990,TIBAITATA - AUT [21206990],VEL VIENTO,Velocidad 10 minutal del viento media diaria,2021-12-31 00:00,m/s,1.83297101449275,Preliminar
21206990,TIBAITATA - AUT [21206990],VEL VIENTO,Velocidad 10 minutal del viento media diaria,2022-01-01 00:00,m/s,1.68514492753623,Preliminar
21206990,TIBAITATA - AUT [21206990],VEL VIENTO,Velocidad 10 minutal del viento media diaria,2022-01-02 00:00,m/s,1.57518115942029,Preliminar
21206990,TIBAITATA - AUT [21206990],VEL VIENTO,Velocidad 10 minutal del viento media diaria,2022-02-03 00:00,m/s,1.45326086956522,Preliminar
21206990,TIBAITATA - AUT [21206990],VEL VIENTO,Velocidad 10 minutal del viento media diaria,2022-02-04 00:00,m/s,1.78442028985507,Preliminar
21206990,TIBAITATA - AUT [21206990],VEL VIENTO,Velocidad 10 minutal del viento media diaria,2022-02-05 00:00,m/s,1.68550724637681,Preliminar
21206990,TIBAITATA - AUT [21206990],VEL VIENTO,Velocidad 10 minutal del viento media diaria,2022-02-06 00:00,m/s,1.64927536231884,Preliminar
21206990,TIBAITATA - AUT [21206990],VEL VIENTO,Velocidad 10 minutal del viento media diaria,2022-02-07 00:00,m/s,1.20485507246377,Preliminar
21206990,TIBAITATA - AUT [21206990],VEL VIENTO,Velocidad 10 minutal del viento media diaria,2022-02-08 00:00,m/s,1.01770833333359,Preliminar
21206990,TIBAITATA - AUT [21206990],VEL VIENTO,Velocidad 10 minutal del viento media diaria,2022-02-09 00:00,m/s,1.39347826086957,Preliminar
21206990,TIBAITATA - AUT [21206990],VEL VIENTO,Velocidad 10 minutal del viento media diaria,2022-02-10 00:00,m/s,1.74855072463768,Preliminar
21206990,TIBAITATA - AUT [21206990],VEL VIENTO,Velocidad 10 minutal del viento media diaria,2022-02-11 00:00,m/s,1.93514492753623,Preliminar
21206990,TIBAITATA - AUT [21206990],VEL VIENTO,Velocidad 10 minutal del viento media diaria,2022-02-12 00:00,m/s,1.72427536231884,Preliminar
21206990,TIBAITATA - AUT [21206990],VEL VIENTO,Velocidad 10 minutal del viento media diaria,2022-02-13 00:00,m/s,1.67934782608696,Preliminar
21206990,TIBAITATA - AUT [21206990],VEL VIENTO,Velocidad 10 minutal del viento media diaria,2022-02-14 00:00,m/s,1.71630434782609,Preliminar
21206990,TIBAITATA - AUT [21206990],VEL VIENTO,Velocidad 10 minutal del viento media diaria,2022-02-15 00:00,m/s,1.45579710144928,Preliminar
21206990,TIBAITATA - AUT [21206990],VEL VIENTO,Velocidad 10 minutal del viento media diaria,2022-02-21 00:00,m/s,1.90905797101449,Preliminar
21206990,TIBAITATA - AUT [21206990],VEL VIENTO,Velocidad 10 minutal del viento media diaria,2022-02-22 00:00,m/s,1.56840277777877,Preliminar
21206990,TIBAITATA - AUT [21206990],VEL VIENTO,Velocidad 10 minutal del viento media diaria,2022-02-23 00:00,m/s,1.89062500000136,Preliminar
21206990,TIBAITATA - AUT [21206990],VEL VIENTO,Velocidad 10 minutal del viento media diaria,2022-02-24 00:00,m/s,2.02881944444592,Preliminar
21206990,TIBAITATA - AUT [21206990],VEL VIENTO,Velocidad 10 minutal del viento media diaria,2022-02-25 00:00,m/s,1.63854166666748,Preliminar
21206990,TIBAITATA - AUT [21206990],VEL VIENTO,Velocidad 10 minutal del viento media diaria,2022-02-26 00:00,m/s,1.93020833333441,Preliminar
21206990,TIBAITATA - AUT [21206990],VEL VIENTO,Velocidad 10 minutal del viento media diaria,2022-02-27 00:00,m/s,1.39652777777828,Preliminar
21206990,TIBAITATA - AUT [21206990],VEL VIENTO,Velocidad 10 minutal del viento media diaria,2022-02-28 00:00,m/s,1.1770833333336,Preliminar
21206990,TIBAITATA - AUT [21206990],VEL VIENTO,Velocidad 10 minutal del viento media diaria,2022-03-01 00:00,m/s,1.15937500000053,Preliminar
21206990,TIBAITATA - AUT [21206990],VEL VIENTO,Velocidad 10 minutal del viento media diaria,2022-03-02 00:00,m/s,1.53055555555642,Preliminar
21206990,TIBAITATA - AUT [21206990],VEL VIENTO,Velocidad 10 minutal del viento media diaria,2022-03-03 00:00,m/s,1.67847222222297,Preliminar
21206990,TIBAITATA - AUT [21206990],VEL VIENTO,Velocidad 10 minutal del viento media diaria,2022-03-04 00:00,m/s,1.38888888888911,Preliminar
21206990,TIBAITATA - AUT [21206990],VEL VIENTO,Velocidad 10 minutal del viento media diaria,2022-03-05 00:00,m/s,1.76423611111178,Preliminar
21206990,TIBAITATA - AUT [21206990],VEL VIENTO,Velocidad 10 minutal del viento media diaria,2022-03-06 00:00,m/s,2.37951388888964,Preliminar
21206990,TIBAITATA - AUT [21206990],VEL VIENTO,Velocidad 10 minutal del viento media diaria,2022-03-07 00:00,m/s,2.18402777777874,Preliminar
21206990,TIBAITATA - AUT [21206990],VEL VIENTO,Velocidad 10 minutal del viento media diaria,2022-03-08 00:00,m/s,1.95138888889025,Preliminar
21206990,TIBAITATA - AUT [21206990],VEL VIENTO,Velocidad 10 minutal del viento media diaria,2022-03-09 00:00,m/s,1.77291666666792,Preliminar
21206990,TIBAITATA - AUT [21206990],VEL VIENTO,Velocidad 10 minutal del viento media diaria,2022-03-10 00:00,m/s,1.90868055555686,Preliminar
21206990,TIBAITATA - AUT [21206990],VEL VIENTO,Velocidad 10 minutal del viento media diaria,2022-03-11 00:00,m/s,1.88576388889049,Preliminar
21206990,TIBAITATA - AUT [21206990],VEL VIENTO,Velocidad 10 minutal del viento media diaria,2022-03-12 00:00,m/s,1.5777777777785,Preliminar
21206990,TIBAITATA - AUT [21206990],VEL VIENTO,Velocidad 10 minutal del viento media diaria,2022-03-13 00:00,m/s,1.82291666666751,Preliminar
21206990,TIBAITATA - AUT [21206990],VEL VIENTO,Velocidad 10 minutal del viento media diaria,2022-03-14 00:00,m/s,1.42847222222276,Preliminar
21206990,TIBAITATA - AUT [21206990],VEL VIENTO,Velocidad 10 minutal del viento media diaria,2022-03-15 00:00,m/s,1.60451388888969,Preliminar
21206990,TIBAITATA - AUT [21206990],VEL VIENTO,Velocidad 10 minutal del viento media diaria,2022-03-16 00:00,m/s,1.62604166666726,Preliminar
21206990,TIBAITATA - AUT [21206990],VEL VIENTO,Velocidad 10 minutal del viento media diaria,2022-03-17 00:00,m/s,1.87303921568627,Preliminar
21206990,TIBAITATA - AUT [21206990],VEL VIENTO,Velocidad 10 minutal del viento media diaria,2022-03-18 00:00,m/s,1.9399122807026,Preliminar
21206990,TIBAITATA - AUT [21206990],VEL VIENTO,Velocidad 10 minutal del viento media diaria,2022-03-19 00:00,m/s,1.57673611111199,Preliminar
21206990,TIBAITATA - AUT [21206990],VEL VIENTO,Velocidad 10 minutal del viento media diaria,2022-03-20 00:00,m/s,1.4729166666678,Preliminar
21206990,TIBAITATA - AUT [21206990],VEL VIENTO,Velocidad 10 minutal del viento media diaria,2022-03-21 00:00,m/s,1.73159722222364,Preliminar
21206990,TIBAITATA - AUT [21206990],VEL VIENTO,Velocidad 10 minutal del viento media diaria,2022-03-22 00:00,m/s,1.47951388888988,Preliminar
21206990,TIBAITATA - AUT [21206990],VEL VIENTO,Velocidad 10 minutal del viento media diaria,2022-03-23 00:00,m/s,1.41944444444491,Preliminar
21206990,TIBAITATA - AUT [21206990],VEL VIENTO,Velocidad 10 minutal del viento media diaria,2022-03-24 00:00,m/s,1.54652777777884,Preliminar
21206990,TIBAITATA - AUT [21206990],VEL VIENTO,Velocidad 10 minutal del viento media diaria,2022-03-25 00:00,m/s,1.48993055555574,Preliminar
21206990,TIBAITATA - AUT [21206990],VEL VIENTO,Velocidad 10 minutal del viento media diaria,2022-03-26 00:00,m/s,1.42951388888939,Preliminar
21206990,TIBAITATA - AUT [21206990],VEL VIENTO,Velocidad 10 minutal del viento media diaria,2022-03-27 00:00,m/s,1.23437500000048,Preliminar
21206990,TIBAITATA - AUT [21206990],VEL VIENTO,Velocidad 10 minutal del viento media diaria,2022-03-28 00:00,m/s,1.5659722222233,Preliminar
21206990,TIBAITATA - AUT [21206990],VEL VIENTO,Velocidad 10 minutal del viento media diaria,2022-03-29 00:00,m/s,1.27604166666728,Preliminar
21206990,TIBAITATA - AUT [21206990],VEL VIENTO,Velocidad 10 minutal del viento media diaria,2022-03-30 00:00,m/s,1.6093749999996,Preliminar
21206990,TIBAITATA - AUT [21206990],VEL VIENTO,Velocidad 10 minutal del viento media diaria,2022-03-31 00:00,m/s,1.42638888888947,Preliminar
21206990,TIBAITATA - AUT [21206990],VEL VIENTO,Velocidad 10 minutal del viento media diaria,2022-04-01 00:00,m/s,1.90520833333415,Preliminar
21206990,TIBAITATA - AUT [21206990],VEL VIENTO,Velocidad 10 minutal del viento media diaria,2022-04-02 00:00,m/s,1.69652777777858,Preliminar
21206990,TIBAITATA - AUT [21206990],VEL VIENTO,Velocidad 10 minutal del viento media diaria,2022-04-03 00:00,m/s,1.50000000000068,Preliminar
21206990,TIBAITATA - AUT [21206990],VEL VIENTO,Velocidad 10 minutal del viento media diaria,2022-04-04 00:00,m/s,1.45312500000079,Preliminar
21206990,TIBAITATA - AUT [21206990],VEL VIENTO,Velocidad 10 minutal del viento media diaria,2022-04-05 00:00,m/s,1.3357638888898,Preliminar
21206990,TIBAITATA - AUT [21206990],VEL VIENTO,Velocidad 10 minutal del viento media diaria,2022-04-06 00:00,m/s,1.75034722222319,Preliminar
21206990,TIBAITATA - AUT [21206990],VEL VIENTO,Velocidad 10 minutal del viento media diaria,2022-04-07 00:00,m/s,1.25104166666728,Preliminar
21206990,TIBAITATA - AUT [21206990],VEL VIENTO,Velocidad 10 minutal del viento media diaria,2022-04-08 00:00,m/s,1.20624999999976,Preliminar
21206990,TIBAITATA - AUT [21206990],VEL VIENTO,Velocidad 10 minutal del viento media diaria,2022-04-09 00:00,m/s,1.56145833333432,Preliminar
21206990,TIBAITATA - AUT [21206990],VEL VIENTO,Velocidad 10 minutal del viento media diaria,2022-04-10 00:00,m/s,1.57430555555658,Preliminar
21206990,TIBAITATA - AUT [21206990],VEL VIENTO,Velocidad 10 minutal del viento media diaria,2022-04-11 00:00,m/s,1.47777777777818,Preliminar
21206990,TIBAITATA - AUT [21206990],VEL VIENTO,Velocidad 10 minutal del viento media diaria,2022-04-12 00:00,m/s,1.45625000000069,Preliminar
21206990,TIBAITATA - AUT [21206990],VEL VIENTO,Velocidad 10 minutal del viento media diaria,2022-04-13 00:00,m/s,1.82465277777848,Preliminar
21206990,TIBAITATA - AUT [21206990],VEL VIENTO,Velocidad 10 minutal del viento media diaria,2022-04-14 00:00,m/s,1.62395833333416,Preliminar
21206990,TIBAITATA - AUT [21206990],VEL VIENTO,Velocidad 10 minutal del viento media diaria,2022-04-15 00:00,m/s,1.60000000000092,Preliminar
21206990,TIBAITATA - AUT [21206990],VEL VIENTO,Velocidad 10 minutal del viento media diaria,2022-04-16 00:00,m/s,1.97152777777802,Preliminar
21206990,TIBAITATA - AUT [21206990],VEL VIENTO,Velocidad 10 minutal del viento media diaria,2022-04-17 00:00,m/s,1.23298611111194,Preliminar
21206990,TIBAITATA - AUT [21206990],VEL VIENTO,Velocidad 10 minutal del viento media diaria,2022-04-18 00:00,m/s,1.19965277777879,Preliminar
21206990,TIBAITATA - AUT [21206990],VEL VIENTO,Velocidad 10 minutal del viento media diaria,2022-04-19 00:00,m/s,1.23576388888953,Preliminar
21206990,TIBAITATA - AUT [21206990],VEL VIENTO,Velocidad 10 minutal del viento media diaria,2022-04-20 00:00,m/s,1.10798611111131,Preliminar
21206990,TIBAITATA - AUT [21206990],VEL VIENTO,Velocidad 10 minutal del viento media diaria,2022-04-21 00:00,m/s,1.70416666666767,Preliminar
21206990,TIBAITATA - AUT [21206990],VEL VIENTO,Velocidad 10 minutal del viento media diaria,2022-04-22 00:00,m/s,1.60364583333429,Preliminar
21206990,TIBAITATA - AUT [21206990],VEL VIENTO,Velocidad 10 minutal del viento media diaria,2022-04-23 00:00,m/s,1.43437500000084,Preliminar
21206990,TIBAITATA - AUT [21206990],VEL VIENTO,Velocidad 10 minutal del viento media diaria,2022-04-24 00:00,m/s,1.50555555555698,Preliminar
21206990,TIBAITATA - AUT [21206990],VEL VIENTO,Velocidad 10 minutal del viento media diaria,2022-04-25 00:00,m/s,1.34166666666703,Preliminar
21206990,TIBAITATA - AUT [21206990],VEL VIENTO,Velocidad 10 minutal del viento media diaria,2022-04-26 00:00,m/s,1.63923611111227,Preliminar
21206990,TIBAITATA - AUT [21206990],VEL VIENTO,Velocidad 10 minutal del viento media diaria,2022-04-27 00:00,m/s,1.20625000000075,Preliminar
21206990,TIBAITATA - AUT [21206990],VEL VIENTO,Velocidad 10 minutal del viento media diaria,2022-04-28 00:00,m/s,1.09131944444474,Preliminar
21206990,TIBAITATA - AUT [21206990],VEL VIENTO,Velocidad 10 minutal del viento media diaria,2022-04-29 00:00,m/s,1.23993055555608,Preliminar
21206990,TIBAITATA - AUT [21206990],VEL VIENTO,Velocidad 10 minutal del viento media diaria,2022-04-30 00:00,m/s,1.82118055555632,Preliminar
21206990,TIBAITATA - AUT [21206990],VEL VIENTO,Velocidad 10 minutal del viento media diaria,2022-05-01 00:00,m/s,1.56180555555648,Preliminar
21206990,TIBAITATA - AUT [21206990],VEL VIENTO,Velocidad 10 minutal del viento media diaria,2022-05-02 00:00,m/s,1.48194444444534,Preliminar
21206990,TIBAITATA - AUT [21206990],VEL VIENTO,Velocidad 10 minutal del viento media diaria,2022-05-03 00:00,m/s,1.77083333333477,Preliminar
21206990,TIBAITATA - AUT [21206990],VEL VIENTO,Velocidad 10 minutal del viento media diaria,2022-05-04 00:00,m/s,1.61770833333385,Preliminar
21206990,TIBAITATA - AUT [21206990],VEL VIENTO,Velocidad 10 minutal del viento media diaria,2022-05-05 00:00,m/s,1.14166666666704,Preliminar
21206990,TIBAITATA - AUT [21206990],VEL VIENTO,Velocidad 10 minutal del viento media diaria,2022-05-06 00:00,m/s,1.46909722222296,Preliminar
21206990,TIBAITATA - AUT [21206990],VEL VIENTO,Velocidad 10 minutal del viento media diaria,2022-05-07 00:00,m/s,0.76284722222217,Preliminar
21206990,TIBAITATA - AUT [21206990],VEL VIENTO,Velocidad 10 minutal del viento media diaria,2022-05-08 00:00,m/s,1.53819444444528,Preliminar
21206990,TIBAITATA - AUT [21206990],VEL VIENTO,Velocidad 10 minutal del viento media diaria,2022-05-09 00:00,m/s,1.45069444444531,Preliminar
21206990,TIBAITATA - AUT [21206990],VEL VIENTO,Velocidad 10 minutal del viento media diaria,2022-05-10 00:00,m/s,1.53888888888923,Preliminar
21206990,TIBAITATA - AUT [21206990],VEL VIENTO,Velocidad 10 minutal del viento media diaria,2022-05-11 00:00,m/s,1.5402777777788,Preliminar
21206990,TIBAITATA - AUT [21206990],VEL VIENTO,Velocidad 10 minutal del viento media diaria,2022-05-12 00:00,m/s,1.33125000000066,Preliminar
21206990,TIBAITATA - AUT [21206990],VEL VIENTO,Velocidad 10 minutal del viento media diaria,2022-05-13 00:00,m/s,1.21284722222238,Preliminar
21206990,TIBAITATA - AUT [21206990],VEL VIENTO,Velocidad 10 minutal del viento media diaria,2022-05-14 00:00,m/s,1.22326388888952,Preliminar
21206990,TIBAITATA - AUT [21206990],VEL VIENTO,Velocidad 10 minutal del viento media diaria,2022-05-15 00:00,m/s,1.56006944444492,Preliminar
21206990,TIBAITATA - AUT [21206990],VEL VIENTO,Velocidad 10 minutal del viento media diaria,2022-05-16 00:00,m/s,1.66180555555674,Preliminar
21206990,TIBAITATA - AUT [21206990],VEL VIENTO,Velocidad 10 minutal del viento media diaria,2022-05-17 00:00,m/s,1.2852430555564,Preliminar
21206990,TIBAITATA - AUT [21206990],VEL VIENTO,Velocidad 10 minutal del viento media diaria,2022-05-18 00:00,m/s,0.772569444444731,Preliminar
21206990,TIBAITATA - AUT [21206990],VEL VIENTO,Velocidad 10 minutal del viento media diaria,2022-05-19 00:00,m/s,1.43576388888988,Preliminar
21206990,TIBAITATA - AUT [21206990],VEL VIENTO,Velocidad 10 minutal del viento media diaria,2022-05-20 00:00,m/s,1.03923611111195,Preliminar
21206990,TIBAITATA - AUT [21206990],VEL VIENTO,Velocidad 10 minutal del viento media diaria,2022-05-21 00:00,m/s,1.13472222222264,Preliminar
21206990,TIBAITATA - AUT [21206990],VEL VIENTO,Velocidad 10 minutal del viento media diaria,2022-05-22 00:00,m/s,1.69375000000067,Preliminar
21206990,TIBAITATA - AUT [21206990],VEL VIENTO,Velocidad 10 minutal del viento media diaria,2022-05-23 00:00,m/s,1.6753472222231,Preliminar
21206990,TIBAITATA - AUT [21206990],VEL VIENTO,Velocidad 10 minutal del viento media diaria,2022-05-24 00:00,m/s,1.59166666666762,Preliminar
21206990,TIBAITATA - AUT [21206990],VEL VIENTO,Velocidad 10 minutal del viento media diaria,2022-05-25 00:00,m/s,1.99548611111227,Preliminar
21206990,TIBAITATA - AUT [21206990],VEL VIENTO,Velocidad 10 minutal del viento media diaria,2022-05-26 00:00,m/s,1.38541666666621,Preliminar
21206990,TIBAITATA - AUT [21206990],VEL VIENTO,Velocidad 10 minutal del viento media diaria,2022-05-27 00:00,m/s,1.8781250000015,Preliminar
21206990,TIBAITATA - AUT [21206990],VEL VIENTO,Velocidad 10 minutal del viento media diaria,2022-05-28 00:00,m/s,1.39513888888958,Preliminar
21206990,TIBAITATA - AUT [21206990],VEL VIENTO,Velocidad 10 minutal del viento media diaria,2022-05-29 00:00,m/s,1.19375000000049,Preliminar
21206990,TIBAITATA - AUT [21206990],VEL VIENTO,Velocidad 10 minutal del viento media diaria,2022-05-30 00:00,m/s,1.53854166666728,Preliminar
21206990,TIBAITATA - AUT [21206990],VEL VIENTO,Velocidad 10 minutal del viento media diaria,2022-05-31 00:00,m/s,1.68923611111086,Preliminar
21206990,TIBAITATA - AUT [21206990],VEL VIENTO,Velocidad 10 minutal del viento media diaria,2022-06-01 00:00,m/s,1.35451388888937,Preliminar
21206990,TIBAITATA - AUT [21206990],VEL VIENTO,Velocidad 10 minutal del viento media diaria,2022-06-02 00:00,m/s,1.82291666666803,Preliminar
21206990,TIBAITATA - AUT [21206990],VEL VIENTO,Velocidad 10 minutal del viento media diaria,2022-06-03 00:00,m/s,1.23368055555664,Preliminar
21206990,TIBAITATA - AUT [21206990],VEL VIENTO,Velocidad 10 minutal del viento media diaria,2022-06-04 00:00,m/s,1.18437500000003,Preliminar
21206990,TIBAITATA - AUT [21206990],VEL VIENTO,Velocidad 10 minutal del viento media diaria,2022-06-05 00:00,m/s,1.45694444444568,Preliminar
21206990,TIBAITATA - AUT [21206990],VEL VIENTO,Velocidad 10 minutal del viento media diaria,2022-06-06 00:00,m/s,1.50972222222322,Preliminar
21206990,TIBAITATA - AUT [21206990],VEL VIENTO,Velocidad 10 minutal del viento media diaria,2022-06-07 00:00,m/s,1.65520833333448,Preliminar
21206990,TIBAITATA - AUT [21206990],VEL VIENTO,Velocidad 10 minutal del viento media diaria,2022-06-08 00:00,m/s,1.26180555555598,Preliminar
21206990,TIBAITATA - AUT [21206990],VEL VIENTO,Velocidad 10 minutal del viento media diaria,2022-06-09 00:00,m/s,1.14531250000057,Preliminar
21206990,TIBAITATA - AUT [21206990],VEL VIENTO,Velocidad 10 minutal del viento media diaria,2022-06-10 00:00,m/s,1.67777777777843,Preliminar
21206990,TIBAITATA - AUT [21206990],VEL VIENTO,Velocidad 10 minutal del viento media diaria,2022-06-11 00:00,m/s,1.24687500000026,Preliminar
21206990,TIBAITATA - AUT [21206990],VEL VIENTO,Velocidad 10 minutal del viento media diaria,2022-06-12 00:00,m/s,1.40000000000035,Preliminar
21206990,TIBAITATA - AUT [21206990],VEL VIENTO,Velocidad 10 minutal del viento media diaria,2022-06-13 00:00,m/s,1.31111111111153,Preliminar
21206990,TIBAITATA - AUT [21206990],VEL VIENTO,Velocidad 10 minutal del viento media diaria,2022-06-14 00:00,m/s,1.37118055555631,Preliminar
21206990,TIBAITATA - AUT [21206990],VEL VIENTO,Velocidad 10 minutal del viento media diaria,2022-06-15 00:00,m/s,1.40208333333419,Preliminar
21206990,TIBAITATA - AUT [21206990],VEL VIENTO,Velocidad 10 minutal del viento media diaria,2022-06-16 00:00,m/s,1.32534722222293,Preliminar
21206990,TIBAITATA - AUT [21206990],VEL VIENTO,Velocidad 10 minutal del viento media diaria,2022-06-17 00:00,m/s,1.10694444444481,Preliminar
21206990,TIBAITATA - AUT [21206990],VEL VIENTO,Velocidad 10 minutal del viento media diaria,2022-06-18 00:00,m/s,1.37534722222284,Preliminar
21206990,TIBAITATA - AUT [21206990],VEL VIENTO,Velocidad 10 minutal del viento media diaria,2022-06-19 00:00,m/s,1.35451388888958,Preliminar
21206990,TIBAITATA - AUT [21206990],VEL VIENTO,Velocidad 10 minutal del viento media diaria,2022-06-20 00:00,m/s,1.38576388888925,Preliminar
21206990,TIBAITATA - AUT [21206990],VEL VIENTO,Velocidad 10 minutal del viento media diaria,2022-06-21 00:00,m/s,1.32534722222296,Preliminar
21206990,TIBAITATA - AUT [21206990],VEL VIENTO,Velocidad 10 minutal del viento media diaria,2022-06-22 00:00,m/s,1.13368055555573,Preliminar
21206990,TIBAITATA - AUT [21206990],VEL VIENTO,Velocidad 10 minutal del viento media diaria,2022-06-23 00:00,m/s,1.30486111111134,Preliminar
21206990,TIBAITATA - AUT [21206990],VEL VIENTO,Velocidad 10 minutal del viento media diaria,2022-06-24 00:00,m/s,1.22812500000058,Preliminar
21206990,TIBAITATA - AUT [21206990],VEL VIENTO,Velocidad 10 minutal del viento media diaria,2022-06-25 00:00,m/s,1.37916666666743,Preliminar
21206990,TIBAITATA - AUT [21206990],VEL VIENTO,Velocidad 10 minutal del viento media diaria,2022-06-26 00:00,m/s,1.48645833333404,Preliminar
21206990,TIBAITATA - AUT [21206990],VEL VIENTO,Velocidad 10 minutal del viento media diaria,2022-06-27 00:00,m/s,1.40798611111187,Preliminar
21206990,TIBAITATA - AUT [21206990],VEL VIENTO,Velocidad 10 minutal del viento media diaria,2022-06-28 00:00,m/s,1.49861111111178,Preliminar
21206990,TIBAITATA - AUT [21206990],VEL VIENTO,Velocidad 10 minutal del viento media diaria,2022-06-29 00:00,m/s,1.29722222222329,Preliminar
21206990,TIBAITATA - AUT [21206990],VEL VIENTO,Velocidad 10 minutal del viento media diaria,2022-06-30 00:00,m/s,1.50729166666781,Preliminar
21206990,TIBAITATA - AUT [21206990],VEL VIENTO,Velocidad 10 minutal del viento media diaria,2022-07-01 00:00,m/s,1.4788194444455,Preliminar
21206990,TIBAITATA - AUT [21206990],VEL VIENTO,Velocidad 10 minutal del viento media diaria,2022-07-02 00:00,m/s,1.41562500000085,Preliminar
21206990,TIBAITATA - AUT [21206990],VEL VIENTO,Velocidad 10 minutal del viento media diaria,2022-07-03 00:00,m/s,1.47465277777766,Preliminar
21206990,TIBAITATA - AUT [21206990],VEL VIENTO,Velocidad 10 minutal del viento media diaria,2022-07-04 00:00,m/s,1.77916666666771,Preliminar
21206990,TIBAITATA - AUT [21206990],VEL VIENTO,Velocidad 10 minutal del viento media diaria,2022-07-05 00:00,m/s,1.51458333333402,Preliminar
21206990,TIBAITATA - AUT [21206990],VEL VIENTO,Velocidad 10 minutal del viento media diaria,2022-07-06 00:00,m/s,1.60520833333402,Preliminar
21206990,TIBAITATA - AUT [21206990],VEL VIENTO,Velocidad 10 minutal del viento media diaria,2022-07-07 00:00,m/s,1.31597222222229,Preliminar
21206990,TIBAITATA - AUT [21206990],VEL VIENTO,Velocidad 10 minutal del viento media diaria,2022-07-08 00:00,m/s,1.70520833333378,Preliminar
21206990,TIBAITATA - AUT [21206990],VEL VIENTO,Velocidad 10 minutal del viento media diaria,2022-07-09 00:00,m/s,1.7638888888902,Preliminar
21206990,TIBAITATA - AUT [21206990],VEL VIENTO,Velocidad 10 minutal del viento media diaria,2022-07-10 00:00,m/s,1.33055555555547,Preliminar
21206990,TIBAITATA - AUT [21206990],VEL VIENTO,Velocidad 10 minutal del viento media diaria,2022-07-11 00:00,m/s,1.24930555555559,Preliminar
21206990,TIBAITATA - AUT [21206990],VEL VIENTO,Velocidad 10 minutal del viento media diaria,2022-07-12 00:00,m/s,1.29340277777865,Preliminar
21206990,TIBAITATA - AUT [21206990],VEL VIENTO,Velocidad 10 minutal del viento media diaria,2022-07-13 00:00,m/s,1.37500000000088,Preliminar
21206990,TIBAITATA - AUT [21206990],VEL VIENTO,Velocidad 10 minutal del viento media diaria,2022-07-14 00:00,m/s,1.5232638888896,Preliminar
21206990,TIBAITATA - AUT [21206990],VEL VIENTO,Velocidad 10 minutal del viento media diaria,2022-07-15 00:00,m/s,1.91180555555728,Preliminar
21206990,TIBAITATA - AUT [21206990],VEL VIENTO,Velocidad 10 minutal del viento media diaria,2022-07-16 00:00,m/s,1.27812500000087,Preliminar
21206990,TIBAITATA - AUT [21206990],VEL VIENTO,Velocidad 10 minutal del viento media diaria,2022-07-17 00:00,m/s,1.48541666666725,Preliminar
21206990,TIBAITATA - AUT [21206990],VEL VIENTO,Velocidad 10 minutal del viento media diaria,2022-07-18 00:00,m/s,2.11388888889007,Preliminar
21206990,TIBAITATA - AUT [21206990],VEL VIENTO,Velocidad 10 minutal del viento media diaria,2022-07-19 00:00,m/s,2.13611111111299,Preliminar
21206990,TIBAITATA - AUT [21206990],VEL VIENTO,Velocidad 10 minutal del viento media diaria,2022-07-20 00:00,m/s,2.00868055555708,Preliminar
21206990,TIBAITATA - AUT [21206990],VEL VIENTO,Velocidad 10 minutal del viento media diaria,2022-07-21 00:00,m/s,1.58993055555625,Preliminar
21206990,TIBAITATA - AUT [21206990],VEL VIENTO,Velocidad 10 minutal del viento media diaria,2022-07-22 00:00,m/s,1.4232638888896,Preliminar
21206990,TIBAITATA - AUT [21206990],VEL VIENTO,Velocidad 10 minutal del viento media diaria,2022-07-23 00:00,m/s,1.28298611111189,Preliminar
21206990,TIBAITATA - AUT [21206990],VEL VIENTO,Velocidad 10 minutal del viento media diaria,2022-07-24 00:00,m/s,1.30381944444542,Preliminar
21206990,TIBAITATA - AUT [21206990],VEL VIENTO,Velocidad 10 minutal del viento media diaria,2022-07-25 00:00,m/s,1.65902777777833,Preliminar
21206990,TIBAITATA - AUT [21206990],VEL VIENTO,Velocidad 10 minutal del viento media diaria,2022-07-26 00:00,m/s,1.25902777777833,Preliminar
21206990,TIBAITATA - AUT [21206990],VEL VIENTO,Velocidad 10 minutal del viento media diaria,2022-07-27 00:00,m/s,1.65937500000029,Preliminar
21206990,TIBAITATA - AUT [21206990],VEL VIENTO,Velocidad 10 minutal del viento media diaria,2022-07-28 00:00,m/s,1.3305555555562,Preliminar
21206990,TIBAITATA - AUT [21206990],VEL VIENTO,Velocidad 10 minutal del viento media diaria,2022-07-29 00:00,m/s,1.23576388888934,Preliminar
21206990,TIBAITATA - AUT [21206990],VEL VIENTO,Velocidad 10 minutal del viento media diaria,2022-07-30 00:00,m/s,1.41041666666732,Preliminar
21206990,TIBAITATA - AUT [21206990],VEL VIENTO,Velocidad 10 minutal del viento media diaria,2022-07-31 00:00,m/s,1.43263888888925,Preliminar
21206990,TIBAITATA - AUT [21206990],VEL VIENTO,Velocidad 10 minutal del viento media diaria,2022-08-01 00:00,m/s,1.56215277777881,Preliminar
21206990,TIBAITATA - AUT [21206990],VEL VIENTO,Velocidad 10 minutal del viento media diaria,2022-08-02 00:00,m/s,1.65520833333465,Preliminar
21206990,TIBAITATA - AUT [21206990],VEL VIENTO,Velocidad 10 minutal del viento media diaria,2022-08-03 00:00,m/s,1.94965277777904,Preliminar
21206990,TIBAITATA - AUT [21206990],VEL VIENTO,Velocidad 10 minutal del viento media diaria,2022-08-04 00:00,m/s,1.35659722222285,Preliminar
21206990,TIBAITATA - AUT [21206990],VEL VIENTO,Velocidad 10 minutal del viento media diaria,2022-08-05 00:00,m/s,1.32847222222298,Preliminar
21206990,TIBAITATA - AUT [21206990],VEL VIENTO,Velocidad 10 minutal del viento media diaria,2022-08-06 00:00,m/s,1.51805555555616,Preliminar
21206990,TIBAITATA - AUT [21206990],VEL VIENTO,Velocidad 10 minutal del viento media diaria,2022-08-07 00:00,m/s,1.30243055555541,Preliminar
21206990,TIBAITATA - AUT [21206990],VEL VIENTO,Velocidad 10 minutal del viento media diaria,2022-08-08 00:00,m/s,1.45625000000014,Preliminar
21206990,TIBAITATA - AUT [21206990],VEL VIENTO,Velocidad 10 minutal del viento media diaria,2022-08-09 00:00,m/s,1.45833333333433,Preliminar
21206990,TIBAITATA - AUT [21206990],VEL VIENTO,Velocidad 10 minutal del viento media diaria,2022-08-10 00:00,m/s,2.64340277777851,Preliminar
21206990,TIBAITATA - AUT [21206990],VEL VIENTO,Velocidad 10 minutal del viento media diaria,2022-08-11 00:00,m/s,2.3118055555577,Preliminar
21206990,TIBAITATA - AUT [21206990],VEL VIENTO,Velocidad 10 minutal del viento media diaria,2022-08-12 00:00,m/s,1.33333333333392,Preliminar
21206990,TIBAITATA - AUT [21206990],VEL VIENTO,Velocidad 10 minutal del viento media diaria,2022-08-13 00:00,m/s,1.33645833333399,Preliminar
21206990,TIBAITATA - AUT [21206990],VEL VIENTO,Velocidad 10 minutal del viento media diaria,2022-08-14 00:00,m/s,1.26701388888907,Preliminar
21206990,TIBAITATA - AUT [21206990],VEL VIENTO,Velocidad 10 minutal del viento media diaria,2022-08-15 00:00,m/s,2.0267361111128,Preliminar
21206990,TIBAITATA - AUT [21206990],VEL VIENTO,Velocidad 10 minutal del viento media diaria,2022-08-16 00:00,m/s,1.59895833333412,Preliminar
21206990,TIBAITATA - AUT [21206990],VEL VIENTO,Velocidad 10 minutal del viento media diaria,2022-08-17 00:00,m/s,1.44618055555576,Preliminar
21206990,TIBAITATA - AUT [21206990],VEL VIENTO,Velocidad 10 minutal del viento media diaria,2022-08-18 00:00,m/s,1.69791666666812,Preliminar
21206990,TIBAITATA - AUT [21206990],VEL VIENTO,Velocidad 10 minutal del viento media diaria,2022-08-19 00:00,m/s,1.86562500000024,Preliminar
21206990,TIBAITATA - AUT [21206990],VEL VIENTO,Velocidad 10 minutal del viento media diaria,2022-08-20 00:00,m/s,1.98923611111163,Preliminar
21206990,TIBAITATA - AUT [21206990],VEL VIENTO,Velocidad 10 minutal del viento media diaria,2022-08-21 00:00,m/s,1.57361111111193,Preliminar
21206990,TIBAITATA - AUT [21206990],VEL VIENTO,Velocidad 10 minutal del viento media diaria,2022-08-22 00:00,m/s,1.6645833333349,Preliminar
21206990,TIBAITATA - AUT [21206990],VEL VIENTO,Velocidad 10 minutal del viento media diaria,2022-08-23 00:00,m/s,1.62951388888996,Preliminar
21206990,TIBAITATA - AUT [21206990],VEL VIENTO,Velocidad 10 minutal del viento media diaria,2022-08-24 00:00,m/s,1.90381944444569,Preliminar
21206990,TIBAITATA - AUT [21206990],VEL VIENTO,Velocidad 10 minutal del viento media diaria,2022-08-25 00:00,m/s,1.57534722222339,Preliminar
21206990,TIBAITATA - AUT [21206990],VEL VIENTO,Velocidad 10 minutal del viento media diaria,2022-08-26 00:00,m/s,1.43368055555619,Preliminar
21206990,TIBAITATA - AUT [21206990],VEL VIENTO,Velocidad 10 minutal del viento media diaria,2022-08-27 00:00,m/s,1.52534722222266,Preliminar
21206990,TIBAITATA - AUT [21206990],VEL VIENTO,Velocidad 10 minutal del viento media diaria,2022-08-28 00:00,m/s,1.559722222223,Preliminar
21206990,TIBAITATA - AUT [21206990],VEL VIENTO,Velocidad 10 minutal del viento media diaria,2022-08-29 00:00,m/s,1.39895833333388,Preliminar
21206990,TIBAITATA - AUT [21206990],VEL VIENTO,Velocidad 10 minutal del viento media diaria,2022-08-30 00:00,m/s,1.58958333333446,Preliminar
21206990,TIBAITATA - AUT [21206990],VEL VIENTO,Velocidad 10 minutal del viento media diaria,2022-08-31 00:00,m/s,1.58854166666785,Preliminar
21206990,TIBAITATA - AUT [21206990],VEL VIENTO,Velocidad 10 minutal del viento media diaria,2022-09-01 00:00,m/s,1.62083333333486,Preliminar
21206990,TIBAITATA - AUT [21206990],VEL VIENTO,Velocidad 10 minutal del viento media diaria,2022-09-02 00:00,m/s,1.35138888888954,Preliminar
21206990,TIBAITATA - AUT [21206990],VEL VIENTO,Velocidad 10 minutal del viento media diaria,2022-09-03 00:00,m/s,1.77916666666564,Preliminar
21206990,TIBAITATA - AUT [21206990],VEL VIENTO,Velocidad 10 minutal del viento media diaria,2022-09-04 00:00,m/s,2.35763888889081,Preliminar
21206990,TIBAITATA - AUT [21206990],VEL VIENTO,Velocidad 10 minutal del viento media diaria,2022-09-05 00:00,m/s,1.97708333333509,Preliminar
21206990,TIBAITATA - AUT [21206990],VEL VIENTO,Velocidad 10 minutal del viento media diaria,2022-09-06 00:00,m/s,1.86666666666756,Preliminar
21206990,TIBAITATA - AUT [21206990],VEL VIENTO,Velocidad 10 minutal del viento media diaria,2022-09-07 00:00,m/s,1.54895833333413,Preliminar
21206990,TIBAITATA - AUT [21206990],VEL VIENTO,Velocidad 10 minutal del viento media diaria,2022-09-08 00:00,m/s,1.44687500000042,Preliminar
21206990,TIBAITATA - AUT [21206990],VEL VIENTO,Velocidad 10 minutal del viento media diaria,2022-09-09 00:00,m/s,1.24201388888949,Preliminar
21206990,TIBAITATA - AUT [21206990],VEL VIENTO,Velocidad 10 minutal del viento media diaria,2022-09-10 00:00,m/s,1.96249999999958,Preliminar
21206990,TIBAITATA - AUT [21206990],VEL VIENTO,Velocidad 10 minutal del viento media diaria,2022-09-11 00:00,m/s,1.74097222222333,Preliminar
21206990,TIBAITATA - AUT [21206990],VEL VIENTO,Velocidad 10 minutal del viento media diaria,2022-09-12 00:00,m/s,1.47361111111212,Preliminar
21206990,TIBAITATA - AUT [21206990],VEL VIENTO,Velocidad 10 minutal del viento media diaria,2022-09-13 00:00,m/s,1.28159722222276,Preliminar
21206990,TIBAITATA - AUT [21206990],VEL VIENTO,Velocidad 10 minutal del viento media diaria,2022-09-14 00:00,m/s,1.2958333333338,Preliminar
21206990,TIBAITATA - AUT [21206990],VEL VIENTO,Velocidad 10 minutal del viento media diaria,2022-09-15 00:00,m/s,1.40104166666724,Preliminar
21206990,TIBAITATA - AUT [21206990],VEL VIENTO,Velocidad 10 minutal del viento media diaria,2022-09-16 00:00,m/s,1.57951388888964,Preliminar
21206990,TIBAITATA - AUT [21206990],VEL VIENTO,Velocidad 10 minutal del viento media diaria,2022-09-17 00:00,m/s,1.35937500000082,Preliminar
21206990,TIBAITATA - AUT [21206990],VEL VIENTO,Velocidad 10 minutal del viento media diaria,2022-09-18 00:00,m/s,1.26701388888908,Preliminar
21206990,TIBAITATA - AUT [21206990],VEL VIENTO,Velocidad 10 minutal del viento media diaria,2022-09-19 00:00,m/s,1.60868055555623,Preliminar
21206990,TIBAITATA - AUT [21206990],VEL VIENTO,Velocidad 10 minutal del viento media diaria,2022-09-20 00:00,m/s,1.46701388888971,Preliminar
21206990,TIBAITATA - AUT [21206990],VEL VIENTO,Velocidad 10 minutal del viento media diaria,2022-09-21 00:00,m/s,1.16840277777829,Preliminar
21206990,TIBAITATA - AUT [21206990],VEL VIENTO,Velocidad 10 minutal del viento media diaria,2022-09-22 00:00,m/s,1.66076388888992,Preliminar
21206990,TIBAITATA - AUT [21206990],VEL VIENTO,Velocidad 10 minutal del viento media diaria,2022-09-23 00:00,m/s,1.47187500000003,Preliminar
21206990,TIBAITATA - AUT [21206990],VEL VIENTO,Velocidad 10 minutal del viento media diaria,2022-09-24 00:00,m/s,1.71527777777862,Preliminar
21206990,TIBAITATA - AUT [21206990],VEL VIENTO,Velocidad 10 minutal del viento media diaria,2022-09-25 00:00,m/s,1.75451388888913,Preliminar
21206990,TIBAITATA - AUT [21206990],VEL VIENTO,Velocidad 10 minutal del viento media diaria,2022-09-26 00:00,m/s,2.14791666666793,Preliminar
21206990,TIBAITATA - AUT [21206990],VEL VIENTO,Velocidad 10 minutal del viento media diaria,2022-09-27 00:00,m/s,1.79965277777898,Preliminar
21206990,TIBAITATA - AUT [21206990],VEL VIENTO,Velocidad 10 minutal del viento media diaria,2022-09-28 00:00,m/s,1.42777777777855,Preliminar
21206990,TIBAITATA - AUT [21206990],VEL VIENTO,Velocidad 10 minutal del viento media diaria,2022-09-29 00:00,m/s,1.76631944444531,Preliminar
21206990,TIBAITATA - AUT [21206990],VEL VIENTO,Velocidad 10 minutal del viento media diaria,2022-09-30 00:00,m/s,1.64583333333414,Preliminar
21206990,TIBAITATA - AUT [21206990],VEL VIENTO,Velocidad 10 minutal del viento media diaria,2022-10-01 00:00,m/s,2.09965277777829,Preliminar
21206990,TIBAITATA - AUT [21206990],VEL VIENTO,Velocidad 10 minutal del viento media diaria,2022-10-02 00:00,m/s,2.19965277777893,Preliminar
21206990,TIBAITATA - AUT [21206990],VEL VIENTO,Velocidad 10 minutal del viento media diaria,2022-10-03 00:00,m/s,1.54479166666765,Preliminar
21206990,TIBAITATA - AUT [21206990],VEL VIENTO,Velocidad 10 minutal del viento media diaria,2022-10-04 00:00,m/s,1.3322916666672,Preliminar
21206990,TIBAITATA - AUT [21206990],VEL VIENTO,Velocidad 10 minutal del viento media diaria,2022-10-05 00:00,m/s,1.29201388888964,Preliminar
21206990,TIBAITATA - AUT [21206990],VEL VIENTO,Velocidad 10 minutal del viento media diaria,2022-10-06 00:00,m/s,1.55381944444551,Preliminar
21206990,TIBAITATA - AUT [21206990],VEL VIENTO,Velocidad 10 minutal del viento media diaria,2022-10-07 00:00,m/s,1.42326388888986,Preliminar
21206990,TIBAITATA - AUT [21206990],VEL VIENTO,Velocidad 10 minutal del viento media diaria,2022-10-08 00:00,m/s,1.71701388888995,Preliminar
21206990,TIBAITATA - AUT [21206990],VEL VIENTO,Velocidad 10 minutal del viento media diaria,2022-10-09 00:00,m/s,1.33159722222295,Preliminar
21206990,TIBAITATA - AUT [21206990],VEL VIENTO,Velocidad 10 minutal del viento media diaria,2022-10-10 00:00,m/s,1.54166666666727,Preliminar
21206990,TIBAITATA - AUT [21206990],VEL VIENTO,Velocidad 10 minutal del viento media diaria,2022-10-11 00:00,m/s,1.93506944444549,Preliminar
21206990,TIBAITATA - AUT [21206990],VEL VIENTO,Velocidad 10 minutal del viento media diaria,2022-10-12 00:00,m/s,1.18124999999997,Preliminar
21206990,TIBAITATA - AUT [21206990],VEL VIENTO,Velocidad 10 minutal del viento media diaria,2022-10-13 00:00,m/s,1.37222222222292,Preliminar
21206990,TIBAITATA - AUT [21206990],VEL VIENTO,Velocidad 10 minutal del viento media diaria,2022-10-14 00:00,m/s,1.57187500000121,Preliminar
21206990,TIBAITATA - AUT [21206990],VEL VIENTO,Velocidad 10 minutal del viento media diaria,2022-10-15 00:00,m/s,1.43576388888994,Preliminar
21206990,TIBAITATA - AUT [21206990],VEL VIENTO,Velocidad 10 minutal del viento media diaria,2022-10-16 00:00,m/s,1.69097222222333,Preliminar
21206990,TIBAITATA - AUT [21206990],VEL VIENTO,Velocidad 10 minutal del viento media diaria,2022-10-17 00:00,m/s,1.35972222222331,Preliminar
21206990,TIBAITATA - AUT [21206990],VEL VIENTO,Velocidad 10 minutal del viento media diaria,2022-10-18 00:00,m/s,1.47118055555666,Preliminar
21206990,TIBAITATA - AUT [21206990],VEL VIENTO,Velocidad 10 minutal del viento media diaria,2022-10-19 00:00,m/s,1.53125000000088,Preliminar
21206990,TIBAITATA - AUT [21206990],VEL VIENTO,Velocidad 10 minutal del viento media diaria,2022-10-20 00:00,m/s,1.21979166666727,Preliminar
21206990,TIBAITATA - AUT [21206990],VEL VIENTO,Velocidad 10 minutal del viento media diaria,2022-10-21 00:00,m/s,2.16145833333373,Preliminar
21206990,TIBAITATA - AUT [21206990],VEL VIENTO,Velocidad 10 minutal del viento media diaria,2022-10-22 00:00,m/s,1.55868055555573,Preliminar
21206990,TIBAITATA - AUT [21206990],VEL VIENTO,Velocidad 10 minutal del viento media diaria,2022-10-23 00:00,m/s,1.65451388888887,Preliminar
21206990,TIBAITATA - AUT [21206990],VEL VIENTO,Velocidad 10 minutal del viento media diaria,2022-10-24 00:00,m/s,1.54409722222278,Preliminar
21206990,TIBAITATA - AUT [21206990],VEL VIENTO,Velocidad 10 minutal del viento media diaria,2022-10-25 00:00,m/s,1.77951388888952,Preliminar
21206990,TIBAITATA - AUT [21206990],VEL VIENTO,Velocidad 10 minutal del viento media diaria,2022-10-26 00:00,m/s,1.44965277777897,Preliminar
21206990,TIBAITATA - AUT [21206990],VEL VIENTO,Velocidad 10 minutal del viento media diaria,2022-10-27 00:00,m/s,1.41458333333379,Preliminar
21206990,TIBAITATA - AUT [21206990],VEL VIENTO,Velocidad 10 minutal del viento media diaria,2022-10-28 00:00,m/s,2.18750000000115,Preliminar
21206990,TIBAITATA - AUT [21206990],VEL VIENTO,Velocidad 10 minutal del viento media diaria,2022-10-29 00:00,m/s,1.9305555555562,Preliminar
21206990,TIBAITATA - AUT [21206990],VEL VIENTO,Velocidad 10 minutal del viento media diaria,2022-10-30 00:00,m/s,1.81111111111227,Preliminar
21206990,TIBAITATA - AUT [21206990],VEL VIENTO,Velocidad 10 minutal del viento media diaria,2022-10-31 00:00,m/s,1.62569444444577,Preliminar
21206990,TIBAITATA - AUT [21206990],VEL VIENTO,Velocidad 10 minutal del viento media diaria,2022-11-01 00:00,m/s,1.60381944444539,Preliminar
21206990,TIBAITATA - AUT [21206990],VEL VIENTO,Velocidad 10 minutal del viento media diaria,2022-11-02 00:00,m/s,1.23854166666746,Preliminar
21206990,TIBAITATA - AUT [21206990],VEL VIENTO,Velocidad 10 minutal del viento media diaria,2022-11-03 00:00,m/s,1.58888888888962,Preliminar
21206990,TIBAITATA - AUT [21206990],VEL VIENTO,Velocidad 10 minutal del viento media diaria,2022-11-04 00:00,m/s,1.89340277777924,Preliminar
21206990,TIBAITATA - AUT [21206990],VEL VIENTO,Velocidad 10 minutal del viento media diaria,2022-11-05 00:00,m/s,1.45381944444512,Preliminar
21206990,TIBAITATA - AUT [21206990],VEL VIENTO,Velocidad 10 minutal del viento media diaria,2022-11-06 00:00,m/s,1.61597222222325,Preliminar
21206990,TIBAITATA - AUT [21206990],VEL VIENTO,Velocidad 10 minutal del viento media diaria,2022-11-07 00:00,m/s,1.68333333333444,Preliminar
21206990,TIBAITATA - AUT [21206990],VEL VIENTO,Velocidad 10 minutal del viento media diaria,2022-11-08 00:00,m/s,1.99456521739214,Preliminar
21206990,TIBAITATA - AUT [21206990],VEL VIENTO,Velocidad 10 minutal del viento media diaria,2022-11-09 00:00,m/s,1.66388888888883,Preliminar
21206990,TIBAITATA - AUT [21206990],VEL VIENTO,Velocidad 10 minutal del viento media diaria,2022-11-10 00:00,m/s,1.40451388888978,Preliminar
21206990,TIBAITATA - AUT [21206990],VEL VIENTO,Velocidad 10 minutal del viento media diaria,2022-11-11 00:00,m/s,1.37951388888935,Preliminar
21206990,TIBAITATA - AUT [21206990],VEL VIENTO,Velocidad 10 minutal del viento media diaria,2022-11-12 00:00,m/s,1.76944444444602,Preliminar
21206990,TIBAITATA - AUT [21206990],VEL VIENTO,Velocidad 10 minutal del viento media diaria,2022-11-13 00:00,m/s,1.59583333333424,Preliminar
21206990,TIBAITATA - AUT [21206990],VEL VIENTO,Velocidad 10 minutal del viento media diaria,2022-11-14 00:00,m/s,1.7385416666673,Preliminar
21206990,TIBAITATA - AUT [21206990],VEL VIENTO,Velocidad 10 minutal del viento media diaria,2022-11-15 00:00,m/s,1.33263888888894,Preliminar
21206990,TIBAITATA - AUT [21206990],VEL VIENTO,Velocidad 10 minutal del viento media diaria,2022-11-16 00:00,m/s,0.901388888889209,Preliminar
21206990,TIBAITATA - AUT [21206990],VEL VIENTO,Velocidad 10 minutal del viento media diaria,2022-11-17 00:00,m/s,1.49166666666631,Preliminar
21206990,TIBAITATA - AUT [21206990],VEL VIENTO,Velocidad 10 minutal del viento media diaria,2022-11-18 00:00,m/s,1.88680555555688,Preliminar
21206990,TIBAITATA - AUT [21206990],VEL VIENTO,Velocidad 10 minutal del viento media diaria,2022-11-19 00:00,m/s,1.67118055555614,Preliminar
21206990,TIBAITATA - AUT [21206990],VEL VIENTO,Velocidad 10 minutal del viento media diaria,2022-11-20 00:00,m/s,1.61458333333354,Preliminar
21206990,TIBAITATA - AUT [21206990],VEL VIENTO,Velocidad 10 minutal del viento media diaria,2022-11-21 00:00,m/s,1.87361111111274,Preliminar
21206990,TIBAITATA - AUT [21206990],VEL VIENTO,Velocidad 10 minutal del viento media diaria,2022-11-22 00:00,m/s,2.37291666666857,Preliminar
21206990,TIBAITATA - AUT [21206990],VEL VIENTO,Velocidad 10 minutal del viento media diaria,2022-11-23 00:00,m/s,1.89409722222336,Preliminar
21206990,TIBAITATA - AUT [21206990],VEL VIENTO,Velocidad 10 minutal del viento media diaria,2022-11-24 00:00,m/s,1.60104166666791,Preliminar
21206990,TIBAITATA - AUT [21206990],VEL VIENTO,Velocidad 10 minutal del viento media diaria,2022-11-25 00:00,m/s,1.76666666666798,Preliminar
21206990,TIBAITATA - AUT [21206990],VEL VIENTO,Velocidad 10 minutal del viento media diaria,2022-11-26 00:00,m/s,1.61875000000116,Preliminar
21206990,TIBAITATA - AUT [21206990],VEL VIENTO,Velocidad 10 minutal del viento media diaria,2022-11-27 00:00,m/s,1.20833333333402,Preliminar
21206990,TIBAITATA - AUT [21206990],VEL VIENTO,Velocidad 10 minutal del viento media diaria,2022-11-28 00:00,m/s,1.23020833333441,Preliminar
21206990,TIBAITATA - AUT [21206990],VEL VIENTO,Velocidad 10 minutal del viento media diaria,2022-11-29 00:00,m/s,1.64965277777916,Preliminar
21206990,TIBAITATA - AUT [21206990],VEL VIENTO,Velocidad 10 minutal del viento media diaria,2022-11-30 00:00,m/s,1.98888888888872,Preliminar
21206990,TIBAITATA - AUT [21206990],VEL VIENTO,Velocidad 10 minutal del viento media diaria,2022-12-01 00:00,m/s,2.56319444444633,Preliminar
21206990,TIBAITATA - AUT [21206990],VEL VIENTO,Velocidad 10 minutal del viento media diaria,2022-12-02 00:00,m/s,2.45625000000107,Preliminar
21206990,TIBAITATA - AUT [21206990],VEL VIENTO,Velocidad 10 minutal del viento media diaria,2022-12-03 00:00,m/s,1.87187500000121,Preliminar
21206990,TIBAITATA - AUT [21206990],VEL VIENTO,Velocidad 10 minutal del viento media diaria,2022-12-04 00:00,m/s,1.67673611111216,Preliminar
21206990,TIBAITATA - AUT [21206990],VEL VIENTO,Velocidad 10 minutal del viento media diaria,2022-12-05 00:00,m/s,1.8750000000008,Preliminar
21206990,TIBAITATA - AUT [21206990],VEL VIENTO,Velocidad 10 minutal del viento media diaria,2022-12-06 00:00,m/s,1.81736111111118,Preliminar
21206990,TIBAITATA - AUT [21206990],VEL VIENTO,Velocidad 10 minutal del viento media diaria,2022-12-07 00:00,m/s,1.1708333333338,Preliminar
21206990,TIBAITATA - AUT [21206990],VEL VIENTO,Velocidad 10 minutal del viento media diaria,2022-12-08 00:00,m/s,1.76770833333477,Preliminar
21206990,TIBAITATA - AUT [21206990],VEL VIENTO,Velocidad 10 minutal del viento media diaria,2022-12-09 00:00,m/s,1.63263888889015,Preliminar
21206990,TIBAITATA - AUT [21206990],VEL VIENTO,Velocidad 10 minutal del viento media diaria,2022-12-10 00:00,m/s,1.46493055555648,Preliminar
21206990,TIBAITATA - AUT [21206990],VEL VIENTO,Velocidad 10 minutal del viento media diaria,2022-12-11 00:00,m/s,1.41527777777863,Preliminar
21206990,TIBAITATA - AUT [21206990],VEL VIENTO,Velocidad 10 minutal del viento media diaria,2022-12-12 00:00,m/s,1.43506944444512,Preliminar
21206990,TIBAITATA - AUT [21206990],VEL VIENTO,Velocidad 10 minutal del viento media diaria,2022-12-13 00:00,m/s,1.22534722222299,Preliminar
21206990,TIBAITATA - AUT [21206990],VEL VIENTO,Velocidad 10 minutal del viento media diaria,2022-12-14 00:00,m/s,2.08020833333441,Preliminar
21206990,TIBAITATA - AUT [21206990],VEL VIENTO,Velocidad 10 minutal del viento media diaria,2022-12-15 00:00,m/s,1.33159722222281,Preliminar
21206990,TIBAITATA - AUT [21206990],VEL VIENTO,Velocidad 10 minutal del viento media diaria,2022-12-16 00:00,m/s,1.42916666666739,Preliminar
21206990,TIBAITATA - AUT [21206990],VEL VIENTO,Velocidad 10 minutal del viento media diaria,2022-12-17 00:00,m/s,1.32881944444481,Preliminar
21206990,TIBAITATA - AUT [21206990],VEL VIENTO,Velocidad 10 minutal del viento media diaria,2022-12-18 00:00,m/s,1.50763888888936,Preliminar
21206990,TIBAITATA - AUT [21206990],VEL VIENTO,Velocidad 10 minutal del viento media diaria,2022-12-19 00:00,m/s,1.61631944444563,Preliminar
21206990,TIBAITATA - AUT [21206990],VEL VIENTO,Velocidad 10 minutal del viento media diaria,2022-12-20 00:00,m/s,1.56388888888954,Preliminar
21206990,TIBAITATA - AUT [21206990],VEL VIENTO,Velocidad 10 minutal del viento media diaria,2022-12-21 00:00,m/s,1.50000000000057,Preliminar
21206990,TIBAITATA - AUT [21206990],VEL VIENTO,Velocidad 10 minutal del viento media diaria,2022-12-22 00:00,m/s,1.50625000000088,Preliminar
21206990,TIBAITATA - AUT [21206990],VEL VIENTO,Velocidad 10 minutal del viento media diaria,2022-12-23 00:00,m/s,1.45625000000099,Preliminar
21206990,TIBAITATA - AUT [21206990],VEL VIENTO,Velocidad 10 minutal del viento media diaria,2022-12-24 00:00,m/s,1.77500000000158,Preliminar
21206990,TIBAITATA - AUT [21206990],VEL VIENTO,Velocidad 10 minutal del viento media diaria,2022-12-25 00:00,m/s,1.84166666666764,Preliminar
21206990,TIBAITATA - AUT [21206990],VEL VIENTO,Velocidad 10 minutal del viento media diaria,2022-12-26 00:00,m/s,1.70173611111184,Preliminar
21206990,TIBAITATA - AUT [21206990],VEL VIENTO,Velocidad 10 minutal del viento media diaria,2022-12-27 00:00,m/s,1.61319444444552,Preliminar
21206990,TIBAITATA - AUT [21206990],VEL VIENTO,Velocidad 10 minutal del viento media diaria,2022-12-28 00:00,m/s,1.7486111111121,Preliminar
21206990,TIBAITATA - AUT [21206990],VEL VIENTO,Velocidad 10 minutal del viento media diaria,2022-12-29 00:00,m/s,1.52326388888983,Preliminar
21206990,TIBAITATA - AUT [21206990],VEL VIENTO,Velocidad 10 minutal del viento media diaria,2022-12-30 00:00,m/s,1.64826388889023,Preliminar
21206990,TIBAITATA - AUT [21206990],VEL VIENTO,Velocidad 10 minutal del viento media diaria,2022-12-31 00:00,m/s,1.09305555555624,Preliminar
21206990,TIBAITATA - AUT [21206990],VEL VIENTO,Velocidad 10 minutal del viento media diaria,2023-01-01 00:00,m/s,1.76250000000156,Preliminar
21206990,TIBAITATA - AUT [21206990],VEL VIENTO,Velocidad 10 minutal del viento media diaria,2023-01-02 00:00,m/s,1.9885416666681,Preliminar
21206990,TIBAITATA - AUT [21206990],VEL VIENTO,Velocidad 10 minutal del viento media diaria,2023-01-03 00:00,m/s,2.17951388888962,Preliminar
21206990,TIBAITATA - AUT [21206990],VEL VIENTO,Velocidad 10 minutal del viento media diaria,2023-01-04 00:00,m/s,1.99131944444578,Preliminar
21206990,TIBAITATA - AUT [21206990],VEL VIENTO,Velocidad 10 minutal del viento media diaria,2023-01-05 00:00,m/s,1.22812500000071,Preliminar
21206990,TIBAITATA - AUT [21206990],VEL VIENTO,Velocidad 10 minutal del viento media diaria,2023-01-06 00:00,m/s,1.52881944444493,Preliminar
21206990,TIBAITATA - AUT [21206990],VEL VIENTO,Velocidad 10 minutal del viento media diaria,2023-01-07 00:00,m/s,1.41284722222328,Preliminar
21206990,TIBAITATA - AUT [21206990],VEL VIENTO,Velocidad 10 minutal del viento media diaria,2023-01-08 00:00,m/s,1.19965277777853,Preliminar
21206990,TIBAITATA - AUT [21206990],VEL VIENTO,Velocidad 10 minutal del viento media diaria,2023-01-09 00:00,m/s,1.50555555555626,Preliminar
21206990,TIBAITATA - AUT [21206990],VEL VIENTO,Velocidad 10 minutal del viento media diaria,2023-01-10 00:00,m/s,1.25451388888968,Preliminar
21206990,TIBAITATA - AUT [21206990],VEL VIENTO,Velocidad 10 minutal del viento media diaria,2023-01-11 00:00,m/s,1.36354166666755,Preliminar
21206990,TIBAITATA - AUT [21206990],VEL VIENTO,Velocidad 10 minutal del viento media diaria,2023-01-12 00:00,m/s,1.19062500000046,Preliminar
21206990,TIBAITATA - AUT [21206990],VEL VIENTO,Velocidad 10 minutal del viento media diaria,2023-01-13 00:00,m/s,1.65243055555464,Preliminar
21206990,TIBAITATA - AUT [21206990],VEL VIENTO,Velocidad 10 minutal del viento media diaria,2023-01-14 00:00,m/s,1.8611111111122,Preliminar
21206990,TIBAITATA - AUT [21206990],VEL VIENTO,Velocidad 10 minutal del viento media diaria,2023-01-15 00:00,m/s,1.83298611111254,Preliminar
21206990,TIBAITATA - AUT [21206990],VEL VIENTO,Velocidad 10 minutal del viento media diaria,2023-01-16 00:00,m/s,1.5878472222233,Preliminar
21206990,TIBAITATA - AUT [21206990],VEL VIENTO,Velocidad 10 minutal del viento media diaria,2023-01-17 00:00,m/s,1.89618055555686,Preliminar
21206990,TIBAITATA - AUT [21206990],VEL VIENTO,Velocidad 10 minutal del viento media diaria,2023-01-18 00:00,m/s,1.7291666666681,Preliminar
21206990,TIBAITATA - AUT [21206990],VEL VIENTO,Velocidad 10 minutal del viento media diaria,2023-01-19 00:00,m/s,1.59826388889001,Preliminar
21206990,TIBAITATA - AUT [21206990],VEL VIENTO,Velocidad 10 minutal del viento media diaria,2023-01-20 00:00,m/s,1.33680555555629,Preliminar
21206990,TIBAITATA - AUT [21206990],VEL VIENTO,Velocidad 10 minutal del viento media diaria,2023-01-21 00:00,m/s,1.47256944444518,Preliminar
21206990,TIBAITATA - AUT [21206990],VEL VIENTO,Velocidad 10 minutal del viento media diaria,2023-01-22 00:00,m/s,2.019791666668,Preliminar
21206990,TIBAITATA - AUT [21206990],VEL VIENTO,Velocidad 10 minutal del viento media diaria,2023-01-23 00:00,m/s,1.41979166666671,Preliminar
21206990,TIBAITATA - AUT [21206990],VEL VIENTO,Velocidad 10 minutal del viento media diaria,2023-01-24 00:00,m/s,1.68194444444531,Preliminar
21206990,TIBAITATA - AUT [21206990],VEL VIENTO,Velocidad 10 minutal del viento media diaria,2023-01-25 00:00,m/s,1.4986111111123,Preliminar
21206990,TIBAITATA - AUT [21206990],VEL VIENTO,Velocidad 10 minutal del viento media diaria,2023-01-26 00:00,m/s,1.67569444444516,Preliminar
21206990,TIBAITATA - AUT [21206990],VEL VIENTO,Velocidad 10 minutal del viento media diaria,2023-01-27 00:00,m/s,1.65312500000098,Preliminar
21206990,TIBAITATA - AUT [21206990],VEL VIENTO,Velocidad 10 minutal del viento media diaria,2023-01-28 00:00,m/s,1.71840277777849,Preliminar
21206990,TIBAITATA - AUT [21206990],VEL VIENTO,Velocidad 10 minutal del viento media diaria,2023-01-29 00:00,m/s,1.57326388888966,Preliminar
21206990,TIBAITATA - AUT [21206990],VEL VIENTO,Velocidad 10 minutal del viento media diaria,2023-01-30 00:00,m/s,2.03125000000139,Preliminar
21206990,TIBAITATA - AUT [21206990],VEL VIENTO,Velocidad 10 minutal del viento media diaria,2023-01-31 00:00,m/s,1.84930555555669,Preliminar
21206990,TIBAITATA - AUT [21206990],VEL VIENTO,Velocidad 10 minutal del viento media diaria,2023-02-01 00:00,m/s,1.7756944444453,Preliminar
21206990,TIBAITATA - AUT [21206990],VEL VIENTO,Velocidad 10 minutal del viento media diaria,2023-02-02 00:00,m/s,1.79166666666709,Preliminar
21206990,TIBAITATA - AUT [21206990],VEL VIENTO,Velocidad 10 minutal del viento media diaria,2023-02-03 00:00,m/s,1.73055555555681,Preliminar
21206990,TIBAITATA - AUT [21206990],VEL VIENTO,Velocidad 10 minutal del viento media diaria,2023-02-04 00:00,m/s,1.89826388888984,Preliminar
21206990,TIBAITATA - AUT [21206990],VEL VIENTO,Velocidad 10 minutal del viento media diaria,2023-02-05 00:00,m/s,1.45208333333394,Preliminar
21206990,TIBAITATA - AUT [21206990],VEL VIENTO,Velocidad 10 minutal del viento media diaria,2023-02-06 00:00,m/s,1.66458333333403,Preliminar
21206990,TIBAITATA - AUT [21206990],VEL VIENTO,Velocidad 10 minutal del viento media diaria,2023-02-07 00:00,m/s,1.33229166666713,Preliminar
21206990,TIBAITATA - AUT [21206990],VEL VIENTO,Velocidad 10 minutal del viento media diaria,2023-02-08 00:00,m/s,1.56527777777802,Preliminar
21206990,TIBAITATA - AUT [21206990],VEL VIENTO,Velocidad 10 minutal del viento media diaria,2023-02-09 00:00,m/s,1.4677083333336,Preliminar
21206990,TIBAITATA - AUT [21206990],VEL VIENTO,Velocidad 10 minutal del viento media diaria,2023-02-10 00:00,m/s,1.57673611111204,Preliminar
21206990,TIBAITATA - AUT [21206990],VEL VIENTO,Velocidad 10 minutal del viento media diaria,2023-02-11 00:00,m/s,1.88090277777833,Preliminar
21206990,TIBAITATA - AUT [21206990],VEL VIENTO,Velocidad 10 minutal del viento media diaria,2023-02-12 00:00,m/s,1.31215277777852,Preliminar
21206990,TIBAITATA - AUT [21206990],VEL VIENTO,Velocidad 10 minutal del viento media diaria,2023-02-13 00:00,m/s,1.66458333333445,Preliminar
21206990,TIBAITATA - AUT [21206990],VEL VIENTO,Velocidad 10 minutal del viento media diaria,2023-02-14 00:00,m/s,1.60590277777896,Preliminar
21206990,TIBAITATA - AUT [21206990],VEL VIENTO,Velocidad 10 minutal del viento media diaria,2023-02-15 00:00,m/s,1.26145833333401,Preliminar
21206990,TIBAITATA - AUT [21206990],VEL VIENTO,Velocidad 10 minutal del viento media diaria,2023-02-16 00:00,m/s,1.31354166666738,Preliminar
21206990,TIBAITATA - AUT [21206990],VEL VIENTO,Velocidad 10 minutal del viento media diaria,2023-02-17 00:00,m/s,1.87847222222362,Preliminar
21206990,TIBAITATA - AUT [21206990],VEL VIENTO,Velocidad 10 minutal del viento media diaria,2023-02-18 00:00,m/s,1.88368055555686,Preliminar
21206990,TIBAITATA - AUT [21206990],VEL VIENTO,Velocidad 10 minutal del viento media diaria,2023-02-19 00:00,m/s,1.69409722222319,Preliminar
21206990,TIBAITATA - AUT [21206990],VEL VIENTO,Velocidad 10 minutal del viento media diaria,2023-02-20 00:00,m/s,1.82708333333396,Preliminar
21206990,TIBAITATA - AUT [21206990],VEL VIENTO,Velocidad 10 minutal del viento media diaria,2023-02-21 00:00,m/s,1.65972222222308,Preliminar
21206990,TIBAITATA - AUT [21206990],VEL VIENTO,Velocidad 10 minutal del viento media diaria,2023-02-22 00:00,m/s,1.43784722222313,Preliminar
21206990,TIBAITATA - AUT [21206990],VEL VIENTO,Velocidad 10 minutal del viento media diaria,2023-02-23 00:00,m/s,1.60138888889001,Preliminar
21206990,TIBAITATA - AUT [21206990],VEL VIENTO,Velocidad 10 minutal del viento media diaria,2023-02-24 00:00,m/s,1.916319444445,Preliminar
21206990,TIBAITATA - AUT [21206990],VEL VIENTO,Velocidad 10 minutal del viento media diaria,2023-02-25 00:00,m/s,1.82256944444598,Preliminar
21206990,TIBAITATA - AUT [21206990],VEL VIENTO,Velocidad 10 minutal del viento media diaria,2023-02-26 00:00,m/s,1.78194444444544,Preliminar
21206990,TIBAITATA - AUT [21206990],VEL VIENTO,Velocidad 10 minutal del viento media diaria,2023-02-27 00:00,m/s,1.95208333333472,Preliminar
21206990,TIBAITATA - AUT [21206990],VEL VIENTO,Velocidad 10 minutal del viento media diaria,2023-02-28 00:00,m/s,1.78437500000093,Preliminar
21206990,TIBAITATA - AUT [21206990],VEL VIENTO,Velocidad 10 minutal del viento media diaria,2023-03-01 00:00,m/s,1.62604166666776,Preliminar
21206990,TIBAITATA - AUT [21206990],VEL VIENTO,Velocidad 10 minutal del viento media diaria,2023-03-02 00:00,m/s,1.28506944444401,Preliminar
21206990,TIBAITATA - AUT [21206990],VEL VIENTO,Velocidad 10 minutal del viento media diaria,2023-03-03 00:00,m/s,1.54930555555503,Preliminar
21206990,TIBAITATA - AUT [21206990],VEL VIENTO,Velocidad 10 minutal del viento media diaria,2023-03-04 00:00,m/s,1.75868055555539,Preliminar
21206990,TIBAITATA - AUT [21206990],VEL VIENTO,Velocidad 10 minutal del viento media diaria,2023-03-05 00:00,m/s,1.32291666666717,Preliminar
21206990,TIBAITATA - AUT [21206990],VEL VIENTO,Velocidad 10 minutal del viento media diaria,2023-03-06 00:00,m/s,1.71979166666739,Preliminar
21206990,TIBAITATA - AUT [21206990],VEL VIENTO,Velocidad 10 minutal del viento media diaria,2023-03-07 00:00,m/s,1.91736111111298,Preliminar
21206990,TIBAITATA - AUT [21206990],VEL VIENTO,Velocidad 10 minutal del viento media diaria,2023-03-08 00:00,m/s,1.66944444444599,Preliminar
21206990,TIBAITATA - AUT [21206990],VEL VIENTO,Velocidad 10 minutal del viento media diaria,2023-03-09 00:00,m/s,1.32291666666756,Preliminar
21206990,TIBAITATA - AUT [21206990],VEL VIENTO,Velocidad 10 minutal del viento media diaria,2023-03-10 00:00,m/s,1.62986111111206,Preliminar
21206990,TIBAITATA - AUT [21206990],VEL VIENTO,Velocidad 10 minutal del viento media diaria,2023-03-11 00:00,m/s,1.2256944444456,Preliminar
21206990,TIBAITATA - AUT [21206990],VEL VIENTO,Velocidad 10 minutal del viento media diaria,2023-03-12 00:00,m/s,0.957638888889322,Preliminar
21206990,TIBAITATA - AUT [21206990],VEL VIENTO,Velocidad 10 minutal del viento media diaria,2023-03-13 00:00,m/s,1.47048611111168,Preliminar
21206990,TIBAITATA - AUT [21206990],VEL VIENTO,Velocidad 10 minutal del viento media diaria,2023-03-14 00:00,m/s,1.35381944444533,Preliminar
21206990,TIBAITATA - AUT [21206990],VEL VIENTO,Velocidad 10 minutal del viento media diaria,2023-03-15 00:00,m/s,1.9892361111126,Preliminar
21206990,TIBAITATA - AUT [21206990],VEL VIENTO,Velocidad 10 minutal del viento media diaria,2023-03-16 00:00,m/s,2.17708333333525,Preliminar
